S234BO.CARD.,S234BO.DECK.,S234BO.BALLOT.,S234BO.FORM.,S234BO.Q1.,S234BO.Q2.,S234BO.Q3.,S234BO.Q4.,S234BO.Q5.,S234BO.Q6.,S234BO.Q7.,S234BO.Q8A.,S234BO.Q8B.,S234BO.Q10A.,S234BO.Q10B.,S234BO.Q10C.,S234BO.Q13.,S234BO.Q14A.,S234BO.Q14B.,S234BO.Q15.,S234BO.Q17.,S234BO.Q18.,S234BO.Q20.,S234BO.Q21.,S234BO.Q22.,S234BO.Q23.,S234BO.Q24.,S234BO.Q25.,S234BO.Q26.,S234BO.Q27.,S234BO.Q1..1,S234BO.Q2..1,S234BO.Q3..1,S234BO.Q4..1,S234BO.Q5..1,S234BO.Q6..1,S234BO.Q7..1,S234BO.Q8.,S234BO.Q9.,S234BO.Q10.,S234BO.Q11.,S234BO.Q12.,S234BO.Q13..1,S234BO.Q14.,S234BO.Q15..1,S234BO.Q16.,S234BO.Q17..1,S234BO.Q18..1,S234BO.Q19.,S234BO.Q20..1,S234BO.Q21..1,S234BO.Q22..1,S234BO.Q23..1,S234BO.Q24..1,S234BO.Q25..1,S234BO.Q26..1,S234BO.Q27..1,S234BO.Q28.,S234BO.Q29.,S234BO.Q30.,S234BO.Q31.,S234BO.Q32.,S234BO.Q33.,S234BO.Q34.,S234BO.Q35.,S234BO.Q36.,S234BO.Q37.,S234BO.Q38.,S234BO.Q39.,S234BO.Q40.,S234BO.Q41.,S234BO.Q42.,S234BO.Q43.,S234BO.Q44.,S234BO.CARD..1,S234BO.DECK..1,S234BO.BALLOT..1,S234BO.FORM..1,S234BO.Q45.,S234BO.Q46.,S234BO.Q47.,S234BO.Q48.,S234BO.Q49.,S234BO.Q50.,S234BO.Q51.,S234BO.Q52.,S234BO.Q53.,S234BO.Q54.,S234BO.Q55.,S234BO.Q56.,S234BO.Q57.,S234BO.Q58.,S234BO.Q59.,S234BO.Q60.,S234BO.Q61.,S234BO.Q62.,S234BO.Q63.,S234BO.Q64.,S234BO.Q65.,S234BO.Q67.,S234BO.Q68.,S234BO.Q69.,S234BO.Q70.,S234BO.Q71.,S234BO.Q72.,S234BO.Q73.,S234BO.Q74.,S234BO.Q75.,S234BO.Q76.,S234BO.Q77.,S234BO.Q78.,S234BO.Q79.,S234BO.Q80.,S234BO.Q81.,S234BO.Q82.,S234BO.Q83.,S234BO.Q84.,S234BO.Q85.,S234BO.Q86.,S234BO.Q87.,S234BO.Q88.,S234BO.Q1..2,S234BO.Q2..2,S234BO.Q3..2,S234BO.Q4..2,S234BO.Q5..2,S234BO.Q6..2,S234BO.Q7..2,S234BO.Q8..1,S234BO.V9F.,S234BO.Q1..3,S234BO.Q4..3,S234BO.Q6..3,S234BO.Q7..3,S234BO.Q8..2,S234BO.Q9..1,S234BO.Q10..1,S234BO.V11.,S234BO.V12.
1,234,1,4,3,4,5,6,6,6,2,1,5,2,0,0,2,1,1,1,2,1,1,2,1,1,1,1,2,1,1,2,1,0,2,2,2,2,1,1,2,2,0,2,0,1,0,2,2,1,0,1,1,2,2,1,0,2,1,2,1,1,1,2,0,2,2,2,2,2,1,0,2,2,2,234,1,4,2,1,2,2,2,0,1,1,1,2,2,2,2,2,2,2,1,2,2,1,1,1,2,1,0,2,2,1,2,2,0,1,0,0,2,0,1,1,2,1,0,1,1,2,0,0,1,1,2,2,5,7,3,3,2,3,4,1,3,4,35
1,234,2,4,2,2,3,6,4,9,1,2,4,2,0,0,2,1,1,1,5,1,3,3,1,3,2,1,2,1,1,2,1,2,2,1,2,1,1,1,2,2,2,1,1,1,1,2,2,1,2,1,1,1,2,1,1,1,1,1,1,2,1,2,1,1,1,2,2,1,1,1,1,1,2,234,2,4,2,1,2,1,2,2,2,2,1,1,1,2,2,1,2,1,1,2,2,2,2,1,2,1,2,2,2,1,2,2,1,2,1,2,2,2,2,1,2,2,1,2,1,1,1,2,1,2,1,3,5,8,3,3,1,3,4,2,3,1,15
1,234,3,4,3,3,2,6,5,9,1,1,5,1,3,1,2,1,1,1,4,1,3,2,3,5,2,2,1,1,1,1,1,2,2,1,2,1,1,2,2,2,1,1,1,2,2,1,2,0,2,1,1,2,2,2,2,2,1,1,1,2,2,2,1,2,2,2,1,1,1,2,2,2,2,234,3,4,2,2,2,2,1,2,1,2,1,2,1,2,2,1,2,2,1,1,2,2,2,1,1,1,1,2,2,2,2,2,1,2,1,1,2,2,1,1,1,2,2,2,2,2,2,2,1,1,2,2,2,9,3,3,1,2,4,2,0,1,44
1,234,4,4,3,1,2,8,4,9,1,2,4,2,0,0,2,1,2,1,6,1,3,4,2,4,3,1,0,1,1,1,1,2,2,2,2,1,1,1,1,2,1,1,2,1,2,1,2,1,2,2,1,1,2,2,2,1,1,1,1,1,2,2,2,1,2,2,2,2,1,1,1,2,2,234,4,4,2,2,2,1,1,1,2,2,2,1,2,2,2,2,1,2,2,2,2,1,2,2,2,1,1,1,2,2,2,2,2,1,1,1,1,1,2,2,2,2,2,1,2,1,2,2,2,2,2,2,5,4,3,3,2,2,4,6,3,1,49
1,234,5,4,4,3,3,8,4,5,0,2,1,2,0,0,1,2,2,3,6,4,1,3,1,3,2,1,2,1,1,1,1,2,2,2,1,1,1,2,2,2,2,1,1,1,2,1,1,2,2,1,1,1,2,2,2,1,1,2,1,2,2,1,1,1,2,2,2,2,2,1,2,1,2,234,5,4,2,1,2,2,1,2,1,1,1,1,1,1,2,2,2,2,2,2,2,2,2,2,2,1,2,2,2,2,2,2,1,1,2,1,2,1,2,1,2,2,2,1,2,1,2,2,2,1,2,2,5,6,3,3,2,5,4,4,3,3,10
1,234,6,4,3,2,2,7,5,9,1,2,4,1,2,1,2,1,1,1,3,2,3,1,1,1,1,2,1,1,1,1,1,2,2,1,2,1,1,2,2,2,1,1,1,1,2,2,2,1,2,2,2,2,1,2,2,1,1,1,1,2,2,2,1,1,1,1,1,1,1,2,2,2,2,234,6,4,2,2,1,1,1,2,2,2,1,2,1,2,2,1,2,2,1,1,2,1,2,1,2,1,1,2,2,2,2,1,1,1,2,1,2,2,1,1,1,1,1,2,1,2,1,2,1,2,2,2,2,10,3,3,1,3,4,2,3,1,50
1,234,7,4,3,4,4,6,5,3,3,1,5,1,3,3,2,1,2,3,2,1,3,2,2,4,2,2,2,1,1,2,1,2,2,1,2,1,1,2,2,2,1,1,1,1,2,1,2,1,1,2,1,0,1,2,1,0,1,1,2,2,1,2,1,1,1,2,2,2,2,0,2,1,2,234,7,4,2,2,2,2,2,2,2,1,1,1,2,2,2,1,2,1,2,1,2,2,2,1,2,0,1,2,2,1,2,2,0,1,1,1,1,2,2,1,2,2,2,2,1,1,1,2,1,1,2,2,1,5,2,3,2,2,4,1,3,6,14
1,234,8,4,3,1,4,8,5,3,3,2,1,2,0,0,2,1,1,3,5,1,3,3,2,4,1,1,2,1,1,1,1,2,2,1,1,1,2,2,2,2,1,2,1,2,2,1,2,1,2,1,1,1,1,2,1,2,1,1,1,1,1,2,1,1,1,2,2,1,1,1,2,2,2,234,8,4,2,1,2,2,1,2,2,1,1,1,2,2,2,1,2,2,1,2,2,2,1,2,2,2,2,2,2,2,2,2,1,2,2,2,2,2,2,1,1,2,2,2,2,1,2,2,2,0,2,2,5,0,3,3,1,4,4,1,3,6,4
1,234,9,4,2,1,4,6,4,8,2,2,4,1,3,3,2,1,3,3,5,1,1,2,2,2,2,1,1,2,1,1,1,2,2,1,1,1,1,1,1,2,2,2,1,1,2,1,2,1,1,1,1,1,1,1,2,1,1,2,1,2,1,2,2,1,2,2,2,2,2,1,1,1,2,234,9,4,1,1,1,2,2,2,2,2,1,1,2,2,2,2,2,2,2,2,2,2,2,2,2,1,2,2,2,2,2,2,1,1,1,1,2,2,2,1,2,1,1,2,1,2,2,2,3,1,1,1,1,4,3,3,1,4,4,1,3,6,61
1,234,10,4,4,3,3,8,6,9,1,2,1,2,0,0,2,1,1,3,3,1,3,2,2,2,2,3,1,1,2,1,1,0,2,1,1,1,1,1,2,2,0,1,1,2,2,1,2,1,2,2,1,1,2,1,1,0,1,1,2,2,2,2,1,2,1,0,2,2,2,0,2,2,2,234,10,4,2,0,1,2,1,0,1,2,1,1,1,2,0,1,2,1,1,2,2,1,2,1,2,0,2,2,0,2,2,2,0,1,2,0,2,2,1,1,1,2,0,1,1,2,2,2,2,1,3,2,5,9,3,3,2,3,4,1,3,1,29
1,234,11,4,3,4,3,6,5,15,3,2,1,1,2,3,2,1,1,3,4,1,3,2,1,1,1,1,2,2,2,1,1,2,2,1,1,0,1,2,2,2,1,1,0,1,2,1,2,1,2,2,1,1,1,2,2,0,1,1,1,1,1,2,2,1,2,0,2,1,1,0,2,2,2,234,11,4,0,0,2,2,1,2,2,2,1,2,2,2,2,2,0,2,2,1,2,1,2,1,2,0,2,2,0,1,2,0,0,1,1,1,2,1,1,1,1,1,2,2,1,2,2,2,1,0,1,3,1,7,2,3,1,1,4,1,3,6,29
1,234,12,4,4,4,5,3,6,0,3,2,2,2,0,3,2,0,0,1,1,9,3,0,0,0,0,0,0,1,0,2,1,2,2,1,1,0,2,2,2,1,0,1,1,1,2,1,2,0,2,0,1,1,2,1,1,0,2,1,2,1,0,0,0,2,1,1,0,1,1,1,2,1,2,234,12,4,2,1,1,2,0,2,1,2,1,2,1,0,0,0,0,0,0,0,0,0,0,0,0,0,0,0,0,0,0,0,0,0,0,0,0,0,0,0,0,0,0,0,0,0,0,0,0,0,0,0,6,0,0,0,0,4,4,5,0,3,25
1,234,13,4,1,4,5,3,6,9,1,2,2,1,3,2,2,1,1,2,2,9,3,4,2,5,1,2,1,1,1,1,1,1,2,1,2,1,1,2,2,1,1,1,1,2,1,1,2,1,1,2,1,1,2,1,1,1,2,1,2,1,2,1,1,2,1,1,1,2,1,1,1,2,2,234,13,4,2,1,1,1,1,1,1,1,1,1,2,2,2,1,1,2,1,1,2,1,2,1,2,1,1,1,2,1,2,2,1,2,2,1,1,2,1,1,2,2,2,1,1,2,1,1,1,1,1,1,4,2,3,3,2,4,4,5,3,7,23
1,234,14,4,1,4,5,5,6,4,2,2,2,1,4,1,2,1,3,3,5,1,3,2,2,1,1,1,2,1,1,1,1,1,2,1,1,1,1,1,2,2,1,1,1,1,1,2,2,1,2,1,1,1,2,2,1,1,2,1,2,2,2,1,2,1,1,2,2,1,1,1,2,1,2,234,14,4,2,1,1,2,2,2,1,2,1,1,2,2,2,1,2,2,1,2,2,2,2,2,2,1,2,2,2,2,2,1,1,2,1,1,2,2,1,1,1,2,1,1,2,2,1,3,1,2,1,2,4,6,2,3,1,0,0,0,0,4,29
1,234,15,4,3,3,5,5,5,6,2,2,4,2,0,0,2,1,1,3,6,1,3,2,1,3,1,2,1,1,1,2,1,2,2,1,2,2,1,2,2,2,2,1,1,1,2,1,2,1,1,1,1,1,2,2,2,0,2,2,2,1,1,2,1,1,1,2,2,1,2,1,1,1,2,234,15,4,2,1,2,2,2,0,1,1,1,2,2,2,2,2,2,1,2,1,2,1,0,1,2,0,0,2,2,0,2,2,0,2,2,2,2,2,2,1,2,1,2,1,1,2,0,3,3,1,1,2,5,8,3,3,2,0,4,1,3,4,49
1,234,16,4,3,2,5,6,4,3,0,2,1,2,0,0,2,2,3,2,4,4,3,5,1,1,1,3,1,1,1,2,1,2,2,1,2,2,2,2,2,1,2,1,1,1,1,2,1,2,2,2,2,2,2,1,1,0,2,2,2,2,1,1,1,2,1,1,1,2,1,1,1,1,2,234,16,4,1,1,1,2,2,2,1,1,1,2,1,1,2,2,2,1,1,1,2,1,1,1,0,0,0,0,0,0,0,0,0,0,0,2,2,1,1,1,2,1,1,1,2,0,0,0,1,1,1,1,5,8,3,3,2,0,0,0,0,3,16
1,234,17,4,2,1,2,6,5,9,1,2,4,2,0,0,3,1,1,1,1,1,3,1,1,1,0,1,2,1,1,2,1,1,2,1,2,1,1,2,2,2,2,1,1,1,0,2,2,2,2,1,1,1,2,1,1,0,2,0,2,2,1,0,1,2,1,1,2,2,2,1,1,1,2,234,17,4,2,0,2,1,2,2,2,1,1,1,1,2,2,1,2,1,1,1,2,1,1,2,2,0,2,2,2,1,2,2,1,1,2,1,2,2,1,1,2,1,1,1,1,2,0,2,0,1,2,2,6,7,3,3,2,4,4,2,0,1,58
1,234,18,4,3,3,4,6,6,9,1,2,3,1,4,3,1,1,1,1,1,9,1,1,1,1,1,2,1,1,1,2,1,2,2,1,1,2,2,2,2,2,2,1,2,1,2,2,2,1,2,2,1,1,2,1,1,2,2,2,2,2,1,2,1,2,1,1,1,2,1,2,2,1,2,234,18,4,2,1,2,2,2,2,1,1,1,2,1,2,2,1,2,1,1,1,2,2,1,1,2,1,2,2,2,1,2,2,1,2,2,2,2,2,1,1,1,1,2,1,1,1,1,1,1,1,1,1,0,6,3,3,1,4,4,1,3,7,5
1,234,19,4,3,2,3,8,6,4,2,4,5,1,2,1,2,1,1,1,5,9,3,2,2,3,2,1,2,1,1,2,1,2,2,1,1,2,1,2,2,1,1,1,2,1,2,2,2,1,2,1,1,1,2,1,2,2,2,1,2,1,1,1,1,2,1,2,2,1,1,2,1,1,2,234,19,4,2,1,2,2,2,2,1,2,1,1,1,2,1,1,1,1,1,1,2,1,2,1,2,1,2,2,2,1,2,2,1,2,1,2,2,2,1,1,1,1,1,2,1,1,1,2,1,1,3,2,6,0,0,0,0,0,0,0,0,2,37
1,234,20,4,2,3,2,7,4,9,1,1,5,2,0,0,2,1,1,2,4,2,3,2,2,2,1,1,2,1,1,1,1,2,2,1,2,1,1,1,2,2,1,1,1,1,1,2,1,1,2,1,1,1,2,1,1,1,2,1,1,2,1,2,2,2,1,1,2,2,2,1,1,1,2,234,20,4,2,1,2,2,2,2,1,2,1,1,1,2,2,1,2,2,1,2,2,2,2,1,2,1,2,2,2,2,2,2,1,1,2,1,2,2,1,1,2,1,2,1,1,2,1,2,1,1,2,2,5,10,3,3,2,3,4,6,3,1,41
1,234,21,4,2,2,3,8,4,12,3,2,4,1,3,3,2,1,1,2,6,1,1,1,1,1,1,1,1,2,1,2,1,2,2,2,1,1,2,2,2,2,1,2,1,1,2,2,1,1,1,1,2,1,2,2,2,2,2,1,2,1,1,2,2,2,1,2,2,1,1,0,1,1,2,234,21,4,2,2,1,2,2,2,2,2,1,2,2,2,2,1,2,1,1,1,2,1,2,1,2,0,2,2,2,2,2,2,1,1,1,1,2,2,2,2,2,1,2,1,1,1,1,3,2,2,3,2,3,8,3,3,1,3,4,1,3,4,18
1,234,22,4,3,3,5,8,6,9,1,1,4,1,5,3,2,1,1,2,6,1,3,2,1,1,2,2,2,1,1,1,1,2,2,1,2,1,1,2,1,2,2,1,1,1,2,1,2,1,1,2,1,1,2,1,1,2,2,2,1,2,1,2,1,2,1,1,1,1,1,1,1,1,2,234,22,4,2,1,2,2,2,2,1,1,1,1,1,2,2,1,2,1,1,1,2,2,1,1,1,2,2,2,2,2,2,2,1,1,2,2,2,2,1,1,1,1,2,1,1,1,2,1,1,1,2,2,5,9,3,3,0,5,4,6,0,1,2
1,234,23,4,3,4,4,6,5,3,3,2,4,1,3,2,2,1,1,1,6,1,3,3,2,2,2,2,2,1,1,2,1,1,2,1,2,1,1,1,2,2,1,1,1,1,1,1,2,1,1,1,1,1,2,1,2,1,2,1,1,2,1,2,1,1,1,2,2,2,1,1,2,1,2,234,23,4,2,1,2,2,2,2,1,2,1,2,2,2,2,1,2,1,1,1,2,1,2,1,2,1,2,2,2,1,2,2,1,1,2,1,2,2,2,1,1,1,1,2,1,2,2,2,1,0,2,2,1,8,3,3,2,2,4,1,3,6,8
1,234,24,4,4,3,5,8,5,6,2,2,2,2,0,0,1,2,1,2,6,1,3,2,2,2,1,1,2,1,1,1,1,2,2,1,2,1,1,2,2,1,2,2,2,1,2,1,2,1,2,2,1,1,2,1,1,2,2,1,2,2,2,2,1,1,1,2,2,2,1,1,2,2,2,234,24,4,2,2,2,2,2,2,2,1,1,2,2,2,2,1,2,2,1,1,2,2,1,1,2,1,2,2,2,1,2,2,1,2,2,2,2,2,2,1,0,1,2,1,1,2,1,2,1,2,1,2,5,5,1,3,2,5,3,3,3,4,36
1,234,25,4,3,3,3,8,5,10,3,2,1,2,0,0,2,1,1,1,4,1,3,1,2,2,1,1,2,1,1,1,1,0,2,1,1,1,1,1,2,1,1,1,1,1,0,1,1,1,1,0,1,0,0,1,1,0,2,2,2,2,1,1,0,2,1,0,2,1,1,0,1,1,2,234,25,4,0,0,2,2,2,2,2,1,1,1,2,2,2,1,2,2,1,2,2,1,1,0,2,2,2,2,2,0,2,2,0,1,2,1,2,2,2,1,0,1,2,2,2,2,0,1,1,1,3,2,6,9,3,3,2,2,4,1,3,3,11
1,234,26,4,3,2,4,8,5,9,1,2,4,2,0,0,2,1,1,1,4,1,3,3,1,3,2,1,2,1,1,2,1,2,2,2,1,1,1,1,1,2,0,2,2,1,1,1,1,1,2,2,1,2,1,2,2,2,2,1,2,1,2,2,2,1,1,2,2,2,2,2,2,2,2,234,26,4,2,1,1,1,2,2,2,1,1,1,2,1,2,1,2,2,1,2,2,2,1,2,2,1,1,2,2,2,2,2,1,2,2,1,1,1,0,1,2,2,1,1,1,2,1,2,3,2,2,2,5,10,3,3,2,1,4,1,3,1,54
1,234,27,4,3,1,2,8,4,6,2,2,1,2,0,0,1,1,1,1,4,2,3,2,2,2,2,1,2,1,1,1,1,2,2,1,1,1,1,1,2,2,1,1,2,2,2,1,2,1,2,2,1,1,1,2,1,1,2,2,1,2,1,2,1,2,1,2,2,1,1,1,2,2,2,234,27,4,2,2,1,1,1,1,2,2,1,2,2,2,2,1,2,2,1,2,2,2,2,2,2,2,2,2,2,1,2,1,1,1,1,1,1,2,2,1,1,2,2,1,2,2,1,2,1,1,2,2,5,7,3,3,2,1,3,0,3,4,6
1,234,28,4,2,3,2,8,5,9,1,1,5,2,0,0,3,1,1,2,4,10,3,2,3,2,2,2,1,1,1,1,1,1,2,1,2,1,1,1,1,2,2,2,1,2,2,1,1,1,2,2,1,1,1,1,2,1,2,1,1,1,2,2,1,2,2,1,1,2,1,1,2,2,2,234,28,4,2,1,1,1,2,2,2,1,1,1,1,2,2,1,2,2,1,1,2,2,1,1,2,1,1,2,2,2,2,2,1,1,1,1,2,2,2,1,2,2,2,2,2,2,1,2,2,2,2,2,5,10,3,3,2,3,4,6,3,1,48
1,234,29,4,2,1,3,8,5,9,1,2,4,2,0,0,2,1,1,2,6,1,3,3,2,2,1,1,2,2,1,1,1,2,2,2,2,1,1,1,2,2,0,2,2,1,2,1,2,1,2,2,2,2,1,2,2,1,2,1,1,2,1,2,1,2,2,1,2,2,1,1,2,2,2,234,29,4,2,1,1,2,2,0,2,2,1,1,1,2,2,1,2,2,1,2,2,2,2,1,2,0,2,2,0,2,2,2,0,2,0,1,1,1,1,1,1,2,0,1,1,1,1,2,2,0,1,1,6,10,3,3,1,4,4,1,0,6,10
1,234,30,4,3,3,2,7,5,9,1,2,4,1,2,1,2,1,1,1,6,1,3,2,1,3,2,1,1,1,1,1,1,2,2,1,2,1,1,1,1,2,1,1,1,2,2,2,2,1,2,1,2,1,1,1,0,1,2,1,2,1,2,1,2,1,2,2,2,1,1,1,2,2,2,234,30,4,2,1,2,1,2,2,1,1,1,2,1,2,2,1,1,2,1,2,2,2,2,1,2,2,2,2,1,1,2,2,1,2,2,1,1,2,1,1,1,2,0,2,1,2,2,2,1,3,2,2,1,4,3,3,1,3,4,2,3,1,64
1,234,31,4,3,2,2,6,5,9,1,2,4,1,2,1,2,1,1,2,1,1,3,2,2,2,2,2,2,2,1,1,1,2,2,1,2,1,1,1,1,2,1,1,1,2,2,2,2,1,2,1,1,1,1,2,1,1,2,2,2,1,2,1,1,1,2,2,2,2,1,1,1,2,2,234,31,4,2,1,2,2,2,2,2,2,1,1,1,2,2,1,2,2,1,2,2,2,2,2,2,1,1,2,2,2,1,2,1,2,2,1,2,2,1,1,1,2,1,1,1,2,2,2,3,2,2,2,2,5,2,3,1,3,4,2,3,1,27
1,234,32,4,3,3,5,6,5,3,1,1,5,2,0,0,2,1,1,1,4,1,1,2,1,1,1,1,1,1,1,1,1,2,2,1,2,1,1,1,2,2,1,2,2,2,2,2,1,1,2,1,1,2,1,1,2,1,2,1,1,1,2,1,2,2,1,2,2,2,1,1,2,2,2,234,32,4,2,1,1,1,1,1,2,2,1,1,2,2,2,1,2,2,2,2,2,2,2,2,2,2,1,2,2,2,1,2,2,1,2,1,1,1,1,2,2,2,2,2,2,1,2,2,1,2,1,1,5,8,3,3,2,2,4,1,0,7,20
1,234,33,4,4,2,4,8,4,15,0,2,1,1,2,1,2,1,3,3,6,1,2,1,1,1,1,1,1,2,1,1,1,1,2,1,1,1,1,1,1,2,1,0,1,2,2,1,1,1,0,2,1,0,1,2,0,0,2,0,0,0,2,2,0,2,1,2,2,2,1,1,2,1,2,234,33,4,2,1,1,2,0,2,2,1,1,1,0,2,2,1,2,2,1,1,2,2,1,2,2,1,2,2,2,2,2,2,2,2,2,1,2,2,1,1,1,1,2,1,1,2,2,1,1,1,2,2,1,8,3,3,1,5,4,4,3,5,12
1,234,34,4,3,3,3,6,5,9,1,2,4,1,2,1,2,1,1,1,6,1,3,2,1,1,1,1,1,1,2,2,1,2,2,1,2,2,1,2,2,2,1,1,1,1,2,2,2,1,2,1,1,1,2,2,2,1,2,1,2,1,1,1,1,1,1,2,1,1,1,2,2,1,2,234,34,4,2,1,1,2,2,2,1,1,1,2,1,2,2,1,2,2,1,1,2,1,1,1,2,1,2,2,2,1,2,1,1,1,2,2,2,2,1,1,2,1,2,1,1,2,1,2,1,1,1,2,4,10,3,3,1,0,0,0,0,1,19
1,234,35,4,3,3,2,7,5,9,1,2,1,1,2,1,2,1,1,1,6,1,1,2,1,1,1,2,1,1,2,1,1,2,2,1,2,1,1,2,2,2,1,2,1,2,2,1,2,1,2,1,1,1,2,1,1,2,2,1,1,1,1,2,2,1,1,2,2,1,1,2,2,1,2,234,35,4,2,1,2,2,2,2,2,2,1,2,1,2,2,1,2,1,1,1,2,1,2,1,2,2,1,2,2,2,2,2,1,1,2,1,2,2,2,1,1,2,2,2,1,2,1,2,1,1,3,3,2,9,3,3,1,2,3,2,3,7,19
1,234,36,4,3,3,3,7,5,9,1,2,4,2,0,3,2,1,1,1,5,1,3,2,1,1,1,1,2,2,2,1,1,2,2,1,2,1,1,2,2,2,2,1,1,1,2,1,2,1,1,2,1,1,2,2,1,1,2,1,1,2,1,2,1,2,1,0,2,1,1,0,2,2,2,234,36,4,0,0,1,2,2,2,2,1,1,2,2,2,2,1,1,2,1,1,2,2,1,1,0,0,2,2,0,1,2,2,2,1,2,1,2,2,1,1,2,1,2,1,1,2,1,2,1,1,2,2,5,8,2,3,2,2,4,6,0,1,10
1,234,37,4,3,1,4,6,6,9,1,2,4,2,0,0,2,1,1,2,5,9,3,1,2,2,1,2,1,1,2,2,1,2,2,1,2,2,1,2,2,2,2,2,1,1,1,2,2,2,1,1,1,1,2,1,1,1,2,2,2,1,2,1,1,2,1,2,2,1,1,1,2,1,2,234,37,4,2,1,1,2,2,2,1,1,1,1,1,2,2,1,2,2,1,1,2,1,2,1,2,1,2,2,2,1,2,2,1,1,2,1,1,2,2,1,2,1,1,1,2,1,1,2,1,1,3,2,5,9,3,3,2,4,4,1,3,1,21
1,234,38,4,3,2,2,8,5,3,3,2,4,2,0,0,2,1,1,1,5,2,3,2,1,1,1,1,2,1,2,1,1,2,2,1,2,2,1,1,2,2,2,1,1,1,2,1,2,1,2,1,1,1,2,1,1,1,2,2,2,2,1,2,2,2,1,2,2,2,1,1,2,1,2,234,38,4,2,1,2,2,2,2,1,1,1,2,2,2,2,1,2,1,1,2,2,1,1,1,2,1,2,2,2,1,2,2,1,1,2,1,2,2,1,1,1,1,2,1,2,2,2,2,2,1,2,2,5,10,3,3,1,3,3,1,3,6,44
1,234,39,4,4,4,5,6,6,9,1,2,3,2,0,0,1,2,3,2,0,9,3,1,1,1,1,3,0,3,2,2,1,1,2,1,2,1,1,2,2,2,1,1,1,1,2,2,2,2,1,1,1,1,2,1,1,1,2,1,2,2,1,1,2,2,1,1,2,1,1,1,1,1,2,234,39,4,2,1,2,2,2,2,1,0,1,2,1,2,2,1,1,1,1,1,2,1,1,1,2,1,1,2,2,1,2,2,1,2,2,2,1,2,1,2,1,1,1,1,1,0,2,3,1,1,1,1,6,9,3,3,1,4,4,5,3,1,11
1,234,40,4,4,3,3,8,6,9,1,2,4,1,4,1,2,1,1,2,3,1,1,1,2,2,2,3,1,1,2,1,1,1,2,1,2,1,2,0,2,1,1,1,1,1,1,2,2,1,1,2,1,1,2,2,1,1,2,1,2,2,1,1,1,1,1,2,1,1,1,1,1,1,2,234,40,4,2,1,1,2,2,2,1,2,1,2,2,2,2,2,2,1,1,1,2,2,2,1,2,1,2,2,1,1,2,2,1,1,2,1,2,2,2,1,2,1,2,1,1,2,2,2,1,2,2,2,2,6,1,3,1,3,3,2,3,1,66
1,234,41,4,3,2,5,5,5,6,2,2,4,2,0,0,1,1,1,3,6,1,3,2,2,2,1,1,0,1,2,1,1,2,2,1,1,1,1,1,2,1,1,2,1,1,1,1,2,1,2,2,1,1,1,1,1,2,2,2,2,2,2,2,1,2,2,1,2,1,1,1,2,1,2,234,41,4,2,1,2,1,2,2,2,2,1,1,2,2,2,1,1,2,1,1,2,1,2,1,2,1,1,2,2,2,2,2,1,1,2,1,2,2,1,1,1,2,2,1,1,2,1,2,1,3,2,2,5,9,3,3,2,3,4,1,3,4,19
1,234,42,4,3,3,3,7,4,9,1,1,5,2,0,0,2,1,1,1,4,1,3,1,1,1,1,1,1,3,0,0,0,0,2,1,0,0,1,0,0,0,0,1,0,0,0,1,0,0,0,0,0,0,0,0,0,0,0,0,0,0,1,0,0,0,1,0,2,0,1,0,0,0,2,234,42,4,0,0,0,2,0,2,0,0,0,0,0,0,2,0,0,0,1,1,2,0,0,1,0,0,0,0,0,1,0,0,0,0,0,0,0,2,0,1,0,0,0,0,0,2,1,1,1,0,0,0,5,10,3,3,0,1,4,1,1,1,23
1,234,43,4,3,4,3,7,6,6,2,2,4,2,0,0,1,1,1,2,6,2,3,2,2,2,2,1,2,1,1,1,2,2,2,1,1,1,1,2,2,2,1,1,1,1,2,2,2,1,1,1,2,1,1,0,0,0,0,0,0,0,0,0,0,0,0,0,0,1,1,1,1,2,2,234,43,4,2,1,2,1,2,2,2,1,1,1,2,2,2,1,1,2,1,1,2,1,1,1,2,1,2,2,2,1,2,2,1,2,2,1,1,2,1,1,2,1,2,1,2,2,2,2,1,1,1,1,5,10,3,3,2,3,4,1,1,4,30
1,234,44,4,2,2,1,7,3,5,3,1,5,2,0,0,1,1,1,2,4,10,1,2,3,5,2,1,2,1,2,1,1,0,2,0,1,1,1,2,2,1,0,1,0,0,2,1,2,1,0,2,0,1,2,2,2,0,0,1,2,2,0,2,2,2,1,0,2,2,1,0,2,0,2,234,44,4,2,0,1,0,2,0,2,2,1,1,2,2,2,1,0,0,1,1,2,1,2,2,2,0,2,2,0,1,2,2,0,1,0,1,2,0,1,0,2,1,2,2,1,2,1,2,2,3,2,2,6,9,3,3,2,3,4,1,1,3,18
1,234,45,4,1,4,5,5,6,9,1,2,4,2,0,0,2,1,1,2,6,9,1,3,1,3,1,2,1,1,1,2,1,2,2,1,1,1,2,2,2,2,1,1,1,1,1,2,2,2,1,0,1,2,2,1,1,1,1,1,2,1,1,2,2,2,1,1,2,2,1,1,1,2,2,234,45,4,2,1,1,2,1,2,2,2,1,1,1,2,2,1,2,2,1,1,2,1,2,2,2,1,1,1,1,2,2,2,1,2,2,1,2,2,1,1,2,1,2,1,1,1,1,2,1,1,1,2,5,9,2,3,2,4,4,5,1,7,10
1,234,46,4,3,3,4,5,5,4,2,2,1,1,3,2,2,1,1,2,5,1,3,2,1,2,1,1,2,1,1,1,1,2,2,1,1,1,1,1,2,2,1,1,1,2,1,1,2,1,2,2,1,1,2,1,2,2,1,1,2,1,1,2,2,1,1,2,2,2,2,0,2,2,2,234,46,4,2,1,1,1,1,2,2,2,1,1,1,2,2,1,2,2,1,1,2,2,2,2,2,1,1,2,2,2,2,2,1,1,2,2,2,1,2,1,2,1,2,1,1,2,1,2,1,2,1,2,0,7,3,3,1,2,4,1,1,5,20
1,234,47,4,3,4,5,7,4,5,3,3,1,2,0,0,2,1,1,1,5,1,3,3,1,3,1,1,1,1,1,1,1,2,2,1,2,0,1,2,1,2,2,1,1,1,2,2,2,2,2,1,1,2,2,1,2,0,1,1,2,1,2,2,0,1,2,0,0,2,1,0,2,1,2,234,47,4,2,0,0,1,1,1,1,2,1,2,2,2,2,1,0,2,2,1,2,0,2,2,0,0,1,2,0,2,2,0,0,1,1,1,1,2,1,1,2,2,0,2,2,1,1,2,1,1,2,2,5,10,3,3,2,5,4,4,1,2,23
1,234,48,4,3,3,3,8,6,14,3,1,5,2,0,0,1,1,1,1,6,2,2,2,1,3,1,1,2,1,1,2,1,1,2,1,1,1,2,1,2,2,1,2,2,2,2,1,1,2,2,2,1,1,2,2,2,1,1,2,1,1,2,2,2,2,1,2,2,1,1,0,2,2,2,234,48,4,2,1,1,1,1,1,2,2,1,2,2,2,2,1,2,2,1,1,2,2,2,2,2,0,2,2,0,2,2,2,0,1,1,1,2,2,1,1,2,1,2,2,2,1,1,2,1,1,2,2,5,4,3,3,2,3,4,1,1,3,7
1,234,49,4,2,1,3,7,5,15,3,2,4,2,0,0,2,1,1,1,4,1,3,1,2,2,2,1,2,3,1,1,1,2,2,2,2,1,1,1,1,2,1,1,1,1,2,1,2,1,2,1,1,1,2,1,2,1,1,1,1,1,2,2,1,1,1,2,2,1,1,1,1,1,2,234,49,4,2,1,2,1,2,2,2,2,1,1,2,2,2,1,2,2,1,2,2,1,2,1,2,1,2,2,2,2,2,2,2,1,1,1,2,1,2,1,2,1,2,1,1,1,1,2,2,1,1,2,5,9,3,3,2,4,4,1,1,6,70
1,234,50,4,3,2,2,7,6,9,1,2,4,1,3,3,2,1,2,2,4,2,3,2,1,1,1,1,1,1,1,1,1,2,2,2,1,1,1,2,2,1,1,1,2,1,1,1,2,2,2,1,1,2,2,2,2,2,1,1,2,1,2,2,1,1,1,2,2,2,2,2,2,2,2,234,50,4,2,2,2,1,2,1,2,2,1,1,2,2,1,2,2,1,2,1,1,1,2,2,2,1,2,2,1,1,2,2,1,1,1,1,2,2,2,2,2,2,2,2,1,2,2,2,2,1,2,2,0,6,3,3,1,5,4,1,1,7,6
1,234,51,4,3,3,5,6,5,6,2,2,4,2,0,3,2,1,1,2,6,1,3,4,2,4,1,1,2,1,1,1,1,1,2,2,1,1,1,2,2,2,2,1,1,1,2,2,2,1,2,1,1,1,2,1,2,1,1,1,1,1,2,1,1,1,1,1,1,2,1,1,1,2,2,234,51,4,2,1,2,2,1,2,1,2,1,1,2,2,2,1,2,2,1,1,2,1,1,2,2,1,2,2,1,2,2,2,1,1,2,1,1,2,1,1,2,1,1,1,1,2,2,2,1,1,2,2,5,7,3,3,0,2,4,1,1,4,50
1,234,52,4,4,2,2,6,5,15,2,2,4,1,3,1,2,1,1,1,5,1,3,3,2,3,1,1,2,1,1,1,1,2,2,1,1,1,1,2,2,1,1,1,1,2,1,1,2,1,2,1,1,1,2,1,1,1,1,1,2,1,1,2,2,1,1,2,2,1,1,2,2,2,2,234,52,4,2,1,2,1,1,2,2,2,1,1,1,2,2,1,1,1,1,1,2,2,1,1,2,1,1,2,1,2,2,2,1,1,1,1,2,2,1,1,2,1,1,2,1,2,1,2,1,2,2,2,1,4,3,3,1,2,4,1,1,4,15
1,234,53,4,4,4,4,8,6,6,2,2,1,1,3,1,2,1,1,1,5,1,2,2,1,1,2,2,2,1,1,2,1,1,2,1,2,1,1,1,1,2,1,2,1,1,2,1,2,2,1,1,1,2,2,1,1,1,1,1,1,2,1,2,2,2,1,2,2,2,1,2,2,1,2,234,53,4,2,1,1,1,2,2,1,1,1,1,1,2,2,1,2,2,1,1,2,2,2,1,2,1,2,2,2,2,2,2,1,2,2,1,2,1,1,1,1,2,1,2,2,2,1,1,1,1,2,2,1,6,2,3,1,5,3,3,1,4,44
1,234,54,4,4,4,5,4,6,11,3,2,3,1,3,3,2,1,1,1,4,10,3,1,3,5,1,2,1,2,1,1,1,2,2,1,1,1,2,2,2,2,2,1,1,1,1,1,2,1,1,1,1,1,2,1,1,1,1,1,1,1,1,2,1,2,1,1,2,1,1,1,1,1,2,234,54,4,2,1,1,1,2,2,1,1,1,1,1,2,2,1,2,1,1,1,2,1,2,1,2,1,1,2,2,2,1,2,1,2,2,1,2,2,1,1,2,1,1,1,1,1,1,3,3,3,1,2,1,9,3,3,1,4,4,5,1,5,26
1,234,55,4,4,3,3,7,6,9,1,2,4,1,3,3,2,1,1,1,4,10,3,1,1,1,1,1,2,1,1,1,1,0,2,1,2,1,1,2,2,2,2,1,0,2,2,0,2,0,1,1,1,2,2,2,1,0,1,2,2,2,1,2,2,2,1,2,2,2,2,0,1,2,2,234,55,4,2,1,1,2,2,2,2,2,1,1,1,2,1,1,0,1,1,1,2,1,2,1,2,0,0,2,0,1,2,2,0,2,2,1,1,2,2,1,2,1,1,2,2,2,2,2,1,1,3,2,0,7,1,3,2,3,4,1,1,7,8
1,234,56,4,3,3,4,4,6,6,2,2,2,1,3,1,2,1,1,1,2,9,3,2,2,1,2,2,2,1,1,2,1,1,2,1,1,2,1,2,2,1,1,1,1,1,1,2,2,2,1,1,1,1,1,2,1,2,1,2,2,2,1,2,1,1,1,1,2,1,1,1,2,2,2,234,56,4,2,1,2,2,2,2,1,1,1,1,1,2,2,1,2,1,1,1,2,1,1,1,2,1,1,2,2,1,2,2,1,1,1,2,2,2,2,1,2,1,2,1,1,2,1,2,1,2,2,2,1,7,1,3,1,4,4,1,1,4,32
1,234,57,4,2,2,2,6,4,5,3,1,5,2,0,0,2,1,1,1,5,10,3,1,1,2,1,1,2,1,1,1,2,2,2,1,2,1,1,1,2,2,1,1,1,1,1,1,2,1,2,1,1,1,1,1,1,2,1,1,1,2,1,1,1,2,2,2,2,1,1,2,1,1,2,234,57,4,2,1,1,2,2,1,2,2,1,2,1,2,2,1,2,2,1,2,2,2,1,2,2,1,2,2,2,1,2,2,1,1,2,1,2,2,1,1,1,2,2,1,1,2,1,2,3,1,1,2,5,9,3,3,1,4,4,1,1,5,6
1,234,58,4,3,1,2,8,4,11,3,1,5,2,0,0,2,1,1,1,6,2,3,2,3,5,2,1,2,2,1,2,1,1,2,1,1,1,1,2,1,2,2,2,1,1,2,1,1,1,2,2,1,1,1,2,2,2,1,2,1,1,2,2,2,1,2,2,2,2,2,1,2,2,2,234,58,4,2,1,1,2,2,1,2,2,1,1,2,2,2,1,2,1,2,1,2,2,2,1,2,2,2,2,2,2,2,1,1,1,1,1,1,2,2,1,1,1,2,2,1,2,2,1,1,1,2,2,6,5,3,3,2,3,4,1,1,5,22
1,234,59,4,2,1,5,8,5,5,3,1,5,1,3,3,2,1,1,2,6,1,1,2,1,1,1,1,2,1,1,2,1,2,2,1,1,2,1,1,1,2,1,2,0,2,2,1,0,1,2,1,1,1,1,2,2,0,1,1,1,2,1,2,1,0,2,0,2,1,1,0,1,1,2,234,59,4,0,1,2,2,2,2,1,2,1,1,1,2,2,1,0,1,1,2,2,2,2,2,0,0,0,2,0,0,2,2,0,0,0,0,0,2,1,2,0,0,0,1,1,2,2,2,2,1,2,2,4,8,3,3,1,4,4,1,1,3,17
1,234,60,4,2,2,4,6,6,14,3,2,4,1,2,3,2,1,1,1,6,1,1,2,2,3,1,1,2,1,1,0,1,2,2,1,2,0,1,2,2,2,1,1,1,2,2,2,2,1,2,2,1,1,1,1,1,1,1,1,2,1,1,2,1,2,1,2,2,2,1,1,1,1,2,234,60,4,2,1,1,2,1,2,1,1,2,1,2,2,2,1,2,2,1,1,2,2,2,1,2,2,2,2,2,1,2,2,1,1,1,1,2,2,1,1,1,2,2,1,1,1,2,2,2,2,2,2,3,9,1,3,2,4,4,1,1,6,64
1,234,61,4,2,1,3,8,3,14,3,2,1,1,2,3,2,1,3,3,6,1,3,2,2,2,2,1,2,2,1,1,1,2,2,2,1,1,1,1,1,2,2,2,1,2,2,1,2,1,2,2,1,1,1,1,2,1,1,1,1,1,2,2,1,1,2,2,2,2,2,2,2,2,2,234,61,4,2,2,1,1,1,2,2,2,1,1,2,2,2,2,2,2,2,2,2,2,2,2,2,2,1,2,2,2,2,2,1,2,1,1,2,1,2,2,2,2,2,2,1,2,2,2,1,1,2,2,4,8,3,3,2,3,4,1,1,6,50
1,234,62,4,4,2,3,6,6,11,1,2,4,2,0,0,2,1,3,3,4,1,3,2,3,3,1,1,2,1,1,2,1,2,2,1,1,1,1,2,2,1,1,1,1,1,2,1,2,1,2,1,2,1,1,2,2,2,1,1,1,1,2,2,2,2,1,2,2,1,1,2,2,2,2,234,62,4,2,1,1,2,1,2,2,2,1,1,2,2,2,1,2,2,1,1,2,1,2,2,2,1,2,2,1,1,2,2,2,1,2,1,1,2,2,1,2,2,2,1,1,1,1,2,1,3,2,2,5,7,3,3,2,0,4,1,1,7,1
1,234,63,4,4,1,4,7,5,12,3,1,5,2,0,0,1,1,1,1,4,1,3,3,1,3,1,1,1,1,1,1,1,2,2,1,2,1,1,2,2,2,1,1,1,1,2,1,2,0,1,2,1,1,1,1,2,0,1,1,1,2,1,2,2,2,1,2,2,1,1,0,2,1,2,234,63,4,2,2,2,2,2,2,2,2,1,2,2,2,2,1,0,2,1,2,2,1,2,1,2,1,2,2,0,1,2,2,0,1,1,1,2,2,1,1,0,1,2,1,1,1,1,2,2,1,2,2,5,9,3,3,2,2,4,1,1,5,1
1,234,64,4,4,4,4,6,5,4,3,2,1,2,0,0,1,2,2,3,2,1,1,2,2,2,1,2,1,1,1,2,1,2,2,1,1,1,1,1,2,1,1,1,2,2,2,1,2,1,2,1,1,1,1,2,1,2,1,1,2,1,2,1,2,1,1,1,2,1,1,1,2,1,2,234,64,4,2,1,1,2,2,2,1,1,1,1,1,2,1,1,2,2,1,2,2,2,2,1,2,2,2,2,2,2,2,1,1,1,2,1,1,2,2,1,2,1,2,2,1,2,1,1,1,1,2,2,5,5,3,3,2,5,3,3,1,5,16
1,234,65,4,4,4,5,7,6,3,3,2,1,1,2,2,2,1,1,2,6,1,3,1,2,2,1,1,1,1,1,1,1,1,2,1,1,1,1,2,2,2,2,1,2,1,2,1,2,1,2,2,1,1,1,2,1,2,1,1,1,1,2,2,2,1,1,1,2,2,2,1,2,1,2,234,65,4,2,1,1,2,1,0,2,2,1,1,1,2,2,1,2,2,1,1,2,1,0,1,2,0,2,2,2,1,2,2,1,1,2,1,2,2,1,1,1,1,2,1,1,2,1,2,1,1,1,2,1,6,3,3,2,2,4,1,1,3,22
1,234,66,4,4,4,4,8,5,14,3,2,2,2,0,0,1,2,1,1,5,1,3,2,1,1,1,1,2,1,1,1,1,0,2,2,1,1,1,1,2,2,0,1,0,1,2,1,2,0,2,1,1,1,1,1,2,0,1,1,2,1,1,2,0,1,2,0,2,2,1,0,1,1,2,234,66,4,2,0,1,1,0,0,1,2,2,1,2,2,2,1,0,2,1,1,2,1,2,1,2,0,1,2,0,2,2,2,0,2,2,1,1,2,2,1,1,2,0,2,2,1,2,2,1,1,1,2,5,9,3,3,2,5,3,3,1,3,2
1,234,67,4,4,2,3,8,5,15,3,2,4,1,3,2,2,1,1,1,6,10,3,2,1,2,2,1,2,1,1,1,1,2,2,1,1,1,1,1,1,2,1,2,0,1,2,1,1,2,2,1,1,1,1,1,2,0,1,2,1,1,1,2,2,1,1,1,2,2,2,1,2,2,2,234,67,4,0,1,1,1,2,0,2,2,1,1,1,2,2,1,2,1,1,2,2,2,2,1,2,0,1,2,0,2,1,2,1,1,1,1,2,2,2,1,1,1,2,2,1,1,2,2,2,3,3,3,3,3,3,3,2,2,4,1,1,3,14
1,234,68,4,4,1,3,8,4,5,3,2,4,2,0,0,2,1,1,2,6,2,3,1,1,1,2,1,2,2,1,1,1,2,2,1,1,1,1,1,1,2,2,2,1,1,2,1,1,1,2,2,2,1,1,2,2,1,1,1,2,1,2,1,1,2,2,2,2,1,1,2,2,2,2,234,68,4,2,1,1,1,1,2,2,2,1,1,2,2,2,1,2,2,1,2,2,2,2,1,2,1,1,2,2,2,2,2,1,1,1,1,2,2,1,1,1,2,2,1,1,1,2,2,1,1,1,2,5,8,3,3,2,5,4,4,1,3,5
1,234,69,4,1,4,5,5,6,9,1,2,1,2,0,3,2,1,1,2,4,9,3,2,1,1,1,3,1,1,2,2,1,2,2,1,2,2,1,2,2,1,2,1,2,1,1,1,2,2,2,1,1,1,2,1,1,2,1,1,2,1,2,2,2,2,1,1,2,1,1,1,2,2,2,234,69,4,2,2,1,1,2,2,1,2,1,2,2,2,2,1,2,2,1,1,2,1,2,2,2,1,1,2,2,2,2,2,1,2,2,1,2,2,2,1,2,2,1,1,1,2,2,1,1,2,3,3,5,8,1,3,2,4,4,5,1,7,11
1,234,70,4,3,1,4,8,4,6,2,2,2,2,0,0,2,1,1,2,6,1,3,3,1,4,1,2,2,1,2,1,1,2,2,1,2,1,1,2,2,2,2,2,1,1,2,2,2,1,2,1,2,1,2,1,1,1,1,1,2,2,2,2,2,2,2,2,2,1,1,0,2,2,2,234,70,4,2,0,2,1,2,2,1,2,1,1,1,2,2,1,0,2,1,1,2,1,2,2,2,0,2,2,2,1,2,2,0,1,2,1,2,2,2,1,0,2,0,1,1,2,1,2,1,0,2,2,6,7,3,3,2,2,4,1,1,4,28
1,234,71,4,2,2,2,6,4,9,1,1,5,2,0,0,2,1,1,2,4,2,3,3,2,2,2,2,2,1,2,2,1,1,2,1,1,1,1,1,2,2,1,2,1,1,1,2,2,1,2,1,1,1,2,1,1,1,1,1,1,1,2,2,1,2,1,2,2,1,1,2,2,1,2,234,71,4,2,1,1,1,1,2,2,2,1,1,1,2,2,1,2,1,1,2,2,2,1,1,2,2,2,2,2,1,2,1,1,1,2,1,2,2,1,1,2,2,2,2,2,1,1,2,1,1,2,2,5,7,2,3,2,3,4,2,1,1,55
1,234,72,4,2,4,3,8,5,11,3,2,4,2,0,0,2,1,1,1,6,1,2,1,3,5,1,1,2,1,2,2,1,0,2,1,1,2,1,2,2,2,0,1,0,1,1,2,2,1,1,1,1,1,2,1,1,1,1,1,1,2,2,1,0,2,1,2,2,1,1,0,2,1,2,234,72,4,2,0,1,2,2,2,1,1,1,1,1,2,2,1,0,2,1,1,2,1,1,2,2,0,2,2,2,2,2,2,1,1,2,1,2,2,2,1,2,1,2,2,1,2,2,1,1,1,2,2,5,9,3,3,2,1,4,1,1,3,4
1,234,73,4,4,3,3,6,6,15,3,2,4,1,4,3,2,1,1,2,6,1,3,1,2,2,1,1,2,1,2,2,1,2,2,1,1,2,1,1,2,1,1,1,1,2,2,1,2,1,1,1,1,1,2,2,1,1,1,1,1,2,1,2,2,2,1,2,2,1,1,1,2,1,2,234,73,4,2,1,2,1,2,2,1,2,1,1,1,1,2,1,2,1,1,1,2,1,2,1,2,2,1,2,2,1,2,2,1,1,2,1,2,2,1,1,1,1,2,1,2,1,2,2,1,2,1,2,2,9,3,3,2,3,4,1,1,6,19
1,234,74,4,3,3,4,6,5,15,3,2,4,1,3,3,2,1,1,1,6,1,3,4,1,2,2,1,2,1,2,1,1,2,2,1,1,1,1,1,2,2,1,1,2,2,2,1,2,1,2,0,1,2,1,2,2,2,1,1,1,2,2,2,2,1,2,2,2,2,1,2,2,2,2,234,74,4,1,2,1,1,2,1,1,2,1,2,1,2,2,1,2,2,2,2,2,1,2,1,2,1,2,2,2,1,2,2,1,1,1,1,2,1,2,1,2,2,1,1,2,2,0,2,2,2,2,2,1,10,3,3,2,2,4,1,1,3,1
1,234,75,4,2,1,2,6,5,9,1,2,1,1,1,3,2,1,1,1,6,1,2,1,2,2,2,1,1,1,2,1,1,2,2,1,2,1,2,2,2,2,2,1,2,1,1,1,2,1,1,1,1,1,1,1,1,2,1,1,1,2,1,2,2,2,1,1,1,1,1,2,2,1,2,234,75,4,2,1,1,1,2,2,1,1,1,2,1,2,1,1,2,2,1,2,2,2,2,1,2,1,2,2,2,1,2,0,1,2,2,1,2,2,1,1,2,2,2,1,2,2,1,2,1,1,2,2,1,8,3,3,1,4,4,1,1,6,60
1,234,76,4,4,4,5,8,5,14,3,2,3,2,0,0,2,1,1,1,6,4,0,1,1,1,1,2,0,1,2,1,1,1,2,2,2,1,1,2,2,2,1,1,1,2,1,2,2,1,2,1,1,1,1,1,1,0,1,1,2,0,1,2,1,2,2,1,1,2,1,0,2,2,2,234,76,4,2,1,1,2,2,2,1,2,1,0,0,1,2,1,0,2,1,1,2,2,2,1,0,0,0,2,1,2,2,2,0,0,1,1,1,2,1,1,0,1,1,1,1,1,1,2,1,1,2,2,5,10,3,3,2,5,3,4,1,3,19
1,234,77,4,1,3,4,8,5,5,1,1,5,1,4,3,2,1,1,1,6,1,3,2,0,5,2,2,1,1,1,2,1,1,2,2,2,2,1,1,2,2,2,2,1,1,2,1,1,1,2,2,1,1,2,1,2,1,2,1,1,2,2,2,1,2,0,2,2,1,1,0,1,2,2,234,77,4,1,0,2,2,2,2,1,1,1,2,1,2,1,2,2,2,2,2,2,1,1,2,2,1,1,2,2,1,2,0,1,2,2,1,2,1,0,1,2,2,2,2,1,2,1,2,2,0,0,0,4,10,3,3,1,3,4,6,1,1,4
1,234,78,4,1,4,3,6,6,9,1,2,1,2,0,0,2,1,2,2,5,9,3,2,1,1,1,1,1,1,1,1,2,1,2,1,2,1,1,2,2,2,2,1,1,1,2,1,2,1,2,1,1,1,2,2,1,2,2,1,1,1,2,2,2,2,1,2,2,1,1,1,2,2,2,234,78,4,2,2,2,1,2,2,2,1,1,2,1,1,2,1,2,2,1,2,2,1,2,2,2,1,2,2,2,2,2,2,1,1,1,1,2,2,1,1,2,2,2,1,2,2,1,2,2,1,2,2,5,9,3,3,1,4,4,5,1,7,2
1,234,79,4,3,4,4,8,6,2,2,2,1,1,2,2,2,1,1,1,5,1,3,1,2,2,2,1,1,1,1,2,1,2,2,1,1,1,1,2,1,2,1,1,1,1,2,1,2,1,2,2,1,1,2,1,2,2,2,1,2,1,2,2,1,1,2,2,1,2,1,1,2,2,2,234,79,4,2,2,1,1,1,0,2,2,1,1,1,2,2,1,2,2,1,2,2,2,2,2,2,1,1,1,2,2,2,2,1,1,1,1,1,0,0,0,0,0,0,0,0,0,0,2,1,1,1,2,1,5,3,3,1,0,4,1,1,2,9
1,234,80,4,3,4,5,8,5,2,3,2,0,2,0,0,2,1,1,2,4,1,3,4,2,0,1,1,0,2,1,1,2,2,2,1,1,1,2,2,2,2,1,1,2,1,1,1,2,0,2,0,1,0,2,2,2,2,2,1,2,2,2,2,2,1,2,2,2,0,1,0,1,2,2,234,80,4,2,0,0,0,2,2,2,2,1,0,2,2,2,2,2,2,2,1,2,0,2,0,0,0,2,2,0,1,0,0,0,0,0,1,2,2,2,1,0,0,2,2,1,0,0,2,1,1,2,2,6,5,3,3,2,0,3,3,1,5,3
1,234,81,4,2,2,3,8,4,8,2,2,1,1,2,2,2,1,1,2,5,1,1,2,2,2,1,1,2,1,1,2,1,2,2,1,1,2,1,2,2,1,2,1,2,1,1,2,2,1,2,1,1,1,2,1,2,0,2,1,1,1,1,2,1,1,2,2,2,2,1,0,2,2,2,234,81,4,2,0,2,2,1,0,1,1,1,1,1,2,2,1,1,1,1,1,2,1,2,1,2,1,0,2,2,1,2,2,2,1,1,1,2,1,1,2,1,2,2,2,1,2,0,2,1,1,2,2,1,8,2,3,1,4,4,1,1,2,33
1,234,82,4,4,3,5,8,5,14,3,2,2,2,0,0,2,1,1,2,5,1,3,2,1,3,1,1,1,1,1,2,1,2,2,1,1,2,1,2,2,2,2,1,1,1,2,1,2,1,1,1,1,1,2,2,2,2,2,2,2,2,1,2,1,2,1,2,1,2,1,1,2,1,2,234,82,4,2,2,2,1,2,2,1,1,1,1,1,2,2,1,2,2,1,1,2,2,1,1,2,1,2,2,2,2,2,2,1,1,2,2,2,2,1,1,1,1,2,1,1,2,0,1,1,1,1,1,6,9,3,3,2,5,4,4,1,5,15
1,234,83,4,3,4,4,7,5,9,1,2,4,2,0,0,2,1,1,2,4,1,3,3,1,3,2,1,2,2,1,2,2,1,2,1,1,1,1,2,2,2,1,1,1,2,1,1,2,1,2,2,1,1,2,1,1,0,2,1,1,2,2,2,2,2,2,2,2,2,2,1,1,1,2,234,83,4,2,1,0,2,2,2,1,2,1,1,1,2,2,1,2,2,1,1,2,2,1,2,2,0,2,2,0,2,2,2,0,2,2,1,2,2,2,1,2,1,1,1,2,1,1,2,1,1,2,2,5,6,3,3,2,5,4,4,1,3,9
1,234,84,4,3,2,3,8,5,9,1,2,1,2,0,0,2,1,1,1,6,2,1,2,2,1,1,1,1,1,1,2,1,2,2,1,2,1,1,1,2,2,1,1,1,1,1,1,2,1,1,1,2,1,2,1,1,1,2,1,1,1,2,2,2,2,1,2,2,2,1,1,1,1,2,234,84,4,2,1,2,2,2,2,2,1,1,1,2,2,2,1,2,2,1,1,2,1,2,2,2,1,2,2,2,1,2,2,1,1,2,1,2,2,1,1,1,1,2,1,1,2,1,2,2,1,1,1,5,8,3,3,2,3,4,1,1,7,26
1,234,85,4,3,4,5,7,6,1,3,1,5,2,0,0,2,1,1,1,3,10,3,2,2,1,1,1,1,1,1,1,1,1,2,1,1,1,1,1,2,2,2,1,1,1,2,1,2,1,1,1,1,1,2,1,2,2,2,2,1,2,1,1,1,2,2,2,2,2,1,1,2,1,2,234,85,4,2,1,2,2,2,2,2,1,1,2,2,2,1,1,1,1,1,1,2,1,2,1,2,2,2,2,1,2,2,2,1,1,2,1,2,2,1,1,1,1,1,2,1,2,1,2,2,1,1,2,5,5,3,3,2,3,4,1,1,5,10
1,234,86,4,2,2,4,7,5,5,1,2,2,2,0,0,2,1,1,1,6,4,3,2,1,4,1,1,2,1,1,1,1,2,2,1,2,1,1,2,2,1,1,1,1,1,2,1,2,2,2,1,1,1,2,1,2,0,2,1,2,2,1,2,2,2,1,2,2,1,1,0,1,1,2,234,86,4,2,0,2,2,2,2,1,2,1,2,1,2,2,1,2,2,2,1,2,1,2,1,2,0,2,2,2,1,2,2,0,1,2,1,2,2,2,1,2,1,0,1,1,1,1,2,1,1,2,2,5,7,3,3,1,4,4,1,1,3,13
1,234,87,4,2,2,4,7,6,12,2,1,5,2,0,0,2,1,1,1,4,1,3,2,1,1,2,2,1,1,1,1,1,2,2,1,1,1,1,1,2,2,2,1,2,1,2,1,2,1,1,1,1,1,2,1,1,1,2,1,1,1,2,2,1,2,1,2,2,1,1,0,1,2,2,234,87,4,2,1,2,2,2,2,2,2,1,1,2,2,2,1,2,2,1,2,2,2,2,2,2,0,1,2,2,2,2,2,0,1,2,1,2,2,2,1,1,1,2,2,1,1,1,3,1,1,2,2,5,8,3,3,1,4,4,1,1,3,20
1,234,88,4,2,2,4,8,4,15,3,2,1,1,3,3,2,1,1,1,4,1,1,2,1,1,1,1,2,1,1,0,1,2,2,1,2,0,1,0,2,2,2,1,2,1,2,1,2,1,2,1,1,1,2,1,2,0,2,1,1,1,1,2,0,1,1,2,2,2,2,0,2,1,2,234,88,4,1,0,2,2,2,2,1,2,1,2,1,2,2,1,2,1,1,2,2,2,1,1,2,0,1,2,2,2,2,2,0,2,2,1,2,2,1,1,1,1,2,1,1,1,1,2,2,0,1,3,1,7,3,3,2,4,4,5,1,6,13
1,234,89,4,3,2,3,8,5,9,1,2,1,2,0,0,2,1,1,2,6,10,3,2,1,1,1,1,1,1,1,2,1,1,2,1,1,1,1,1,1,1,2,2,1,1,2,1,1,1,2,2,1,1,2,2,2,1,2,2,1,1,1,2,2,2,1,2,2,2,1,1,2,2,2,234,89,4,1,1,1,2,2,2,2,2,1,1,2,2,2,1,2,2,1,2,2,2,2,2,2,1,2,2,2,1,2,2,1,2,1,1,2,2,2,1,2,1,2,2,1,2,2,2,1,1,1,2,5,8,3,3,2,3,4,1,1,7,9
1,234,90,4,3,2,5,8,4,1,2,1,5,1,2,2,2,1,2,2,5,1,3,2,1,1,2,1,0,2,1,2,1,1,2,2,2,1,2,2,1,2,0,1,1,1,0,2,2,0,2,2,0,1,2,1,2,1,2,1,1,1,2,2,1,2,1,2,2,1,1,1,2,1,2,234,90,4,2,1,2,2,1,0,1,2,1,2,2,2,2,1,2,1,2,2,2,1,0,2,2,1,0,2,2,1,2,2,1,1,2,1,0,1,1,1,0,1,1,2,1,2,2,3,3,0,2,2,1,5,3,3,2,2,4,1,1,2,31
1,234,91,4,3,2,5,7,6,4,2,1,5,2,0,0,2,1,1,2,6,1,3,1,1,1,1,2,2,1,1,2,1,2,2,1,1,1,1,1,2,2,1,1,1,1,2,1,2,1,2,1,1,1,2,2,2,2,2,1,2,2,1,2,1,2,1,2,2,1,1,2,1,1,2,234,91,4,2,2,2,2,2,2,2,2,1,2,1,2,2,1,2,1,1,1,2,2,1,1,2,1,2,2,2,2,2,2,2,2,2,2,2,2,2,1,2,1,2,1,1,2,2,2,1,1,1,2,5,8,3,3,2,2,4,1,1,4,40
1,234,92,4,2,3,3,8,5,5,1,2,4,2,0,0,2,1,1,2,6,2,3,2,1,1,1,1,2,1,1,2,1,2,2,1,2,2,1,1,1,2,2,1,1,1,2,2,2,1,1,2,1,1,2,1,1,0,2,2,1,1,1,1,2,2,1,0,2,2,1,1,1,1,2,234,92,4,2,1,2,2,2,2,1,1,1,1,1,2,2,1,0,2,1,2,2,2,1,1,2,1,2,2,2,2,2,2,1,1,2,1,2,2,1,1,1,1,2,1,1,2,2,1,1,1,1,2,5,9,3,3,1,4,4,5,1,3,23
1,234,93,4,2,2,3,7,6,15,2,2,1,1,2,2,2,1,1,2,5,1,3,2,1,3,1,1,2,1,1,1,1,2,2,1,2,1,1,1,2,2,2,1,1,1,2,1,1,1,2,1,1,1,2,2,1,2,2,1,2,1,1,2,1,2,1,2,2,2,1,2,2,2,2,234,93,4,2,1,2,2,2,2,1,1,1,1,1,2,2,1,2,2,1,2,2,1,2,2,2,1,2,2,2,2,2,2,1,2,2,1,2,2,1,1,2,2,1,1,1,2,2,2,3,3,1,3,1,8,3,3,1,4,4,2,1,1,22
1,234,94,4,2,1,4,7,3,3,3,2,4,2,0,0,2,1,3,2,5,1,1,1,2,2,2,1,2,1,1,1,1,1,2,1,1,1,1,2,2,2,1,1,1,2,2,2,2,1,2,2,1,2,2,1,1,1,2,2,1,1,2,1,1,2,2,1,2,2,2,1,1,2,2,234,94,4,2,1,1,1,2,2,1,2,1,1,1,2,2,1,2,2,1,1,2,1,1,2,2,1,2,2,2,2,1,2,1,1,2,1,2,1,1,1,2,2,2,1,1,1,2,2,2,1,2,2,5,9,2,3,1,3,4,1,1,6,69
1,234,95,4,2,2,4,7,4,15,3,2,4,1,3,3,2,1,3,3,5,1,3,2,3,5,1,1,2,1,1,1,1,1,2,1,2,1,1,1,2,2,1,2,1,2,1,1,2,1,1,1,1,1,2,2,2,2,2,2,2,2,1,2,2,1,1,2,2,2,2,2,2,2,2,234,95,4,2,1,1,2,2,2,1,1,1,2,1,2,2,1,2,1,2,2,2,1,1,1,2,1,2,2,1,2,2,2,1,2,2,1,2,1,1,1,2,1,2,2,1,2,2,2,3,3,2,2,1,7,3,3,1,3,4,5,1,6,34
1,234,96,4,3,3,5,7,5,9,1,2,4,2,0,0,1,1,1,2,6,1,3,3,1,2,2,1,2,1,1,1,1,1,2,1,1,1,1,2,2,1,1,1,1,2,2,2,2,1,2,2,1,1,2,1,1,1,2,1,1,2,1,2,2,1,2,1,1,1,1,1,1,2,2,234,96,4,2,1,1,2,2,2,1,2,1,1,2,2,2,1,1,1,1,2,2,1,2,1,2,1,1,2,2,2,2,2,1,2,2,1,2,2,1,1,2,2,2,1,1,2,2,2,1,2,2,2,5,9,3,3,2,3,4,1,1,1,34
1,234,97,4,4,2,4,7,6,9,1,2,4,2,0,0,2,1,1,2,6,1,3,2,1,1,1,1,1,1,1,1,1,1,2,1,1,1,1,1,2,2,2,1,1,2,1,1,2,1,1,1,1,2,2,1,1,1,2,1,2,2,1,2,1,2,1,1,2,2,2,1,1,1,2,234,97,4,2,1,2,2,2,2,1,1,1,1,1,2,2,1,2,1,1,2,2,2,1,2,2,2,1,2,2,1,2,2,1,1,2,1,2,2,1,1,2,1,2,1,1,2,1,2,1,1,1,2,5,7,3,3,1,3,4,1,1,7,3
1,234,98,4,4,2,4,8,5,3,1,2,2,2,0,0,2,1,1,2,4,1,1,3,2,4,1,1,1,1,1,1,1,2,2,1,1,1,1,2,2,2,1,1,2,2,2,1,2,1,2,2,1,1,2,1,1,2,2,1,1,2,1,1,2,2,1,2,2,1,1,1,2,2,2,234,98,4,2,2,2,2,2,2,1,2,1,1,2,2,2,1,2,2,1,1,2,1,2,1,2,2,2,2,2,2,2,2,1,1,2,1,1,2,1,1,1,2,1,1,2,2,1,2,2,1,2,2,5,8,3,3,2,2,4,1,1,7,24
1,234,99,4,4,2,3,8,4,1,2,1,5,1,2,2,2,1,1,1,6,2,3,1,1,1,2,1,2,1,1,1,1,1,2,1,1,1,1,2,2,2,1,2,1,2,2,1,2,1,2,2,1,1,2,1,1,2,2,1,2,1,2,2,1,1,1,2,2,1,1,1,2,2,2,234,99,4,2,1,1,1,1,2,2,2,1,1,2,2,2,1,2,1,1,2,2,1,2,2,2,2,1,2,2,2,2,2,1,1,2,1,2,2,1,1,2,2,2,2,1,2,1,2,2,1,2,2,1,7,3,3,2,1,3,1,1,6,48
1,234,100,4,4,4,5,7,5,9,1,2,4,1,2,3,2,1,1,2,1,10,3,5,3,5,0,2,1,1,1,1,1,1,2,1,2,1,1,2,2,1,1,1,1,1,2,2,2,1,2,0,1,1,2,1,1,1,2,1,2,2,2,0,2,2,1,2,2,1,1,1,1,2,2,234,100,4,2,0,1,2,1,2,1,2,1,1,1,1,2,1,1,2,1,1,2,2,2,2,2,0,0,2,2,1,2,0,1,0,2,1,1,2,1,1,1,2,2,1,1,2,2,3,1,1,2,2,3,6,3,3,2,5,4,6,1,1,56
1,234,101,4,4,3,2,7,6,9,1,1,5,1,4,3,2,1,1,1,6,2,1,2,1,1,1,1,1,1,1,2,1,1,2,1,2,1,2,2,2,1,1,1,1,1,2,2,2,1,1,1,1,1,2,1,1,1,2,1,2,2,1,2,1,2,1,1,2,1,1,1,2,2,2,234,101,4,1,1,2,2,2,2,1,2,1,1,1,2,2,1,1,1,1,1,2,1,2,1,2,1,1,2,1,1,2,2,1,1,2,1,1,2,2,1,1,1,2,2,2,1,2,1,1,1,1,2,0,10,2,3,1,1,3,2,1,1,45
1,234,102,4,4,4,3,8,6,1,1,2,1,1,1,3,2,1,1,1,6,1,1,2,1,2,2,1,1,1,1,1,1,1,2,1,1,1,1,2,2,2,2,2,1,1,1,1,2,1,2,2,1,1,2,2,2,2,2,1,1,1,1,2,2,2,2,2,2,1,1,1,2,1,2,234,102,4,2,1,1,2,2,2,2,1,1,1,2,2,2,1,2,1,1,1,2,2,1,2,2,1,1,2,1,2,2,2,1,1,2,1,1,1,2,1,2,1,2,1,1,1,2,2,1,2,2,2,3,10,3,3,2,5,3,3,1,7,15
1,234,103,4,4,3,4,8,4,15,1,2,4,2,0,0,1,1,1,2,6,1,2,2,1,1,1,1,2,1,1,1,1,2,2,1,2,1,2,1,2,2,2,1,1,1,2,2,2,1,1,1,1,2,2,2,1,1,2,2,1,2,1,2,1,2,1,1,1,2,1,1,2,2,2,234,103,4,2,1,2,2,2,2,1,2,1,1,2,2,2,1,2,2,1,2,2,2,1,2,1,1,2,2,2,1,2,2,1,2,2,1,2,2,1,1,2,1,2,1,1,2,2,3,3,1,2,2,5,6,3,3,2,5,4,4,1,1,47
1,234,104,4,4,1,3,8,5,3,3,2,1,2,0,0,2,1,1,2,6,1,1,2,1,1,2,1,2,1,1,1,1,2,2,1,2,1,1,1,2,2,2,1,2,1,1,1,2,1,2,1,1,1,2,2,1,1,2,1,1,2,2,2,1,2,1,2,2,2,1,2,1,1,2,234,104,4,2,1,2,2,2,2,2,2,1,2,2,2,2,1,2,1,1,2,2,1,2,2,2,2,2,2,2,2,2,2,1,1,2,1,2,2,1,1,2,1,2,1,2,2,2,2,1,1,2,2,5,9,3,3,2,1,4,1,1,6,57
1,234,105,4,3,1,3,6,4,3,3,2,4,2,0,0,2,1,1,1,5,1,3,2,1,2,2,1,2,1,1,2,1,1,2,1,1,1,1,2,2,2,1,1,1,1,2,1,2,1,1,1,1,2,0,1,1,1,2,1,1,1,2,2,1,1,1,2,2,1,1,1,2,1,2,234,105,4,2,2,2,2,2,2,2,0,1,1,1,2,2,2,2,1,1,1,2,1,2,2,2,1,2,2,2,1,2,2,1,1,2,1,1,2,2,1,2,1,2,1,2,2,1,2,1,1,1,2,5,5,3,3,1,2,4,1,1,6,55
1,234,106,4,6,4,5,8,6,10,3,2,2,1,3,1,2,1,1,3,3,1,3,2,2,2,2,1,2,1,1,2,1,1,2,1,1,1,1,1,2,2,1,1,1,1,1,1,1,1,1,2,1,1,1,2,1,2,2,2,1,2,1,2,1,2,1,1,2,1,1,1,2,1,2,234,106,4,2,1,2,2,2,2,1,1,1,1,2,2,2,1,2,1,1,2,2,1,1,1,2,2,1,2,2,2,2,2,1,1,2,2,1,2,1,1,2,1,2,1,2,2,1,2,1,1,2,2,4,9,3,3,2,5,3,1,1,4,34
1,234,107,4,3,3,4,8,5,9,1,2,4,2,0,0,2,1,1,2,4,1,3,2,1,3,2,1,2,2,1,1,1,1,2,2,2,1,1,1,2,2,2,2,1,1,2,0,1,1,2,2,1,1,1,2,2,1,2,2,1,1,1,0,0,1,0,0,2,2,2,1,2,1,2,234,107,4,2,1,1,2,2,2,2,2,1,1,2,2,2,2,2,2,2,2,2,2,2,2,2,1,2,2,1,2,2,2,2,1,1,1,2,2,2,1,1,2,2,1,1,2,1,2,2,1,2,2,5,7,3,3,2,1,4,1,1,1,28
1,234,108,4,3,2,5,5,5,2,2,3,5,2,0,0,2,1,1,3,6,1,3,3,1,3,1,3,2,1,1,1,1,1,2,1,2,1,1,1,1,2,2,1,1,1,2,2,2,1,1,1,1,1,1,2,2,1,2,1,2,2,1,2,0,1,1,1,1,1,1,0,2,1,2,234,108,4,2,1,2,2,2,2,1,1,1,2,1,2,2,1,2,2,1,2,2,2,1,1,2,1,2,2,2,1,2,2,1,1,2,1,2,2,1,1,1,1,1,2,1,2,1,3,1,1,1,1,6,5,3,3,2,2,4,1,1,5,21
1,234,109,4,3,4,4,8,5,8,2,2,1,2,0,0,2,1,1,1,6,1,3,3,2,4,2,0,2,2,1,1,1,0,2,2,1,1,1,1,2,2,1,1,0,2,1,1,1,1,2,2,1,2,1,1,2,0,2,1,2,1,2,2,2,2,1,0,2,1,1,0,2,2,2,234,109,4,2,0,1,1,1,1,2,1,1,2,2,2,2,1,2,2,1,1,1,2,1,1,1,0,1,2,2,1,2,2,0,1,1,1,2,2,1,1,1,1,2,1,1,2,1,2,2,1,1,2,6,8,1,3,2,2,4,1,1,4,21
1,234,110,4,3,1,2,7,4,8,2,2,1,1,1,1,2,1,1,1,5,1,1,4,2,3,2,1,2,2,1,1,1,2,2,1,1,1,1,1,2,2,1,2,2,1,1,2,2,1,2,2,1,2,1,1,2,2,2,1,2,1,2,2,2,1,1,2,2,2,1,2,2,1,2,234,110,4,2,2,2,1,2,2,1,2,1,1,2,2,2,1,2,2,1,1,2,2,2,2,2,1,1,1,1,1,2,2,1,1,1,1,2,2,2,1,1,2,1,2,1,1,1,2,2,2,1,2,1,6,3,3,1,2,4,1,1,2,56
1,234,111,4,3,3,3,7,5,14,3,2,1,2,0,3,1,3,1,2,4,10,3,4,0,4,0,1,2,2,1,1,1,2,2,2,1,1,1,1,1,2,1,2,1,2,1,1,1,1,2,2,1,1,1,2,2,0,2,1,1,1,2,2,1,2,2,0,2,2,2,0,2,2,2,234,111,4,2,0,1,1,1,1,2,2,1,1,2,2,1,2,2,2,2,2,2,2,2,2,2,0,1,2,0,2,2,2,0,2,1,1,2,1,2,2,2,2,2,1,1,2,1,2,1,1,2,2,5,7,3,3,2,2,4,1,1,5,19
1,234,112,4,3,1,3,8,1,5,3,2,1,2,0,0,2,1,1,1,6,1,3,2,1,2,1,1,2,1,1,1,1,1,1,2,2,1,1,1,2,2,1,1,1,2,2,1,2,1,2,2,1,1,1,2,2,1,2,1,1,1,2,2,1,0,0,2,2,2,2,0,2,2,2,234,112,4,2,1,1,1,2,2,2,1,1,1,2,1,1,2,2,2,2,2,2,1,2,2,2,0,1,2,2,0,2,2,1,2,1,1,2,2,2,2,2,2,2,1,1,2,1,2,1,1,2,2,5,10,3,3,2,1,4,5,1,3,21
1,234,113,4,3,4,4,7,5,5,3,2,4,2,0,0,2,1,1,2,6,1,3,3,1,1,2,1,1,1,1,1,2,1,2,1,1,1,1,1,2,2,1,1,1,1,2,2,2,0,2,1,1,2,1,1,1,1,2,2,2,2,1,1,2,2,1,1,1,1,1,1,2,1,2,234,113,4,2,1,2,2,2,2,1,2,1,1,1,2,1,1,2,2,1,1,2,2,2,1,2,0,2,2,1,1,2,2,1,2,2,1,2,2,1,1,2,1,1,2,1,2,1,2,1,3,1,2,5,10,3,3,1,5,4,1,1,5,2
1,234,114,4,2,2,2,6,6,3,2,2,1,1,3,2,2,1,2,3,1,1,3,1,1,1,1,2,2,2,1,1,1,2,2,1,1,1,1,2,1,2,1,1,1,1,2,1,2,1,2,1,1,1,1,2,1,1,2,2,1,1,1,2,2,1,1,2,2,1,1,1,2,2,2,234,114,4,1,1,1,1,2,2,1,2,1,1,2,2,2,1,1,2,1,1,2,2,2,1,2,1,1,2,2,2,2,2,1,1,1,1,1,2,2,1,2,2,1,2,1,1,1,2,2,0,1,2,1,7,2,3,1,4,4,5,1,6,9
1,234,115,4,2,1,3,6,5,3,3,1,5,2,0,0,1,1,1,2,6,4,3,2,1,1,2,1,2,1,1,2,1,1,2,1,1,2,1,2,2,2,2,1,1,1,2,1,2,1,2,1,1,1,1,2,2,1,2,1,2,2,1,1,2,2,1,2,2,2,1,1,2,1,2,234,115,4,2,1,2,2,2,2,1,2,1,1,2,2,2,1,2,2,1,1,2,1,2,1,2,1,2,2,2,2,2,2,1,1,2,1,2,2,2,1,2,1,2,1,1,1,1,2,2,2,1,3,5,8,3,3,2,4,4,1,1,6,66
1,234,116,4,3,2,4,6,5,11,3,2,4,1,3,2,2,1,1,1,4,1,3,2,2,2,2,2,1,1,1,2,1,2,2,1,1,1,1,1,1,2,1,1,1,1,2,1,1,1,2,2,1,1,1,1,2,2,2,1,1,2,2,2,2,1,1,1,2,2,1,1,2,2,2,234,116,4,2,1,1,1,2,2,2,2,1,1,1,2,2,2,2,1,1,1,2,2,2,2,2,1,2,2,2,1,2,1,1,2,1,1,2,2,2,1,2,2,2,2,2,2,2,2,2,0,1,2,1,5,2,3,2,2,4,1,1,6,6
1,234,117,4,3,2,3,7,5,11,3,1,5,1,3,3,1,1,1,1,6,10,3,2,1,1,1,1,2,1,1,1,1,1,2,1,1,1,1,1,2,2,2,2,1,2,2,2,1,1,2,2,1,1,1,2,2,2,2,1,1,1,1,2,2,2,1,2,2,1,1,1,2,1,2,234,117,4,2,2,2,1,2,2,2,2,1,2,0,2,2,1,2,1,1,2,2,2,2,1,2,1,2,2,2,2,2,2,1,1,2,1,2,1,2,1,2,1,2,1,2,2,2,2,2,2,2,2,1,8,3,3,1,2,4,1,1,2,54
1,234,118,4,3,1,4,8,5,5,3,1,5,2,0,0,2,1,1,2,5,4,2,2,1,1,2,2,0,1,1,2,2,2,2,1,1,2,2,2,1,2,2,1,1,1,2,1,2,2,1,1,1,1,1,1,1,2,2,2,1,2,1,2,1,1,1,2,2,2,1,1,2,1,2,234,118,4,2,1,2,2,2,2,1,1,1,1,1,2,2,1,2,2,1,1,2,2,1,1,2,1,2,2,2,1,2,2,1,0,2,1,2,2,2,1,2,1,2,1,1,1,2,3,3,0,3,3,5,7,3,3,1,3,4,1,1,5,14
1,234,119,4,3,4,5,7,6,13,3,2,1,1,1,3,2,3,1,3,4,1,3,2,2,2,1,2,2,1,1,1,1,2,2,1,1,1,1,2,2,2,1,1,1,1,1,1,2,1,2,1,0,1,1,1,2,2,2,2,1,1,2,2,1,2,2,2,1,2,2,2,2,2,2,234,119,4,2,2,2,2,1,2,2,2,1,2,2,2,1,1,2,1,1,2,2,2,2,2,2,0,1,2,2,2,2,1,0,1,2,1,2,1,1,1,1,1,2,1,1,2,2,2,2,2,2,2,2,5,1,3,2,3,4,1,1,5,18
1,234,120,4,4,2,4,8,3,5,2,2,1,1,1,2,2,1,1,2,6,1,3,2,1,1,1,1,2,1,1,2,1,1,2,2,2,2,1,1,2,2,1,1,1,1,2,1,2,1,2,1,1,1,1,1,1,2,2,2,1,2,1,2,1,1,1,2,2,2,2,1,2,1,2,234,120,4,2,1,2,2,2,2,1,2,1,2,2,2,2,2,2,1,1,2,2,1,2,1,2,1,2,2,2,1,1,2,1,1,1,2,2,2,1,1,2,1,1,1,2,0,1,3,2,2,2,2,1,9,3,3,2,5,4,4,1,3,26
1,234,121,4,4,3,3,7,6,6,2,2,2,1,4,3,2,1,1,1,6,0,1,3,1,3,2,1,1,1,1,1,1,1,2,1,1,1,1,1,2,2,1,1,1,1,1,2,2,2,1,1,1,1,1,1,1,1,2,1,1,1,1,1,1,1,1,1,2,1,1,2,2,1,2,234,121,4,2,1,2,2,2,2,1,1,1,1,2,2,2,1,2,1,1,2,2,1,1,1,2,1,2,1,2,1,2,1,1,1,1,1,1,2,2,1,1,1,2,2,2,2,1,2,2,1,2,2,4,7,3,3,2,3,4,1,1,4,46
1,234,122,4,4,4,5,8,5,15,3,2,4,1,3,2,2,1,1,2,4,1,3,2,1,1,1,1,1,1,1,1,1,2,2,2,2,1,1,2,2,2,2,1,1,1,2,1,2,1,1,1,1,1,1,2,2,1,2,2,2,1,1,2,2,2,1,2,2,1,1,2,2,1,2,234,122,4,2,1,2,2,2,2,2,1,1,2,1,2,2,1,2,1,2,2,2,2,1,2,2,2,2,2,2,1,2,2,1,1,1,1,2,2,2,1,1,1,2,2,2,1,1,2,1,0,3,2,2,7,3,3,1,5,3,3,1,6,30
1,234,123,4,4,3,3,8,5,9,1,2,1,2,0,0,2,1,1,3,6,1,3,2,1,1,1,1,1,1,1,1,1,2,2,1,2,1,1,2,2,2,1,1,1,2,1,1,2,1,1,1,1,1,1,2,1,2,2,1,2,1,1,2,2,2,1,1,2,2,1,1,2,1,2,234,123,4,1,1,1,1,1,2,2,2,1,2,2,2,2,1,2,1,1,1,2,2,2,2,2,1,1,2,1,1,2,2,1,1,2,1,1,2,2,1,1,1,2,1,1,1,2,2,2,3,2,2,5,6,3,3,2,1,4,1,1,7,13
1,234,124,4,4,3,4,7,5,9,1,1,5,1,5,2,2,1,1,2,2,1,3,2,2,2,2,1,1,1,1,2,1,2,2,1,1,1,1,2,2,2,1,1,2,1,2,1,2,1,2,1,1,1,1,1,1,1,2,1,2,2,1,1,2,1,1,1,1,2,2,2,2,1,2,234,124,4,2,2,1,2,2,2,1,2,1,1,2,2,2,1,2,1,1,1,2,2,2,2,2,1,1,2,2,1,2,2,1,2,1,1,1,1,2,1,1,1,1,1,1,2,2,2,1,1,2,2,4,8,3,3,1,1,4,1,1,7,16
1,234,125,4,4,1,2,8,4,5,3,2,1,2,0,0,2,1,1,3,2,2,3,4,2,4,2,2,0,3,1,1,1,1,2,2,1,1,1,2,1,2,2,0,1,1,2,1,2,2,2,2,1,1,1,2,2,1,2,1,1,2,1,2,1,1,2,0,1,2,2,0,2,2,2,234,125,4,2,1,0,1,2,0,1,1,1,1,2,2,2,2,2,2,2,1,2,2,2,2,2,0,2,2,2,0,2,2,1,1,2,1,2,2,2,1,2,2,2,2,1,2,2,3,1,1,2,2,5,6,3,3,2,5,4,4,1,5,9
1,234,126,4,4,4,5,8,6,15,3,2,3,1,3,1,1,2,1,2,5,1,3,1,1,0,1,1,2,1,1,2,1,2,2,1,1,2,1,1,2,2,2,1,2,1,2,1,1,1,1,1,1,1,1,1,1,0,2,2,1,2,1,1,1,2,1,0,2,2,2,1,2,1,2,234,126,4,2,1,2,2,2,2,2,1,1,1,2,2,2,1,2,2,1,1,2,2,1,2,2,2,2,2,2,2,2,2,2,1,2,1,2,2,1,1,1,1,1,1,1,1,2,2,1,1,3,3,4,10,2,3,1,5,4,4,1,5,25
1,234,127,4,1,3,5,5,6,9,1,2,1,2,0,0,2,1,1,2,1,9,3,2,1,1,1,2,1,1,2,2,2,1,2,1,2,2,2,2,2,2,2,1,1,1,1,1,2,2,1,1,1,1,2,1,1,1,2,2,2,1,1,2,1,2,2,1,1,1,2,1,1,1,2,234,127,4,2,1,2,1,2,2,1,1,1,1,1,2,2,1,2,1,1,1,2,2,1,1,2,1,2,2,2,1,2,2,1,1,2,2,2,1,1,2,2,2,2,1,2,2,1,1,1,1,2,2,6,10,3,2,1,4,4,5,1,7,7
1,234,128,4,1,4,5,6,0,0,0,0,0,2,0,0,2,1,1,2,4,9,3,1,1,1,1,1,2,1,2,2,1,2,2,1,2,2,2,1,2,2,2,1,1,1,2,1,2,2,1,2,1,1,2,1,1,1,2,2,2,2,2,1,2,2,1,1,2,1,1,1,1,1,2,234,128,4,2,1,2,2,2,2,1,2,1,1,1,2,2,1,2,2,1,2,2,1,2,1,2,2,1,2,2,2,2,2,1,2,2,1,2,2,1,1,2,1,2,1,1,2,1,1,1,2,1,1,5,10,3,3,1,4,4,5,1,7,27
1,234,129,4,3,4,3,8,5,15,3,2,1,2,0,0,1,1,1,2,3,1,3,2,2,1,1,2,2,1,2,2,1,0,2,1,2,2,1,2,2,2,2,1,0,1,2,2,0,1,2,1,1,1,2,2,2,0,2,1,2,2,1,2,0,1,1,0,2,2,1,0,2,1,2,234,129,4,0,0,2,2,2,2,1,2,1,2,2,2,2,1,0,2,1,1,2,1,2,1,2,0,2,2,0,1,2,2,0,2,2,1,2,1,2,1,2,1,0,1,1,1,1,2,1,1,1,2,5,6,3,3,2,2,4,1,1,5,7
1,234,130,4,3,2,3,7,6,3,3,2,4,2,0,0,2,1,1,1,5,4,3,2,1,1,2,2,1,1,2,2,1,1,2,2,1,1,1,2,2,2,2,1,2,1,2,1,2,1,2,1,1,1,2,2,1,2,2,2,2,2,1,2,2,2,2,2,2,1,1,2,1,1,2,234,130,4,2,1,2,2,2,2,1,2,1,1,2,2,2,1,2,0,2,1,2,2,1,1,2,1,0,2,2,1,2,2,0,1,2,1,1,2,2,1,1,1,1,1,1,2,1,2,2,1,1,2,5,10,3,3,1,5,4,1,1,6,53
1,234,131,4,3,3,4,8,5,9,1,1,5,2,0,0,2,1,1,2,4,1,3,3,1,1,1,1,2,1,2,2,1,2,2,1,1,1,1,1,2,2,2,1,1,1,2,2,2,1,2,1,1,1,2,1,1,1,2,1,2,2,2,2,1,2,1,2,2,0,0,0,0,0,2,234,131,4,0,0,0,0,0,0,0,0,0,0,0,0,0,0,0,0,0,0,0,0,0,0,2,1,2,2,2,1,2,2,1,1,2,2,2,2,2,1,2,1,2,2,2,2,1,1,1,3,3,3,5,7,1,3,2,1,4,1,1,1,36
1,234,132,4,3,3,4,5,6,4,2,3,4,1,3,1,2,1,1,1,6,10,1,1,1,1,1,1,2,1,2,0,1,1,2,1,1,2,2,2,2,2,1,1,1,1,1,1,2,2,1,1,1,1,2,1,0,1,2,1,2,1,2,2,2,2,1,2,2,1,1,2,2,1,2,234,132,4,2,2,2,1,2,2,1,2,1,1,1,2,2,1,2,1,1,1,2,1,2,1,2,2,1,1,2,1,2,2,1,1,2,1,1,1,1,1,1,1,2,1,1,1,2,2,1,1,1,2,1,8,1,2,1,4,4,1,1,2,46
1,234,133,4,3,3,3,8,5,3,3,1,5,2,0,0,1,2,2,3,6,1,3,2,2,2,1,1,2,1,2,2,1,0,2,1,1,2,1,2,2,2,0,1,0,1,2,1,2,1,0,1,0,2,2,2,2,0,2,1,1,1,2,2,2,1,1,2,1,2,1,0,2,1,2,234,133,4,2,0,2,2,2,2,2,1,1,1,2,2,2,1,2,1,1,1,2,1,2,1,2,0,1,2,1,2,2,2,1,1,2,1,2,1,1,1,2,1,2,1,1,2,2,2,2,1,2,2,5,6,3,3,2,1,4,1,1,5,28
1,234,134,4,3,4,5,6,5,15,3,2,3,2,0,0,2,3,3,2,4,1,3,2,2,2,2,3,1,1,2,1,1,2,2,1,1,2,2,2,2,2,2,1,1,1,2,1,2,2,2,1,1,1,2,1,1,2,2,1,2,2,2,1,2,1,2,2,2,1,1,1,2,2,2,234,134,4,1,1,2,2,2,2,2,1,2,1,1,2,2,1,2,2,1,1,2,2,2,1,2,1,2,1,2,2,2,2,1,1,2,1,2,2,1,1,2,2,1,1,2,2,2,2,1,3,3,3,5,7,3,3,2,5,3,4,1,5,30
1,234,135,4,3,4,4,7,6,5,3,2,1,1,5,2,2,1,1,1,3,9,3,2,1,1,1,1,2,1,2,2,1,2,2,1,1,1,1,1,2,2,2,1,1,1,2,1,2,1,2,1,1,1,2,1,1,2,2,1,2,2,2,2,1,2,1,1,2,1,1,1,2,1,2,234,135,4,2,1,2,1,2,2,1,1,1,1,1,2,2,1,1,1,1,1,2,1,1,1,2,1,2,2,2,1,2,2,1,1,2,1,2,2,2,1,1,1,2,1,1,2,2,2,2,1,1,1,4,10,3,3,1,4,3,5,1,3,8
1,234,136,4,3,3,5,8,5,5,3,1,5,1,3,3,2,1,1,1,6,1,2,2,1,1,1,1,2,1,2,1,1,2,2,1,2,1,1,2,2,2,2,1,1,1,1,1,2,1,1,1,1,1,2,1,2,2,2,2,1,1,1,2,2,2,1,2,2,1,1,2,2,1,2,234,136,4,2,2,1,2,2,0,2,2,1,1,2,2,2,1,2,2,1,1,2,1,2,1,2,2,2,2,2,1,1,2,0,1,2,1,2,1,1,1,2,1,2,2,2,1,2,2,1,1,2,2,0,9,3,3,2,2,4,1,1,5,17
1,234,137,4,2,1,5,7,5,3,3,1,5,1,3,2,2,1,1,1,6,1,1,2,2,3,1,1,1,1,2,1,1,2,2,1,1,2,1,2,2,2,1,2,1,1,2,1,2,1,2,1,2,2,2,1,1,1,2,1,1,1,1,2,2,1,1,2,2,1,1,2,2,1,2,234,137,4,1,2,1,2,2,2,2,2,1,2,2,2,1,1,2,1,1,1,2,1,2,1,2,2,2,2,2,2,1,2,1,2,2,1,1,2,1,1,2,1,2,1,1,2,2,2,2,1,2,2,1,5,1,2,2,4,4,5,1,6,52
1,234,138,4,4,3,5,7,6,5,3,2,1,2,0,0,1,1,1,2,3,10,3,2,1,1,1,1,2,1,2,2,1,1,2,1,2,2,2,1,2,2,2,1,1,1,2,1,2,1,1,1,1,1,2,1,1,1,2,1,1,1,1,1,1,2,1,1,2,2,1,1,2,1,2,234,138,4,2,1,2,2,2,2,2,2,1,2,1,2,2,1,2,1,1,2,2,1,1,1,2,1,1,2,2,1,2,2,1,1,2,1,2,2,1,1,1,1,1,1,1,2,1,1,1,1,1,1,5,7,2,3,2,4,3,6,1,7,4
1,234,139,4,4,4,3,8,6,9,1,2,0,1,5,1,2,1,1,2,6,1,3,2,1,1,2,1,1,1,2,1,1,2,2,1,1,1,1,1,2,2,2,1,2,1,2,1,2,1,2,2,1,1,2,2,2,2,2,2,2,2,1,2,2,2,1,2,2,1,1,2,2,1,2,234,139,4,2,2,2,2,2,2,2,2,1,1,2,2,2,2,2,2,2,2,2,2,2,2,2,1,1,2,1,1,2,2,2,2,2,1,1,2,1,1,2,1,2,2,1,1,2,2,1,2,2,2,4,9,2,3,1,3,3,6,1,7,18
1,234,140,4,4,4,3,8,6,2,2,2,4,1,3,1,2,1,1,2,4,2,3,2,1,1,1,1,2,1,2,2,1,2,2,1,1,2,2,2,2,1,1,2,1,2,2,2,2,1,1,1,1,1,2,1,1,1,2,1,2,1,1,2,1,2,1,2,2,2,1,2,2,2,2,234,140,4,2,2,1,1,2,2,2,2,1,1,2,2,2,1,1,1,1,1,2,1,1,1,2,2,1,1,2,1,2,2,1,1,2,1,2,2,2,2,2,1,2,1,1,2,2,2,2,1,2,2,1,7,3,3,1,5,3,3,1,2,41
1,234,141,4,4,1,4,8,4,5,3,2,1,1,1,3,2,1,1,2,6,4,2,1,1,1,1,2,2,1,2,1,1,1,2,1,2,1,2,2,2,1,2,1,1,1,2,2,2,1,1,2,1,1,2,1,1,2,2,1,1,2,1,1,2,2,2,2,2,1,1,2,2,1,2,234,141,4,2,1,1,2,2,2,2,1,1,1,2,2,2,1,2,2,1,1,2,1,1,1,2,0,2,2,0,0,2,2,0,2,2,1,2,1,1,1,1,1,1,1,1,2,2,2,1,1,1,2,1,9,3,3,2,5,4,4,1,3,3
1,234,142,4,4,4,5,7,5,3,3,2,2,2,0,0,1,1,1,1,0,1,1,2,1,1,1,2,2,1,2,2,1,1,2,1,2,1,1,2,1,2,0,1,1,1,2,2,2,0,2,1,1,1,1,2,1,0,2,1,2,1,1,2,0,2,0,1,0,1,1,1,1,1,2,234,142,4,2,2,2,1,2,0,1,1,1,2,1,2,2,1,2,1,1,1,2,2,1,2,2,1,2,2,2,0,2,2,0,2,2,2,2,2,0,1,2,1,2,1,1,2,0,3,3,2,1,2,5,10,3,3,2,5,3,4,1,5,23
1,234,143,4,2,2,2,7,4,9,1,1,5,2,0,0,2,1,1,2,4,2,1,2,2,2,2,1,2,1,2,2,1,2,2,1,2,1,2,2,2,1,2,1,2,1,2,1,2,1,1,1,1,1,1,1,1,2,2,2,2,2,1,1,1,1,1,2,2,1,1,1,1,1,2,234,143,4,2,1,2,2,2,2,1,1,1,2,2,2,2,1,2,1,1,1,2,2,1,1,2,1,2,2,2,1,2,2,1,1,2,1,2,2,1,1,1,1,2,1,1,2,1,2,2,1,2,2,5,6,3,3,1,3,4,1,1,6,39
1,234,144,4,2,1,3,6,6,14,3,2,4,2,0,0,2,1,1,2,4,9,3,1,1,1,1,1,1,1,2,1,1,2,2,1,1,1,2,2,2,2,2,1,1,1,2,1,2,1,2,1,1,1,1,1,1,2,2,1,2,2,2,2,1,2,1,2,2,2,1,1,1,2,2,234,144,4,2,1,1,1,2,2,1,2,1,1,2,1,2,1,1,2,1,2,2,1,2,2,2,2,2,2,2,2,2,2,0,2,1,2,1,2,1,1,1,1,2,1,1,2,1,1,1,0,2,2,5,10,3,3,2,4,4,1,1,6,18
1,234,145,4,4,4,3,6,6,6,2,2,1,1,3,1,2,1,1,2,4,1,3,0,1,0,0,3,0,1,2,0,1,1,2,1,2,1,1,2,0,0,1,1,1,0,0,1,2,0,0,1,1,1,1,1,1,1,2,1,0,0,2,0,1,0,1,2,2,1,1,1,1,0,2,234,145,4,2,0,1,2,0,0,0,1,1,2,1,2,2,1,1,1,1,1,2,1,1,1,2,2,1,2,2,2,2,2,1,1,2,1,2,2,1,1,1,1,2,2,1,2,1,1,1,2,3,2,1,6,2,3,1,5,3,3,1,4,10
1,234,146,4,3,4,3,8,6,3,3,2,1,1,4,2,2,1,1,1,3,1,3,2,2,2,1,1,1,1,0,0,1,2,2,1,1,0,0,1,2,2,2,2,1,0,0,2,0,1,0,0,0,0,1,1,2,0,0,2,1,1,1,2,1,2,1,2,2,2,1,1,2,1,2,234,146,4,2,1,2,2,2,2,2,1,1,2,2,2,2,1,2,2,1,2,2,2,0,1,2,1,1,2,2,1,2,0,1,1,2,1,2,2,2,1,1,1,1,2,1,2,2,2,2,1,1,2,2,10,3,3,1,3,4,1,2,6,38
1,234,147,4,3,3,3,8,4,8,2,2,4,1,3,1,2,1,1,1,4,2,3,1,1,1,1,1,2,1,1,2,1,2,2,0,2,1,1,2,2,2,1,1,0,1,1,2,2,1,1,1,1,1,2,0,0,0,0,0,0,0,0,0,0,0,0,0,0,1,1,1,2,2,2,234,147,4,2,1,2,1,2,2,2,2,1,1,1,2,2,1,2,1,2,2,2,1,2,1,2,1,1,2,2,1,2,2,1,1,1,1,2,1,2,1,2,1,2,2,1,1,1,3,1,1,2,2,1,10,3,3,2,1,3,1,2,2,47
1,234,148,4,3,2,3,7,5,3,3,1,5,1,3,3,1,1,1,2,5,1,3,1,1,1,1,1,0,3,1,0,1,1,2,2,2,1,1,0,1,2,2,2,0,2,2,1,2,1,2,0,1,0,0,2,2,0,0,1,2,2,1,2,2,1,0,2,2,2,2,0,2,1,2,234,148,4,2,1,2,2,0,2,2,2,1,2,2,2,2,2,2,1,2,1,2,0,2,1,2,0,0,2,2,2,2,2,0,1,1,1,2,2,1,1,2,1,0,2,1,1,0,2,3,2,3,3,1,2,3,3,2,2,4,1,2,6,23
1,234,149,4,2,2,3,6,4,13,2,2,1,1,2,2,2,1,1,1,6,1,3,1,1,1,2,1,1,2,1,2,1,2,2,1,2,2,1,1,2,2,1,1,1,1,2,1,2,2,2,1,2,1,1,0,0,0,0,0,0,0,0,0,0,0,0,0,0,0,0,0,0,0,2,234,149,4,0,0,0,0,0,0,0,0,0,2,1,2,2,2,2,2,1,1,2,1,2,1,2,1,2,2,1,1,2,2,1,2,2,1,1,1,2,1,2,2,2,2,1,2,2,2,3,2,2,2,1,10,3,3,1,3,4,1,2,2,27
1,234,150,4,3,3,2,7,5,4,2,1,5,1,3,1,1,2,2,4,5,2,3,2,2,2,2,1,2,1,2,1,1,1,2,2,1,1,1,2,2,1,1,1,1,2,2,1,2,1,2,2,1,1,2,2,2,1,0,1,1,2,2,2,2,1,2,2,2,2,1,2,2,2,2,234,150,4,2,1,1,2,1,2,1,2,1,1,2,2,2,1,0,1,1,1,2,1,2,1,2,2,1,2,2,2,2,2,1,1,1,1,1,1,2,1,1,1,1,2,1,2,2,2,2,1,2,2,1,3,3,3,1,2,4,1,2,4,3
1,234,151,4,4,4,5,5,6,6,2,2,3,2,0,0,3,3,1,2,4,0,3,2,1,1,2,2,0,2,0,0,0,0,0,0,0,0,0,0,0,0,0,0,0,0,0,0,0,0,0,0,0,0,0,2,0,0,1,1,2,1,1,1,2,0,1,1,1,2,2,1,1,0,2,234,151,4,2,1,2,2,2,2,0,1,1,2,2,2,1,2,2,1,2,1,2,2,2,1,2,1,1,2,2,1,2,2,1,1,2,1,2,2,1,1,2,1,1,1,1,1,2,2,1,1,1,1,6,5,2,3,2,4,4,3,2,5,27
1,234,152,4,3,2,2,8,5,4,2,1,5,1,2,1,2,2,1,2,6,2,3,3,2,1,1,1,2,1,1,1,1,2,2,1,1,1,2,2,2,1,1,1,1,1,1,1,2,0,2,1,1,2,2,1,2,1,1,1,1,2,1,2,1,2,1,2,2,1,1,2,2,1,2,234,152,4,2,1,2,2,2,2,2,2,1,1,2,2,2,1,2,1,1,2,2,1,2,1,2,1,1,2,2,2,2,2,1,1,2,2,2,2,2,1,2,2,2,1,2,2,1,2,3,1,2,2,1,10,3,3,1,2,3,1,2,2,21
1,234,153,4,2,3,2,6,5,4,2,1,5,1,3,1,1,1,1,3,4,1,3,3,2,2,1,1,2,1,1,1,1,2,2,2,1,1,1,1,2,1,1,1,1,1,2,1,2,1,2,1,1,1,2,2,2,1,1,2,1,1,1,1,2,1,2,2,2,1,1,1,1,2,2,234,153,4,2,1,1,2,2,2,1,2,1,1,2,2,2,1,2,1,1,2,2,2,2,2,2,1,2,2,2,2,2,2,1,1,1,1,2,2,2,1,1,2,2,2,1,1,1,2,1,2,1,2,2,10,3,3,1,4,4,5,2,6,37
1,234,154,4,2,2,2,7,4,2,2,1,5,1,2,2,2,1,1,1,3,1,3,3,1,3,1,1,2,2,1,1,1,2,2,1,1,1,1,2,2,1,1,1,1,2,1,1,2,2,2,2,1,1,2,1,2,1,1,1,2,2,2,2,1,1,1,1,2,1,1,1,1,2,2,234,154,4,2,1,1,2,2,2,2,2,1,1,2,2,2,1,2,1,1,1,2,1,2,1,2,1,1,2,2,2,2,2,1,2,1,1,2,2,2,1,1,2,2,2,2,2,1,2,1,1,1,2,6,0,3,3,2,3,4,1,2,2,29
1,234,155,4,2,2,4,5,4,3,3,2,1,2,0,0,2,1,1,2,5,4,3,1,1,1,1,1,2,2,1,1,1,0,2,1,1,1,1,2,2,2,2,1,0,1,1,1,2,1,2,1,1,1,2,2,2,0,1,1,2,2,1,2,0,2,1,0,1,1,1,0,2,1,2,234,155,4,2,0,2,2,2,2,1,1,1,1,1,2,2,1,2,2,1,1,2,1,1,1,2,0,2,2,0,1,2,2,0,1,2,2,2,2,2,1,1,1,2,2,1,2,1,2,1,2,2,2,5,8,2,3,1,5,4,1,2,3,12
1,234,156,4,2,3,2,7,4,3,3,1,5,2,0,0,2,1,2,3,6,2,3,3,2,3,3,1,2,1,1,1,1,2,2,1,2,1,1,2,1,2,2,1,1,1,2,2,2,1,2,2,1,1,2,2,2,1,1,1,1,2,1,2,1,1,2,2,1,1,1,1,1,1,2,234,156,4,2,1,1,1,2,2,2,2,1,1,1,2,2,1,2,1,1,1,1,2,2,1,2,1,2,2,1,2,2,2,1,2,1,1,1,2,1,1,1,2,2,2,1,1,1,2,2,0,2,2,5,8,3,3,2,3,3,1,2,6,7
1,234,157,4,3,1,2,7,5,9,1,2,4,2,0,0,2,1,1,2,6,10,3,2,1,0,2,1,2,1,1,1,1,1,2,1,2,1,1,1,1,2,0,1,1,1,1,1,2,1,2,1,1,2,2,2,0,1,1,1,1,2,1,2,2,1,1,2,2,2,1,1,2,1,2,234,157,4,2,1,2,2,2,0,0,1,1,1,1,2,2,1,2,2,1,2,2,2,0,1,2,1,1,2,2,1,2,2,1,1,2,1,2,2,2,1,1,1,1,2,2,2,2,2,1,1,2,2,5,9,2,3,1,3,4,2,2,1,53
1,234,158,4,3,3,3,7,6,9,1,2,1,1,1,3,2,1,1,1,4,1,3,2,1,1,1,2,1,1,1,1,1,2,2,1,2,1,2,2,2,2,2,1,1,1,2,1,2,1,1,1,1,1,2,1,1,1,1,2,1,1,1,1,1,2,1,2,2,1,1,1,1,1,2,234,158,4,2,1,1,2,2,2,1,1,1,2,1,2,2,1,2,1,1,1,2,1,1,1,2,1,2,2,2,1,2,2,1,1,2,1,2,2,1,1,2,1,2,1,1,2,2,2,1,1,1,2,0,8,2,3,2,4,3,2,2,1,46
1,234,159,4,3,3,3,5,5,9,1,2,1,1,2,1,2,1,1,2,6,1,3,1,2,1,1,3,1,1,1,1,1,2,2,1,1,1,1,2,2,2,1,1,1,2,2,2,2,1,2,1,1,1,2,1,1,2,1,1,2,1,2,2,2,2,2,1,1,2,1,2,2,2,2,234,159,4,2,1,1,2,2,2,2,2,1,1,1,2,2,1,2,2,1,1,2,1,1,2,2,1,2,2,2,2,2,2,1,1,2,1,2,2,1,1,2,2,1,2,1,1,2,2,1,3,1,3,1,5,3,3,1,2,4,2,2,1,9
1,234,160,4,3,3,2,7,5,9,1,2,4,1,3,1,2,1,1,2,6,2,3,2,1,5,2,1,1,1,1,2,1,2,2,1,1,1,1,2,2,2,2,1,1,1,2,1,2,1,2,1,1,2,2,2,2,1,1,1,1,1,1,2,1,2,2,2,2,1,1,2,2,2,2,234,160,4,2,2,2,2,2,1,2,2,2,1,1,2,2,2,2,2,1,2,2,1,1,2,1,1,1,2,2,2,2,1,1,2,1,1,2,2,2,1,1,2,2,1,1,2,2,2,2,2,1,2,1,8,3,3,1,5,4,2,2,1,3
1,234,161,4,3,2,2,7,4,4,2,2,4,1,3,1,2,1,1,3,5,2,3,3,2,2,1,1,2,1,1,1,1,2,1,2,2,1,1,2,2,1,1,1,1,1,2,2,1,1,2,2,1,1,2,2,2,1,1,1,2,2,2,1,1,1,1,2,2,1,1,2,2,2,2,234,161,4,2,1,2,1,2,0,2,1,1,2,2,2,2,1,2,2,1,1,1,1,2,2,2,1,1,2,1,2,2,2,1,2,1,1,1,1,1,2,2,2,2,2,1,2,2,2,1,1,1,1,1,8,1,3,1,1,3,1,2,2,32
1,234,162,4,2,3,2,6,4,9,1,2,1,2,0,0,2,1,1,1,5,2,1,1,2,2,2,1,2,2,1,1,1,2,2,2,2,1,1,1,1,2,2,1,1,2,2,1,2,1,2,2,1,2,2,1,2,1,1,1,1,1,2,2,1,1,1,2,2,1,1,0,2,1,2,234,162,4,2,1,1,1,1,2,2,2,1,1,1,2,2,1,2,1,1,1,2,1,2,2,2,0,2,2,2,2,2,2,1,2,2,2,1,1,2,1,1,2,2,2,1,2,2,2,1,2,2,2,5,6,3,3,2,3,4,2,2,1,25
1,234,163,4,2,2,2,6,4,9,1,1,5,2,0,0,2,1,1,2,5,2,1,1,1,1,1,1,2,1,1,2,1,1,1,1,2,1,2,2,2,2,2,1,1,1,1,2,2,1,2,1,1,1,2,2,1,1,1,1,1,1,2,2,1,2,1,2,2,1,1,1,2,1,2,234,163,4,2,1,2,2,2,2,1,2,1,2,1,2,2,1,2,2,1,2,1,2,1,1,2,1,1,2,2,1,1,2,1,1,2,2,1,2,2,1,1,2,2,1,2,1,2,2,2,2,1,2,5,10,2,3,2,5,4,2,2,1,17
1,234,164,4,2,2,2,6,4,9,1,2,4,2,0,0,2,1,1,2,3,1,3,1,1,1,1,2,1,1,1,1,1,1,2,1,2,1,2,1,2,2,2,1,1,1,1,1,2,1,2,1,1,1,2,1,1,1,1,1,1,2,1,1,1,1,1,1,1,2,1,1,2,1,2,234,164,4,2,1,1,2,2,2,1,1,1,1,1,2,2,1,2,1,1,2,2,2,2,2,2,1,2,2,2,1,2,2,1,1,2,1,2,2,2,1,1,1,1,1,1,2,2,2,1,3,2,2,5,4,3,3,1,1,4,2,2,1,14
1,234,165,4,2,1,3,6,6,3,2,1,5,1,2,3,2,1,1,1,6,1,1,2,1,2,2,1,1,1,1,1,1,2,2,1,1,1,1,2,2,2,2,2,1,1,1,1,1,1,2,1,1,1,2,2,2,1,1,1,1,1,1,2,2,2,1,1,2,1,1,2,2,2,2,234,165,4,2,2,1,2,2,2,2,1,1,1,2,2,2,1,2,1,1,1,2,2,1,1,2,2,2,2,2,2,2,2,1,2,2,2,2,1,2,1,2,1,2,1,1,1,2,2,2,1,1,2,4,10,3,3,1,4,4,1,2,6,68
1,234,166,4,4,3,4,7,5,2,2,2,4,1,2,1,2,1,1,1,6,1,3,2,1,1,2,2,2,1,1,2,1,1,2,1,2,0,1,2,2,2,1,2,1,1,1,1,2,1,2,1,1,1,2,1,1,1,1,2,2,2,1,2,2,2,1,2,2,1,1,1,2,2,2,234,166,4,2,1,1,2,2,2,2,2,1,1,2,2,2,1,2,1,1,1,2,1,1,2,2,1,2,2,2,2,2,2,1,1,2,1,2,2,2,1,2,2,2,1,1,2,2,2,1,1,2,2,1,7,2,3,1,2,4,1,2,2,42
1,234,167,4,2,3,3,7,5,9,1,2,2,2,0,3,2,1,1,1,6,10,3,1,1,1,1,1,2,1,1,1,1,2,2,1,2,1,1,2,2,2,1,1,2,1,2,2,2,1,2,2,1,2,1,1,2,1,1,1,1,1,1,2,1,2,1,2,2,2,2,1,2,2,2,234,167,4,2,0,1,2,2,2,2,2,1,1,1,2,2,2,2,2,2,2,1,2,2,2,2,1,1,2,2,1,2,2,0,0,2,0,2,0,2,1,0,0,2,2,1,2,0,2,1,1,1,1,5,6,3,3,2,0,4,2,2,1,59
1,234,168,4,2,3,2,7,4,2,2,2,1,1,1,1,2,1,1,2,4,10,1,2,2,0,1,1,2,1,1,1,1,2,2,2,1,1,1,1,2,1,1,2,0,1,2,1,2,0,2,1,2,0,1,2,2,2,1,1,0,2,2,1,1,1,2,2,2,2,1,1,2,2,2,234,168,4,2,2,1,1,2,1,2,2,2,1,2,1,2,1,2,2,1,2,0,2,2,2,2,2,2,1,2,2,2,2,1,1,1,1,2,1,2,1,1,2,1,2,1,1,0,2,1,3,2,2,1,5,3,3,1,0,3,3,2,2,2
1,234,169,4,3,3,2,6,5,5,2,2,4,1,2,1,2,1,1,2,6,1,3,3,2,2,1,1,2,1,1,1,1,2,2,1,1,1,1,1,2,2,2,1,2,1,2,1,2,1,2,2,2,1,1,1,1,2,1,1,1,2,2,2,1,1,1,1,2,2,1,1,2,2,2,234,169,4,2,1,1,2,1,1,2,1,1,1,2,1,2,1,2,2,1,2,2,2,1,1,2,1,1,2,2,2,2,2,1,1,2,1,2,2,1,2,1,2,2,2,2,2,1,2,2,1,2,2,1,5,3,3,1,2,4,1,2,2,26
1,234,170,4,3,4,2,7,6,2,2,1,5,1,2,1,2,1,1,1,5,2,1,1,1,1,1,1,2,1,1,1,1,1,2,1,1,1,2,2,2,2,1,1,1,1,2,1,2,0,2,1,1,2,1,1,1,2,1,1,0,0,1,1,1,2,2,2,2,2,2,1,2,1,2,234,170,4,2,1,1,2,2,1,1,2,1,1,1,2,2,1,2,2,1,2,2,2,1,1,2,1,2,2,2,1,2,2,1,2,2,1,2,1,1,1,1,1,2,2,1,1,1,2,2,1,1,1,1,8,3,3,1,3,4,1,2,2,10
1,234,171,4,3,4,3,7,5,6,2,2,4,1,1,1,2,1,1,1,6,1,3,2,1,1,1,1,2,2,1,1,1,1,2,1,1,1,1,2,2,2,1,2,1,1,1,1,1,1,2,1,1,1,1,1,2,1,1,1,2,1,2,2,2,2,1,2,2,1,1,2,2,2,2,234,171,4,1,2,1,1,1,0,1,2,1,1,2,2,2,2,2,2,1,1,2,0,2,2,2,2,1,2,2,2,2,0,2,1,2,1,2,1,2,2,1,2,2,2,1,1,1,2,1,3,2,2,1,9,3,3,1,1,4,1,2,4,51
1,234,172,4,2,3,3,6,6,9,1,2,4,1,3,3,2,1,1,2,4,1,3,1,2,2,1,1,1,1,1,1,1,2,2,1,2,1,1,2,2,2,1,1,1,1,2,1,2,1,2,2,2,1,1,1,1,1,1,1,2,2,2,2,2,2,1,2,2,2,1,1,2,1,2,234,172,4,2,1,2,1,1,2,2,2,1,1,1,2,2,1,2,2,1,1,2,1,2,2,2,2,2,2,2,1,2,2,1,1,2,1,2,2,1,2,1,2,1,1,1,1,1,2,1,1,2,2,4,8,3,3,2,4,3,2,2,1,52
1,234,173,4,2,4,2,6,5,2,2,2,4,1,3,1,2,1,2,3,6,1,1,3,2,4,3,1,2,1,1,2,1,2,2,2,1,1,1,1,1,1,1,1,1,1,2,2,2,1,2,1,1,1,1,2,2,1,1,1,1,1,2,2,2,1,2,1,2,1,1,1,2,2,2,234,173,4,2,1,2,2,1,0,2,2,1,1,2,2,2,2,2,2,2,2,2,2,2,1,2,1,1,2,1,1,2,2,1,1,2,1,2,1,2,1,2,2,1,2,1,2,1,2,1,2,2,2,1,5,3,3,2,2,4,1,2,2,12
1,234,174,4,2,2,4,7,5,4,2,1,5,1,2,1,2,1,1,2,6,1,3,3,1,3,2,1,2,1,1,2,1,2,2,2,2,2,1,1,2,2,1,2,1,2,1,1,1,1,2,2,1,1,1,2,1,1,1,1,2,1,2,1,2,1,1,2,2,2,1,1,2,2,2,234,174,4,2,1,0,1,2,0,2,0,1,1,2,2,2,1,2,1,2,2,2,2,2,1,2,2,1,2,2,1,2,1,1,1,0,1,2,2,2,1,1,0,1,1,1,2,1,3,1,1,1,2,1,5,3,3,1,4,4,5,2,2,16
1,234,175,4,2,2,2,6,4,4,2,1,5,1,2,1,2,1,1,2,6,1,1,2,2,2,2,2,2,1,1,2,1,2,2,2,1,1,1,1,1,1,1,1,1,2,2,1,2,1,2,0,2,1,1,2,1,1,1,1,1,1,2,2,1,1,1,1,2,2,1,2,2,1,2,234,175,4,1,1,1,2,2,0,1,2,1,1,2,2,2,1,2,1,1,1,2,2,1,1,2,2,2,2,1,2,2,2,1,1,1,1,1,2,2,1,2,1,2,2,1,2,1,2,2,1,2,2,1,7,3,3,1,3,4,5,2,2,51
1,234,176,4,2,2,2,6,4,4,2,1,5,1,2,1,2,1,1,3,5,1,1,3,2,2,0,0,2,1,1,2,1,2,1,1,1,1,2,1,1,2,1,1,1,1,1,1,2,0,2,2,1,2,1,2,1,2,1,1,1,1,2,2,2,1,2,2,2,1,2,2,1,2,2,234,176,4,1,1,2,1,1,2,1,2,1,1,1,2,2,1,2,2,1,1,1,2,0,0,2,1,1,1,2,0,1,2,1,2,2,1,2,1,2,2,1,2,1,2,2,2,1,2,2,1,2,2,1,6,2,3,1,1,4,5,2,2,38
1,234,177,4,2,2,3,8,5,4,2,1,5,1,1,3,2,1,1,2,6,2,3,3,1,2,1,1,1,1,1,1,1,2,2,2,1,1,1,1,2,2,1,1,1,2,2,1,1,1,2,2,1,2,1,1,2,2,1,1,1,1,1,2,2,2,2,2,2,1,0,2,2,2,2,234,177,4,2,1,2,1,2,2,2,2,1,1,2,2,2,1,2,2,1,2,0,1,2,2,2,1,2,2,2,1,2,2,1,2,1,2,2,1,1,1,2,2,2,2,2,2,1,2,3,1,2,1,1,8,3,3,2,4,4,1,2,2,17
1,234,178,4,3,3,2,6,6,9,1,2,4,1,2,1,2,1,2,3,5,2,3,2,1,1,1,1,2,1,1,1,1,2,2,1,1,1,1,1,1,2,1,1,1,1,1,1,2,2,2,2,2,2,1,2,2,1,1,1,1,1,1,2,2,1,1,2,2,2,2,2,2,1,2,234,178,4,2,1,1,2,1,1,2,2,1,1,1,2,2,1,2,2,2,2,2,2,2,1,2,1,2,2,2,2,2,2,2,1,1,1,1,2,1,1,1,2,1,2,1,1,2,2,1,1,2,2,1,1,2,3,1,4,4,1,2,1,60
1,234,179,4,3,1,3,6,6,2,2,2,1,1,3,1,2,1,1,1,3,9,3,2,2,2,2,1,2,1,1,2,1,1,2,1,1,1,1,1,2,1,1,1,1,1,2,2,2,1,1,1,2,1,1,2,1,2,1,1,2,1,2,2,1,1,1,1,2,1,1,1,2,1,2,234,179,4,2,1,1,1,2,2,1,2,1,1,1,1,2,1,1,1,1,1,2,1,2,1,2,1,1,2,2,1,1,2,1,1,2,1,1,2,1,1,2,1,1,2,1,2,2,2,2,1,2,2,1,5,1,3,2,4,4,1,2,4,23
1,234,180,4,3,2,5,6,5,8,2,2,4,2,0,0,2,1,1,1,6,1,3,1,1,1,3,2,2,2,1,1,1,2,2,1,2,1,1,1,2,2,1,2,1,1,2,1,1,1,2,1,1,1,1,1,2,1,1,1,1,2,1,0,1,1,1,1,2,1,1,1,1,1,2,234,180,4,1,1,1,1,2,1,1,1,1,2,2,2,2,1,2,2,1,2,2,2,1,2,2,0,0,2,2,2,2,2,1,1,2,1,2,2,2,1,1,2,2,1,1,2,2,2,1,1,1,2,5,10,3,3,2,2,4,1,2,5,5
1,234,181,4,3,1,4,7,5,6,2,1,5,2,0,3,2,1,1,1,6,4,1,4,2,2,3,1,2,2,1,1,1,2,1,2,1,1,1,1,1,2,1,2,1,1,2,1,1,1,2,2,1,1,1,2,2,1,1,2,1,1,1,2,2,1,2,1,2,2,2,1,2,2,2,234,181,4,1,2,2,2,1,1,2,2,1,1,2,2,2,2,2,1,2,1,2,2,1,2,2,1,1,2,2,2,2,2,1,1,1,1,2,1,2,1,2,2,1,2,1,2,2,2,2,2,2,2,5,7,3,3,2,2,4,1,2,4,9
1,234,182,4,3,2,2,8,4,6,2,1,5,1,2,1,1,2,1,2,4,2,3,1,1,1,1,1,2,1,1,2,1,1,2,1,1,2,1,1,1,2,2,1,1,1,1,1,2,1,2,2,1,1,1,2,2,1,1,2,2,2,1,2,1,1,1,2,2,1,1,1,1,1,2,234,182,4,1,1,2,2,2,2,2,1,1,1,1,1,2,1,2,2,1,2,2,2,1,1,2,1,1,2,2,2,2,2,1,1,2,1,2,2,2,1,2,1,2,2,2,2,2,1,1,1,1,2,1,7,3,3,1,1,3,1,2,4,7
1,234,183,4,3,2,2,7,5,3,3,2,1,2,0,0,2,1,1,1,6,2,1,2,2,2,2,1,2,1,1,1,1,2,2,1,1,1,1,2,2,2,1,1,2,1,1,1,2,2,2,1,1,2,1,2,2,2,1,1,2,2,2,2,2,2,1,2,2,2,1,2,2,2,2,234,183,4,2,2,2,2,1,1,2,2,1,1,2,2,2,1,1,2,1,2,2,1,2,2,2,1,1,2,2,2,2,2,2,1,2,1,1,2,1,1,1,2,2,2,2,1,2,2,2,0,2,2,6,7,3,3,1,3,4,1,2,6,16
1,234,184,4,2,1,2,7,5,3,3,1,5,2,0,0,2,1,1,2,3,2,3,2,2,5,2,1,1,3,1,1,1,2,2,1,1,1,1,0,1,0,1,2,0,2,2,1,1,1,0,1,2,1,1,1,2,1,1,1,1,0,1,2,2,0,2,2,2,2,2,2,2,2,2,234,184,4,0,1,1,1,1,1,2,2,1,2,2,2,2,1,2,0,1,0,2,0,2,1,0,0,0,2,2,2,2,0,1,2,1,1,1,2,1,1,1,0,0,1,0,2,2,2,2,0,0,2,5,9,3,3,1,4,4,1,2,6,49
1,234,185,4,3,1,2,6,5,9,1,2,4,2,0,0,2,1,1,2,5,1,1,1,2,2,1,2,2,1,1,2,1,2,2,1,1,1,2,1,1,2,2,1,1,1,2,2,2,2,1,1,1,1,1,1,1,2,1,1,2,1,2,1,1,2,1,2,1,1,1,1,2,1,2,234,185,4,2,1,1,2,1,2,1,1,1,2,1,2,2,1,2,2,1,2,2,2,2,1,2,1,2,2,2,1,2,2,1,2,2,1,2,2,1,1,1,1,2,1,1,1,2,2,1,1,2,2,5,6,3,3,1,3,4,2,2,1,24
1,234,186,4,4,4,3,7,6,9,1,2,4,1,1,2,2,1,1,3,6,10,1,3,3,2,2,1,1,1,1,1,1,2,2,1,2,1,1,1,1,2,1,2,2,1,1,1,1,2,2,2,1,1,1,1,2,1,1,1,1,1,2,1,1,1,1,1,2,1,2,1,2,2,2,234,186,4,2,2,2,1,1,1,2,2,1,1,1,2,2,1,2,2,2,1,2,1,2,2,2,1,1,1,2,2,1,2,1,2,2,1,1,2,1,1,1,2,2,2,1,2,2,2,2,1,2,2,6,0,3,3,1,2,3,2,2,1,39
1,234,187,4,3,4,3,6,6,4,2,2,1,1,4,1,1,2,1,1,5,1,3,2,2,1,1,2,1,1,2,1,1,2,1,1,1,1,1,2,2,1,1,1,1,1,1,2,2,1,1,1,1,1,2,1,1,1,1,1,1,1,2,2,2,1,1,2,2,2,1,2,2,1,2,234,187,4,2,2,1,2,1,2,2,2,1,1,2,2,2,1,2,2,1,1,2,2,2,1,2,1,2,2,2,1,2,2,1,1,2,1,2,2,1,1,1,1,2,1,1,2,1,1,1,1,2,2,6,6,3,3,1,3,4,1,2,5,13
1,234,188,4,3,4,5,8,5,13,3,2,1,1,1,3,2,1,1,1,3,1,3,3,2,2,1,2,2,1,2,1,1,2,2,1,1,1,1,2,2,1,2,1,2,1,2,2,2,1,2,1,1,1,2,1,1,2,1,1,1,2,2,2,2,1,2,2,2,2,2,1,2,2,2,234,188,4,2,0,1,1,2,2,2,2,1,0,0,0,0,0,0,0,0,0,0,0,0,0,0,0,0,0,0,0,0,0,0,0,0,0,0,2,1,1,1,2,1,2,1,1,1,2,2,1,2,2,0,10,2,3,1,5,3,3,2,5,4
1,234,189,4,2,3,2,7,4,9,1,1,5,2,0,0,2,1,1,2,6,10,1,3,2,2,1,1,2,1,2,1,1,2,2,2,1,1,1,1,1,1,1,2,1,1,2,1,1,1,2,1,1,1,2,2,2,2,1,1,1,1,2,2,2,2,1,2,2,1,1,2,2,1,2,234,189,4,2,0,2,1,1,2,2,1,1,1,2,2,2,1,0,1,1,2,2,2,1,2,2,0,2,2,0,2,2,2,0,1,2,1,2,2,1,1,2,1,2,2,1,2,1,2,2,2,2,2,5,4,3,3,2,3,4,6,2,7,14
1,234,190,4,2,1,2,7,5,3,3,1,5,2,0,0,2,1,1,1,4,1,3,3,1,3,1,1,1,2,2,1,1,1,2,2,1,1,1,2,2,2,1,1,1,2,2,1,2,1,2,1,1,1,2,2,2,1,1,1,2,2,2,2,2,1,2,2,2,1,1,1,2,2,2,234,190,4,2,1,1,1,1,1,2,2,1,1,2,2,2,2,1,2,2,2,2,1,2,2,2,1,1,2,2,1,2,2,1,1,1,1,1,2,2,2,2,2,1,1,2,2,1,2,2,2,2,2,5,7,0,0,0,4,4,1,2,6,63
1,234,191,4,3,4,3,8,6,4,2,1,5,1,3,1,2,1,1,2,6,9,3,1,1,1,1,1,2,1,2,1,1,1,2,1,2,1,1,2,2,2,2,1,1,1,1,1,2,2,1,1,1,2,2,2,2,1,1,1,1,2,1,2,2,2,1,2,2,2,1,1,2,1,2,234,191,4,2,2,2,2,2,2,1,2,1,2,1,2,2,1,1,1,2,1,2,1,2,1,2,1,2,2,2,2,2,2,1,1,1,1,1,2,1,1,0,1,2,2,1,2,2,0,1,1,1,2,1,7,1,3,1,4,1,6,2,2,3
1,234,192,4,3,4,3,7,5,6,2,2,1,1,2,1,2,1,1,1,5,1,3,2,1,2,1,1,2,1,2,1,1,1,2,1,1,1,1,2,2,1,1,1,1,1,2,2,2,1,2,2,1,2,2,2,2,2,1,1,2,1,2,2,2,2,1,2,2,1,1,2,2,1,2,234,192,4,2,1,1,2,1,1,2,2,1,1,1,2,2,2,2,2,1,1,2,1,2,2,2,2,1,2,2,1,2,2,1,1,1,1,1,2,2,1,1,1,2,2,1,1,2,2,1,2,2,2,1,7,2,3,2,5,4,4,2,2,18
1,234,193,4,3,3,3,8,5,3,3,2,4,2,0,0,2,1,1,2,5,2,1,2,2,3,1,1,1,3,2,1,2,1,2,1,1,1,1,2,2,1,2,1,1,1,1,1,2,1,2,2,1,1,2,2,1,1,1,1,2,1,2,1,1,2,2,0,2,2,2,1,2,1,2,234,193,4,2,1,1,1,1,2,2,2,1,2,1,2,2,2,1,2,1,2,2,1,1,2,2,2,1,1,1,2,2,2,2,2,1,1,1,2,2,2,1,1,2,1,2,2,2,2,1,2,1,1,5,0,2,2,2,0,4,0,2,6,2
1,234,194,4,4,4,3,8,6,5,2,1,5,2,0,0,1,1,1,1,6,1,2,2,2,5,0,0,2,3,2,1,1,2,2,1,2,1,1,1,2,1,2,1,1,1,2,1,2,1,2,2,1,1,2,2,1,1,1,2,1,1,1,1,1,2,1,2,2,2,2,2,2,2,2,234,194,4,2,0,1,1,2,2,0,1,1,1,2,2,2,1,2,2,1,1,2,1,1,2,2,0,1,2,2,2,2,2,0,1,2,1,2,2,1,1,1,2,2,2,1,2,1,2,3,1,2,2,5,9,2,3,2,5,3,4,2,5,29
1,234,195,4,4,1,2,6,5,9,1,2,1,1,2,1,2,1,1,1,1,3,3,1,2,1,1,1,1,1,2,1,1,1,2,1,2,1,1,2,2,2,2,1,1,2,2,1,2,1,2,1,2,1,2,2,2,1,1,1,2,1,2,2,2,1,1,2,1,2,1,1,2,1,2,234,195,4,2,1,1,2,1,2,1,1,1,2,2,2,2,1,2,1,1,1,2,1,1,1,2,1,2,2,2,1,2,2,1,1,2,1,2,2,1,1,1,1,1,1,1,2,2,2,1,2,2,2,2,8,3,3,1,2,4,2,2,1,5
1,234,196,4,4,2,3,8,6,9,1,2,1,1,3,1,2,1,1,2,4,10,3,2,1,1,1,1,1,1,2,1,1,1,2,1,2,1,1,2,2,2,2,1,1,1,1,1,2,1,2,1,1,1,2,2,1,1,1,1,2,2,2,2,1,1,1,2,2,1,2,1,1,1,2,234,196,4,2,2,1,1,2,2,2,2,1,2,1,2,2,1,2,2,2,1,2,1,2,1,2,1,1,2,2,1,2,2,1,2,2,1,1,2,2,1,1,1,2,2,2,2,2,2,1,1,3,2,2,7,2,3,1,1,3,2,2,7,25
1,234,197,4,4,3,3,7,6,6,2,2,1,1,4,1,2,1,1,1,5,7,3,2,2,2,1,1,0,1,2,1,1,2,2,1,1,1,1,2,1,1,1,1,1,2,1,2,2,0,2,2,2,1,2,2,1,1,1,1,2,1,2,2,2,1,1,2,2,2,1,1,2,1,2,234,197,4,2,1,2,1,1,2,2,2,1,1,1,2,2,1,2,2,1,1,2,1,2,1,2,1,1,2,2,2,2,1,1,1,1,1,1,2,2,1,1,1,0,2,2,2,2,2,2,1,2,2,1,7,2,2,1,4,4,1,2,4,47
1,234,198,4,4,4,4,6,6,4,2,2,1,1,4,1,1,2,2,3,6,9,3,2,2,2,1,2,2,1,2,1,2,2,2,1,2,1,1,2,2,1,1,1,1,2,2,1,2,1,1,1,1,1,2,1,2,1,1,1,2,2,2,2,2,2,1,2,2,1,1,2,1,2,2,234,198,4,2,2,1,2,2,2,1,1,1,1,1,2,2,1,2,1,1,2,2,1,2,1,2,2,2,2,2,1,2,2,1,1,2,1,2,1,1,1,2,1,2,1,2,2,2,1,1,1,1,2,1,7,1,3,1,4,4,1,2,4,14
1,234,199,4,4,2,4,7,5,3,3,2,4,2,0,0,2,1,1,2,6,1,3,2,1,1,1,1,2,2,2,1,1,2,2,2,1,1,1,2,2,2,2,1,2,1,1,2,2,1,1,1,2,1,2,1,2,1,1,1,1,2,1,2,1,2,1,2,2,2,2,1,1,1,2,234,199,4,2,1,1,2,2,2,1,2,1,1,2,2,2,1,2,2,1,1,2,1,1,1,2,1,2,2,2,1,2,2,1,2,1,1,1,2,2,1,2,1,1,1,1,1,2,2,2,1,1,1,5,10,3,3,1,2,4,1,2,6,62
1,234,200,4,2,2,2,7,5,4,2,2,4,1,2,1,2,1,1,2,6,1,3,3,2,2,1,1,2,1,2,1,1,2,2,1,1,1,2,1,2,1,1,0,1,1,2,0,2,1,2,2,1,2,0,1,1,2,1,1,1,1,2,1,1,1,2,2,2,1,1,1,1,1,2,234,200,4,2,1,1,2,2,2,2,2,1,1,1,2,2,2,2,1,1,2,2,2,2,1,2,1,1,2,2,2,2,2,1,1,1,1,2,2,1,1,1,1,2,1,1,2,1,2,1,2,2,2,1,7,3,3,1,4,4,5,2,2,50
1,234,201,4,3,3,3,8,5,3,3,2,4,1,3,2,2,1,1,2,6,1,3,3,2,4,1,1,2,1,2,1,1,2,2,1,2,1,1,1,2,2,1,1,1,1,2,1,2,1,1,1,1,1,1,1,1,2,1,1,1,1,2,2,2,1,1,2,2,1,1,2,2,1,2,234,201,4,2,2,1,2,2,2,2,2,1,1,2,2,2,1,2,2,1,2,2,1,2,2,2,2,1,2,2,2,2,2,2,1,2,1,1,2,2,1,1,1,2,1,1,2,1,2,2,0,2,2,1,8,3,3,1,3,4,1,2,6,1
1,234,202,4,2,1,3,6,4,3,3,2,4,2,0,0,2,1,1,1,6,1,3,2,1,4,2,1,1,2,2,1,1,1,2,1,1,1,2,2,1,2,1,1,1,1,2,1,2,1,2,2,1,1,1,1,1,1,1,1,1,1,2,2,2,1,1,2,2,2,2,1,1,1,2,234,202,4,2,1,1,1,2,2,2,2,1,1,2,2,2,2,2,2,1,1,2,2,2,2,2,1,2,2,2,1,2,2,1,2,1,1,2,1,2,1,2,2,2,1,1,1,1,2,3,1,2,2,5,9,3,3,1,3,4,1,2,6,15
1,234,203,4,2,2,4,6,5,3,3,2,4,1,3,3,2,1,1,2,6,1,3,3,1,3,2,1,2,1,2,1,1,1,2,2,1,1,1,1,2,2,1,2,1,1,2,1,2,1,2,1,1,2,1,1,2,2,1,1,1,2,2,2,2,2,2,2,2,2,2,1,2,2,2,234,203,4,2,2,1,1,1,1,2,1,2,1,1,1,2,1,2,2,2,2,2,2,2,2,2,1,1,2,2,1,2,2,1,1,1,1,2,2,2,1,1,2,1,2,1,2,1,2,2,0,2,2,4,8,3,3,2,4,4,1,2,6,21
1,234,204,4,2,1,2,7,5,3,3,1,5,1,3,3,2,1,1,2,6,2,1,2,2,2,2,1,2,1,2,1,1,2,2,2,1,1,1,1,2,2,1,1,1,2,2,1,2,1,2,2,1,1,1,2,1,2,1,1,1,1,2,2,2,2,2,2,2,2,1,2,2,2,2,234,204,4,2,2,1,1,2,2,2,2,1,1,1,2,2,2,2,2,2,2,2,2,2,2,2,1,1,2,1,2,2,2,1,2,1,1,1,1,2,1,2,2,2,2,1,1,1,2,1,1,2,2,0,8,3,3,1,4,4,1,2,6,59
1,234,205,4,3,2,2,8,5,3,3,1,5,1,2,3,2,1,1,1,6,7,3,2,2,2,1,1,2,1,2,1,1,2,2,1,2,1,1,2,2,2,2,1,2,1,2,1,2,1,2,1,1,0,1,2,2,0,1,1,1,2,1,2,1,2,1,0,2,1,1,0,2,1,2,234,205,4,0,0,2,1,2,2,2,2,1,1,1,2,2,1,0,0,2,2,2,1,2,2,2,0,2,2,2,2,2,2,0,1,2,1,2,2,2,1,1,1,1,2,1,2,2,2,2,1,2,2,1,9,2,3,1,3,3,0,2,6,67
1,234,206,4,3,3,4,7,4,3,3,2,1,1,2,2,2,0,1,2,6,1,1,2,1,1,1,1,2,1,2,1,2,2,2,1,1,1,1,0,2,2,1,2,2,2,1,1,1,2,2,2,2,1,1,1,1,1,1,1,1,1,2,2,2,1,2,2,1,2,1,1,2,1,2,234,206,4,2,1,1,1,1,0,2,2,1,2,2,2,2,1,2,2,1,1,2,2,2,1,2,1,2,2,2,2,2,2,1,2,1,1,2,1,1,1,2,2,2,2,1,2,2,2,2,0,1,1,1,6,3,3,0,1,4,1,2,6,3
1,234,207,4,2,2,3,7,4,2,2,3,4,1,2,1,2,1,1,3,6,1,3,3,2,4,2,1,2,1,2,2,1,2,2,2,1,1,1,2,2,2,1,1,1,2,2,1,2,2,2,2,1,1,1,2,2,1,1,1,1,1,2,2,2,2,1,1,2,1,1,1,2,2,2,234,207,4,2,1,1,1,1,1,2,2,1,1,2,2,2,1,2,2,2,1,2,1,2,2,2,1,1,2,1,2,2,2,1,1,1,1,1,2,1,1,2,2,2,2,1,2,2,2,1,2,2,2,1,7,3,3,1,4,4,5,2,2,15
1,234,208,4,4,2,4,7,5,3,3,2,4,1,3,2,2,1,1,2,6,1,3,3,2,4,2,2,2,1,2,2,1,2,2,1,1,1,1,2,2,2,2,1,0,1,2,1,2,0,2,2,2,2,1,1,2,0,1,1,1,1,1,2,1,2,1,2,2,2,1,2,2,0,2,234,208,4,2,0,1,2,2,2,2,2,1,1,2,2,2,1,2,0,1,1,2,1,2,2,2,0,2,2,2,1,2,2,1,1,2,2,2,2,0,1,0,2,2,2,1,2,1,1,1,3,2,2,1,7,3,3,1,3,4,1,2,6,51
1,234,209,4,2,2,3,7,6,9,1,2,1,2,0,0,2,1,1,2,4,9,3,2,1,1,1,0,2,1,0,0,0,0,0,0,0,0,0,0,2,2,2,1,1,1,1,1,2,1,1,1,1,1,2,1,1,1,2,2,2,2,2,1,1,2,1,2,1,1,1,1,1,1,2,234,209,4,2,1,2,2,2,2,1,1,1,1,1,2,2,1,2,1,1,1,2,1,2,1,2,2,2,2,2,1,1,2,1,2,2,1,2,1,1,1,1,1,2,1,1,2,1,2,1,2,2,2,5,9,3,3,2,4,4,2,2,1,26
1,234,210,4,3,3,5,8,5,4,3,2,4,1,4,2,2,1,1,2,6,4,1,2,2,2,1,1,0,2,0,1,1,1,1,2,1,1,1,1,1,2,2,1,1,1,2,1,1,2,1,2,1,1,1,1,1,1,2,2,1,2,1,1,2,1,1,2,2,2,2,1,2,2,2,234,210,4,2,1,1,1,1,1,2,2,1,1,2,2,2,1,2,2,1,1,2,2,1,1,2,1,1,2,2,1,2,2,1,1,1,1,2,2,1,1,1,1,2,1,1,2,2,2,2,2,2,2,1,3,1,3,2,1,3,6,2,6,47
1,234,211,4,1,2,2,6,4,9,1,1,5,2,0,0,2,1,1,2,6,10,3,1,1,1,1,1,1,1,1,2,1,1,2,1,2,1,1,2,2,2,2,1,1,1,2,1,2,1,2,1,1,2,2,1,1,2,2,1,2,1,1,2,2,2,1,2,2,1,1,1,2,1,2,234,211,4,2,1,2,2,2,2,2,1,2,1,1,1,2,2,1,2,1,1,2,2,2,1,1,2,1,2,2,2,1,1,2,1,2,2,2,2,1,2,1,2,2,1,1,2,2,3,3,1,2,2,5,9,3,3,2,4,4,2,2,1,8
1,234,212,4,1,2,2,6,4,9,1,1,5,2,0,3,2,1,1,1,4,2,3,2,3,1,1,2,1,1,1,1,1,2,2,1,2,1,1,1,2,2,2,1,1,1,1,1,2,1,2,1,1,1,2,2,1,2,2,1,1,2,2,2,2,1,2,1,2,1,1,1,2,2,2,234,212,4,2,1,2,2,2,2,2,1,1,1,1,2,2,1,2,2,1,2,2,1,2,2,2,1,2,2,2,2,2,2,1,1,2,1,1,2,1,1,2,1,2,2,1,1,1,2,2,1,2,2,5,9,3,3,2,1,4,2,2,1,43
1,234,213,4,6,4,2,7,4,9,1,1,5,2,0,0,2,2,3,4,4,2,3,1,1,1,1,2,1,2,1,1,1,2,2,1,2,1,1,2,2,2,1,1,1,1,1,2,2,1,1,2,1,1,2,1,1,2,2,1,2,1,2,1,1,2,1,2,1,1,1,1,2,1,2,234,213,4,2,1,2,1,2,2,1,1,1,1,1,2,2,1,1,1,1,1,2,1,1,1,2,1,2,2,2,1,2,2,1,2,2,1,2,2,1,1,1,1,1,1,1,2,2,1,2,1,2,2,5,6,1,3,2,3,4,2,2,1,33
1,234,214,4,2,1,2,7,4,4,2,2,4,1,3,1,2,1,1,2,6,1,3,2,1,1,1,2,2,1,1,2,1,2,2,2,1,1,1,2,2,2,1,1,1,2,2,2,2,1,2,2,1,1,2,2,2,1,2,1,2,2,2,2,2,1,1,2,2,2,1,1,2,1,2,234,214,4,2,2,1,2,1,2,1,2,1,1,2,2,2,2,2,1,1,1,2,1,2,2,2,0,2,2,2,1,2,2,1,1,1,1,2,1,2,1,1,1,2,0,1,2,0,2,2,1,2,2,1,4,3,3,1,3,4,1,2,2,30
1,234,215,4,3,4,3,6,6,6,2,2,4,1,2,1,2,1,1,3,5,1,1,1,1,1,1,2,2,1,1,2,1,2,2,2,2,1,1,2,2,2,1,2,1,1,1,1,2,1,1,2,1,1,2,2,2,2,2,1,2,2,2,2,1,1,1,2,2,1,1,1,1,1,2,234,215,4,2,1,2,2,2,2,1,1,1,1,1,2,2,1,1,2,1,2,2,2,2,1,2,2,2,2,2,1,2,2,1,1,1,2,2,2,1,1,1,1,2,2,2,1,1,2,1,1,2,2,1,6,3,3,1,3,4,1,2,4,2
1,234,216,4,3,4,3,7,6,4,2,2,4,1,3,1,2,1,1,3,6,2,3,1,1,1,1,1,2,1,1,2,1,2,2,1,1,1,1,2,2,2,1,1,1,1,2,1,2,0,1,1,1,1,2,2,2,1,2,1,1,2,1,1,1,2,1,2,2,2,1,1,1,1,2,234,216,4,2,1,2,2,2,0,1,1,2,1,1,2,2,1,1,1,1,1,2,1,1,1,2,1,0,2,2,2,0,2,1,1,2,1,1,2,1,1,1,1,2,1,2,2,1,1,1,1,1,2,1,8,1,3,2,2,4,5,2,2,49
1,234,217,4,3,2,4,7,5,6,2,2,4,2,0,0,1,1,1,3,3,1,3,3,2,4,2,1,1,1,1,1,1,2,2,1,1,1,1,1,2,2,2,1,1,2,2,1,2,1,2,1,1,1,2,2,1,2,2,2,2,1,1,1,2,2,1,2,2,2,1,1,2,1,2,234,217,4,2,1,2,1,1,2,2,2,1,1,1,2,2,1,2,2,1,1,2,1,2,1,2,0,2,2,2,1,2,2,1,1,2,1,2,2,2,1,1,1,1,1,2,2,1,2,2,2,2,2,5,8,3,3,2,2,4,1,2,4,20
1,234,218,4,3,4,4,8,5,8,2,2,1,1,2,3,2,1,1,2,5,1,3,2,1,1,1,1,2,1,1,1,1,2,2,1,1,1,1,2,2,2,2,1,1,2,1,2,2,1,2,1,2,1,2,1,1,1,2,2,1,2,1,2,2,1,2,2,2,2,2,1,2,2,2,234,218,4,2,1,2,1,2,2,2,1,1,1,1,2,2,1,2,2,1,1,2,1,2,1,2,2,1,2,2,2,2,1,2,1,2,1,2,2,1,1,1,1,2,2,1,2,1,2,1,1,2,2,3,8,3,3,2,1,3,3,2,4,4
1,234,219,4,3,1,2,7,4,3,3,1,5,1,2,3,2,1,1,1,3,2,3,2,2,2,2,1,2,1,1,2,1,2,2,1,2,1,1,1,2,2,1,2,2,2,1,1,2,1,2,1,1,2,2,1,1,0,2,1,2,2,1,2,2,1,1,2,2,2,2,0,2,1,2,234,219,4,2,1,1,2,2,2,2,2,1,1,1,2,2,1,2,1,1,1,2,1,2,1,2,2,2,2,2,2,2,2,1,1,1,1,1,2,2,1,1,2,2,2,2,1,1,2,1,2,3,3,1,8,2,3,2,3,3,1,2,6,45
1,234,220,4,3,1,4,6,4,3,3,2,4,2,0,0,2,1,1,2,4,1,3,2,1,1,2,2,2,1,1,1,1,1,2,1,2,1,2,2,2,2,2,1,1,1,2,1,2,1,1,1,1,1,2,1,2,1,2,1,1,2,1,2,2,1,1,2,2,2,2,1,2,1,2,234,220,4,2,2,2,2,2,2,2,2,1,2,1,1,2,1,2,1,2,1,2,1,2,2,2,1,2,2,2,1,2,2,1,1,2,1,2,2,2,1,1,1,2,2,1,2,1,2,1,1,3,3,5,7,3,3,0,3,4,1,2,6,41
1,234,221,4,3,1,3,8,4,3,3,2,4,2,0,0,2,1,1,2,4,4,3,2,2,2,2,2,2,1,1,1,1,2,2,1,1,1,1,2,2,2,1,1,2,2,2,1,2,1,2,1,1,1,2,1,1,1,2,1,1,1,2,1,1,1,1,2,1,1,1,1,1,2,2,234,221,4,1,2,1,2,2,2,1,2,1,2,1,2,2,1,2,2,1,1,2,1,1,1,2,2,1,2,2,1,2,2,1,1,2,1,2,2,2,1,1,2,1,1,1,2,1,2,2,1,1,1,5,7,3,3,2,2,4,1,2,6,58
1,234,222,4,2,1,3,6,4,6,2,2,2,1,1,3,2,1,1,1,6,1,1,1,2,2,1,1,2,1,1,2,1,2,2,1,2,1,1,2,2,2,1,2,2,1,1,1,2,1,2,1,1,1,2,1,2,2,2,1,2,2,2,1,1,1,1,2,2,1,1,1,1,2,2,234,222,4,2,1,1,2,2,0,1,1,1,2,2,2,2,1,2,1,1,1,2,1,1,1,2,1,2,2,2,2,2,2,1,2,2,1,1,2,2,1,1,1,1,2,2,1,1,2,2,1,1,2,4,9,3,3,2,4,4,1,2,4,11
1,234,223,4,2,4,3,6,5,4,2,2,4,1,3,1,2,1,1,3,4,1,3,1,2,2,2,1,2,1,1,1,1,2,2,2,1,1,1,2,1,2,1,1,1,1,1,1,1,2,2,2,1,1,2,1,1,1,2,1,1,2,2,2,2,1,2,2,2,1,1,1,2,2,2,234,223,4,2,2,1,1,2,2,2,2,1,1,2,2,2,1,2,2,1,1,2,2,1,2,2,1,2,2,2,2,2,2,1,1,1,2,2,2,2,1,2,2,1,2,1,2,1,2,1,2,1,1,1,6,2,3,2,1,4,1,2,2,45
1,234,224,4,2,3,2,8,5,4,2,1,5,1,2,1,2,1,1,2,5,2,3,2,1,1,2,1,1,1,1,1,1,2,2,1,1,1,1,2,2,2,2,1,1,1,2,1,2,1,1,1,1,1,2,1,1,2,2,2,2,2,1,2,1,1,1,1,2,1,1,2,2,1,2,234,224,4,2,1,2,1,2,2,1,1,1,1,1,2,2,1,2,2,1,1,2,1,1,1,2,1,2,2,2,2,2,2,1,1,2,2,2,2,1,1,1,1,2,2,1,2,1,2,1,1,2,2,1,7,3,3,1,3,3,1,2,2,11
1,234,225,4,2,2,2,6,4,3,3,1,5,2,0,0,2,1,1,2,6,1,1,2,1,3,1,2,2,1,1,2,1,2,2,1,1,1,1,1,2,1,1,2,1,2,2,1,2,1,2,2,1,1,2,1,1,2,2,1,1,1,2,2,1,1,1,2,2,1,1,2,2,1,2,234,225,4,2,2,1,1,2,2,1,2,1,2,1,2,2,1,2,2,1,2,2,1,2,1,2,1,2,2,2,1,2,2,2,1,1,1,2,1,1,1,1,1,2,2,1,2,1,2,2,1,2,2,5,8,3,3,1,3,4,1,2,6,40
1,234,226,4,2,3,2,7,4,3,3,1,5,2,0,0,2,1,1,1,5,7,3,2,1,1,1,1,2,1,1,1,2,2,2,1,1,1,1,2,2,2,2,2,1,1,2,1,2,1,1,2,1,1,2,1,1,1,2,2,1,1,1,1,2,1,1,2,1,1,1,2,1,2,2,234,226,4,2,2,2,2,2,2,2,1,1,1,2,2,2,1,2,2,1,2,2,1,1,1,2,1,2,2,2,1,2,2,0,2,2,1,2,2,2,2,2,1,2,2,1,1,1,2,1,3,2,1,5,7,3,3,2,2,4,1,2,6,20
1,234,227,4,3,4,2,6,5,9,1,2,1,1,3,1,2,1,1,1,1,4,3,2,1,1,1,1,1,1,1,1,1,2,2,1,2,1,1,1,1,2,2,1,1,2,2,1,2,1,1,1,1,1,2,1,1,1,2,1,1,1,1,2,1,2,1,2,2,1,1,1,1,2,2,234,227,4,2,1,1,1,2,2,1,2,1,1,1,2,2,1,2,1,1,2,2,1,2,1,2,1,2,2,2,1,2,2,1,1,2,1,2,2,1,1,2,1,1,1,1,2,1,3,1,1,2,2,4,6,1,3,1,2,3,2,2,7,21
1,234,228,4,3,2,4,6,6,4,2,1,5,1,3,1,2,1,1,2,5,9,3,1,1,1,1,1,2,1,1,2,1,1,2,1,1,1,2,2,2,2,1,1,1,1,1,2,2,1,1,1,1,1,2,2,1,1,2,1,2,2,1,1,1,2,1,2,2,2,1,1,2,1,2,234,228,4,2,1,2,2,2,2,1,1,1,1,1,2,2,1,2,2,1,1,2,1,1,1,2,1,2,2,2,1,2,2,1,1,2,1,1,2,1,1,1,1,2,2,1,1,2,1,1,1,2,2,1,8,2,3,1,4,4,1,2,2,44
1,234,229,4,3,3,2,8,4,4,2,1,4,1,2,1,2,1,1,1,5,2,3,1,1,1,2,1,2,1,1,1,1,2,2,2,1,1,1,1,2,1,1,1,2,1,1,1,2,1,2,1,1,1,2,2,2,1,2,1,1,2,2,1,1,1,1,2,2,2,1,1,2,2,2,234,229,4,2,1,1,1,1,2,2,2,1,1,1,2,2,1,2,2,2,1,2,1,2,2,2,1,2,2,2,1,2,2,1,1,1,1,1,2,1,1,1,2,2,2,1,2,2,2,1,1,2,2,1,5,3,3,1,2,3,1,2,2,35
1,234,230,4,3,3,2,7,4,3,3,2,4,1,3,2,2,1,2,2,6,10,3,1,1,1,1,1,2,1,1,2,1,1,2,1,1,1,1,2,2,2,2,1,1,1,1,1,2,1,1,1,1,1,2,1,1,2,2,1,2,1,2,2,1,1,1,2,2,2,1,1,1,1,2,234,230,4,2,1,2,2,0,2,1,1,1,2,1,2,2,0,2,1,1,1,2,1,1,1,2,1,1,2,2,1,2,2,1,1,1,1,2,1,2,1,1,1,2,1,1,1,2,2,3,3,2,2,1,9,3,3,1,2,4,1,2,6,33
1,234,231,4,3,1,3,8,6,3,3,2,4,2,0,0,2,1,1,2,5,1,3,1,1,1,2,1,1,1,1,1,1,2,2,1,1,1,1,1,2,2,2,1,1,2,2,2,2,1,2,1,1,1,2,1,2,1,2,2,2,2,1,1,1,2,1,1,2,1,1,1,1,1,2,234,231,4,2,1,1,2,2,2,1,2,1,1,2,2,2,1,2,1,1,2,2,2,2,2,2,2,2,2,2,1,2,2,1,2,2,2,2,2,2,1,1,2,2,1,1,2,2,3,3,0,2,2,5,8,3,3,1,4,4,1,2,6,28
1,234,232,4,3,1,3,7,3,3,3,2,1,2,0,0,2,1,1,1,6,1,3,1,1,1,1,1,2,1,1,2,1,2,2,1,1,1,1,2,2,2,1,1,1,1,1,2,2,2,2,1,1,1,2,1,1,1,2,1,1,1,2,1,2,2,1,2,2,1,1,2,1,1,2,234,232,4,2,1,2,1,2,2,1,1,1,2,2,2,2,1,2,1,1,1,2,1,2,1,2,1,2,2,2,1,2,2,1,1,2,1,1,2,2,1,2,2,2,1,2,2,2,2,1,0,2,2,5,8,3,3,1,2,4,1,2,6,5
1,234,233,4,2,2,2,6,4,9,1,1,4,2,0,0,2,1,1,2,6,1,1,1,2,2,1,1,1,1,1,1,1,2,2,1,2,1,2,1,2,1,2,1,1,1,2,1,2,1,2,1,1,1,2,1,1,1,2,1,2,1,1,2,1,1,1,2,2,1,1,1,1,1,2,234,233,4,2,1,2,2,1,2,1,1,1,1,1,2,2,1,2,2,1,2,2,2,1,2,2,2,2,2,2,2,2,1,1,2,2,2,2,2,1,1,1,2,1,2,1,1,2,2,1,1,2,2,5,4,2,3,2,2,4,2,2,1,20
1,234,234,4,2,2,3,4,5,6,2,1,5,1,3,1,2,1,2,3,5,1,1,1,1,1,1,2,1,1,1,2,1,1,2,1,1,2,1,2,2,2,1,1,1,2,2,2,2,1,0,1,1,1,2,1,1,1,2,1,1,1,1,2,1,1,1,2,2,2,1,1,2,0,2,234,234,4,2,2,1,2,1,2,1,1,1,2,2,2,2,1,2,2,1,2,2,1,2,2,2,1,2,2,2,2,2,2,1,1,2,1,1,1,1,1,2,1,1,2,1,2,2,1,1,1,2,2,1,5,3,3,1,4,4,5,2,4,12
1,234,235,4,2,1,4,7,4,2,2,1,5,1,2,1,1,1,2,3,6,10,1,4,2,4,2,1,2,2,1,1,1,2,1,1,1,1,1,1,1,2,1,1,1,1,2,2,2,1,2,2,1,1,2,2,2,1,2,1,1,1,2,2,1,1,1,2,2,2,2,1,2,2,2,234,235,4,2,1,1,2,2,2,2,1,1,1,2,2,2,2,2,1,1,2,2,1,2,2,2,1,1,2,1,2,1,2,1,1,1,1,2,2,1,2,2,2,1,2,1,1,2,2,1,1,2,2,1,7,2,3,1,4,4,5,2,2,43
1,234,236,4,2,4,2,7,4,6,2,2,1,1,2,1,3,1,1,3,6,2,3,2,1,1,2,1,2,1,1,1,1,0,2,1,1,1,1,2,2,1,1,2,1,1,2,1,2,1,2,2,1,2,2,2,2,1,2,1,1,1,2,2,2,1,2,2,2,1,1,1,1,2,2,234,236,4,1,0,1,2,2,0,2,2,1,2,1,2,2,1,2,2,1,2,2,2,2,1,2,1,1,2,2,2,2,2,1,1,2,1,2,2,2,1,1,1,2,2,2,2,2,2,1,3,2,2,1,5,3,3,1,2,3,1,2,4,48
1,234,237,4,2,3,2,7,4,4,2,1,5,1,2,1,2,1,1,1,6,2,2,4,2,2,2,1,2,1,1,1,1,2,2,2,1,1,2,2,2,2,2,1,1,1,2,1,2,1,1,1,1,2,2,2,2,1,2,1,1,1,1,2,2,1,1,2,2,1,1,2,2,1,2,234,237,4,1,1,2,2,2,0,0,2,1,1,2,2,2,2,2,2,1,2,2,1,2,1,2,1,2,2,2,1,2,2,1,2,2,2,2,2,1,1,2,1,1,2,1,2,2,2,1,1,1,1,1,4,1,3,1,3,3,3,2,2,1
1,234,238,4,2,3,2,7,5,3,3,1,5,2,0,0,2,1,1,1,4,1,3,2,2,2,2,1,2,1,1,1,1,2,2,2,2,1,1,2,2,2,1,1,2,1,2,1,2,1,2,2,1,2,2,1,2,2,2,1,2,2,2,2,1,1,1,2,2,1,1,1,2,2,2,234,238,4,2,1,2,2,2,2,2,2,1,1,2,2,2,1,2,2,1,1,2,1,2,2,2,2,2,2,1,1,2,2,1,2,2,1,2,2,1,1,2,1,1,2,1,2,2,2,2,1,2,2,5,9,3,3,1,3,4,1,2,6,54
1,234,239,4,3,1,3,8,1,5,3,2,1,2,0,0,2,1,1,2,6,1,3,3,2,0,2,2,2,1,1,1,0,2,2,2,2,1,1,2,1,2,2,1,1,1,2,1,1,1,2,2,1,2,2,1,2,1,0,1,1,1,1,2,2,2,1,2,2,2,1,2,2,2,2,234,239,4,2,2,2,1,1,2,2,0,1,1,2,2,2,2,2,1,2,2,2,2,2,2,2,1,2,2,2,2,2,2,2,1,2,2,2,2,2,2,2,2,2,2,2,2,2,2,2,1,2,0,5,4,3,3,2,2,4,5,3,0,15
1,234,240,4,2,2,3,8,4,3,3,2,4,2,0,0,2,1,1,2,4,2,3,2,2,3,1,1,2,2,1,1,1,2,2,2,2,1,2,2,2,2,2,2,1,1,2,1,2,1,2,1,1,1,2,1,2,1,2,1,1,2,2,2,2,1,2,2,2,1,1,1,1,1,2,234,240,4,2,1,2,2,1,2,2,2,1,2,2,2,1,2,1,2,1,1,2,1,1,1,2,1,2,2,2,1,2,2,1,1,1,1,1,2,2,1,1,2,2,1,1,2,2,2,2,1,2,2,5,4,3,3,2,2,4,1,2,6,43
1,234,241,4,3,3,2,6,6,9,1,2,2,1,3,1,2,1,1,2,6,2,3,2,1,1,1,3,1,1,1,1,1,2,2,1,2,1,1,2,2,2,2,1,1,1,1,2,2,1,2,1,1,2,2,2,2,1,2,1,2,1,1,1,1,2,2,2,2,1,2,1,2,1,2,234,241,4,1,1,2,2,1,2,1,2,1,2,1,2,2,1,2,2,1,1,2,1,2,2,2,1,2,2,2,1,2,2,1,2,2,2,2,2,2,1,1,1,2,1,1,2,2,1,1,2,2,2,1,6,3,3,1,4,3,2,2,1,42
1,234,242,4,4,4,4,7,6,6,2,2,1,1,2,1,2,1,1,2,5,1,3,1,1,1,1,1,2,1,1,2,1,2,2,1,2,2,2,2,2,1,2,1,1,1,1,2,2,1,1,1,1,2,2,1,1,2,2,2,2,2,1,2,2,1,1,1,2,1,1,1,2,1,2,234,242,4,2,1,2,2,2,2,1,1,1,2,1,2,2,1,2,1,2,1,2,1,2,1,2,1,2,2,2,1,2,2,1,1,2,2,2,2,1,1,1,1,1,1,1,1,1,1,1,3,1,2,1,8,2,3,1,5,3,3,2,4,37
1,234,243,4,4,3,4,6,6,4,2,2,4,1,5,1,2,1,1,2,3,10,3,2,1,1,1,2,1,3,1,2,1,2,2,1,2,2,2,2,2,2,1,1,1,1,1,1,2,1,1,1,1,1,2,1,1,1,2,1,2,1,1,2,1,1,1,2,2,1,1,2,2,1,2,234,243,4,2,1,1,2,2,2,1,1,1,2,1,2,2,1,1,1,1,1,2,2,2,1,2,2,1,2,2,1,2,2,1,1,2,1,2,2,1,1,2,1,2,2,1,2,1,3,3,1,1,2,1,9,3,3,1,4,4,1,2,2,13
1,234,244,4,4,2,5,8,5,3,3,2,4,2,0,0,2,3,3,2,4,1,3,2,1,1,1,1,1,1,1,1,1,2,2,1,1,1,2,1,2,2,2,1,1,2,2,1,2,1,2,1,1,1,2,1,2,1,2,1,2,1,1,1,1,1,1,2,2,2,1,1,1,2,2,234,244,4,1,1,1,1,2,1,1,2,1,1,1,2,2,1,1,2,1,2,2,1,2,2,2,1,1,2,2,1,2,2,1,1,2,2,2,2,1,1,1,2,2,2,2,1,1,2,1,1,2,2,5,7,3,3,1,3,4,1,2,6,17
1,234,245,4,4,3,3,7,5,9,1,2,1,1,2,1,2,1,1,2,4,10,3,1,1,1,1,1,1,1,1,1,1,2,2,1,2,1,1,1,2,2,2,1,1,1,2,1,2,1,2,2,1,1,2,1,1,2,2,1,2,1,1,2,1,2,1,2,2,1,1,1,2,1,2,234,245,4,2,2,1,2,2,1,2,2,1,2,1,2,2,1,2,2,1,1,2,1,2,2,1,1,1,1,2,2,2,2,1,2,2,2,2,1,1,1,1,1,2,1,2,2,2,2,1,2,2,3,1,6,2,3,1,5,3,2,2,1,1
1,234,246,4,4,1,3,6,6,7,1,2,1,1,4,2,2,1,1,2,4,1,1,1,2,2,3,1,1,1,1,2,1,2,2,1,1,1,2,2,2,2,1,1,1,1,2,1,2,2,2,1,1,2,2,2,1,2,2,1,2,1,2,2,2,2,1,2,2,1,1,2,2,2,2,234,246,4,2,2,2,2,2,2,1,2,1,1,2,2,2,1,2,2,1,1,2,2,2,2,2,1,2,2,2,1,2,2,1,1,2,1,2,2,1,1,1,1,2,2,2,1,2,1,1,1,1,2,2,9,2,3,1,4,4,5,2,7,17
1,234,247,4,4,3,3,6,5,9,1,1,5,1,2,1,2,1,1,1,4,1,1,2,2,2,2,2,1,1,1,2,1,2,2,1,2,1,1,2,2,2,2,1,1,1,1,2,2,1,2,1,1,1,2,1,1,1,2,1,2,1,2,2,2,2,1,2,2,1,1,2,2,1,2,234,247,4,2,2,2,1,2,2,1,2,1,1,2,2,2,1,2,1,1,1,2,1,2,2,2,1,1,2,2,2,2,2,1,2,2,1,1,2,1,1,1,2,2,2,1,2,2,2,2,1,2,2,1,8,3,3,1,2,4,2,2,1,32
1,234,248,4,4,3,3,8,6,6,2,2,1,2,0,0,2,1,1,1,4,7,3,1,2,2,1,1,2,1,1,2,1,2,2,1,2,2,1,2,2,2,1,2,1,1,2,2,2,1,2,1,1,1,2,2,1,1,2,2,1,2,1,2,1,2,1,2,2,2,1,1,1,1,2,234,248,4,2,1,2,2,2,2,1,1,2,1,2,2,2,1,2,1,1,1,2,2,1,1,2,1,1,2,2,1,2,2,1,1,2,2,2,2,1,1,1,2,2,2,2,2,2,2,1,1,3,3,5,8,1,3,2,5,3,3,2,4,24
1,234,249,4,4,4,4,6,6,6,2,2,4,1,3,1,1,1,1,1,4,6,3,2,1,1,1,2,2,1,1,2,1,2,2,1,2,1,1,2,2,2,2,1,1,2,2,1,2,1,2,1,1,1,2,1,1,1,2,2,1,2,1,1,1,2,1,2,2,1,1,2,1,1,2,234,249,4,2,2,2,2,2,2,1,1,1,2,1,2,2,1,2,1,1,1,2,2,1,1,2,1,2,2,2,1,2,1,1,1,2,1,2,2,1,1,2,1,1,1,1,2,2,2,1,1,1,2,1,6,2,3,1,5,4,1,2,4,42
1,234,250,4,4,4,3,7,6,15,2,2,4,1,3,2,1,2,3,2,3,10,3,1,1,1,1,2,0,1,1,2,1,2,2,1,0,2,2,2,2,1,0,0,1,1,2,1,2,1,1,1,1,1,2,2,1,1,2,2,1,1,1,0,1,1,1,2,2,1,1,2,1,1,2,234,250,4,2,1,2,2,2,2,1,1,1,2,1,2,2,1,2,1,1,1,2,1,0,1,2,2,2,2,2,1,2,2,1,1,2,2,2,1,1,1,1,1,2,1,1,2,2,2,1,1,3,2,2,3,3,3,2,5,3,3,2,4,31
1,234,251,4,4,3,3,8,6,4,2,2,1,1,3,1,2,1,1,2,4,2,3,2,1,1,1,1,2,1,1,2,1,1,2,1,1,1,1,2,2,1,1,1,1,1,1,1,2,0,1,1,1,1,2,1,2,1,2,1,2,2,1,2,1,1,1,2,2,1,1,2,1,1,2,234,251,4,2,2,2,1,2,0,1,2,1,1,2,2,2,1,2,1,1,1,2,1,2,1,2,2,1,2,2,1,2,2,1,0,1,2,2,2,2,1,1,1,2,2,1,1,2,2,1,1,1,2,1,10,3,3,1,3,4,1,2,2,19
1,234,252,4,4,3,5,4,6,4,3,2,4,2,0,3,2,1,1,1,6,6,1,2,2,2,2,1,0,1,1,2,1,1,2,1,1,2,1,1,2,2,2,1,1,1,1,2,2,2,1,1,1,2,2,1,1,2,2,2,2,2,1,1,1,2,1,2,2,1,1,0,1,1,2,234,252,4,2,2,1,2,2,2,1,2,1,2,1,2,2,1,1,2,1,1,2,2,1,1,2,1,2,2,2,1,2,2,1,0,2,2,2,2,1,2,1,1,2,1,2,1,2,1,1,3,2,2,5,6,2,2,2,4,4,1,2,5,11
1,234,253,4,1,2,2,6,4,9,1,1,5,2,0,0,2,1,1,2,1,1,1,3,2,2,2,1,1,1,1,2,1,2,2,1,1,1,1,2,1,1,1,1,1,1,2,1,1,1,2,2,1,1,1,2,2,1,2,1,1,1,1,1,2,1,1,2,2,2,2,1,2,2,2,234,253,4,1,1,2,2,1,2,2,2,1,2,1,2,2,1,2,2,1,2,2,2,2,2,2,1,2,2,2,1,2,2,1,2,2,1,2,2,1,1,2,2,1,2,1,2,2,2,1,2,1,3,5,6,3,3,2,2,3,2,2,1,6
1,234,254,4,3,2,2,6,5,15,2,2,1,2,0,0,2,1,1,2,4,1,1,3,1,3,3,1,2,1,1,1,1,2,2,1,1,1,2,2,2,2,2,1,2,1,2,2,2,1,1,1,1,1,1,1,1,0,2,1,2,2,1,2,1,2,1,0,1,1,1,0,2,1,2,234,254,4,2,0,2,2,2,2,1,1,1,1,1,2,2,1,2,2,1,1,2,2,1,1,0,0,1,2,2,2,2,2,0,1,2,1,2,2,2,1,1,2,1,2,1,0,0,2,2,2,2,2,6,0,3,3,1,2,4,1,2,4,1
1,234,255,4,3,4,5,7,5,4,2,2,1,1,3,3,2,3,1,2,6,1,3,0,1,2,2,1,2,1,1,1,1,0,0,2,2,1,1,1,0,2,1,2,0,2,2,1,1,1,2,2,1,0,1,1,2,0,2,1,1,1,1,2,0,1,1,0,2,2,2,0,2,0,2,234,255,4,0,1,2,1,0,0,2,2,1,2,2,2,2,2,2,0,2,2,2,2,2,2,2,1,1,2,2,0,2,0,0,2,1,1,2,2,2,1,1,2,1,2,1,2,0,2,0,2,3,2,2,7,3,3,2,2,4,1,2,6,32
1,234,256,4,3,4,2,7,5,9,1,2,4,1,1,1,2,1,1,3,3,1,3,3,2,4,1,1,2,1,1,1,1,2,2,1,2,1,1,2,2,2,1,1,1,1,2,2,2,1,2,1,1,1,1,2,1,2,2,1,2,1,2,2,2,2,2,2,1,2,1,2,2,2,2,234,256,4,2,2,1,1,1,2,1,2,1,1,2,2,2,1,2,2,1,1,2,1,2,1,2,1,2,2,2,2,2,2,1,2,2,1,2,2,1,1,2,2,1,1,1,1,1,2,1,1,2,2,1,8,3,3,1,5,4,2,2,1,61
1,234,257,4,3,2,5,7,5,15,2,2,4,2,0,0,2,1,2,2,4,1,3,2,1,2,2,2,2,1,1,1,1,2,2,1,1,1,1,1,2,2,1,2,0,1,1,1,1,1,1,2,1,1,1,1,2,0,2,1,1,1,1,2,0,0,1,1,2,1,1,0,0,2,2,234,257,4,2,0,1,2,2,2,2,2,1,1,2,2,2,1,2,2,1,2,2,2,1,1,2,0,0,2,0,0,0,0,0,0,0,0,0,0,1,1,2,0,0,1,1,2,1,2,1,2,2,2,5,7,3,3,2,1,4,1,2,4,5
1,234,258,4,3,2,5,7,5,4,2,2,4,2,0,0,2,1,1,2,5,1,3,4,2,2,2,1,2,1,1,1,2,1,2,1,1,1,1,2,2,2,2,1,1,1,2,2,2,1,2,1,1,1,1,2,2,1,2,1,1,2,1,2,1,2,1,2,2,1,1,1,1,1,2,234,258,4,2,1,1,2,2,2,1,1,1,1,1,2,2,1,1,1,1,2,2,1,1,2,2,1,1,2,2,0,2,2,1,2,2,1,2,2,2,2,2,1,2,2,1,1,1,2,1,1,3,2,5,9,3,3,2,3,4,1,2,5,8
1,234,259,4,3,2,5,7,5,6,2,2,4,1,3,1,2,1,1,3,4,4,3,2,2,2,1,1,2,1,1,2,1,1,2,2,1,1,1,1,2,2,1,1,1,2,2,1,2,1,2,2,1,1,1,2,2,1,2,2,1,1,2,2,1,1,1,2,2,2,1,1,2,2,2,234,259,4,2,2,1,2,2,2,2,2,2,1,1,2,2,2,2,1,2,2,2,2,2,1,2,2,1,2,2,2,2,0,1,2,2,1,2,2,2,1,1,2,2,2,1,2,1,2,1,3,2,2,1,6,3,3,2,2,4,1,2,4,41
1,234,260,4,3,4,5,8,6,4,2,2,1,1,2,1,2,1,1,1,6,1,3,3,1,3,2,2,2,2,1,0,1,2,2,2,1,1,1,2,0,2,2,2,1,1,2,1,1,1,2,1,1,2,1,2,2,2,2,1,2,1,1,2,1,2,2,2,2,1,1,1,2,1,2,234,260,4,2,1,2,2,2,0,2,2,1,2,2,2,2,1,2,2,1,2,2,2,2,1,2,1,1,2,2,1,2,2,1,2,2,1,2,2,1,1,2,1,1,1,1,2,1,2,2,2,2,2,1,10,3,3,1,5,3,3,2,2,36
1,234,261,4,3,3,4,6,5,3,2,2,1,1,2,3,2,1,1,1,6,1,3,3,1,3,1,1,2,1,1,2,1,2,2,1,1,1,1,2,2,2,1,1,2,1,2,1,2,1,2,2,1,1,1,1,2,2,2,1,2,1,1,2,2,2,2,1,2,2,2,2,1,1,2,234,261,4,2,1,2,2,1,2,2,2,1,1,1,2,2,2,2,1,2,1,2,2,2,1,2,1,2,2,2,2,2,2,1,1,2,1,2,2,2,1,2,1,2,1,1,2,1,2,1,1,2,2,1,8,3,3,2,2,4,1,2,6,65
1,234,262,4,3,2,5,6,5,3,3,2,1,1,2,2,2,1,1,3,4,1,3,2,1,1,2,2,2,1,1,1,1,2,2,1,2,1,2,2,2,2,2,2,1,1,2,1,2,2,1,1,1,1,1,1,2,2,2,1,1,2,1,2,1,1,1,2,2,1,2,0,2,2,2,234,262,4,2,0,2,2,2,2,1,2,1,2,2,2,2,1,2,2,1,2,2,1,2,1,2,0,2,2,2,1,2,2,0,1,2,2,2,2,2,1,2,1,2,1,1,2,1,2,1,0,2,2,1,7,2,3,2,1,4,1,2,6,31
1,234,263,4,3,4,4,8,6,11,3,2,4,1,4,3,2,1,1,2,4,1,3,1,1,1,1,2,2,1,1,2,1,2,2,1,2,1,1,2,2,2,2,2,1,1,2,1,2,2,2,2,2,2,1,2,1,2,2,2,2,2,1,2,2,2,2,1,2,1,1,0,1,1,2,234,263,4,2,2,0,2,2,2,1,1,1,2,1,2,2,1,2,1,1,2,2,1,1,1,2,0,1,2,0,0,2,2,0,1,2,1,1,2,2,1,1,1,2,2,2,2,1,1,1,2,1,2,1,8,3,3,2,5,3,3,2,3,6
1,234,264,4,3,1,3,8,5,3,3,2,4,2,0,0,2,1,1,2,5,1,3,2,1,2,2,1,2,1,1,2,1,2,2,2,1,1,1,1,1,2,2,2,1,2,2,1,2,1,2,2,1,1,1,2,2,1,2,1,1,1,1,2,2,1,1,2,2,1,1,1,2,2,2,234,264,4,2,2,1,1,1,1,2,2,1,1,2,2,2,1,2,2,1,1,2,2,1,2,2,2,2,2,2,2,2,2,1,2,1,1,1,1,2,1,2,2,2,1,1,2,1,2,3,1,2,2,5,9,3,3,2,3,4,1,2,6,42
1,234,265,4,3,4,3,8,5,3,3,2,4,1,3,2,2,1,1,2,5,1,1,3,1,3,1,1,2,1,1,1,1,2,2,2,2,1,1,2,2,2,2,1,1,2,2,1,2,1,2,2,1,1,1,2,2,1,2,1,1,2,1,2,1,1,1,2,1,2,2,1,1,2,2,234,265,4,2,1,1,1,1,2,2,2,1,1,2,2,2,2,2,1,1,1,2,2,1,2,2,1,1,2,2,1,2,2,1,1,1,1,2,1,2,1,1,1,1,1,1,1,1,2,1,2,2,2,1,7,3,3,2,2,4,1,2,6,11
1,234,266,4,3,1,5,8,4,3,3,2,1,1,2,3,2,1,1,2,4,1,3,2,1,1,2,1,2,3,1,2,1,2,2,2,1,2,1,1,1,2,2,2,1,2,2,2,2,1,2,2,1,1,1,1,2,2,2,1,1,1,1,2,1,1,1,2,2,2,2,1,2,1,2,234,266,4,2,1,1,1,1,1,2,2,1,2,1,2,2,1,2,2,1,1,2,2,2,1,2,1,1,2,2,2,2,2,1,1,2,1,2,1,1,1,0,2,2,1,1,2,1,2,3,0,2,2,1,6,3,3,1,2,4,1,2,6,26
1,234,267,4,2,2,2,6,4,4,2,1,5,1,2,2,2,1,1,2,5,1,1,3,1,3,2,1,2,1,1,1,1,2,2,1,2,1,1,1,2,2,2,1,1,1,2,1,2,1,2,1,1,1,1,1,1,1,2,2,2,2,2,2,1,1,1,1,2,2,2,1,1,1,2,234,267,4,2,1,1,1,2,2,1,1,1,1,1,2,2,1,2,1,1,2,2,2,1,1,2,1,2,2,2,2,2,2,1,1,2,1,2,2,2,1,1,2,2,1,1,1,1,2,2,0,2,2,2,10,3,3,1,3,4,1,2,6,27
1,234,268,4,2,1,2,7,2,4,2,1,5,2,0,0,2,1,1,1,1,3,3,2,2,2,1,1,2,1,1,2,1,1,2,1,1,1,1,2,2,1,2,1,1,1,1,1,2,1,2,1,1,1,1,1,1,2,2,1,1,1,2,2,1,2,1,1,2,1,1,2,1,1,2,234,268,4,2,2,2,2,2,2,2,1,1,2,2,2,1,1,1,2,2,2,1,2,2,2,2,1,2,2,2,1,2,2,1,1,2,1,2,2,1,1,1,1,2,2,1,2,1,2,1,0,2,2,5,9,3,3,2,2,4,1,2,6,25
1,234,269,4,2,2,4,8,4,3,3,2,4,2,0,0,2,1,1,1,3,1,3,2,1,1,2,1,1,1,1,1,1,2,2,1,1,1,1,1,2,1,1,1,1,1,2,1,2,1,2,2,1,1,1,1,2,1,2,1,2,2,2,2,1,2,1,1,2,2,1,1,2,2,2,234,269,4,2,1,1,1,2,2,2,2,1,1,1,1,2,1,1,2,1,1,2,1,2,2,2,2,1,2,2,1,2,2,2,1,1,1,1,2,2,1,1,2,2,1,1,2,1,2,1,0,2,2,5,10,3,3,1,3,4,1,2,6,22
1,234,270,4,3,3,3,6,6,9,1,2,4,1,3,2,2,1,2,3,1,10,3,2,2,2,1,2,1,1,1,1,1,2,1,1,1,1,1,2,1,2,1,1,2,2,2,1,1,1,2,1,2,1,1,2,2,1,2,1,1,1,1,2,2,1,1,2,2,2,2,1,2,1,2,234,270,4,1,1,2,1,1,1,1,2,1,1,2,2,1,2,2,2,2,1,2,1,2,2,2,2,1,2,2,1,2,2,2,1,2,1,1,2,2,1,1,1,1,2,1,2,1,2,2,3,1,2,4,0,3,3,1,3,4,2,2,7,22
1,234,271,4,3,2,3,5,6,9,1,2,4,2,0,0,3,1,1,2,1,1,3,1,1,1,1,3,1,1,1,2,1,2,2,1,2,2,1,2,1,2,2,1,1,1,2,1,2,2,1,1,1,1,1,2,1,1,2,1,1,2,1,2,2,1,1,1,1,1,1,2,2,1,2,234,271,4,2,1,2,2,2,2,2,1,1,1,1,1,2,1,2,2,1,1,2,1,2,1,2,2,2,2,2,1,2,2,1,2,2,2,2,2,1,1,1,1,2,1,1,1,2,2,1,1,1,1,5,9,3,3,2,3,3,2,2,1,51
1,234,272,4,3,2,3,7,5,7,2,2,4,1,2,1,2,1,1,2,6,1,2,2,1,1,1,1,2,1,1,1,1,2,2,1,1,1,1,1,2,2,1,2,1,1,2,1,2,1,2,1,1,1,1,1,1,2,2,1,1,2,1,1,1,2,1,1,2,1,1,1,1,1,2,234,272,4,2,1,1,2,1,2,2,2,1,1,2,1,2,1,2,2,1,2,2,1,2,1,2,2,2,2,2,2,2,2,1,2,2,2,2,2,1,1,1,1,2,1,1,2,2,3,1,0,1,3,1,7,3,3,2,2,4,1,2,2,22
1,234,273,4,3,2,2,7,4,4,2,1,4,1,2,1,2,1,1,1,4,2,3,2,2,2,1,1,2,1,1,1,1,2,2,1,1,1,1,1,2,1,1,2,1,1,2,1,2,1,2,2,1,1,1,1,1,1,2,1,1,1,2,1,1,2,1,2,2,1,1,1,2,1,2,234,273,4,2,1,1,2,1,2,2,1,1,1,1,1,2,1,2,1,1,1,2,1,2,1,2,1,2,2,2,1,2,2,1,1,2,1,2,2,2,1,2,2,2,1,1,2,2,2,1,1,2,2,1,10,3,3,1,2,3,1,2,2,28
1,234,274,4,3,4,3,8,5,8,2,2,1,1,3,1,2,1,1,3,5,2,3,4,2,4,3,1,2,1,1,1,1,1,1,2,2,1,1,2,2,1,1,2,1,2,1,1,1,1,2,2,2,1,1,2,2,1,2,1,1,2,2,2,1,1,2,2,2,2,1,1,1,2,2,234,274,4,2,1,2,2,2,2,2,2,1,1,2,2,2,2,2,2,1,2,1,2,2,2,2,1,1,2,2,1,2,2,1,1,1,1,2,2,2,1,1,2,1,2,1,1,2,2,1,1,2,2,1,4,3,3,1,5,3,3,2,2,52
1,234,275,4,3,2,2,7,5,1,2,1,5,1,2,3,2,1,1,3,3,10,3,4,2,4,2,1,2,1,1,2,1,1,2,2,1,1,1,1,1,2,1,2,1,2,1,1,1,1,2,2,1,2,1,2,2,1,2,1,1,1,1,2,1,1,2,1,2,1,1,2,2,2,2,234,275,4,1,1,2,1,2,2,2,2,1,1,2,2,2,2,2,2,2,2,2,2,2,2,2,2,1,2,2,2,2,2,1,1,1,1,2,2,2,2,2,2,2,2,2,2,2,2,2,1,2,2,1,7,3,3,2,2,4,1,2,2,40
1,234,276,4,3,3,2,7,4,3,3,2,4,2,0,0,1,3,1,1,6,2,3,3,1,1,2,1,2,2,1,1,1,2,2,1,1,1,1,2,2,2,2,1,1,1,2,1,2,1,1,1,1,1,1,2,1,1,2,1,1,2,1,2,1,1,1,2,2,1,1,1,2,1,2,234,276,4,2,1,2,1,2,2,2,2,1,1,2,2,2,1,2,2,1,1,2,1,1,1,2,2,2,2,2,1,2,2,1,1,2,1,2,2,1,1,2,1,2,1,2,2,2,2,3,0,1,2,5,5,3,3,1,5,3,3,2,6,12
1,234,277,4,2,2,3,7,5,9,1,1,5,1,2,3,2,1,1,1,4,1,3,1,3,1,1,2,2,1,1,1,1,0,2,1,2,1,1,2,2,2,2,1,1,1,2,1,2,1,1,2,1,1,1,1,1,2,2,2,1,2,1,2,2,2,1,1,1,2,2,0,1,1,2,234,277,4,2,1,1,1,2,2,1,2,1,2,1,2,2,1,2,1,1,1,2,2,1,1,2,1,2,2,2,1,1,2,1,1,2,2,2,2,1,1,2,1,2,1,2,1,2,3,1,1,1,2,3,8,3,3,2,2,4,2,2,1,57
1,234,278,4,2,3,2,7,5,9,1,1,5,1,2,2,2,1,2,3,4,2,3,3,1,4,2,1,2,1,1,1,1,2,2,2,1,1,1,1,1,2,1,1,2,1,2,1,2,1,2,2,1,2,1,2,2,1,2,1,2,1,1,2,1,1,2,2,2,2,1,2,2,1,2,234,278,4,1,1,2,2,1,1,2,2,1,1,2,2,2,1,1,1,1,2,2,2,2,1,2,1,2,2,2,1,2,2,1,1,1,1,2,2,1,1,2,2,1,2,1,1,2,2,2,2,2,2,2,5,3,3,2,3,4,2,2,6,24
1,234,279,4,2,4,2,8,4,4,2,2,1,1,2,1,2,1,1,2,5,2,3,2,1,2,2,1,2,1,1,2,1,2,2,1,1,1,1,2,2,1,1,1,2,1,2,2,2,1,2,1,1,2,1,1,1,2,2,1,2,1,1,1,2,2,2,2,2,1,1,1,2,2,2,234,279,4,2,2,2,2,2,1,2,1,1,1,2,2,2,1,2,2,1,1,1,1,2,1,2,1,2,2,2,2,2,2,1,2,1,1,2,2,1,1,1,1,1,2,1,2,2,1,1,1,1,2,1,8,2,3,1,1,3,1,2,2,7
1,234,280,4,2,1,2,7,4,4,2,2,4,1,3,1,2,1,1,2,4,1,3,4,2,2,2,1,2,2,1,2,1,1,2,1,1,1,1,1,1,2,1,2,1,2,2,1,1,1,2,2,1,2,1,2,2,1,2,1,1,1,1,2,2,1,1,2,2,2,2,2,2,2,2,234,280,4,1,2,1,1,1,2,1,2,1,1,2,2,2,2,2,2,1,2,2,2,2,2,2,2,2,2,1,2,2,2,1,1,1,1,2,1,2,1,1,2,2,1,1,1,2,2,2,3,2,2,0,6,1,3,1,3,4,1,2,6,35
1,234,281,4,2,4,2,7,5,4,2,1,5,1,3,1,2,1,1,2,5,2,3,4,2,3,2,1,2,1,1,1,1,2,2,1,1,1,1,2,2,2,1,1,1,1,2,1,2,1,2,1,1,1,1,2,2,1,2,1,2,1,1,2,2,2,1,2,2,1,1,2,1,2,2,234,281,4,2,1,1,1,2,2,2,1,1,1,2,1,2,1,2,2,1,2,2,1,1,1,2,1,1,2,1,1,2,1,1,1,2,1,2,2,2,1,1,1,2,2,1,2,2,2,1,1,2,2,1,9,2,3,1,1,3,3,2,2,55
1,234,282,4,4,1,3,6,6,9,1,2,1,1,3,1,2,1,1,2,4,6,1,1,1,1,1,1,2,1,1,1,1,2,1,1,2,1,1,2,2,1,1,1,1,1,1,1,2,1,2,1,1,1,1,1,1,2,2,1,2,1,1,2,1,1,2,2,1,1,1,1,1,1,2,234,282,4,2,1,2,1,2,2,1,2,1,1,1,2,2,1,2,2,1,2,1,1,2,1,2,1,1,2,2,1,2,2,1,1,2,2,2,2,2,1,1,1,1,1,1,2,1,2,1,1,2,2,6,5,2,3,1,4,4,2,2,1,62
1,234,283,4,4,3,3,7,6,9,1,2,4,2,0,0,2,1,1,1,5,10,3,2,2,2,1,1,2,3,1,1,1,2,2,1,2,1,1,1,1,2,2,2,2,2,2,1,0,1,2,2,1,1,1,1,1,1,2,2,1,1,1,1,1,1,1,2,2,2,2,1,1,1,2,234,283,4,1,1,1,1,1,1,2,2,1,2,1,2,2,1,2,2,1,1,2,2,1,2,2,2,2,2,2,1,2,2,1,1,2,1,2,1,2,1,1,1,2,1,1,1,1,2,2,2,1,2,5,6,3,3,2,2,4,1,2,7,12
1,234,284,4,4,1,4,7,5,9,1,1,5,1,3,1,2,1,1,1,6,1,3,2,3,2,2,2,1,1,1,1,1,2,2,2,2,1,1,2,2,2,1,1,1,1,2,1,2,1,2,2,1,1,1,1,1,1,2,1,1,2,2,1,1,2,1,2,2,1,1,2,2,2,2,234,284,4,2,1,2,2,1,2,2,2,1,1,1,2,2,1,2,2,1,2,2,1,2,2,2,1,1,2,2,2,2,2,2,1,2,1,2,2,1,1,1,2,1,2,1,2,1,2,2,1,1,3,1,7,3,3,1,5,3,2,2,1,31
1,234,285,4,4,4,4,8,6,2,2,2,4,1,1,3,1,1,1,3,6,1,1,1,2,1,1,1,1,1,1,1,1,2,2,1,1,1,1,2,2,2,1,1,1,1,1,1,2,1,2,1,1,1,1,2,1,2,2,1,2,2,1,1,2,2,1,2,2,2,1,1,1,2,2,234,285,4,2,1,2,2,2,2,1,2,1,1,1,1,2,1,2,2,1,1,2,2,2,1,2,2,2,2,2,1,2,2,1,1,2,1,2,2,1,1,1,1,1,1,1,2,1,2,1,2,1,2,1,4,3,3,2,5,3,3,2,4,13
1,234,286,4,4,2,4,8,5,2,2,1,5,1,2,1,2,1,1,1,5,4,1,2,1,1,1,1,2,2,1,1,1,1,2,1,1,1,1,2,2,2,1,2,1,1,2,1,1,1,1,1,1,1,1,1,1,1,2,1,2,1,2,2,2,2,1,2,2,2,1,1,2,1,2,234,286,4,1,1,1,2,1,2,2,1,1,1,2,2,1,1,2,1,1,1,2,2,2,1,2,1,2,2,2,2,2,2,1,1,2,1,2,2,1,1,2,2,2,1,1,2,2,2,1,1,3,2,1,8,3,3,1,1,4,1,2,2,48
1,234,287,4,4,2,4,6,6,6,2,2,1,2,0,3,1,2,2,3,4,1,1,2,1,1,2,1,1,1,1,1,1,1,2,1,1,1,1,1,2,2,1,1,1,1,2,1,2,2,2,2,1,1,1,2,2,2,2,1,1,1,2,2,2,1,1,1,2,2,1,2,2,1,2,234,287,4,2,1,2,2,1,2,2,2,1,1,2,2,2,1,2,2,1,1,2,2,2,1,2,1,2,2,1,1,2,2,1,2,2,1,2,2,1,1,1,1,2,1,1,2,2,2,1,2,1,2,5,5,3,3,2,2,4,1,2,4,43
1,234,288,4,1,2,2,6,4,9,1,1,5,2,0,0,2,1,1,1,6,1,1,2,2,2,1,1,1,1,2,2,1,2,2,1,2,2,1,2,2,2,1,1,1,1,0,1,2,1,2,1,1,1,2,1,1,2,2,2,1,1,1,2,1,2,1,2,1,1,1,1,2,1,2,234,288,4,2,2,2,2,2,2,2,2,1,1,1,1,2,2,1,2,1,1,2,2,2,1,1,2,1,2,2,2,1,1,2,1,1,2,1,2,2,2,1,2,1,1,2,2,2,2,1,1,1,2,5,9,3,3,2,3,4,2,2,1,7
1,234,289,4,1,2,2,6,4,9,1,1,5,2,1,0,2,1,1,1,5,6,1,2,1,1,1,2,1,1,2,2,1,2,2,2,2,2,2,2,2,2,2,1,1,2,1,2,2,2,1,1,1,1,2,1,1,2,2,2,2,1,2,2,1,2,1,1,2,1,1,2,2,1,2,234,289,4,2,1,2,2,2,2,1,2,1,2,1,2,2,1,2,2,1,2,2,2,2,1,2,1,2,2,2,2,2,2,1,2,2,2,2,2,1,1,1,1,1,1,2,1,2,3,1,2,1,2,5,8,3,3,2,3,4,2,2,1,65
1,234,290,4,3,2,2,6,4,9,1,2,4,1,2,1,2,1,1,1,6,1,3,1,1,1,1,2,1,1,2,2,1,2,2,1,1,1,1,2,2,2,2,1,1,1,2,2,2,1,2,1,1,2,2,1,1,1,2,1,1,1,1,2,1,1,1,2,2,2,2,2,2,1,2,234,290,4,2,2,1,2,2,2,2,2,1,1,1,2,1,1,1,1,1,1,2,1,2,1,2,1,2,2,2,2,1,2,1,2,2,1,2,2,1,1,2,1,2,2,1,2,1,2,2,1,2,2,1,6,2,3,1,3,4,2,2,1,12
1,234,291,4,3,3,2,6,6,4,2,2,1,1,2,1,1,2,2,2,4,1,3,2,1,1,2,2,1,1,2,1,1,2,1,1,1,1,1,2,2,2,1,1,1,1,2,1,2,2,2,1,1,1,2,2,1,1,2,1,2,1,1,1,1,2,1,2,2,1,1,1,1,1,2,234,291,4,2,1,2,1,2,2,1,1,1,1,1,2,2,1,2,2,1,1,1,1,1,1,2,1,1,1,2,1,2,2,1,1,2,1,2,2,1,1,1,1,2,1,1,1,1,3,1,1,2,2,1,6,1,3,1,4,4,1,2,2,5
1,234,292,4,3,1,3,8,5,1,2,2,4,1,1,1,2,1,1,1,1,1,3,2,1,1,1,1,2,1,2,2,1,2,2,1,1,1,2,2,2,2,1,1,2,1,2,2,2,1,2,1,2,1,2,1,1,1,2,1,2,1,2,2,2,2,1,2,1,1,1,1,2,2,2,234,292,4,2,1,2,2,2,2,2,2,1,1,2,2,1,1,1,1,1,1,2,2,2,2,2,2,1,2,1,1,2,2,1,1,2,2,2,2,2,1,1,2,2,1,1,2,1,2,2,2,2,2,1,4,3,3,1,4,4,1,2,2,34
1,234,293,4,3,2,3,6,6,4,2,1,5,1,4,1,2,1,1,2,6,2,1,2,2,2,2,2,2,1,2,2,1,2,2,1,1,2,2,2,2,1,1,2,1,1,2,2,2,1,2,1,1,1,2,2,1,2,2,2,2,2,2,2,1,2,1,2,2,2,2,2,1,1,2,234,293,4,2,2,2,2,2,2,1,2,1,1,1,2,2,1,2,2,1,2,2,1,2,2,2,2,1,2,2,1,2,2,1,2,2,2,2,2,2,1,1,1,2,1,2,2,1,2,1,2,2,2,2,8,3,3,1,4,4,1,2,2,25
1,234,294,4,3,4,5,5,6,4,2,2,1,1,2,1,2,1,1,2,6,9,3,2,1,1,1,2,2,1,2,2,1,2,2,1,2,1,1,1,2,1,1,1,1,1,2,1,2,1,1,1,1,1,2,1,1,1,2,1,2,2,1,1,2,2,1,2,2,1,1,2,2,1,2,234,294,4,2,1,1,2,2,2,1,2,1,1,1,2,2,1,1,1,1,2,2,1,2,1,2,1,2,2,2,1,2,2,1,1,2,1,1,2,1,1,1,1,2,1,1,2,1,1,1,0,1,2,1,8,2,3,1,4,4,1,2,2,53
1,234,295,4,3,3,5,7,5,6,2,2,1,2,0,0,1,1,1,1,4,1,3,2,1,1,1,3,1,1,2,1,1,2,2,1,1,1,1,2,2,2,1,1,2,1,2,1,2,2,2,1,1,1,2,1,1,1,2,1,2,2,1,2,2,2,1,1,2,2,1,2,1,1,2,234,295,4,2,1,2,2,2,2,1,2,1,2,2,2,2,1,2,1,1,1,2,1,1,1,2,1,2,2,2,1,2,2,1,1,2,1,1,2,2,1,1,1,2,2,1,1,1,3,1,1,3,2,5,9,3,3,2,2,4,1,2,4,26
1,234,296,4,3,2,3,6,5,15,3,1,5,1,3,3,2,1,0,2,6,1,3,1,1,1,1,1,1,1,2,1,1,2,2,1,2,1,1,0,2,1,2,2,1,1,0,1,2,2,2,1,1,1,2,1,1,1,2,2,2,2,0,2,2,2,1,0,2,2,1,1,1,1,2,234,296,4,2,1,2,2,2,1,1,0,1,1,2,2,2,1,2,2,1,1,2,2,0,1,2,2,2,2,2,1,2,2,1,1,2,2,2,2,2,1,2,1,2,1,2,2,1,2,1,0,3,3,2,9,3,3,2,2,4,1,2,6,36
1,234,297,4,2,3,2,6,6,9,2,3,4,2,0,3,2,1,1,2,6,9,3,2,2,2,1,2,2,1,2,2,1,1,2,1,1,2,1,2,2,1,2,1,1,1,2,1,2,1,2,1,1,1,2,1,1,1,2,1,2,1,2,2,2,2,1,2,2,2,1,1,2,1,2,234,297,4,2,1,2,2,2,2,1,2,1,1,1,2,2,1,1,2,1,1,2,1,2,1,2,2,2,2,2,1,2,2,1,1,2,1,2,2,1,1,2,1,2,2,2,2,1,2,2,1,1,2,5,6,1,3,1,4,4,2,2,1,16
1,234,298,4,2,4,2,7,4,4,2,1,5,1,2,1,2,1,1,2,6,2,3,2,1,3,2,1,2,1,2,1,1,1,2,1,1,1,1,2,2,1,1,1,1,1,1,2,2,1,2,2,1,1,2,1,2,1,2,1,2,1,1,2,1,1,1,2,2,1,1,1,2,2,2,234,298,4,2,1,1,2,2,0,1,2,1,1,1,2,2,1,2,1,1,1,2,1,2,1,2,2,2,2,2,2,2,2,1,1,1,2,2,1,2,1,2,2,2,2,2,1,1,2,1,1,2,2,1,5,2,3,1,3,3,1,2,2,4
1,234,299,4,2,2,2,7,4,4,2,1,5,1,2,1,2,1,1,2,6,10,1,2,1,1,1,1,2,1,2,2,1,2,2,1,1,1,2,0,2,1,1,1,1,2,2,1,2,1,2,1,1,1,2,0,2,2,2,1,2,2,1,2,2,2,1,2,2,1,1,2,2,2,2,234,299,4,2,2,1,1,2,0,1,0,1,1,1,2,2,1,1,1,1,2,2,2,0,1,2,1,2,2,2,2,2,2,1,1,2,1,2,2,0,1,2,2,2,1,1,1,1,3,1,0,2,2,1,7,3,3,1,3,4,5,2,2,24
1,234,300,4,3,3,3,7,5,9,1,2,4,2,0,3,2,1,1,1,6,1,3,2,1,1,1,2,1,1,2,1,1,1,2,1,2,1,1,2,2,2,1,1,1,1,1,2,2,1,2,2,1,1,2,1,1,1,2,2,2,1,1,2,2,1,2,2,2,2,1,1,2,1,2,234,300,4,2,1,2,2,2,2,1,2,2,2,1,2,2,1,2,2,1,1,2,2,2,1,2,1,2,2,2,1,2,2,1,1,2,1,2,2,2,1,2,1,2,2,1,1,2,2,1,1,2,2,5,9,3,3,1,5,4,2,2,1,38
1,234,301,4,3,1,3,6,5,9,1,2,4,1,3,1,2,1,1,3,3,1,3,2,1,1,1,2,2,1,2,1,1,1,2,1,2,1,1,2,2,2,1,1,1,1,2,2,2,2,1,1,1,2,2,1,1,1,2,1,2,2,1,1,1,2,1,2,1,1,1,2,1,1,2,234,301,4,2,2,2,2,2,2,1,1,1,2,1,2,2,1,2,1,1,1,2,1,1,1,2,1,2,2,2,1,2,2,1,2,2,2,2,2,1,1,2,1,2,1,1,1,2,2,1,1,2,2,1,7,3,3,2,3,4,2,2,1,13
1,234,302,4,3,2,2,6,6,6,2,2,1,1,3,1,2,1,1,1,4,1,3,2,1,1,1,1,1,1,2,2,1,2,2,1,1,2,2,1,2,1,1,1,1,1,2,1,2,1,1,1,1,2,2,1,1,1,2,2,1,1,1,2,1,1,1,2,2,2,1,1,2,1,2,234,302,4,2,1,2,2,2,2,1,1,1,1,1,2,2,1,2,2,1,2,2,1,1,1,2,1,2,2,2,0,2,2,1,2,2,0,0,2,1,1,2,1,2,2,1,2,2,1,1,3,2,2,2,7,3,3,0,4,4,5,2,4,25
1,234,303,4,3,3,3,6,6,2,2,2,4,1,4,1,2,1,1,2,1,10,3,1,1,1,1,1,2,1,2,2,1,1,2,1,2,2,2,2,2,1,2,1,1,1,1,1,2,1,1,1,1,1,2,1,1,1,2,2,2,1,1,2,2,2,1,2,2,2,1,1,1,1,2,234,303,4,2,1,2,2,2,2,1,1,1,1,1,2,2,1,1,1,1,1,2,1,1,1,2,1,2,2,2,1,2,2,1,2,2,1,1,2,2,1,1,1,2,1,1,2,2,2,1,1,2,2,1,6,3,3,1,4,4,1,2,2,20
1,234,304,4,3,2,2,7,5,4,2,1,5,1,5,1,2,1,1,2,4,2,3,3,1,0,2,0,1,1,2,1,1,2,2,1,1,1,1,2,2,2,1,1,2,1,2,2,2,1,2,2,1,1,2,1,2,1,2,1,2,2,1,1,1,2,2,2,2,2,2,1,2,1,2,234,304,4,2,1,1,2,2,2,2,2,1,1,2,2,2,2,2,2,1,1,2,2,2,1,2,1,1,2,2,2,2,2,1,2,2,1,2,2,1,1,1,1,2,2,1,1,2,2,1,2,2,2,1,7,2,3,1,5,3,3,2,2,8
1,234,305,4,3,4,3,8,5,6,2,1,5,1,2,1,1,2,1,1,6,2,3,2,1,1,1,2,2,1,2,1,1,2,2,1,1,1,2,2,2,1,1,1,1,2,1,2,2,2,2,1,1,2,2,2,1,1,2,1,1,1,2,1,2,2,2,1,2,2,1,1,2,2,2,234,305,4,1,1,2,1,1,0,1,2,1,1,1,1,2,1,2,2,1,1,2,2,2,1,2,1,2,2,2,2,2,2,1,1,1,1,1,2,2,1,2,1,1,2,1,1,2,2,2,1,2,2,1,9,3,3,1,5,3,3,2,4,16
1,234,306,4,3,4,3,8,5,6,2,1,5,1,2,1,2,1,1,1,6,2,1,1,1,1,1,1,2,1,2,1,1,2,2,1,1,2,2,2,2,1,2,2,1,2,2,1,2,1,1,1,1,1,2,1,1,1,2,2,1,2,2,1,2,2,1,2,2,1,1,1,1,1,2,234,306,4,1,1,1,2,2,2,2,1,1,2,2,2,1,1,2,2,1,1,2,1,1,1,2,1,1,2,2,1,2,1,1,1,2,1,2,2,1,1,2,1,2,1,2,2,2,2,1,1,1,2,1,7,3,3,1,5,3,3,2,4,17
1,234,307,4,2,2,2,7,5,9,1,2,4,2,0,0,2,1,3,2,3,2,3,2,1,1,1,1,2,1,2,2,1,2,2,1,2,1,1,2,2,2,1,2,1,2,2,1,2,1,2,1,2,2,2,1,2,1,2,1,1,1,2,2,1,2,1,2,2,1,1,1,2,2,2,234,307,4,2,1,2,1,2,2,2,1,1,2,1,2,2,1,1,2,1,1,2,2,2,2,2,1,1,2,2,1,2,2,1,1,2,2,2,2,1,1,2,2,2,1,2,2,2,2,1,2,2,2,5,7,3,3,1,4,4,2,2,1,35
1,234,308,4,2,2,2,6,5,6,2,2,4,1,3,1,2,1,1,2,5,1,3,2,2,2,2,1,2,1,2,2,1,2,2,1,1,1,1,2,2,2,1,1,1,1,2,2,2,1,2,1,1,1,2,1,1,2,2,2,1,1,1,2,1,2,1,2,2,1,1,1,2,1,2,234,308,4,2,1,2,2,2,2,1,2,1,1,1,2,2,2,2,1,1,2,2,1,2,1,2,1,1,2,2,2,2,2,1,1,2,2,2,2,2,1,1,1,2,2,1,2,2,2,1,1,2,2,1,7,3,3,1,4,4,5,2,4,27
1,234,309,4,2,2,2,7,5,4,2,1,5,1,3,1,2,1,1,2,6,10,1,3,2,2,2,1,2,1,2,1,1,1,2,1,1,1,1,1,2,2,1,1,1,1,2,1,2,1,2,1,1,1,2,2,1,1,2,1,1,1,2,2,2,1,1,2,2,2,2,1,2,1,2,234,309,4,2,1,2,2,2,2,1,1,1,1,1,2,2,1,2,1,1,2,2,2,1,1,2,1,2,2,2,2,2,2,1,2,1,1,2,2,2,1,2,1,1,1,1,2,2,2,1,2,2,2,1,10,3,3,1,4,4,1,2,6,46
1,234,310,4,2,1,3,7,3,5,3,2,3,2,0,0,2,1,1,1,6,1,3,2,1,1,1,1,1,1,2,1,1,2,2,1,2,1,1,1,2,2,2,2,0,1,2,2,2,1,2,2,1,1,2,2,2,0,2,1,1,2,1,2,0,1,1,0,2,1,1,0,2,2,2,234,310,4,2,0,1,1,2,2,1,2,1,2,1,2,2,1,2,1,1,2,2,1,2,1,2,0,1,2,0,2,2,2,0,1,2,1,2,2,1,1,1,2,0,2,1,1,2,2,2,1,2,2,6,8,2,3,2,3,4,1,2,3,24
1,234,311,4,3,2,3,6,5,9,1,2,1,2,1,0,2,1,1,1,6,1,1,2,2,2,2,1,2,2,2,1,1,1,2,1,2,1,1,2,2,2,2,1,1,1,1,2,2,2,2,2,1,2,2,2,1,2,2,1,2,1,2,2,1,2,1,1,1,1,1,1,2,2,2,234,311,4,2,1,1,2,1,1,2,1,1,2,1,2,2,1,1,1,1,2,2,1,2,1,2,2,1,2,2,1,1,2,1,1,2,1,1,2,2,1,1,1,2,1,1,2,2,2,1,1,2,2,5,8,3,3,2,2,4,2,2,1,40
1,234,312,4,3,3,2,6,5,9,1,2,4,1,2,1,2,1,1,2,6,1,3,2,1,1,1,1,1,1,2,1,1,1,2,1,2,2,1,1,2,2,2,1,1,1,1,1,2,2,1,1,1,1,2,1,1,1,2,2,2,2,2,1,1,2,1,1,2,2,1,1,1,1,2,234,312,4,1,2,1,1,1,1,2,2,2,1,1,2,2,1,2,2,1,2,2,1,1,1,2,1,2,2,2,1,2,2,1,2,2,1,2,2,1,1,1,1,1,1,1,2,2,2,1,1,2,2,1,10,3,3,1,2,4,2,2,1,18
1,234,313,4,4,4,3,5,6,0,2,2,1,1,4,1,2,1,3,3,4,0,1,2,1,1,1,2,1,1,2,1,1,2,2,1,1,1,1,2,2,1,1,1,1,1,1,1,2,2,1,1,1,1,2,1,1,2,2,2,1,2,2,1,1,2,0,2,2,1,1,0,1,1,2,234,313,4,2,2,2,2,2,2,1,1,1,2,1,2,2,1,2,2,1,1,2,2,1,1,2,2,2,2,2,1,2,2,1,0,2,2,2,2,1,1,1,1,1,1,1,2,1,3,1,1,2,2,2,7,3,3,2,4,4,1,2,4,45
1,234,314,4,4,4,3,7,6,6,2,2,1,1,2,1,1,2,2,3,4,1,3,1,1,1,1,3,1,1,2,2,1,2,2,1,2,1,1,2,2,1,2,1,1,1,2,1,2,2,1,1,1,1,2,2,1,1,2,2,1,2,1,2,1,1,1,2,2,1,1,2,2,1,2,234,314,4,2,2,1,2,2,2,1,1,1,2,1,2,2,1,2,1,1,1,2,1,1,1,2,1,2,2,2,1,2,1,1,2,2,1,2,1,2,2,2,1,2,2,1,2,1,2,1,1,1,3,1,7,3,3,1,3,4,1,2,4,22
1,234,315,4,4,1,3,7,5,6,2,2,4,1,4,1,2,1,1,1,4,2,3,2,3,5,1,1,1,1,2,2,1,2,2,1,1,1,0,2,2,1,1,1,1,1,2,1,2,2,1,2,1,1,2,1,1,1,2,2,1,2,2,2,2,1,1,2,2,2,1,2,2,2,2,234,315,4,2,1,2,2,2,2,2,1,1,1,2,2,2,1,2,1,1,1,2,1,1,1,2,1,2,2,2,2,2,2,1,1,2,2,2,2,1,1,2,1,1,2,1,2,1,1,1,2,3,2,2,8,2,3,1,1,3,3,2,4,8
1,234,316,4,4,2,2,8,5,4,2,2,4,1,3,1,2,1,1,3,3,2,3,3,1,3,1,1,2,1,2,2,1,2,2,1,1,1,1,2,2,1,1,1,1,1,1,1,2,2,2,1,1,1,2,2,2,1,2,1,2,2,1,2,2,1,1,2,2,1,1,2,2,1,2,234,316,4,2,1,2,2,2,2,2,1,1,2,1,2,2,2,2,2,1,1,2,1,1,1,2,1,2,2,2,1,2,2,1,2,2,2,2,2,2,0,1,1,1,2,2,2,1,2,1,3,2,2,1,4,3,3,2,3,4,1,2,2,39
1,234,317,4,4,1,2,6,5,9,1,2,4,1,2,1,2,1,1,1,4,1,3,2,2,2,1,2,2,1,2,1,1,2,2,1,2,1,1,2,2,1,1,1,2,1,1,2,2,1,2,2,1,2,2,1,1,1,2,2,2,1,1,2,1,1,1,2,2,2,1,1,1,2,2,234,317,4,2,1,2,2,1,2,2,1,1,1,1,2,2,1,2,1,1,1,2,1,1,2,2,2,2,2,2,1,2,2,1,1,2,1,2,2,1,1,1,1,2,2,2,2,2,2,2,1,2,2,1,5,3,3,1,3,4,2,2,1,37
1,234,318,4,4,3,3,8,6,15,2,2,4,1,5,1,2,1,1,1,5,2,1,1,1,1,2,2,2,1,2,2,1,2,2,1,1,1,2,2,2,1,1,1,1,1,2,1,2,1,1,1,1,1,2,1,1,1,2,1,2,1,1,2,1,1,1,2,2,2,1,2,2,1,2,234,318,4,2,1,1,2,2,2,1,1,1,1,1,2,1,1,1,2,1,1,2,2,2,1,2,1,2,2,2,2,2,2,1,2,2,1,2,1,1,1,1,1,2,1,2,2,2,1,1,1,1,2,2,7,3,3,1,5,3,3,2,4,33
1,234,319,4,3,2,3,8,5,8,2,2,4,1,2,1,2,1,1,1,3,1,0,2,2,2,1,2,2,2,2,2,1,0,2,1,0,1,1,1,2,2,1,1,0,2,2,1,2,1,2,0,0,1,1,2,2,2,2,1,2,1,2,2,0,1,0,2,2,2,2,1,2,0,2,234,319,4,2,0,1,1,1,0,2,2,1,0,2,2,2,0,2,0,1,0,2,1,2,2,2,1,0,2,2,0,2,0,1,1,1,1,2,2,2,1,1,2,0,1,1,2,1,2,2,1,2,2,1,10,3,3,1,3,3,1,2,2,6
1,234,320,4,3,3,3,6,6,6,2,1,5,1,3,1,2,1,1,3,4,1,1,2,2,3,1,2,2,1,2,2,1,2,2,2,0,0,1,2,2,1,1,1,1,1,2,1,2,2,1,1,2,1,1,2,1,1,2,1,2,2,2,2,1,1,1,2,2,2,1,1,2,1,2,234,320,4,1,1,2,2,2,2,1,1,1,1,2,1,2,1,2,2,1,1,2,2,1,1,2,2,1,2,2,1,2,2,1,2,2,1,2,2,1,1,1,1,2,1,2,2,2,3,3,1,2,2,4,10,2,3,1,3,4,1,2,4,38
1,234,321,4,3,4,4,8,6,6,2,2,1,1,4,1,2,3,3,3,4,1,3,2,2,2,1,3,1,1,2,1,1,2,2,1,1,1,1,2,2,1,1,1,1,2,2,1,2,1,2,2,1,2,1,1,1,2,2,1,1,1,2,2,2,2,2,1,2,1,1,1,2,2,2,234,321,4,2,1,1,2,2,2,1,2,1,1,1,2,2,1,2,2,1,1,2,2,2,1,2,1,1,1,2,1,2,2,1,1,2,1,2,2,1,1,2,1,2,1,1,2,2,3,3,1,1,3,2,7,3,3,2,5,3,3,2,4,39
1,234,322,4,3,1,3,7,4,3,3,2,4,2,0,0,2,1,1,1,6,10,1,2,1,1,1,1,2,1,2,2,1,1,2,1,2,1,1,2,2,1,2,1,1,1,2,1,2,1,1,1,1,2,1,1,1,1,2,1,1,1,2,1,1,2,1,2,2,2,1,1,2,1,2,234,322,4,2,1,2,2,2,2,2,1,1,1,2,2,2,1,2,2,1,1,2,1,1,1,2,1,2,2,2,1,2,2,1,1,2,1,2,2,1,1,1,1,2,1,1,2,2,2,1,1,2,2,5,9,3,3,1,3,4,1,2,6,56
1,234,323,4,2,3,3,7,4,2,2,1,5,1,2,1,2,1,1,2,2,2,3,3,2,2,1,1,1,1,2,1,1,1,2,1,1,1,1,1,2,2,1,1,1,1,2,1,2,1,2,1,1,1,1,1,2,1,2,1,2,2,1,2,1,1,2,2,1,2,2,2,2,1,2,234,323,4,2,2,1,1,2,2,2,2,1,1,2,2,2,1,2,2,1,1,2,1,1,2,2,1,2,2,2,2,0,2,1,1,1,1,2,2,2,1,1,2,2,2,1,2,2,2,2,1,2,2,1,5,3,3,1,3,3,1,2,2,14
1,234,324,4,3,2,4,5,5,9,1,2,1,2,0,0,2,1,1,3,6,1,2,2,1,1,1,3,2,1,2,1,1,2,2,1,2,1,1,2,2,2,2,1,1,1,2,1,2,1,1,1,1,1,1,1,1,1,2,1,2,1,2,2,2,2,1,2,2,1,1,1,2,1,2,234,324,4,2,1,1,2,2,2,2,2,1,1,1,2,2,1,2,2,1,2,2,2,2,1,2,2,2,2,2,1,2,2,1,1,2,1,2,2,1,1,1,1,1,1,1,2,2,1,1,1,2,2,5,10,2,3,2,4,4,2,2,1,63
1,234,325,4,4,4,5,5,6,4,2,2,4,2,0,0,2,1,2,3,4,5,3,1,2,2,1,2,1,1,2,1,1,2,2,1,1,1,1,2,2,2,1,1,2,2,1,2,2,1,2,2,2,1,1,2,1,2,2,1,2,1,2,2,1,2,1,1,2,2,1,2,1,2,2,234,325,4,2,1,2,1,2,2,1,2,1,2,1,2,2,1,2,1,1,2,2,2,2,2,2,1,2,2,2,1,2,0,1,2,2,2,2,2,2,1,2,2,2,1,2,2,2,3,1,3,3,2,5,8,3,3,1,4,4,1,2,5,24
