,CARD,DECK,BALLOT,FORM,S160A.Q1,S160A.Q2,S160A.Q3,S160A.Q4,S160A.Q5A,S160A.Q5B,S160A.Q5C,S160A.Q6A,S160A.Q6B.n,S160A.Q7,S160A.Q8,S160A.Q9A1,S160A.Q9A2,S160A.Q9A3,S160A.Q9A4,S160A.Q9A5,S160A.Q9A6,S160A.Q9A7,S160A.Q9A8,S160A.Q9B,S160A.Q10A,S160A.Q10B,S160A.Q10C,S160A.Q11A.n,S160A.Q11B.n,S160A.Q11C.n,S160A.Q12A,S160A.Q13,S160A.Q14A,S160A.Q14B,S160A.Q15.n,S160A.Q16,S160A.Q17A,S160A.Q17B,S160A.Q18A,S160A.Q18B,S160A.Q19,S160A.Q20.n,S160A.Q21A,S160A.Q21B,S160A.Q23,S160A.Q24A,S160A.Q24C.n,S160A.Q25A,S160A.Q25B,S160A.Q27,S160A.Q28A,S160A.Q28C.n,S160A.Q29,S160A.Q30,S160A.Q31,S160A.Q32,S160A.Q33A,S160A.Q33B,S160A.Q33C.n,S160A.V34
0,1.0,160.0,1.0,1.0,2.0,7.0,7.0,3.0,5.0,3.0,3.0,3.0,,1.0,1.0,1.0,2.0,2.0,1.0,2.0,1.0,2.0,2.0,3.0,6.0,3.0,6.0,,,,1.0,1.0,2.0,1.0,,3.0,2.0,0.0,2.0,2.0,2.0,,2.0,2.0,9.0,9.0,,1.0,1.0,1.0,1.0,,1.0,1.0,1.0,4.0,1.0,1.0,,252.0
1,1.0,160.0,2.0,1.0,1.0,4.0,1.0,2.0,3.0,4.0,0.0,3.0,,0.0,3.0,1.0,2.0,2.0,2.0,2.0,2.0,2.0,2.0,1.0,3.0,5.0,11.0,,,,1.0,0.0,3.0,3.0,,5.0,2.0,2.0,2.0,2.0,6.0,,1.0,2.0,1.0,1.0,,2.0,2.0,9.0,9.0,,0.0,0.0,0.0,3.0,1.0,1.0,,305.0
2,1.0,160.0,3.0,1.0,1.0,4.0,1.0,1.0,2.0,3.0,2.0,3.0,,3.0,1.0,1.0,2.0,2.0,2.0,2.0,1.0,2.0,1.0,1.0,2.0,4.0,11.0,,,,3.0,1.0,2.0,3.0,,3.0,2.0,1.0,2.0,2.0,2.0,,1.0,2.0,3.0,1.0,,2.0,2.0,9.0,9.0,,2.0,1.0,1.0,3.0,1.0,1.0,,289.0
3,1.0,160.0,4.0,1.0,3.0,10.0,7.0,1.0,3.0,1.0,8.0,4.0,,1.0,1.0,2.0,2.0,2.0,1.0,2.0,1.0,2.0,2.0,1.0,3.0,4.0,11.0,,,,1.0,2.0,2.0,3.0,,5.0,2.0,0.0,2.0,2.0,9.0,,1.0,3.0,2.0,1.0,,2.0,3.0,9.0,9.0,,2.0,4.0,1.0,0.0,0.0,0.0,,116.0
4,1.0,160.0,5.0,1.0,2.0,4.0,1.0,2.0,3.0,3.0,2.0,4.0,,3.0,1.0,2.0,2.0,2.0,1.0,2.0,1.0,2.0,2.0,1.0,1.0,1.0,11.0,,,,3.0,2.0,2.0,3.0,,5.0,2.0,0.0,3.0,1.0,2.0,,1.0,2.0,9.0,9.0,,2.0,2.0,9.0,9.0,,1.0,1.0,1.0,4.0,1.0,1.0,,366.0
5,1.0,160.0,6.0,1.0,1.0,1.0,7.0,5.0,11.0,4.0,10.0,3.0,,3.0,1.0,1.0,2.0,2.0,2.0,2.0,1.0,2.0,2.0,3.0,1.0,1.0,11.0,,,,1.0,1.0,2.0,1.0,,3.0,2.0,0.0,4.0,1.0,2.0,,1.0,0.0,2.0,1.0,,1.0,0.0,1.0,1.0,,1.0,1.0,0.0,4.0,1.0,1.0,,176.0
6,1.0,160.0,7.0,1.0,2.0,4.0,1.0,3.0,1.0,3.0,11.0,3.0,,3.0,1.0,1.0,2.0,2.0,1.0,1.0,2.0,2.0,1.0,3.0,1.0,2.0,11.0,,,,3.0,2.0,2.0,3.0,,5.0,2.0,1.0,2.0,2.0,2.0,,1.0,3.0,1.0,1.0,,0.0,2.0,9.0,1.0,,1.0,1.0,1.0,1.0,1.0,1.0,,402.0
7,1.0,160.0,8.0,1.0,2.0,1.0,7.0,4.0,4.0,3.0,8.0,3.0,,3.0,1.0,1.0,2.0,2.0,1.0,2.0,1.0,2.0,2.0,3.0,1.0,2.0,11.0,,,,1.0,1.0,2.0,3.0,,5.0,1.0,0.0,4.0,1.0,9.0,,1.0,3.0,2.0,1.0,,2.0,3.0,9.0,9.0,,2.0,0.0,1.0,4.0,1.0,1.0,,174.0
8,1.0,160.0,9.0,1.0,4.0,3.0,7.0,4.0,6.0,3.0,3.0,3.0,,1.0,1.0,1.0,2.0,2.0,2.0,2.0,1.0,2.0,2.0,3.0,2.0,2.0,11.0,,,,1.0,2.0,2.0,3.0,,5.0,2.0,2.0,4.0,2.0,1.0,,1.0,2.0,2.0,1.0,,2.0,0.0,9.0,9.0,,1.0,1.0,0.0,4.0,1.0,1.0,,229.0
9,1.0,160.0,10.0,1.0,2.0,0.0,0.0,1.0,7.0,2.0,3.0,1.0,,1.0,1.0,1.0,2.0,2.0,1.0,1.0,2.0,2.0,1.0,0.0,2.0,2.0,11.0,,,,1.0,2.0,2.0,3.0,,1.0,4.0,0.0,3.0,1.0,2.0,,1.0,0.0,9.0,9.0,,0.0,0.0,9.0,9.0,,0.0,0.0,0.0,3.0,1.0,1.0,,298.0
10,1.0,160.0,11.0,1.0,1.0,5.0,7.0,4.0,6.0,3.0,1.0,3.0,,1.0,1.0,1.0,2.0,2.0,2.0,2.0,2.0,2.0,2.0,1.0,3.0,3.0,11.0,,,,1.0,2.0,1.0,1.0,,1.0,4.0,0.0,4.0,1.0,9.0,,1.0,1.0,1.0,1.0,,2.0,2.0,1.0,1.0,,1.0,1.0,0.0,4.0,2.0,1.0,,202.0
11,1.0,160.0,12.0,1.0,5.0,7.0,7.0,5.0,6.0,3.0,2.0,3.0,,1.0,1.0,1.0,2.0,2.0,2.0,2.0,2.0,2.0,2.0,3.0,1.0,5.0,10.0,,,,3.0,2.0,2.0,3.0,,3.0,2.0,0.0,3.0,1.0,6.0,,1.0,2.0,2.0,9.0,,2.0,1.0,9.0,9.0,,2.0,6.0,1.0,0.0,0.0,0.0,,263.0
12,1.0,160.0,13.0,1.0,2.0,4.0,1.0,3.0,1.0,3.0,1.0,3.0,,1.0,1.0,2.0,2.0,2.0,2.0,1.0,1.0,2.0,1.0,3.0,2.0,5.0,10.0,,,,1.0,2.0,2.0,3.0,,5.0,2.0,1.0,4.0,1.0,2.0,,1.0,2.0,9.0,9.0,,2.0,2.0,9.0,9.0,,2.0,0.0,1.0,4.0,0.0,1.0,,364.0
13,1.0,160.0,14.0,1.0,0.0,0.0,0.0,0.0,0.0,0.0,0.0,3.0,,3.0,3.0,1.0,2.0,2.0,2.0,2.0,2.0,2.0,2.0,3.0,2.0,5.0,10.0,,,,1.0,1.0,1.0,1.0,,3.0,2.0,1.0,3.0,1.0,2.0,,1.0,0.0,9.0,9.0,,0.0,0.0,9.0,9.0,,2.0,6.0,1.0,3.0,1.0,1.0,,171.0
14,1.0,160.0,15.0,1.0,2.0,4.0,1.0,1.0,4.0,3.0,4.0,3.0,,3.0,1.0,1.0,2.0,2.0,1.0,2.0,1.0,2.0,2.0,1.0,3.0,5.0,10.0,,,,3.0,1.0,1.0,5.0,,5.0,2.0,1.0,3.0,1.0,2.0,,2.0,2.0,9.0,9.0,,0.0,0.0,9.0,9.0,,1.0,7.0,1.0,1.0,1.0,1.0,,393.0
15,1.0,160.0,16.0,1.0,2.0,4.0,1.0,3.0,2.0,4.0,10.0,3.0,,1.0,1.0,2.0,2.0,2.0,2.0,2.0,2.0,2.0,1.0,1.0,3.0,5.0,10.0,,,,0.0,2.0,1.0,3.0,,5.0,2.0,2.0,3.0,2.0,2.0,,1.0,2.0,1.0,1.0,,0.0,0.0,9.0,9.0,,1.0,1.0,0.0,3.0,1.0,1.0,,306.0
16,1.0,160.0,17.0,1.0,5.0,11.0,7.0,3.0,3.0,2.0,3.0,3.0,,1.0,1.0,1.0,2.0,2.0,2.0,2.0,1.0,2.0,2.0,3.0,3.0,5.0,10.0,,,,3.0,1.0,2.0,3.0,,3.0,2.0,1.0,4.0,1.0,3.0,,1.0,2.0,2.0,1.0,,2.0,1.0,9.0,9.0,,1.0,1.0,0.0,4.0,1.0,1.0,,107.0
17,1.0,160.0,18.0,1.0,5.0,4.0,1.0,2.0,7.0,2.0,6.0,3.0,,3.0,1.0,2.0,2.0,2.0,2.0,2.0,2.0,2.0,1.0,3.0,2.0,4.0,10.0,,,,3.0,2.0,2.0,3.0,,1.0,1.0,0.0,3.0,1.0,1.0,,1.0,1.0,1.0,1.0,,2.0,2.0,9.0,9.0,,2.0,6.0,1.0,3.0,1.0,1.0,,168.0
18,1.0,160.0,19.0,1.0,2.0,4.0,1.0,2.0,3.0,3.0,9.0,3.0,,1.0,3.0,1.0,2.0,2.0,2.0,2.0,1.0,2.0,1.0,3.0,2.0,4.0,10.0,,,,3.0,1.0,2.0,5.0,,3.0,1.0,0.0,3.0,2.0,2.0,,1.0,2.0,1.0,1.0,,2.0,2.0,9.0,9.0,,1.0,1.0,0.0,2.0,1.0,1.0,,321.0
19,1.0,160.0,20.0,1.0,1.0,4.0,1.0,1.0,2.0,3.0,1.0,3.0,,1.0,1.0,1.0,2.0,2.0,1.0,1.0,1.0,2.0,2.0,3.0,2.0,4.0,10.0,,,,0.0,2.0,2.0,3.0,,5.0,1.0,0.0,3.0,2.0,2.0,,1.0,2.0,1.0,1.0,,2.0,2.0,9.0,9.0,,0.0,4.0,1.0,2.0,1.0,1.0,,394.0
20,1.0,160.0,21.0,1.0,6.0,7.0,7.0,4.0,3.0,3.0,2.0,3.0,,1.0,1.0,1.0,2.0,2.0,2.0,2.0,1.0,2.0,2.0,3.0,2.0,4.0,10.0,,,,3.0,2.0,1.0,3.0,,5.0,2.0,0.0,2.0,2.0,1.0,,2.0,2.0,9.0,9.0,,1.0,0.0,1.0,1.0,,1.0,0.0,1.0,4.0,1.0,1.0,,194.0
21,1.0,160.0,22.0,1.0,2.0,2.0,6.0,3.0,2.0,3.0,1.0,1.0,,3.0,1.0,1.0,2.0,2.0,2.0,2.0,1.0,2.0,2.0,0.0,3.0,4.0,10.0,,,,1.0,2.0,1.0,3.0,,1.0,2.0,1.0,4.0,1.0,2.0,,2.0,2.0,9.0,9.0,,1.0,1.0,1.0,1.0,,2.0,1.0,0.0,2.0,1.0,1.0,,157.0
22,1.0,160.0,23.0,1.0,2.0,2.0,6.0,3.0,3.0,4.0,1.0,1.0,,3.0,1.0,1.0,2.0,2.0,2.0,2.0,1.0,2.0,1.0,1.0,3.0,4.0,10.0,,,,1.0,2.0,2.0,3.0,,1.0,2.0,1.0,4.0,1.0,2.0,,0.0,0.0,9.0,9.0,,1.0,1.0,1.0,1.0,,1.0,1.0,0.0,2.0,1.0,1.0,,135.0
23,1.0,160.0,24.0,1.0,1.0,4.0,1.0,2.0,3.0,3.0,2.0,3.0,,1.0,1.0,1.0,2.0,2.0,1.0,2.0,1.0,2.0,1.0,3.0,3.0,4.0,10.0,,,,3.0,1.0,1.0,1.0,,3.0,2.0,1.0,3.0,2.0,1.0,,2.0,2.0,9.0,9.0,,2.0,2.0,9.0,9.0,,2.0,2.0,1.0,3.0,1.0,1.0,,281.0
24,1.0,160.0,25.0,1.0,5.0,5.0,7.0,3.0,4.0,3.0,4.0,3.0,,1.0,1.0,2.0,1.0,2.0,2.0,2.0,2.0,2.0,2.0,3.0,1.0,3.0,10.0,,,,1.0,1.0,2.0,3.0,,5.0,2.0,0.0,3.0,1.0,3.0,,1.0,0.0,1.0,1.0,,2.0,3.0,9.0,9.0,,2.0,5.0,0.0,2.0,1.0,1.0,,167.0
25,1.0,160.0,26.0,1.0,4.0,4.0,2.0,4.0,7.0,2.0,11.0,3.0,,1.0,1.0,1.0,2.0,2.0,2.0,2.0,1.0,2.0,1.0,1.0,2.0,3.0,10.0,,,,1.0,2.0,2.0,3.0,,1.0,2.0,2.0,3.0,1.0,6.0,,1.0,2.0,9.0,9.0,,2.0,2.0,9.0,9.0,,1.0,0.0,0.0,4.0,1.0,1.0,,316.0
26,1.0,160.0,27.0,1.0,1.0,2.0,6.0,2.0,1.0,1.0,1.0,3.0,,3.0,1.0,1.0,2.0,2.0,2.0,2.0,1.0,2.0,1.0,3.0,2.0,3.0,10.0,,,,3.0,2.0,2.0,3.0,,5.0,2.0,0.0,4.0,2.0,2.0,,2.0,2.0,9.0,9.0,,1.0,1.0,1.0,1.0,,1.0,7.0,1.0,2.0,1.0,1.0,,133.0
27,1.0,160.0,28.0,1.0,3.0,1.0,7.0,3.0,4.0,2.0,2.0,3.0,,0.0,0.0,1.0,2.0,2.0,2.0,2.0,1.0,2.0,2.0,3.0,2.0,5.0,0.0,,,,0.0,2.0,1.0,3.0,,5.0,2.0,0.0,4.0,2.0,1.0,,1.0,2.0,2.0,9.0,,2.0,1.0,9.0,9.0,,1.0,1.0,0.0,0.0,1.0,1.0,,58.0
28,1.0,160.0,29.0,1.0,1.0,4.0,1.0,1.0,4.0,5.0,0.0,3.0,,1.0,0.0,2.0,1.0,2.0,2.0,1.0,1.0,2.0,1.0,3.0,3.0,5.0,0.0,,,,0.0,2.0,2.0,3.0,,5.0,2.0,2.0,3.0,2.0,3.0,,1.0,0.0,1.0,1.0,,0.0,0.0,9.0,9.0,,1.0,1.0,1.0,3.0,1.0,1.0,,376.0
29,1.0,160.0,30.0,1.0,3.0,4.0,1.0,1.0,2.0,2.0,2.0,3.0,,3.0,1.0,1.0,2.0,2.0,2.0,1.0,1.0,2.0,1.0,3.0,2.0,4.0,0.0,,,,1.0,2.0,1.0,3.0,,1.0,4.0,1.0,3.0,1.0,2.0,,1.0,2.0,9.0,9.0,,2.0,2.0,9.0,9.0,,2.0,7.0,1.0,3.0,1.0,1.0,,332.0
30,1.0,160.0,31.0,1.0,3.0,1.0,7.0,3.0,0.0,3.0,3.0,0.0,,1.0,1.0,1.0,2.0,1.0,2.0,2.0,1.0,2.0,2.0,3.0,3.0,4.0,0.0,,,,1.0,2.0,2.0,5.0,,5.0,1.0,0.0,4.0,0.0,9.0,,1.0,3.0,1.0,1.0,,2.0,3.0,9.0,9.0,,1.0,1.0,0.0,4.0,1.0,1.0,,48.0
31,1.0,160.0,32.0,1.0,0.0,0.0,0.0,4.0,10.0,3.0,9.0,3.0,,1.0,1.0,2.0,2.0,1.0,2.0,2.0,1.0,2.0,1.0,1.0,3.0,0.0,0.0,,,,1.0,2.0,2.0,0.0,,3.0,2.0,0.0,4.0,1.0,1.0,,1.0,2.0,9.0,9.0,,2.0,2.0,9.0,9.0,,1.0,1.0,0.0,4.0,1.0,1.0,,187.0
32,1.0,160.0,33.0,1.0,5.0,6.0,4.0,4.0,0.0,0.0,0.0,3.0,,1.0,1.0,2.0,1.0,2.0,2.0,2.0,2.0,2.0,2.0,3.0,1.0,2.0,0.0,,,,1.0,1.0,3.0,3.0,,3.0,2.0,1.0,4.0,1.0,2.0,,2.0,2.0,9.0,9.0,,1.0,0.0,1.0,1.0,,2.0,5.0,1.0,4.0,1.0,1.0,,336.0
33,1.0,160.0,34.0,1.0,3.0,1.0,0.0,3.0,4.0,0.0,0.0,3.0,,0.0,1.0,2.0,2.0,1.0,2.0,2.0,1.0,2.0,2.0,3.0,1.0,2.0,0.0,,,,0.0,2.0,2.0,3.0,,1.0,4.0,0.0,4.0,2.0,7.0,,1.0,2.0,9.0,9.0,,2.0,1.0,9.0,9.0,,0.0,0.0,1.0,0.0,0.0,0.0,,50.0
34,1.0,160.0,35.0,1.0,2.0,4.0,1.0,2.0,0.0,0.0,0.0,3.0,,1.0,0.0,2.0,2.0,2.0,1.0,1.0,2.0,2.0,1.0,3.0,2.0,2.0,0.0,,,,0.0,2.0,2.0,3.0,,1.0,4.0,2.0,3.0,1.0,2.0,,1.0,0.0,1.0,1.0,,2.0,2.0,9.0,9.0,,1.0,1.0,1.0,3.0,1.0,1.0,,331.0
35,1.0,160.0,36.0,1.0,3.0,6.0,4.0,4.0,4.0,2.0,4.0,2.0,,1.0,1.0,2.0,1.0,2.0,2.0,2.0,1.0,2.0,2.0,0.0,2.0,2.0,0.0,,,,1.0,1.0,2.0,3.0,,3.0,1.0,0.0,3.0,2.0,2.0,,2.0,2.0,9.0,9.0,,1.0,2.0,1.0,1.0,,1.0,1.0,1.0,2.0,1.0,1.0,,334.0
36,1.0,160.0,37.0,1.0,5.0,1.0,7.0,3.0,1.0,2.0,3.0,3.0,,1.0,1.0,1.0,2.0,2.0,2.0,1.0,2.0,2.0,2.0,3.0,3.0,2.0,0.0,,,,0.0,2.0,1.0,3.0,,1.0,4.0,1.0,4.0,1.0,1.0,,1.0,3.0,2.0,9.0,,2.0,0.0,9.0,9.0,,1.0,1.0,1.0,4.0,1.0,1.0,,46.0
37,1.0,160.0,38.0,1.0,2.0,4.0,1.0,1.0,2.0,3.0,10.0,3.0,,1.0,1.0,1.0,2.0,2.0,2.0,2.0,2.0,2.0,2.0,3.0,1.0,5.0,1.0,,,,1.0,1.0,1.0,3.0,,5.0,2.0,1.0,3.0,1.0,3.0,,1.0,2.0,1.0,9.0,,2.0,2.0,9.0,9.0,,1.0,1.0,0.0,2.0,2.0,1.0,,361.0
38,1.0,160.0,39.0,1.0,2.0,4.0,1.0,3.0,1.0,3.0,2.0,3.0,,1.0,1.0,1.0,2.0,2.0,2.0,2.0,1.0,2.0,2.0,1.0,3.0,5.0,1.0,,,,1.0,2.0,2.0,3.0,,5.0,1.0,0.0,3.0,1.0,2.0,,1.0,1.0,1.0,1.0,,2.0,2.0,9.0,9.0,,1.0,1.0,1.0,4.0,0.0,1.0,,365.0
39,1.0,160.0,40.0,1.0,3.0,4.0,2.0,3.0,2.0,1.0,4.0,3.0,,1.0,1.0,2.0,1.0,2.0,2.0,2.0,1.0,2.0,2.0,1.0,3.0,5.0,1.0,,,,1.0,2.0,1.0,5.0,,1.0,1.0,0.0,3.0,1.0,2.0,,1.0,2.0,1.0,1.0,,0.0,0.0,9.0,9.0,,1.0,5.0,1.0,1.0,2.0,2.0,,395.0
40,1.0,160.0,41.0,1.0,3.0,7.0,7.0,4.0,11.0,3.0,10.0,3.0,,3.0,1.0,2.0,1.0,2.0,1.0,2.0,1.0,2.0,2.0,0.0,3.0,5.0,1.0,,,,0.0,2.0,2.0,3.0,,1.0,2.0,0.0,2.0,2.0,1.0,,2.0,3.0,9.0,9.0,,1.0,1.0,2.0,1.0,,2.0,5.0,1.0,4.0,1.0,1.0,,266.0
41,1.0,160.0,42.0,1.0,1.0,4.0,1.0,3.0,1.0,3.0,3.0,3.0,,3.0,3.0,1.0,2.0,2.0,2.0,2.0,1.0,2.0,1.0,3.0,2.0,4.0,1.0,,,,1.0,1.0,2.0,3.0,,5.0,4.0,2.0,2.0,2.0,3.0,,1.0,0.0,9.0,9.0,,0.0,0.0,9.0,9.0,,2.0,4.0,0.0,3.0,2.0,1.0,,309.0
42,1.0,160.0,43.0,1.0,1.0,4.0,1.0,1.0,2.0,3.0,3.0,3.0,,3.0,1.0,2.0,1.0,2.0,1.0,2.0,1.0,2.0,2.0,3.0,3.0,4.0,1.0,,,,1.0,2.0,2.0,3.0,,1.0,1.0,0.0,3.0,2.0,2.0,,1.0,2.0,9.0,1.0,,2.0,3.0,9.0,9.0,,2.0,5.0,0.0,3.0,1.0,1.0,,308.0
43,1.0,160.0,44.0,1.0,3.0,10.0,7.0,1.0,3.0,3.0,3.0,3.0,,1.0,1.0,2.0,2.0,2.0,2.0,2.0,1.0,2.0,2.0,1.0,3.0,4.0,1.0,,,,1.0,1.0,2.0,1.0,,3.0,2.0,1.0,2.0,2.0,3.0,,1.0,0.0,1.0,1.0,,2.0,3.0,9.0,9.0,,1.0,1.0,1.0,4.0,1.0,1.0,,120.0
44,1.0,160.0,45.0,1.0,3.0,1.0,7.0,5.0,5.0,3.0,2.0,3.0,,3.0,3.0,1.0,2.0,2.0,1.0,2.0,1.0,2.0,2.0,3.0,3.0,4.0,1.0,,,,1.0,1.0,2.0,3.0,,5.0,2.0,2.0,2.0,2.0,2.0,,1.0,2.0,2.0,2.0,,2.0,1.0,9.0,9.0,,2.0,5.0,1.0,1.0,2.0,1.0,,271.0
45,1.0,160.0,46.0,1.0,1.0,3.0,0.0,1.0,3.0,2.0,5.0,1.0,,1.0,1.0,1.0,2.0,2.0,2.0,1.0,2.0,2.0,2.0,1.0,3.0,4.0,1.0,,,,1.0,2.0,2.0,3.0,,5.0,2.0,0.0,2.0,2.0,3.0,,1.0,0.0,2.0,1.0,,0.0,0.0,9.0,9.0,,1.0,1.0,0.0,1.0,1.0,1.0,,72.0
46,1.0,160.0,47.0,1.0,3.0,7.0,7.0,4.0,4.0,4.0,1.0,4.0,,1.0,1.0,1.0,2.0,2.0,2.0,2.0,1.0,2.0,2.0,3.0,3.0,3.0,1.0,,,,1.0,2.0,2.0,3.0,,3.0,2.0,0.0,3.0,2.0,1.0,,1.0,2.0,9.0,9.0,,1.0,2.0,2.0,1.0,,1.0,5.0,1.0,4.0,1.0,1.0,,267.0
47,1.0,160.0,48.0,1.0,3.0,5.0,7.0,3.0,1.0,1.0,1.0,3.0,,1.0,1.0,1.0,2.0,2.0,2.0,2.0,1.0,2.0,2.0,1.0,1.0,2.0,1.0,,,,1.0,2.0,1.0,3.0,,1.0,2.0,0.0,3.0,1.0,2.0,,1.0,0.0,9.0,1.0,,2.0,3.0,9.0,9.0,,1.0,1.0,0.0,3.0,1.0,1.0,,381.0
48,1.0,160.0,49.0,1.0,1.0,5.0,7.0,3.0,0.0,1.0,1.0,3.0,,3.0,1.0,1.0,2.0,2.0,2.0,2.0,1.0,2.0,2.0,3.0,1.0,3.0,1.0,,,,1.0,1.0,2.0,3.0,,5.0,2.0,0.0,3.0,1.0,6.0,,1.0,2.0,1.0,1.0,,2.0,2.0,9.0,9.0,,2.0,5.0,1.0,4.0,2.0,2.0,,386.0
49,1.0,160.0,50.0,1.0,1.0,2.0,6.0,4.0,3.0,3.0,3.0,3.0,,3.0,1.0,1.0,2.0,2.0,2.0,2.0,1.0,2.0,1.0,3.0,3.0,3.0,1.0,,,,0.0,2.0,1.0,3.0,,1.0,1.0,0.0,3.0,1.0,2.0,,1.0,2.0,2.0,9.0,,2.0,1.0,9.0,9.0,,2.0,2.0,0.0,2.0,1.0,1.0,,345.0
50,1.0,160.0,51.0,1.0,1.0,4.0,1.0,2.0,2.0,3.0,1.0,3.0,,1.0,1.0,1.0,2.0,2.0,2.0,2.0,2.0,2.0,2.0,2.0,3.0,3.0,1.0,,,,1.0,1.0,3.0,3.0,,3.0,2.0,1.0,2.0,2.0,3.0,,1.0,2.0,1.0,3.0,,2.0,2.0,9.0,2.0,,2.0,4.0,0.0,3.0,1.0,1.0,,379.0
51,1.0,160.0,52.0,1.0,1.0,7.0,7.0,3.0,2.0,5.0,0.0,3.0,,3.0,1.0,1.0,2.0,2.0,2.0,2.0,2.0,2.0,2.0,3.0,3.0,3.0,2.0,,,,3.0,2.0,2.0,1.0,,5.0,4.0,1.0,2.0,2.0,9.0,,2.0,0.0,9.0,9.0,,1.0,0.0,1.0,1.0,,2.0,2.0,1.0,4.0,1.0,1.0,,250.0
52,1.0,160.0,53.0,1.0,0.0,0.0,0.0,0.0,0.0,0.0,0.0,1.0,,1.0,1.0,1.0,2.0,2.0,1.0,2.0,1.0,2.0,2.0,3.0,3.0,3.0,2.0,,,,1.0,2.0,1.0,3.0,,5.0,2.0,0.0,2.0,2.0,3.0,,1.0,2.0,2.0,1.0,,2.0,2.0,9.0,9.0,,1.0,5.0,1.0,4.0,1.0,1.0,,123.0
53,1.0,160.0,54.0,1.0,5.0,1.0,0.0,5.0,7.0,4.0,10.0,3.0,,1.0,1.0,2.0,2.0,1.0,2.0,2.0,2.0,2.0,2.0,3.0,3.0,3.0,2.0,,,,1.0,1.0,1.0,3.0,,3.0,2.0,0.0,4.0,1.0,2.0,,1.0,2.0,1.0,1.0,,1.0,2.0,9.0,9.0,,1.0,0.0,0.0,3.0,1.0,1.0,,272.0
54,1.0,160.0,55.0,1.0,1.0,4.0,1.0,1.0,2.0,5.0,10.0,1.0,,3.0,1.0,1.0,1.0,2.0,2.0,1.0,1.0,2.0,1.0,3.0,2.0,5.0,2.0,,,,3.0,0.0,1.0,3.0,,1.0,2.0,2.0,3.0,1.0,1.0,,1.0,2.0,1.0,3.0,,2.0,2.0,9.0,9.0,,2.0,5.0,1.0,4.0,1.0,1.0,,380.0
55,1.0,160.0,56.0,1.0,2.0,11.0,7.0,3.0,2.0,3.0,4.0,4.0,,1.0,1.0,1.0,2.0,2.0,2.0,2.0,2.0,2.0,2.0,3.0,2.0,4.0,2.0,,,,1.0,1.0,2.0,1.0,,3.0,2.0,0.0,4.0,2.0,3.0,,2.0,2.0,9.0,9.0,,2.0,3.0,9.0,9.0,,1.0,1.0,1.0,5.0,2.0,1.0,,86.0
56,1.0,160.0,57.0,1.0,1.0,1.0,7.0,3.0,3.0,3.0,2.0,3.0,,1.0,1.0,1.0,2.0,2.0,2.0,2.0,1.0,2.0,2.0,3.0,3.0,4.0,2.0,,,,0.0,1.0,2.0,3.0,,3.0,2.0,0.0,4.0,1.0,8.0,,1.0,2.0,9.0,9.0,,0.0,0.0,9.0,9.0,,0.0,0.0,0.0,4.0,1.0,1.0,,128.0
57,1.0,160.0,58.0,1.0,5.0,4.0,2.0,3.0,1.0,2.0,1.0,4.0,,1.0,1.0,1.0,2.0,2.0,1.0,1.0,2.0,2.0,2.0,3.0,1.0,1.0,2.0,,,,1.0,1.0,1.0,3.0,,5.0,3.0,0.0,3.0,1.0,2.0,,1.0,2.0,1.0,1.0,,2.0,2.0,9.0,9.0,,1.0,1.0,0.0,1.0,1.0,1.0,,208.0
58,1.0,160.0,59.0,1.0,2.0,2.0,6.0,3.0,1.0,2.0,2.0,3.0,,3.0,1.0,1.0,2.0,1.0,2.0,1.0,1.0,2.0,1.0,1.0,1.0,2.0,2.0,,,,1.0,2.0,1.0,3.0,,5.0,2.0,1.0,0.0,1.0,2.0,,2.0,2.0,9.0,9.0,,1.0,1.0,9.0,9.0,,1.0,1.0,0.0,0.0,0.0,0.0,,136.0
59,1.0,160.0,60.0,1.0,4.0,4.0,1.0,3.0,2.0,3.0,3.0,3.0,,1.0,1.0,2.0,1.0,2.0,2.0,2.0,1.0,2.0,1.0,1.0,2.0,2.0,2.0,,,,1.0,2.0,2.0,3.0,,1.0,2.0,2.0,3.0,1.0,2.0,,1.0,0.0,9.0,9.0,,2.0,2.0,9.0,9.0,,1.0,1.0,1.0,3.0,1.0,1.0,,330.0
60,1.0,160.0,61.0,1.0,1.0,4.0,1.0,2.0,3.0,2.0,2.0,3.0,,1.0,1.0,2.0,1.0,2.0,1.0,2.0,2.0,2.0,1.0,1.0,3.0,2.0,2.0,,,,1.0,2.0,2.0,3.0,,1.0,4.0,1.0,2.0,2.0,3.0,,1.0,2.0,1.0,1.0,,0.0,0.0,9.0,9.0,,1.0,1.0,0.0,3.0,1.0,1.0,,320.0
61,1.0,160.0,62.0,1.0,2.0,4.0,2.0,2.0,4.0,2.0,4.0,3.0,,1.0,1.0,2.0,1.0,2.0,2.0,2.0,1.0,2.0,2.0,3.0,2.0,3.0,2.0,,,,3.0,2.0,2.0,3.0,,5.0,2.0,2.0,3.0,1.0,2.0,,1.0,2.0,2.0,1.0,,1.0,0.0,1.0,9.0,,2.0,4.0,1.0,2.0,0.0,1.0,,400.0
62,1.0,160.0,63.0,1.0,1.0,4.0,2.0,3.0,2.0,3.0,5.0,3.0,,1.0,1.0,2.0,1.0,2.0,2.0,1.0,2.0,2.0,2.0,1.0,2.0,3.0,2.0,,,,1.0,2.0,2.0,3.0,,5.0,4.0,1.0,3.0,2.0,2.0,,1.0,2.0,9.0,9.0,,2.0,1.0,1.0,9.0,,1.0,1.0,0.0,3.0,1.0,1.0,,392.0
63,1.0,160.0,64.0,1.0,5.0,11.0,7.0,3.0,2.0,3.0,2.0,3.0,,1.0,1.0,1.0,2.0,2.0,2.0,1.0,1.0,2.0,2.0,3.0,2.0,3.0,2.0,,,,1.0,1.0,0.0,3.0,,3.0,2.0,0.0,4.0,1.0,8.0,,1.0,2.0,1.0,1.0,,2.0,1.0,9.0,9.0,,1.0,0.0,0.0,5.0,1.0,1.0,,84.0
64,1.0,160.0,65.0,1.0,2.0,4.0,1.0,1.0,4.0,3.0,2.0,3.0,,1.0,1.0,2.0,1.0,2.0,2.0,1.0,1.0,2.0,1.0,3.0,3.0,3.0,2.0,,,,1.0,1.0,2.0,1.0,,3.0,2.0,1.0,4.0,1.0,2.0,,1.0,2.0,1.0,1.0,,2.0,1.0,9.0,9.0,,1.0,1.0,0.0,4.0,1.0,1.0,,362.0
65,1.0,160.0,66.0,1.0,2.0,4.0,1.0,2.0,4.0,3.0,2.0,3.0,,1.0,1.0,1.0,2.0,2.0,2.0,1.0,1.0,2.0,2.0,3.0,3.0,3.0,2.0,,,,1.0,1.0,1.0,1.0,,3.0,2.0,0.0,3.0,1.0,2.0,,1.0,0.0,9.0,1.0,,2.0,0.0,9.0,9.0,,1.0,1.0,0.0,5.0,1.0,1.0,,397.0
66,1.0,160.0,67.0,1.0,3.0,1.0,7.0,3.0,3.0,3.0,2.0,1.0,,1.0,1.0,2.0,2.0,1.0,2.0,2.0,1.0,2.0,2.0,1.0,3.0,3.0,2.0,,,,1.0,2.0,1.0,3.0,,1.0,1.0,0.0,4.0,1.0,2.0,,0.0,0.0,9.0,9.0,,1.0,0.0,9.0,9.0,,1.0,5.0,0.0,4.0,1.0,1.0,,45.0
67,1.0,160.0,68.0,1.0,1.0,1.0,7.0,3.0,1.0,3.0,2.0,3.0,,1.0,1.0,2.0,2.0,2.0,2.0,2.0,2.0,2.0,1.0,3.0,3.0,3.0,2.0,,,,1.0,2.0,2.0,5.0,,5.0,4.0,2.0,4.0,2.0,2.0,,2.0,3.0,9.0,9.0,,2.0,3.0,9.0,9.0,,1.0,1.0,0.0,2.0,1.0,1.0,,65.0
68,1.0,160.0,69.0,1.0,3.0,11.0,7.0,3.0,3.0,3.0,1.0,3.0,,1.0,1.0,1.0,2.0,2.0,2.0,2.0,1.0,2.0,2.0,3.0,3.0,3.0,2.0,,,,1.0,1.0,2.0,3.0,,5.0,2.0,0.0,4.0,2.0,1.0,,1.0,3.0,9.0,9.0,,2.0,3.0,9.0,9.0,,1.0,1.0,0.0,4.0,1.0,1.0,,103.0
69,1.0,160.0,70.0,1.0,1.0,4.0,1.0,2.0,2.0,3.0,2.0,1.0,,1.0,1.0,1.0,2.0,2.0,2.0,2.0,1.0,2.0,1.0,3.0,1.0,2.0,3.0,,,,3.0,2.0,3.0,3.0,,5.0,2.0,0.0,3.0,2.0,2.0,,1.0,2.0,1.0,1.0,,2.0,2.0,9.0,9.0,,1.0,1.0,0.0,3.0,1.0,1.0,,283.0
70,1.0,160.0,71.0,1.0,1.0,4.0,1.0,1.0,3.0,2.0,5.0,2.0,,1.0,1.0,2.0,1.0,2.0,2.0,2.0,1.0,2.0,1.0,3.0,3.0,2.0,3.0,,,,1.0,2.0,1.0,3.0,,1.0,1.0,0.0,3.0,1.0,2.0,,1.0,2.0,1.0,1.0,,2.0,2.0,9.0,9.0,,1.0,4.0,1.0,4.0,1.0,1.0,,398.0
71,1.0,160.0,72.0,1.0,4.0,2.0,6.0,4.0,2.0,3.0,1.0,3.0,,1.0,1.0,1.0,2.0,2.0,1.0,2.0,1.0,2.0,2.0,1.0,3.0,2.0,3.0,,,,1.0,2.0,2.0,1.0,,5.0,1.0,0.0,4.0,1.0,2.0,,2.0,2.0,9.0,9.0,,1.0,0.0,1.0,1.0,,1.0,0.0,1.0,2.0,1.0,1.0,,357.0
72,1.0,160.0,73.0,1.0,4.0,4.0,1.0,3.0,3.0,2.0,3.0,3.0,,3.0,1.0,1.0,2.0,2.0,2.0,2.0,1.0,2.0,1.0,3.0,3.0,2.0,3.0,,,,1.0,1.0,1.0,3.0,,0.0,2.0,0.0,3.0,2.0,2.0,,1.0,1.0,3.0,1.0,,2.0,0.0,9.0,9.0,,2.0,2.0,0.0,3.0,1.0,1.0,,313.0
73,1.0,160.0,74.0,1.0,2.0,4.0,2.0,3.0,2.0,2.0,4.0,2.0,,3.0,1.0,1.0,2.0,2.0,2.0,2.0,1.0,2.0,2.0,1.0,1.0,3.0,3.0,,,,1.0,2.0,1.0,3.0,,1.0,1.0,0.0,3.0,1.0,2.0,,1.0,2.0,1.0,1.0,,2.0,2.0,9.0,9.0,,1.0,1.0,0.0,4.0,1.0,1.0,,209.0
74,1.0,160.0,75.0,1.0,1.0,4.0,1.0,1.0,3.0,2.0,6.0,3.0,,1.0,1.0,1.0,2.0,2.0,2.0,2.0,1.0,2.0,2.0,1.0,3.0,3.0,3.0,,,,1.0,0.0,2.0,3.0,,0.0,1.0,0.0,2.0,2.0,0.0,,2.0,2.0,9.0,9.0,,0.0,0.0,9.0,9.0,,1.0,0.0,1.0,0.0,1.0,1.0,,318.0
75,1.0,160.0,76.0,1.0,2.0,1.0,7.0,3.0,6.0,4.0,1.0,3.0,,3.0,1.0,1.0,2.0,1.0,2.0,1.0,2.0,2.0,2.0,3.0,3.0,3.0,4.0,,,,1.0,2.0,1.0,3.0,,1.0,4.0,1.0,4.0,2.0,2.0,,1.0,2.0,1.0,1.0,,2.0,2.0,9.0,9.0,,1.0,1.0,0.0,5.0,1.0,1.0,,67.0
76,1.0,160.0,77.0,1.0,1.0,4.0,1.0,1.0,2.0,2.0,3.0,3.0,,1.0,1.0,1.0,2.0,2.0,1.0,2.0,1.0,2.0,2.0,1.0,3.0,1.0,4.0,,,,1.0,2.0,1.0,3.0,,1.0,1.0,0.0,3.0,1.0,2.0,,1.0,0.0,1.0,1.0,,0.0,2.0,9.0,9.0,,0.0,0.0,0.0,3.0,1.0,1.0,,160.0
77,1.0,160.0,78.0,1.0,1.0,3.0,7.0,4.0,1.0,2.0,3.0,3.0,,1.0,1.0,1.0,2.0,2.0,2.0,2.0,1.0,2.0,2.0,3.0,3.0,1.0,4.0,,,,1.0,2.0,1.0,3.0,,1.0,1.0,0.0,3.0,2.0,2.0,,1.0,1.0,1.0,1.0,,2.0,2.0,9.0,9.0,,1.0,1.0,1.0,5.0,1.0,1.0,,77.0
78,1.0,160.0,79.0,1.0,3.0,4.0,2.0,4.0,1.0,2.0,4.0,3.0,,1.0,1.0,1.0,2.0,2.0,2.0,2.0,1.0,2.0,1.0,1.0,1.0,2.0,4.0,,,,1.0,2.0,2.0,3.0,,1.0,2.0,1.0,3.0,1.0,8.0,,2.0,3.0,9.0,9.0,,2.0,2.0,9.0,9.0,,1.0,1.0,0.0,4.0,1.0,1.0,,297.0
79,1.0,160.0,80.0,1.0,3.0,1.0,7.0,5.0,6.0,2.0,5.0,3.0,,1.0,1.0,1.0,1.0,2.0,1.0,2.0,2.0,2.0,1.0,1.0,2.0,2.0,4.0,,,,3.0,1.0,1.0,3.0,,5.0,2.0,0.0,4.0,1.0,1.0,,1.0,0.0,1.0,2.0,,2.0,0.0,9.0,9.0,,1.0,0.0,1.0,4.0,1.0,1.0,,177.0
80,1.0,160.0,81.0,1.0,5.0,3.0,7.0,4.0,6.0,3.0,2.0,3.0,,3.0,1.0,1.0,2.0,1.0,2.0,2.0,1.0,2.0,1.0,1.0,2.0,2.0,4.0,,,,1.0,1.0,3.0,5.0,,5.0,2.0,2.0,4.0,1.0,1.0,,1.0,2.0,1.0,1.0,,1.0,1.0,9.0,1.0,,1.0,1.0,1.0,1.0,1.0,1.0,,79.0
81,1.0,160.0,82.0,1.0,1.0,4.0,1.0,1.0,3.0,3.0,1.0,3.0,,1.0,1.0,1.0,2.0,2.0,2.0,2.0,1.0,2.0,2.0,3.0,3.0,2.0,4.0,,,,1.0,1.0,2.0,3.0,,3.0,2.0,1.0,2.0,1.0,2.0,,1.0,1.0,9.0,9.0,,0.0,0.0,9.0,9.0,,1.0,0.0,0.0,6.0,1.0,1.0,,291.0
82,1.0,160.0,83.0,1.0,3.0,7.0,7.0,3.0,2.0,4.0,0.0,3.0,,1.0,1.0,1.0,2.0,2.0,2.0,2.0,1.0,2.0,2.0,3.0,3.0,2.0,4.0,,,,1.0,1.0,2.0,3.0,,3.0,2.0,0.0,3.0,2.0,1.0,,2.0,2.0,9.0,9.0,,1.0,1.0,1.0,1.0,,1.0,1.0,1.0,4.0,2.0,1.0,,244.0
83,1.0,160.0,84.0,1.0,1.0,10.0,7.0,1.0,3.0,5.0,0.0,4.0,,1.0,0.0,1.0,2.0,2.0,2.0,2.0,2.0,2.0,2.0,1.0,3.0,2.0,4.0,,,,1.0,2.0,1.0,3.0,,1.0,3.0,0.0,2.0,2.0,7.0,,1.0,1.0,1.0,1.0,,2.0,3.0,9.0,9.0,,1.0,1.0,0.0,0.0,0.0,0.0,,118.0
84,1.0,160.0,85.0,1.0,3.0,6.0,4.0,4.0,3.0,3.0,1.0,3.0,,1.0,1.0,1.0,2.0,2.0,2.0,1.0,1.0,2.0,2.0,1.0,3.0,2.0,5.0,,,,1.0,2.0,1.0,1.0,,5.0,1.0,0.0,3.0,2.0,2.0,,2.0,2.0,9.0,9.0,,1.0,0.0,1.0,1.0,,1.0,1.0,1.0,4.0,1.0,1.0,,339.0
85,1.0,160.0,86.0,1.0,1.0,4.0,1.0,2.0,8.0,3.0,3.0,3.0,,1.0,1.0,1.0,2.0,2.0,1.0,1.0,1.0,2.0,2.0,3.0,3.0,1.0,6.0,,,,1.0,0.0,2.0,3.0,,3.0,1.0,0.0,3.0,0.0,2.0,,1.0,2.0,1.0,1.0,,2.0,2.0,9.0,9.0,,1.0,1.0,1.0,2.0,2.0,1.0,,401.0
86,1.0,160.0,87.0,1.0,2.0,1.0,7.0,3.0,3.0,3.0,1.0,3.0,,1.0,1.0,1.0,2.0,2.0,2.0,1.0,2.0,2.0,2.0,1.0,1.0,1.0,6.0,,,,1.0,2.0,2.0,3.0,,5.0,4.0,1.0,3.0,1.0,1.0,,2.0,2.0,9.0,9.0,,2.0,2.0,9.0,9.0,,1.0,1.0,1.0,6.0,1.0,1.0,,55.0
87,1.0,160.0,88.0,1.0,2.0,5.0,7.0,3.0,1.0,2.0,2.0,3.0,,1.0,1.0,1.0,2.0,2.0,2.0,2.0,1.0,2.0,2.0,1.0,1.0,1.0,6.0,,,,1.0,1.0,2.0,3.0,,3.0,2.0,0.0,2.0,2.0,2.0,,1.0,2.0,9.0,9.0,,2.0,2.0,9.0,9.0,,1.0,1.0,1.0,2.0,1.0,1.0,,385.0
88,1.0,160.0,89.0,1.0,1.0,4.0,1.0,1.0,2.0,2.0,5.0,1.0,,1.0,1.0,2.0,2.0,2.0,2.0,2.0,2.0,2.0,1.0,1.0,2.0,1.0,6.0,,,,1.0,1.0,1.0,1.0,,3.0,2.0,1.0,2.0,1.0,2.0,,2.0,2.0,2.0,1.0,,2.0,2.0,3.0,1.0,,1.0,5.0,1.0,3.0,1.0,1.0,,282.0
89,1.0,160.0,90.0,1.0,3.0,11.0,7.0,3.0,8.0,2.0,10.0,3.0,,1.0,1.0,1.0,2.0,2.0,2.0,2.0,2.0,2.0,2.0,3.0,2.0,1.0,6.0,,,,1.0,1.0,1.0,3.0,,3.0,2.0,0.0,4.0,1.0,1.0,,1.0,2.0,1.0,1.0,,2.0,2.0,9.0,9.0,,1.0,1.0,0.0,2.0,1.0,1.0,,89.0
90,1.0,160.0,91.0,1.0,1.0,3.0,7.0,4.0,5.0,3.0,2.0,1.0,,1.0,1.0,1.0,2.0,2.0,2.0,1.0,2.0,2.0,2.0,3.0,2.0,1.0,6.0,,,,1.0,1.0,1.0,1.0,,1.0,1.0,0.0,4.0,1.0,1.0,,1.0,2.0,1.0,1.0,,2.0,2.0,9.0,9.0,,1.0,1.0,0.0,4.0,1.0,1.0,,189.0
91,1.0,160.0,92.0,1.0,1.0,11.0,7.0,1.0,3.0,1.0,5.0,1.0,,1.0,1.0,1.0,2.0,2.0,1.0,2.0,2.0,2.0,2.0,1.0,3.0,1.0,6.0,,,,0.0,2.0,3.0,3.0,,1.0,2.0,0.0,2.0,2.0,2.0,,1.0,2.0,1.0,1.0,,0.0,0.0,9.0,9.0,,1.0,1.0,1.0,4.0,1.0,1.0,,108.0
92,1.0,160.0,93.0,1.0,1.0,4.0,0.0,1.0,7.0,4.0,1.0,3.0,,3.0,1.0,1.0,2.0,2.0,2.0,2.0,1.0,2.0,2.0,3.0,3.0,1.0,6.0,,,,1.0,2.0,1.0,3.0,,1.0,1.0,0.0,2.0,0.0,2.0,,1.0,1.0,1.0,9.0,,2.0,2.0,9.0,9.0,,1.0,1.0,0.0,3.0,1.0,1.0,,311.0
93,1.0,160.0,94.0,1.0,1.0,4.0,1.0,2.0,1.0,2.0,5.0,3.0,,3.0,1.0,1.0,2.0,2.0,2.0,2.0,1.0,2.0,1.0,3.0,1.0,2.0,6.0,,,,3.0,2.0,1.0,3.0,,5.0,2.0,0.0,3.0,1.0,9.0,,1.0,0.0,1.0,1.0,,2.0,2.0,9.0,9.0,,2.0,5.0,1.0,4.0,1.0,1.0,,377.0
94,1.0,160.0,95.0,1.0,1.0,2.0,6.0,4.0,7.0,4.0,1.0,3.0,,2.0,1.0,1.0,2.0,2.0,2.0,2.0,1.0,2.0,1.0,1.0,1.0,2.0,6.0,,,,0.0,2.0,2.0,3.0,,1.0,1.0,0.0,3.0,2.0,2.0,,2.0,2.0,2.0,1.0,,1.0,2.0,9.0,9.0,,1.0,7.0,0.0,3.0,1.0,1.0,,351.0
95,1.0,160.0,96.0,1.0,2.0,4.0,1.0,3.0,2.0,1.0,4.0,3.0,,1.0,1.0,2.0,1.0,2.0,2.0,2.0,1.0,2.0,1.0,3.0,2.0,2.0,6.0,,,,0.0,2.0,3.0,3.0,,1.0,2.0,1.0,3.0,2.0,2.0,,1.0,2.0,2.0,1.0,,2.0,1.0,9.0,9.0,,1.0,1.0,1.0,3.0,2.0,1.0,,363.0
96,1.0,160.0,97.0,1.0,4.0,14.0,5.0,3.0,8.0,3.0,2.0,3.0,,3.0,1.0,2.0,1.0,2.0,2.0,2.0,1.0,1.0,1.0,1.0,2.0,2.0,6.0,,,,1.0,1.0,2.0,1.0,,3.0,2.0,1.0,3.0,2.0,2.0,,0.0,1.0,9.0,9.0,,1.0,1.0,9.0,9.0,,1.0,1.0,0.0,2.0,1.0,1.0,,125.0
97,1.0,160.0,98.0,1.0,2.0,11.0,7.0,3.0,2.0,3.0,4.0,3.0,,1.0,1.0,1.0,2.0,2.0,2.0,2.0,2.0,2.0,2.0,3.0,2.0,2.0,6.0,,,,1.0,1.0,1.0,1.0,,3.0,2.0,0.0,4.0,1.0,1.0,,1.0,2.0,9.0,1.0,,2.0,3.0,9.0,9.0,,1.0,1.0,0.0,4.0,1.0,1.0,,102.0
98,1.0,160.0,99.0,1.0,2.0,7.0,7.0,3.0,8.0,3.0,3.0,3.0,,1.0,1.0,1.0,2.0,2.0,2.0,1.0,2.0,2.0,2.0,1.0,3.0,2.0,6.0,,,,1.0,2.0,1.0,3.0,,5.0,4.0,1.0,4.0,1.0,2.0,,2.0,2.0,9.0,9.0,,1.0,1.0,1.0,1.0,,1.0,1.0,0.0,2.0,1.0,1.0,,163.0
99,1.0,160.0,100.0,1.0,2.0,5.0,7.0,2.0,6.0,3.0,5.0,3.0,,1.0,1.0,2.0,1.0,2.0,2.0,2.0,1.0,2.0,2.0,1.0,3.0,2.0,6.0,,,,1.0,2.0,1.0,3.0,,1.0,1.0,0.0,3.0,1.0,2.0,,1.0,0.0,1.0,1.0,,1.0,2.0,9.0,9.0,,1.0,1.0,0.0,3.0,1.0,1.0,,383.0
100,1.0,160.0,101.0,1.0,5.0,3.0,7.0,4.0,7.0,3.0,4.0,3.0,,1.0,0.0,2.0,1.0,2.0,2.0,2.0,1.0,2.0,2.0,0.0,3.0,2.0,6.0,,,,0.0,1.0,1.0,3.0,,0.0,2.0,0.0,4.0,1.0,1.0,,1.0,0.0,1.0,1.0,,2.0,0.0,9.0,9.0,,1.0,1.0,1.0,4.0,2.0,1.0,,232.0
101,1.0,160.0,102.0,1.0,6.0,11.0,7.0,3.0,2.0,4.0,2.0,3.0,,1.0,1.0,1.0,2.0,2.0,2.0,2.0,1.0,2.0,2.0,1.0,3.0,2.0,6.0,,,,1.0,1.0,1.0,3.0,,5.0,2.0,0.0,4.0,1.0,1.0,,1.0,2.0,2.0,1.0,,2.0,1.0,9.0,9.0,,1.0,1.0,0.0,1.0,1.0,1.0,,94.0
102,1.0,160.0,103.0,1.0,2.0,3.0,7.0,4.0,4.0,3.0,2.0,0.0,,2.0,1.0,1.0,2.0,2.0,2.0,2.0,1.0,2.0,2.0,3.0,3.0,2.0,6.0,,,,1.0,2.0,1.0,3.0,,2.0,2.0,0.0,3.0,2.0,2.0,,1.0,2.0,1.0,1.0,,2.0,3.0,9.0,9.0,,1.0,1.0,1.0,1.0,2.0,1.0,,4.0
103,1.0,160.0,104.0,1.0,2.0,10.0,7.0,1.0,4.0,2.0,4.0,3.0,,1.0,1.0,2.0,1.0,2.0,2.0,2.0,1.0,2.0,2.0,1.0,3.0,3.0,6.0,,,,1.0,2.0,1.0,3.0,,1.0,1.0,1.0,2.0,2.0,1.0,,1.0,1.0,1.0,1.0,,2.0,2.0,1.0,1.0,,2.0,2.0,0.0,4.0,1.0,1.0,,117.0
104,1.0,160.0,105.0,1.0,1.0,7.0,7.0,1.0,2.0,2.0,8.0,3.0,,3.0,1.0,1.0,2.0,1.0,2.0,2.0,1.0,2.0,2.0,1.0,2.0,1.0,7.0,,,,1.0,1.0,2.0,1.0,,3.0,2.0,1.0,4.0,1.0,2.0,,2.0,2.0,9.0,9.0,,1.0,1.0,1.0,1.0,,1.0,1.0,1.0,2.0,1.0,1.0,,162.0
105,1.0,160.0,106.0,1.0,3.0,1.0,0.0,3.0,7.0,3.0,2.0,3.0,,1.0,1.0,1.0,2.0,2.0,2.0,1.0,2.0,2.0,1.0,1.0,1.0,1.0,7.0,,,,0.0,2.0,2.0,3.0,,1.0,4.0,1.0,4.0,1.0,2.0,,1.0,2.0,9.0,9.0,,2.0,0.0,9.0,9.0,,1.0,1.0,0.0,4.0,1.0,1.0,,49.0
106,1.0,160.0,107.0,1.0,1.0,4.0,1.0,2.0,2.0,1.0,5.0,1.0,,3.0,0.0,1.0,2.0,2.0,2.0,2.0,1.0,2.0,1.0,1.0,2.0,1.0,7.0,,,,0.0,2.0,2.0,3.0,,1.0,2.0,2.0,3.0,1.0,6.0,,1.0,0.0,9.0,9.0,,2.0,2.0,9.0,9.0,,1.0,1.0,0.0,4.0,0.0,0.0,,372.0
107,1.0,160.0,108.0,1.0,2.0,7.0,7.0,5.0,6.0,3.0,2.0,1.0,,1.0,1.0,1.0,2.0,2.0,2.0,2.0,2.0,2.0,1.0,1.0,2.0,1.0,7.0,,,,0.0,2.0,3.0,3.0,,1.0,1.0,0.0,4.0,1.0,1.0,,2.0,0.0,9.0,9.0,,1.0,0.0,9.0,9.0,,1.0,1.0,1.0,4.0,1.0,1.0,,178.0
108,1.0,160.0,109.0,1.0,3.0,7.0,0.0,3.0,6.0,3.0,2.0,1.0,,1.0,1.0,1.0,2.0,2.0,2.0,2.0,1.0,2.0,2.0,1.0,2.0,1.0,7.0,,,,1.0,2.0,1.0,3.0,,5.0,2.0,0.0,2.0,2.0,1.0,,2.0,2.0,9.0,9.0,,1.0,2.0,2.0,1.0,,1.0,5.0,1.0,4.0,1.0,1.0,,269.0
109,1.0,160.0,110.0,1.0,4.0,1.0,1.0,0.0,5.0,6.0,2.0,0.0,,3.0,3.0,1.0,1.0,2.0,2.0,2.0,1.0,2.0,2.0,3.0,3.0,1.0,7.0,,,,1.0,2.0,1.0,3.0,,1.0,4.0,1.0,4.0,1.0,2.0,,1.0,1.0,1.0,1.0,,1.0,1.0,1.0,1.0,,1.0,1.0,1.0,4.0,1.0,1.0,,257.0
110,1.0,160.0,111.0,1.0,3.0,11.0,7.0,3.0,7.0,3.0,5.0,1.0,,1.0,1.0,1.0,2.0,2.0,2.0,2.0,2.0,2.0,2.0,3.0,3.0,1.0,7.0,,,,1.0,1.0,1.0,3.0,,5.0,2.0,1.0,3.0,1.0,1.0,,1.0,2.0,9.0,1.0,,2.0,2.0,9.0,1.0,,1.0,4.0,0.0,1.0,1.0,0.0,,101.0
111,1.0,160.0,112.0,1.0,1.0,10.0,7.0,1.0,10.0,3.0,4.0,1.0,,1.0,1.0,1.0,2.0,1.0,1.0,2.0,1.0,2.0,2.0,1.0,3.0,1.0,7.0,,,,1.0,1.0,2.0,3.0,,3.0,2.0,0.0,2.0,2.0,1.0,,1.0,2.0,9.0,9.0,,2.0,2.0,9.0,1.0,,2.0,0.0,1.0,0.0,0.0,0.0,,37.0
112,1.0,160.0,113.0,1.0,3.0,10.0,7.0,1.0,2.0,3.0,0.0,1.0,,1.0,1.0,1.0,2.0,1.0,1.0,2.0,1.0,2.0,2.0,1.0,3.0,2.0,7.0,,,,1.0,2.0,1.0,3.0,,3.0,1.0,2.0,2.0,2.0,3.0,,1.0,0.0,1.0,1.0,,2.0,2.0,2.0,1.0,,1.0,1.0,0.0,2.0,1.0,1.0,,42.0
113,1.0,160.0,114.0,1.0,1.0,10.0,7.0,1.0,3.0,3.0,2.0,1.0,,3.0,1.0,1.0,2.0,2.0,1.0,2.0,1.0,2.0,2.0,3.0,3.0,2.0,7.0,,,,1.0,2.0,1.0,3.0,,3.0,2.0,0.0,2.0,2.0,3.0,,1.0,2.0,1.0,1.0,,1.0,1.0,1.0,1.0,,2.0,1.0,1.0,4.0,1.0,1.0,,41.0
114,1.0,160.0,115.0,1.0,1.0,10.0,7.0,1.0,3.0,4.0,10.0,1.0,,1.0,1.0,2.0,2.0,1.0,2.0,2.0,2.0,2.0,2.0,1.0,3.0,3.0,7.0,,,,1.0,2.0,1.0,3.0,,1.0,1.0,0.0,2.0,2.0,3.0,,1.0,1.0,1.0,1.0,,2.0,2.0,9.0,9.0,,1.0,1.0,0.0,1.0,1.0,1.0,,43.0
115,1.0,160.0,116.0,1.0,1.0,3.0,7.0,3.0,7.0,3.0,3.0,4.0,,1.0,2.0,2.0,2.0,2.0,2.0,2.0,2.0,2.0,1.0,1.0,1.0,1.0,8.0,,,,0.0,1.0,1.0,3.0,,0.0,4.0,0.0,3.0,2.0,9.0,,0.0,1.0,2.0,9.0,,0.0,0.0,9.0,9.0,,2.0,5.0,1.0,5.0,0.0,1.0,,75.0
116,1.0,160.0,117.0,1.0,1.0,3.0,0.0,4.0,6.0,4.0,1.0,3.0,,1.0,1.0,1.0,2.0,2.0,2.0,2.0,1.0,2.0,2.0,1.0,2.0,1.0,8.0,,,,1.0,1.0,2.0,3.0,,1.0,2.0,1.0,3.0,1.0,2.0,,1.0,1.0,1.0,1.0,,1.0,1.0,1.0,1.0,,2.0,5.0,1.0,5.0,2.0,1.0,,9.0
117,1.0,160.0,118.0,1.0,2.0,4.0,1.0,2.0,4.0,3.0,4.0,4.0,,1.0,1.0,1.0,2.0,2.0,2.0,2.0,2.0,2.0,1.0,1.0,4.0,3.0,4.0,,,,1.0,1.0,2.0,3.0,,3.0,2.0,2.0,3.0,0.0,9.0,,1.0,2.0,9.0,1.0,,2.0,2.0,9.0,9.0,,1.0,1.0,1.0,4.0,1.0,1.0,,368.0
118,1.0,160.0,119.0,1.0,4.0,4.0,1.0,2.0,4.0,2.0,8.0,3.0,,1.0,1.0,2.0,1.0,2.0,2.0,1.0,2.0,2.0,1.0,3.0,4.0,3.0,4.0,,,,1.0,1.0,1.0,1.0,,3.0,4.0,0.0,3.0,1.0,2.0,,1.0,2.0,2.0,2.0,,2.0,1.0,1.0,1.0,,1.0,1.0,0.0,3.0,1.0,1.0,,284.0
119,1.0,160.0,120.0,1.0,1.0,4.0,1.0,2.0,4.0,3.0,4.0,1.0,,1.0,1.0,1.0,2.0,2.0,1.0,2.0,1.0,2.0,1.0,1.0,4.0,2.0,4.0,,,,1.0,0.0,1.0,3.0,,2.0,1.0,0.0,2.0,1.0,2.0,,1.0,2.0,3.0,1.0,,2.0,2.0,2.0,1.0,,1.0,1.0,1.0,3.0,1.0,1.0,,287.0
120,1.0,160.0,121.0,1.0,5.0,4.0,1.0,3.0,1.0,3.0,4.0,3.0,,3.0,3.0,1.0,2.0,2.0,2.0,1.0,2.0,2.0,1.0,3.0,4.0,4.0,11.0,,,,3.0,1.0,1.0,3.0,,5.0,4.0,2.0,3.0,1.0,2.0,,1.0,0.0,1.0,3.0,,1.0,0.0,1.0,1.0,,2.0,5.0,1.0,3.0,1.0,1.0,,323.0
121,1.0,160.0,122.0,1.0,2.0,4.0,1.0,2.0,3.0,4.0,1.0,1.0,,3.0,1.0,1.0,2.0,2.0,2.0,1.0,1.0,2.0,1.0,3.0,4.0,5.0,1.0,,,,3.0,1.0,1.0,3.0,,3.0,2.0,2.0,3.0,1.0,3.0,,1.0,1.0,9.0,1.0,,2.0,2.0,9.0,9.0,,1.0,1.0,0.0,4.0,1.0,1.0,,375.0
122,1.0,160.0,123.0,1.0,4.0,4.0,1.0,1.0,3.0,4.0,10.0,3.0,,1.0,1.0,1.0,2.0,2.0,2.0,1.0,1.0,2.0,2.0,1.0,4.0,3.0,10.0,,,,0.0,1.0,2.0,3.0,,5.0,2.0,2.0,2.0,1.0,2.0,,1.0,2.0,9.0,1.0,,2.0,2.0,9.0,9.0,,1.0,1.0,0.0,4.0,1.0,1.0,,302.0
123,1.0,160.0,124.0,1.0,1.0,4.0,1.0,2.0,0.0,0.0,0.0,3.0,,1.0,1.0,2.0,2.0,2.0,2.0,2.0,2.0,2.0,1.0,3.0,4.0,3.0,0.0,,,,1.0,2.0,2.0,3.0,,5.0,4.0,2.0,2.0,1.0,2.0,,1.0,2.0,9.0,9.0,,0.0,0.0,9.0,9.0,,2.0,4.0,0.0,4.0,2.0,1.0,,293.0
124,1.0,160.0,125.0,1.0,3.0,4.0,2.0,4.0,3.0,2.0,1.0,3.0,,3.0,1.0,1.0,2.0,2.0,2.0,2.0,1.0,2.0,1.0,3.0,4.0,2.0,4.0,,,,1.0,1.0,1.0,3.0,,5.0,1.0,0.0,4.0,1.0,2.0,,2.0,0.0,2.0,1.0,,1.0,1.0,1.0,1.0,,2.0,7.0,1.0,4.0,2.0,1.0,,296.0
125,1.0,160.0,126.0,1.0,2.0,2.0,6.0,3.0,4.0,2.0,2.0,1.0,,3.0,1.0,1.0,2.0,2.0,2.0,1.0,1.0,2.0,1.0,0.0,4.0,3.0,2.0,,,,1.0,2.0,2.0,3.0,,5.0,1.0,0.0,4.0,1.0,2.0,,2.0,2.0,9.0,9.0,,1.0,1.0,1.0,1.0,,1.0,1.0,0.0,4.0,1.0,1.0,,137.0
126,1.0,160.0,127.0,1.0,3.0,2.0,6.0,3.0,4.0,3.0,1.0,3.0,,3.0,1.0,1.0,2.0,2.0,2.0,1.0,1.0,2.0,1.0,1.0,4.0,3.0,10.0,,,,1.0,2.0,3.0,3.0,,5.0,2.0,1.0,0.0,1.0,2.0,,2.0,2.0,9.0,9.0,,0.0,0.0,9.0,9.0,,1.0,1.0,0.0,2.0,2.0,1.0,,134.0
127,1.0,160.0,128.0,1.0,4.0,2.0,6.0,3.0,5.0,3.0,0.0,3.0,,2.0,1.0,1.0,1.0,2.0,2.0,1.0,1.0,2.0,1.0,1.0,4.0,4.0,10.0,,,,1.0,2.0,2.0,3.0,,5.0,2.0,1.0,0.0,1.0,2.0,,2.0,2.0,9.0,9.0,,1.0,1.0,1.0,1.0,,1.0,1.0,1.0,1.0,1.0,1.0,,198.0
128,1.0,160.0,129.0,1.0,2.0,4.0,1.0,4.0,3.0,3.0,9.0,3.0,,3.0,3.0,1.0,2.0,2.0,2.0,2.0,2.0,2.0,1.0,2.0,4.0,2.0,0.0,,,,3.0,1.0,2.0,0.0,,0.0,2.0,1.0,2.0,2.0,2.0,,1.0,0.0,9.0,1.0,,2.0,2.0,9.0,9.0,,2.0,0.0,0.0,3.0,1.0,1.0,,288.0
129,1.0,160.0,130.0,1.0,2.0,4.0,1.0,2.0,3.0,4.0,1.0,3.0,,1.0,1.0,2.0,1.0,2.0,2.0,2.0,2.0,2.0,2.0,0.0,4.0,4.0,2.0,,,,1.0,1.0,2.0,5.0,,3.0,2.0,0.0,2.0,2.0,2.0,,1.0,1.0,1.0,1.0,,0.0,2.0,1.0,1.0,,2.0,4.0,0.0,3.0,1.0,1.0,,159.0
130,1.0,160.0,131.0,1.0,5.0,4.0,2.0,2.0,4.0,2.0,5.0,3.0,,1.0,1.0,1.0,2.0,2.0,1.0,1.0,1.0,2.0,2.0,1.0,4.0,3.0,2.0,,,,1.0,0.0,0.0,0.0,,0.0,0.0,0.0,3.0,2.0,1.0,,2.0,2.0,9.0,9.0,,2.0,2.0,9.0,9.0,,1.0,1.0,1.0,6.0,2.0,2.0,,294.0
131,1.0,160.0,132.0,1.0,4.0,10.0,2.0,1.0,6.0,3.0,2.0,3.0,,1.0,1.0,1.0,2.0,2.0,2.0,2.0,1.0,2.0,2.0,1.0,4.0,3.0,4.0,,,,1.0,1.0,2.0,3.0,,3.0,4.0,1.0,2.0,2.0,2.0,,1.0,2.0,1.0,1.0,,1.0,2.0,9.0,9.0,,1.0,1.0,0.0,4.0,1.0,1.0,,114.0
132,1.0,160.0,133.0,1.0,1.0,4.0,2.0,2.0,7.0,3.0,2.0,1.0,,1.0,1.0,1.0,2.0,2.0,1.0,2.0,1.0,2.0,2.0,1.0,4.0,1.0,4.0,,,,0.0,2.0,2.0,3.0,,1.0,1.0,0.0,3.0,2.0,2.0,,1.0,2.0,9.0,9.0,,2.0,2.0,9.0,9.0,,1.0,1.0,0.0,1.0,1.0,1.0,,403.0
133,1.0,160.0,134.0,1.0,1.0,10.0,7.0,2.0,4.0,1.0,6.0,3.0,,1.0,1.0,2.0,1.0,2.0,2.0,2.0,2.0,2.0,2.0,3.0,4.0,1.0,11.0,,,,1.0,2.0,1.0,3.0,,5.0,2.0,0.0,0.0,0.0,0.0,,0.0,0.0,9.0,9.0,,1.0,3.0,1.0,1.0,,1.0,5.0,1.0,4.0,1.0,1.0,,119.0
134,1.0,160.0,135.0,1.0,2.0,10.0,7.0,1.0,3.0,2.0,3.0,1.0,,1.0,0.0,1.0,2.0,2.0,2.0,2.0,1.0,2.0,2.0,0.0,4.0,2.0,7.0,,,,0.0,2.0,2.0,3.0,,1.0,2.0,0.0,2.0,0.0,3.0,,1.0,2.0,9.0,9.0,,0.0,0.0,9.0,9.0,,2.0,5.0,0.0,1.0,1.0,1.0,,39.0
135,1.0,160.0,136.0,1.0,2.0,1.0,7.0,5.0,4.0,1.0,5.0,3.0,,1.0,1.0,1.0,2.0,2.0,1.0,2.0,1.0,2.0,2.0,3.0,4.0,1.0,11.0,,,,1.0,1.0,1.0,1.0,,3.0,2.0,0.0,4.0,1.0,9.0,,1.0,2.0,1.0,1.0,,2.0,3.0,9.0,9.0,,1.0,1.0,1.0,4.0,2.0,1.0,,275.0
136,1.0,160.0,137.0,1.0,1.0,5.0,7.0,4.0,1.0,2.0,3.0,3.0,,1.0,1.0,2.0,1.0,2.0,2.0,2.0,1.0,2.0,2.0,1.0,4.0,2.0,3.0,,,,1.0,1.0,2.0,3.0,,3.0,2.0,1.0,3.0,1.0,1.0,,1.0,2.0,1.0,1.0,,2.0,3.0,9.0,9.0,,1.0,1.0,0.0,4.0,1.0,1.0,,203.0
137,1.0,160.0,138.0,1.0,4.0,3.0,7.0,4.0,4.0,2.0,0.0,1.0,,1.0,0.0,1.0,2.0,2.0,2.0,2.0,1.0,2.0,2.0,3.0,4.0,1.0,0.0,,,,0.0,1.0,2.0,3.0,,3.0,4.0,2.0,3.0,1.0,2.0,,1.0,2.0,9.0,9.0,,0.0,0.0,9.0,9.0,,2.0,2.0,0.0,4.0,1.0,1.0,,192.0
138,1.0,160.0,139.0,1.0,1.0,6.0,7.0,2.0,1.0,1.0,2.0,3.0,,1.0,1.0,1.0,2.0,2.0,2.0,2.0,1.0,2.0,2.0,3.0,4.0,3.0,3.0,,,,0.0,2.0,2.0,3.0,,5.0,2.0,2.0,3.0,2.0,2.0,,1.0,1.0,9.0,9.0,,2.0,2.0,9.0,9.0,,1.0,1.0,0.0,3.0,2.0,1.0,,384.0
139,1.0,160.0,140.0,1.0,1.0,3.0,7.0,1.0,2.0,2.0,3.0,1.0,,1.0,1.0,1.0,2.0,2.0,2.0,2.0,1.0,2.0,2.0,3.0,4.0,3.0,7.0,,,,1.0,2.0,2.0,3.0,,5.0,2.0,0.0,2.0,2.0,2.0,,2.0,1.0,9.0,9.0,,1.0,0.0,1.0,1.0,,1.0,1.0,1.0,1.0,1.0,1.0,,71.0
140,1.0,160.0,141.0,1.0,3.0,13.0,7.0,4.0,4.0,2.0,2.0,3.0,,1.0,1.0,2.0,1.0,1.0,2.0,2.0,2.0,2.0,2.0,3.0,4.0,1.0,7.0,,,,1.0,1.0,2.0,3.0,,5.0,4.0,1.0,2.0,2.0,1.0,,1.0,2.0,2.0,1.0,,2.0,2.0,9.0,9.0,,1.0,0.0,1.0,2.0,1.0,1.0,,14.0
141,1.0,160.0,142.0,1.0,3.0,3.0,7.0,1.0,3.0,2.0,2.0,3.0,,1.0,1.0,2.0,2.0,2.0,2.0,2.0,2.0,2.0,1.0,1.0,4.0,2.0,4.0,,,,1.0,2.0,2.0,3.0,,1.0,4.0,1.0,2.0,2.0,7.0,,1.0,3.0,1.0,1.0,,2.0,2.0,9.0,9.0,,1.0,1.0,1.0,5.0,1.0,1.0,,80.0
142,1.0,160.0,143.0,1.0,2.0,10.0,7.0,4.0,5.0,2.0,3.0,3.0,,1.0,1.0,1.0,2.0,1.0,2.0,2.0,1.0,2.0,2.0,3.0,4.0,3.0,1.0,,,,1.0,2.0,2.0,3.0,,1.0,2.0,0.0,2.0,2.0,3.0,,2.0,0.0,9.0,9.0,,2.0,3.0,9.0,9.0,,1.0,1.0,1.0,4.0,2.0,1.0,,127.0
143,1.0,160.0,144.0,1.0,1.0,1.0,7.0,3.0,6.0,3.0,3.0,4.0,,3.0,1.0,2.0,2.0,1.0,2.0,2.0,2.0,2.0,2.0,3.0,4.0,4.0,2.0,,,,1.0,1.0,1.0,3.0,,3.0,2.0,0.0,4.0,2.0,2.0,,1.0,2.0,3.0,1.0,,2.0,1.0,9.0,9.0,,2.0,2.0,1.0,1.0,1.0,1.0,,51.0
144,1.0,160.0,145.0,1.0,5.0,3.0,7.0,4.0,4.0,3.0,4.0,3.0,,3.0,1.0,1.0,2.0,2.0,2.0,2.0,1.0,2.0,2.0,3.0,4.0,2.0,6.0,,,,3.0,1.0,1.0,3.0,,3.0,2.0,1.0,3.0,2.0,8.0,,1.0,1.0,1.0,1.0,,2.0,2.0,9.0,9.0,,2.0,3.0,1.0,1.0,1.0,1.0,,6.0
145,1.0,160.0,146.0,1.0,1.0,7.0,7.0,4.0,3.0,3.0,2.0,3.0,,1.0,1.0,1.0,2.0,2.0,2.0,2.0,2.0,2.0,2.0,2.0,4.0,1.0,5.0,,,,1.0,1.0,2.0,3.0,,5.0,4.0,1.0,2.0,2.0,1.0,,2.0,2.0,1.0,1.0,,1.0,2.0,1.0,1.0,,1.0,0.0,0.0,4.0,1.0,1.0,,140.0
146,1.0,160.0,147.0,1.0,3.0,11.0,7.0,3.0,3.0,3.0,3.0,1.0,,1.0,1.0,1.0,2.0,2.0,2.0,2.0,2.0,2.0,2.0,3.0,4.0,2.0,11.0,,,,1.0,1.0,2.0,3.0,,3.0,1.0,0.0,4.0,2.0,3.0,,2.0,3.0,9.0,9.0,,0.0,0.0,9.0,9.0,,2.0,0.0,0.0,4.0,1.0,1.0,,104.0
147,1.0,160.0,148.0,1.0,1.0,7.0,7.0,4.0,1.0,3.0,2.0,4.0,,3.0,1.0,1.0,2.0,2.0,2.0,2.0,2.0,2.0,2.0,3.0,4.0,4.0,1.0,,,,1.0,1.0,2.0,3.0,,5.0,1.0,0.0,2.0,2.0,1.0,,1.0,1.0,1.0,1.0,,1.0,1.0,9.0,9.0,,1.0,1.0,0.0,4.0,1.0,1.0,,251.0
148,1.0,160.0,149.0,1.0,3.0,10.0,7.0,4.0,3.0,3.0,10.0,3.0,,1.0,1.0,1.0,2.0,1.0,2.0,2.0,2.0,2.0,2.0,1.0,4.0,3.0,11.0,,,,1.0,1.0,1.0,1.0,,5.0,2.0,1.0,2.0,2.0,2.0,,1.0,2.0,9.0,9.0,,2.0,1.0,9.0,9.0,,1.0,1.0,1.0,4.0,1.0,1.0,,211.0
149,1.0,160.0,150.0,1.0,2.0,10.0,7.0,4.0,4.0,3.0,2.0,3.0,,2.0,1.0,1.0,2.0,1.0,2.0,2.0,2.0,2.0,2.0,3.0,4.0,3.0,11.0,,,,1.0,2.0,1.0,0.0,,3.0,2.0,1.0,2.0,2.0,2.0,,1.0,0.0,1.0,1.0,,2.0,1.0,9.0,9.0,,1.0,1.0,1.0,4.0,1.0,1.0,,210.0
150,1.0,160.0,151.0,1.0,3.0,1.0,7.0,3.0,5.0,3.0,3.0,3.0,,1.0,1.0,2.0,2.0,1.0,2.0,2.0,2.0,2.0,2.0,1.0,4.0,2.0,4.0,,,,1.0,2.0,2.0,3.0,,1.0,2.0,0.0,4.0,2.0,6.0,,1.0,2.0,1.0,1.0,,2.0,2.0,9.0,9.0,,1.0,1.0,1.0,5.0,1.0,1.0,,60.0
151,1.0,160.0,152.0,1.0,2.0,1.0,7.0,3.0,10.0,5.0,0.0,1.0,,1.0,1.0,1.0,2.0,1.0,2.0,1.0,1.0,2.0,2.0,3.0,4.0,1.0,2.0,,,,1.0,2.0,1.0,3.0,,1.0,1.0,0.0,4.0,2.0,9.0,,2.0,2.0,9.0,9.0,,2.0,1.0,9.0,9.0,,1.0,1.0,0.0,5.0,1.0,1.0,,62.0
152,1.0,160.0,153.0,1.0,1.0,10.0,7.0,2.0,7.0,1.0,0.0,1.0,,3.0,0.0,1.0,2.0,1.0,1.0,2.0,1.0,2.0,2.0,2.0,4.0,3.0,0.0,,,,0.0,0.0,1.0,3.0,,4.0,1.0,0.0,2.0,2.0,2.0,,1.0,2.0,9.0,9.0,,0.0,0.0,9.0,9.0,,0.0,0.0,0.0,0.0,0.0,0.0,,112.0
153,1.0,160.0,154.0,1.0,3.0,10.0,7.0,4.0,5.0,3.0,1.0,3.0,,3.0,1.0,1.0,2.0,2.0,2.0,2.0,1.0,2.0,2.0,1.0,4.0,1.0,7.0,,,,1.0,1.0,1.0,1.0,,5.0,2.0,1.0,2.0,2.0,3.0,,1.0,0.0,9.0,9.0,,0.0,0.0,9.0,9.0,,1.0,1.0,0.0,4.0,1.0,1.0,,221.0
154,1.0,160.0,155.0,1.0,5.0,7.0,7.0,4.0,7.0,3.0,6.0,3.0,,3.0,1.0,2.0,1.0,1.0,1.0,2.0,2.0,2.0,2.0,3.0,4.0,2.0,6.0,,,,1.0,2.0,2.0,3.0,,5.0,1.0,0.0,2.0,2.0,2.0,,2.0,0.0,9.0,9.0,,1.0,0.0,9.0,9.0,,2.0,5.0,1.0,4.0,1.0,1.0,,179.0
155,1.0,160.0,156.0,1.0,1.0,4.0,0.0,1.0,7.0,3.0,8.0,3.0,,1.0,1.0,1.0,2.0,2.0,2.0,2.0,2.0,2.0,2.0,0.0,4.0,3.0,3.0,,,,1.0,2.0,2.0,3.0,,3.0,1.0,0.0,3.0,1.0,3.0,,1.0,0.0,1.0,1.0,,2.0,2.0,9.0,9.0,,1.0,1.0,0.0,3.0,1.0,1.0,,169.0
156,1.0,160.0,157.0,1.0,4.0,6.0,5.0,3.0,4.0,3.0,2.0,3.0,,1.0,3.0,2.0,1.0,2.0,2.0,2.0,2.0,2.0,2.0,1.0,4.0,5.0,1.0,,,,1.0,1.0,1.0,1.0,,3.0,2.0,0.0,4.0,1.0,2.0,,1.0,0.0,9.0,9.0,,1.0,1.0,1.0,1.0,,1.0,1.0,1.0,2.0,1.0,1.0,,131.0
157,1.0,160.0,158.0,1.0,1.0,4.0,1.0,1.0,5.0,2.0,6.0,3.0,,1.0,1.0,2.0,1.0,2.0,1.0,1.0,2.0,2.0,2.0,1.0,5.0,3.0,1.0,,,,1.0,2.0,1.0,3.0,,1.0,1.0,0.0,3.0,1.0,2.0,,1.0,2.0,1.0,1.0,,2.0,2.0,9.0,9.0,,1.0,1.0,0.0,2.0,1.0,1.0,,279.0
158,1.0,160.0,159.0,1.0,2.0,4.0,1.0,2.0,2.0,2.0,3.0,3.0,,3.0,1.0,1.0,2.0,2.0,1.0,2.0,1.0,2.0,1.0,3.0,5.0,5.0,10.0,,,,1.0,2.0,2.0,1.0,,3.0,2.0,2.0,3.0,1.0,9.0,,1.0,2.0,2.0,1.0,,2.0,1.0,9.0,9.0,,2.0,5.0,1.0,2.0,1.0,1.0,,374.0
159,1.0,160.0,160.0,1.0,1.0,4.0,1.0,2.0,2.0,4.0,11.0,3.0,,1.0,1.0,1.0,2.0,2.0,2.0,1.0,2.0,2.0,2.0,3.0,5.0,5.0,0.0,,,,1.0,1.0,1.0,3.0,,3.0,4.0,0.0,3.0,1.0,2.0,,1.0,2.0,2.0,1.0,,1.0,0.0,9.0,9.0,,1.0,1.0,1.0,3.0,1.0,1.0,,373.0
160,1.0,160.0,161.0,1.0,6.0,4.0,1.0,4.0,5.0,4.0,1.0,3.0,,1.0,1.0,2.0,1.0,2.0,2.0,2.0,2.0,2.0,2.0,3.0,5.0,1.0,4.0,,,,1.0,1.0,1.0,5.0,,5.0,2.0,0.0,3.0,1.0,2.0,,1.0,2.0,1.0,1.0,,2.0,2.0,9.0,9.0,,1.0,5.0,0.0,3.0,2.0,1.0,,304.0
161,1.0,160.0,162.0,1.0,2.0,0.0,1.0,4.0,5.0,5.0,0.0,3.0,,1.0,3.0,2.0,1.0,2.0,2.0,1.0,1.0,2.0,1.0,1.0,5.0,4.0,11.0,,,,2.0,1.0,1.0,1.0,,5.0,4.0,2.0,2.0,1.0,2.0,,1.0,0.0,1.0,1.0,,0.0,0.0,9.0,9.0,,0.0,0.0,0.0,0.0,0.0,0.0,,303.0
162,1.0,160.0,163.0,1.0,2.0,4.0,1.0,2.0,4.0,3.0,4.0,3.0,,1.0,1.0,2.0,1.0,2.0,1.0,1.0,1.0,2.0,1.0,3.0,5.0,4.0,2.0,,,,3.0,0.0,3.0,5.0,,5.0,2.0,0.0,2.0,2.0,3.0,,1.0,1.0,9.0,3.0,,2.0,0.0,9.0,9.0,,1.0,1.0,1.0,3.0,1.0,1.0,,312.0
163,1.0,160.0,164.0,1.0,1.0,4.0,1.0,2.0,5.0,4.0,10.0,3.0,,1.0,0.0,2.0,1.0,1.0,1.0,2.0,1.0,2.0,2.0,2.0,5.0,5.0,10.0,,,,0.0,1.0,3.0,1.0,,3.0,1.0,0.0,3.0,2.0,3.0,,1.0,1.0,9.0,9.0,,2.0,1.0,9.0,9.0,,2.0,4.0,0.0,4.0,1.0,0.0,,370.0
164,1.0,160.0,165.0,1.0,4.0,4.0,1.0,3.0,3.0,4.0,9.0,3.0,,3.0,3.0,2.0,2.0,2.0,1.0,2.0,2.0,2.0,2.0,0.0,5.0,5.0,10.0,,,,0.0,1.0,2.0,3.0,,5.0,2.0,1.0,2.0,2.0,9.0,,2.0,1.0,9.0,9.0,,2.0,1.0,9.0,9.0,,2.0,5.0,1.0,3.0,1.0,1.0,,290.0
165,1.0,160.0,166.0,1.0,4.0,6.0,5.0,3.0,2.0,2.0,2.0,3.0,,1.0,1.0,2.0,1.0,2.0,2.0,2.0,1.0,2.0,2.0,1.0,5.0,1.0,5.0,,,,1.0,2.0,1.0,3.0,,1.0,2.0,1.0,3.0,2.0,2.0,,2.0,2.0,9.0,9.0,,1.0,1.0,1.0,1.0,,1.0,0.0,0.0,2.0,1.0,1.0,,138.0
166,1.0,160.0,167.0,1.0,3.0,10.0,7.0,2.0,3.0,1.0,5.0,3.0,,1.0,1.0,1.0,2.0,1.0,1.0,1.0,1.0,2.0,2.0,1.0,5.0,1.0,7.0,,,,1.0,2.0,1.0,3.0,,1.0,1.0,0.0,3.0,1.0,2.0,,1.0,1.0,2.0,1.0,,2.0,1.0,9.0,9.0,,1.0,0.0,1.0,4.0,1.0,1.0,,121.0
167,1.0,160.0,168.0,1.0,4.0,1.0,7.0,5.0,4.0,3.0,3.0,1.0,,1.0,1.0,1.0,2.0,2.0,2.0,1.0,1.0,2.0,2.0,3.0,5.0,2.0,7.0,,,,1.0,1.0,2.0,3.0,,3.0,1.0,0.0,4.0,1.0,1.0,,1.0,2.0,2.0,1.0,,2.0,3.0,1.0,9.0,,2.0,5.0,1.0,4.0,1.0,1.0,,278.0
168,1.0,160.0,169.0,1.0,2.0,4.0,0.0,1.0,1.0,1.0,0.0,0.0,,0.0,1.0,2.0,2.0,1.0,2.0,2.0,2.0,2.0,2.0,1.0,5.0,5.0,3.0,,,,1.0,1.0,2.0,3.0,,3.0,2.0,1.0,3.0,1.0,2.0,,1.0,2.0,9.0,9.0,,2.0,1.0,9.0,9.0,,2.0,0.0,0.0,3.0,1.0,1.0,,360.0
169,1.0,160.0,170.0,1.0,2.0,0.0,0.0,2.0,1.0,1.0,3.0,1.0,,1.0,1.0,1.0,2.0,2.0,2.0,2.0,1.0,2.0,1.0,1.0,5.0,2.0,2.0,,,,1.0,1.0,2.0,3.0,,3.0,2.0,1.0,3.0,2.0,2.0,,1.0,2.0,1.0,1.0,,2.0,2.0,9.0,9.0,,1.0,1.0,0.0,3.0,1.0,1.0,,359.0
170,1.0,160.0,171.0,1.0,2.0,0.0,0.0,4.0,5.0,3.0,0.0,3.0,,1.0,0.0,2.0,1.0,1.0,2.0,2.0,1.0,2.0,1.0,0.0,5.0,5.0,3.0,,,,1.0,0.0,3.0,3.0,,3.0,2.0,1.0,2.0,2.0,7.0,,1.0,2.0,1.0,1.0,,2.0,0.0,1.0,1.0,,0.0,0.0,0.0,0.0,1.0,1.0,,213.0
171,1.0,160.0,172.0,1.0,3.0,3.0,0.0,1.0,10.0,3.0,3.0,2.0,,1.0,1.0,2.0,2.0,1.0,2.0,2.0,2.0,2.0,2.0,1.0,5.0,4.0,2.0,,,,1.0,2.0,2.0,3.0,,5.0,4.0,2.0,2.0,2.0,3.0,,1.0,1.0,1.0,1.0,,2.0,2.0,9.0,9.0,,2.0,5.0,1.0,1.0,1.0,1.0,,8.0
172,1.0,160.0,173.0,1.0,2.0,11.0,0.0,3.0,3.0,3.0,1.0,3.0,,3.0,1.0,1.0,2.0,2.0,2.0,2.0,2.0,2.0,2.0,3.0,5.0,3.0,0.0,,,,1.0,1.0,1.0,1.0,,3.0,2.0,1.0,4.0,2.0,1.0,,1.0,2.0,2.0,1.0,,2.0,2.0,9.0,9.0,,2.0,0.0,0.0,5.0,1.0,1.0,,97.0
173,1.0,160.0,174.0,1.0,1.0,2.0,6.0,3.0,3.0,3.0,10.0,3.0,,1.0,1.0,1.0,2.0,2.0,2.0,2.0,1.0,2.0,1.0,3.0,5.0,4.0,1.0,,,,1.0,2.0,1.0,3.0,,1.0,1.0,0.0,3.0,2.0,2.0,,2.0,2.0,9.0,9.0,,2.0,2.0,1.0,1.0,,1.0,1.0,1.0,3.0,1.0,1.0,,358.0
174,1.0,160.0,175.0,1.0,1.0,3.0,7.0,4.0,7.0,3.0,2.0,0.0,,0.0,0.0,2.0,2.0,2.0,2.0,2.0,2.0,2.0,2.0,0.0,5.0,1.0,7.0,,,,1.0,0.0,0.0,0.0,,0.0,0.0,0.0,4.0,2.0,1.0,,1.0,2.0,1.0,1.0,,0.0,0.0,9.0,9.0,,1.0,0.0,0.0,4.0,1.0,1.0,,236.0
175,1.0,160.0,176.0,1.0,1.0,2.0,6.0,3.0,3.0,3.0,1.0,3.0,,3.0,1.0,1.0,2.0,2.0,1.0,2.0,1.0,2.0,2.0,3.0,6.0,3.0,2.0,,,,3.0,2.0,2.0,3.0,,5.0,0.0,1.0,3.0,0.0,1.0,,2.0,2.0,9.0,9.0,,1.0,0.0,9.0,9.0,,1.0,7.0,1.0,2.0,0.0,0.0,,346.0
176,1.0,160.0,177.0,1.0,3.0,4.0,1.0,3.0,4.0,2.0,5.0,3.0,,1.0,1.0,2.0,1.0,2.0,2.0,2.0,1.0,2.0,2.0,3.0,6.0,2.0,6.0,,,,1.0,2.0,2.0,3.0,,1.0,2.0,0.0,3.0,1.0,1.0,,1.0,0.0,2.0,9.0,,2.0,0.0,9.0,9.0,,1.0,1.0,0.0,4.0,1.0,0.0,,315.0
177,1.0,160.0,178.0,1.0,2.0,4.0,1.0,2.0,2.0,2.0,3.0,4.0,,1.0,1.0,2.0,2.0,2.0,2.0,2.0,2.0,2.0,1.0,3.0,6.0,2.0,4.0,,,,1.0,2.0,2.0,3.0,,1.0,1.0,0.0,3.0,1.0,2.0,,1.0,0.0,1.0,1.0,,2.0,2.0,9.0,9.0,,1.0,0.0,1.0,1.0,0.0,1.0,,367.0
178,1.0,160.0,179.0,1.0,1.0,4.0,1.0,2.0,1.0,3.0,1.0,3.0,,1.0,1.0,1.0,1.0,1.0,1.0,2.0,1.0,1.0,1.0,3.0,6.0,4.0,10.0,,,,1.0,2.0,1.0,3.0,,1.0,1.0,2.0,3.0,1.0,9.0,,1.0,2.0,9.0,1.0,,2.0,3.0,1.0,1.0,,0.0,0.0,0.0,2.0,1.0,1.0,,371.0
179,1.0,160.0,180.0,1.0,2.0,4.0,1.0,2.0,2.0,3.0,1.0,3.0,,3.0,0.0,1.0,2.0,2.0,2.0,2.0,1.0,2.0,1.0,3.0,6.0,3.0,11.0,,,,0.0,2.0,2.0,3.0,,1.0,2.0,0.0,3.0,1.0,9.0,,1.0,2.0,2.0,9.0,,2.0,3.0,9.0,9.0,,1.0,4.0,1.0,2.0,1.0,1.0,,378.0
180,1.0,160.0,181.0,1.0,1.0,4.0,1.0,1.0,2.0,3.0,1.0,3.0,,1.0,1.0,1.0,2.0,2.0,1.0,1.0,2.0,2.0,2.0,1.0,6.0,4.0,10.0,,,,1.0,1.0,2.0,3.0,,5.0,1.0,0.0,3.0,1.0,3.0,,1.0,2.0,1.0,1.0,,2.0,3.0,9.0,9.0,,1.0,1.0,0.0,3.0,1.0,1.0,,307.0
181,1.0,160.0,182.0,1.0,5.0,4.0,1.0,3.0,2.0,3.0,2.0,1.0,,1.0,1.0,1.0,2.0,2.0,2.0,2.0,1.0,2.0,2.0,3.0,6.0,4.0,1.0,,,,1.0,2.0,3.0,3.0,,5.0,2.0,0.0,2.0,2.0,2.0,,1.0,2.0,1.0,1.0,,0.0,0.0,9.0,9.0,,2.0,5.0,0.0,2.0,1.0,1.0,,399.0
182,1.0,160.0,183.0,1.0,1.0,4.0,1.0,1.0,6.0,3.0,1.0,1.0,,1.0,1.0,1.0,2.0,2.0,2.0,2.0,1.0,2.0,1.0,1.0,6.0,3.0,10.0,,,,1.0,2.0,1.0,3.0,,1.0,2.0,0.0,2.0,2.0,2.0,,1.0,0.0,1.0,1.0,,0.0,0.0,9.0,9.0,,1.0,1.0,0.0,3.0,1.0,1.0,,322.0
183,1.0,160.0,184.0,1.0,4.0,6.0,4.0,2.0,6.0,1.0,8.0,3.0,,1.0,1.0,2.0,1.0,2.0,2.0,2.0,2.0,2.0,2.0,3.0,6.0,2.0,6.0,,,,1.0,1.0,1.0,3.0,,5.0,2.0,1.0,3.0,2.0,2.0,,2.0,2.0,9.0,9.0,,1.0,1.0,1.0,1.0,,2.0,7.0,1.0,2.0,1.0,1.0,,338.0
184,1.0,160.0,185.0,1.0,1.0,2.0,6.0,3.0,4.0,1.0,4.0,3.0,,1.0,1.0,2.0,1.0,1.0,1.0,2.0,1.0,2.0,1.0,1.0,6.0,1.0,6.0,,,,1.0,1.0,1.0,3.0,,3.0,1.0,0.0,3.0,2.0,2.0,,1.0,2.0,9.0,1.0,,2.0,2.0,9.0,9.0,,1.0,1.0,0.0,3.0,1.0,1.0,,341.0
185,1.0,160.0,186.0,1.0,3.0,2.0,6.0,4.0,6.0,4.0,4.0,3.0,,1.0,1.0,1.0,2.0,2.0,2.0,2.0,1.0,2.0,2.0,3.0,6.0,3.0,2.0,,,,1.0,2.0,1.0,3.0,,5.0,2.0,1.0,4.0,2.0,2.0,,1.0,3.0,9.0,9.0,,1.0,2.0,1.0,1.0,,1.0,1.0,0.0,3.0,1.0,1.0,,353.0
186,1.0,160.0,187.0,1.0,0.0,2.0,6.0,3.0,4.0,5.0,0.0,3.0,,1.0,1.0,1.0,2.0,2.0,2.0,2.0,1.0,2.0,1.0,1.0,6.0,3.0,6.0,,,,1.0,2.0,2.0,3.0,,1.0,1.0,0.0,3.0,2.0,2.0,,2.0,2.0,9.0,9.0,,0.0,0.0,9.0,9.0,,1.0,2.0,0.0,2.0,1.0,1.0,,342.0
187,1.0,160.0,188.0,1.0,1.0,7.0,7.0,4.0,5.0,4.0,0.0,3.0,,1.0,1.0,1.0,2.0,2.0,2.0,2.0,1.0,2.0,2.0,1.0,6.0,3.0,6.0,,,,1.0,1.0,2.0,1.0,,5.0,2.0,2.0,4.0,0.0,1.0,,2.0,0.0,9.0,9.0,,1.0,0.0,9.0,1.0,,1.0,0.0,1.0,4.0,0.0,0.0,,255.0
188,1.0,160.0,189.0,1.0,2.0,1.0,7.0,5.0,6.0,2.0,5.0,3.0,,1.0,1.0,1.0,2.0,2.0,2.0,2.0,1.0,2.0,2.0,3.0,6.0,1.0,8.0,,,,1.0,2.0,2.0,3.0,,5.0,2.0,0.0,4.0,1.0,1.0,,1.0,2.0,1.0,1.0,,2.0,2.0,9.0,9.0,,2.0,5.0,1.0,1.0,1.0,1.0,,276.0
189,1.0,160.0,190.0,1.0,2.0,1.0,7.0,4.0,4.0,2.0,5.0,3.0,,3.0,1.0,1.0,2.0,2.0,2.0,2.0,1.0,2.0,2.0,3.0,6.0,4.0,1.0,,,,1.0,1.0,2.0,3.0,,3.0,2.0,1.0,4.0,1.0,2.0,,1.0,2.0,2.0,1.0,,2.0,1.0,9.0,9.0,,2.0,5.0,0.0,4.0,1.0,1.0,,274.0
190,1.0,160.0,191.0,1.0,3.0,1.0,7.0,5.0,6.0,2.0,3.0,3.0,,3.0,1.0,1.0,2.0,2.0,2.0,2.0,1.0,2.0,2.0,3.0,6.0,4.0,4.0,,,,3.0,2.0,2.0,3.0,,5.0,2.0,1.0,4.0,1.0,8.0,,1.0,1.0,1.0,1.0,,2.0,1.0,9.0,9.0,,1.0,1.0,1.0,4.0,1.0,1.0,,261.0
191,1.0,160.0,192.0,1.0,3.0,11.0,7.0,3.0,2.0,2.0,2.0,3.0,,1.0,1.0,1.0,2.0,2.0,2.0,2.0,1.0,2.0,2.0,3.0,6.0,5.0,7.0,,,,1.0,1.0,2.0,3.0,,3.0,1.0,0.0,4.0,1.0,6.0,,1.0,2.0,9.0,9.0,,2.0,0.0,9.0,9.0,,1.0,1.0,0.0,5.0,1.0,1.0,,96.0
192,1.0,160.0,193.0,1.0,4.0,11.0,7.0,3.0,7.0,2.0,8.0,3.0,,1.0,1.0,1.0,2.0,2.0,2.0,2.0,1.0,2.0,2.0,3.0,6.0,4.0,10.0,,,,1.0,1.0,2.0,1.0,,4.0,1.0,0.0,4.0,1.0,9.0,,1.0,2.0,1.0,1.0,,2.0,2.0,9.0,9.0,,1.0,0.0,1.0,5.0,1.0,1.0,,88.0
193,1.0,160.0,194.0,1.0,3.0,13.0,7.0,4.0,3.0,2.0,2.0,3.0,,1.0,1.0,1.0,2.0,2.0,2.0,2.0,1.0,2.0,2.0,1.0,6.0,3.0,3.0,,,,1.0,1.0,1.0,3.0,,3.0,2.0,1.0,3.0,1.0,8.0,,1.0,2.0,9.0,1.0,,2.0,3.0,9.0,9.0,,1.0,0.0,1.0,5.0,1.0,1.0,,25.0
194,1.0,160.0,195.0,1.0,2.0,8.0,7.0,3.0,8.0,3.0,2.0,3.0,,3.0,1.0,1.0,2.0,2.0,1.0,1.0,2.0,1.0,1.0,3.0,6.0,5.0,10.0,,,,3.0,2.0,1.0,3.0,,1.0,4.0,0.0,4.0,1.0,2.0,,2.0,2.0,9.0,9.0,,1.0,1.0,1.0,3.0,,1.0,1.0,1.0,1.0,1.0,1.0,,390.0
195,1.0,160.0,196.0,1.0,1.0,1.0,7.0,3.0,6.0,3.0,1.0,3.0,,1.0,1.0,1.0,1.0,1.0,2.0,1.0,1.0,2.0,2.0,3.0,6.0,4.0,2.0,,,,1.0,2.0,1.0,3.0,,5.0,2.0,0.0,4.0,1.0,1.0,,2.0,3.0,9.0,9.0,,0.0,0.0,9.0,9.0,,0.0,5.0,0.0,5.0,1.0,1.0,,63.0
196,1.0,160.0,197.0,1.0,2.0,11.0,7.0,3.0,7.0,3.0,3.0,3.0,,1.0,1.0,1.0,2.0,2.0,2.0,2.0,2.0,2.0,2.0,3.0,6.0,2.0,7.0,,,,1.0,2.0,1.0,3.0,,3.0,1.0,0.0,3.0,1.0,2.0,,1.0,0.0,3.0,1.0,,2.0,2.0,9.0,9.0,,1.0,1.0,1.0,5.0,1.0,1.0,,91.0
197,1.0,160.0,198.0,1.0,1.0,3.0,7.0,3.0,2.0,3.0,1.0,3.0,,1.0,1.0,1.0,2.0,2.0,2.0,2.0,2.0,2.0,2.0,1.0,6.0,4.0,1.0,,,,1.0,1.0,1.0,1.0,,3.0,2.0,1.0,2.0,1.0,2.0,,1.0,1.0,9.0,9.0,,1.0,1.0,1.0,1.0,,1.0,1.0,1.0,5.0,1.0,1.0,,19.0
198,1.0,160.0,199.0,1.0,4.0,5.0,7.0,3.0,2.0,2.0,2.0,1.0,,1.0,1.0,1.0,2.0,2.0,1.0,2.0,1.0,2.0,2.0,1.0,6.0,3.0,3.0,,,,1.0,2.0,1.0,3.0,,1.0,2.0,0.0,3.0,1.0,2.0,,1.0,0.0,1.0,1.0,,0.0,0.0,9.0,9.0,,1.0,1.0,0.0,3.0,2.0,1.0,,387.0
199,1.0,160.0,200.0,1.0,1.0,1.0,7.0,3.0,3.0,1.0,3.0,3.0,,1.0,1.0,2.0,1.0,1.0,1.0,2.0,2.0,1.0,1.0,3.0,6.0,5.0,10.0,,,,1.0,2.0,1.0,3.0,,5.0,1.0,0.0,4.0,2.0,1.0,,2.0,2.0,9.0,9.0,,0.0,3.0,9.0,9.0,,1.0,0.0,0.0,1.0,1.0,1.0,,66.0
200,1.0,160.0,201.0,1.0,3.0,3.0,7.0,5.0,8.0,1.0,2.0,3.0,,1.0,1.0,1.0,2.0,2.0,2.0,2.0,2.0,2.0,2.0,1.0,6.0,1.0,2.0,,,,1.0,1.0,1.0,3.0,,5.0,1.0,0.0,4.0,2.0,2.0,,1.0,0.0,9.0,9.0,,2.0,0.0,9.0,9.0,,1.0,0.0,0.0,4.0,1.0,1.0,,239.0
201,1.0,160.0,202.0,1.0,2.0,10.0,7.0,1.0,9.0,2.0,7.0,3.0,,1.0,2.0,1.0,2.0,2.0,1.0,2.0,1.0,2.0,2.0,1.0,6.0,4.0,10.0,,,,1.0,1.0,0.0,0.0,,5.0,2.0,0.0,2.0,2.0,2.0,,1.0,2.0,9.0,9.0,,2.0,0.0,9.0,9.0,,1.0,0.0,0.0,4.0,1.0,1.0,,35.0
202,1.0,160.0,203.0,1.0,1.0,7.0,7.0,4.0,2.0,2.0,2.0,3.0,,3.0,1.0,1.0,2.0,2.0,2.0,2.0,1.0,2.0,2.0,3.0,6.0,3.0,2.0,,,,1.0,1.0,2.0,1.0,,5.0,2.0,0.0,2.0,2.0,1.0,,1.0,2.0,9.0,9.0,,1.0,3.0,1.0,1.0,,1.0,0.0,1.0,4.0,1.0,1.0,,245.0
203,1.0,160.0,204.0,1.0,1.0,3.0,7.0,4.0,9.0,3.0,5.0,3.0,,2.0,1.0,1.0,2.0,2.0,2.0,2.0,1.0,2.0,2.0,3.0,6.0,1.0,8.0,,,,1.0,1.0,1.0,1.0,,3.0,2.0,0.0,3.0,2.0,2.0,,2.0,2.0,9.0,9.0,,1.0,2.0,1.0,1.0,,1.0,1.0,0.0,1.0,1.0,1.0,,12.0
204,1.0,160.0,205.0,1.0,2.0,3.0,7.0,2.0,8.0,3.0,2.0,3.0,,3.0,1.0,1.0,2.0,2.0,2.0,2.0,1.0,2.0,2.0,1.0,6.0,2.0,10.0,,,,1.0,2.0,1.0,3.0,,5.0,1.0,0.0,2.0,2.0,7.0,,2.0,3.0,9.0,9.0,,2.0,0.0,9.0,9.0,,1.0,1.0,1.0,1.0,1.0,1.0,,83.0
205,1.0,160.0,206.0,1.0,4.0,10.0,7.0,4.0,3.0,3.0,2.0,3.0,,3.0,1.0,2.0,2.0,1.0,2.0,2.0,2.0,1.0,2.0,3.0,6.0,3.0,3.0,,,,1.0,1.0,2.0,3.0,,5.0,2.0,1.0,3.0,2.0,3.0,,1.0,2.0,2.0,1.0,,2.0,2.0,9.0,9.0,,1.0,2.0,1.0,4.0,1.0,1.0,,220.0
206,1.0,160.0,207.0,1.0,1.0,8.0,7.0,3.0,6.0,5.0,1.0,3.0,,2.0,1.0,1.0,2.0,2.0,2.0,2.0,1.0,2.0,1.0,3.0,6.0,3.0,3.0,,,,1.0,2.0,3.0,3.0,,5.0,1.0,0.0,3.0,2.0,2.0,,2.0,2.0,9.0,9.0,,1.0,0.0,1.0,1.0,,2.0,5.0,1.0,5.0,1.0,1.0,,389.0
207,1.0,160.0,208.0,1.0,3.0,3.0,7.0,4.0,8.0,3.0,5.0,4.0,,1.0,1.0,1.0,2.0,2.0,1.0,2.0,1.0,2.0,2.0,1.0,6.0,2.0,6.0,,,,1.0,1.0,1.0,3.0,,3.0,2.0,0.0,4.0,2.0,1.0,,1.0,2.0,3.0,1.0,,2.0,2.0,9.0,9.0,,2.0,5.0,1.0,1.0,1.0,0.0,,280.0
208,1.0,160.0,209.0,1.0,6.0,4.0,0.0,2.0,4.0,2.0,0.0,1.0,,1.0,1.0,1.0,2.0,2.0,2.0,2.0,1.0,2.0,2.0,3.0,6.0,2.0,11.0,,,,1.0,1.0,1.0,1.0,,3.0,2.0,0.0,3.0,0.0,2.0,,1.0,2.0,2.0,1.0,,2.0,0.0,9.0,9.0,,0.0,0.0,0.0,3.0,1.0,1.0,,285.0
209,1.0,160.0,210.0,1.0,0.0,1.0,0.0,4.0,10.0,0.0,5.0,0.0,,1.0,1.0,2.0,2.0,2.0,2.0,2.0,2.0,2.0,2.0,3.0,6.0,0.0,3.0,,,,0.0,0.0,0.0,0.0,,1.0,1.0,0.0,4.0,0.0,6.0,,0.0,0.0,1.0,1.0,,0.0,0.0,9.0,9.0,,1.0,5.0,0.0,4.0,1.0,1.0,,264.0
210,1.0,160.0,211.0,1.0,3.0,14.0,4.0,3.0,5.0,3.0,2.0,3.0,,3.0,1.0,2.0,1.0,2.0,2.0,2.0,1.0,2.0,2.0,1.0,6.0,3.0,3.0,,,,1.0,1.0,2.0,3.0,,3.0,2.0,0.0,3.0,1.0,2.0,,0.0,1.0,9.0,9.0,,1.0,1.0,9.0,1.0,,0.0,0.0,1.0,2.0,1.0,1.0,,156.0
211,1.0,160.0,212.0,1.0,3.0,2.0,6.0,4.0,4.0,3.0,2.0,3.0,,3.0,1.0,1.0,2.0,2.0,2.0,1.0,1.0,2.0,1.0,3.0,6.0,2.0,6.0,,,,1.0,2.0,1.0,3.0,,5.0,2.0,0.0,3.0,2.0,2.0,,2.0,2.0,9.0,9.0,,1.0,1.0,1.0,1.0,,2.0,7.0,1.0,3.0,1.0,1.0,,356.0
212,1.0,160.0,213.0,1.0,5.0,3.0,7.0,4.0,6.0,3.0,2.0,3.0,,1.0,1.0,1.0,2.0,2.0,2.0,2.0,1.0,2.0,2.0,3.0,6.0,1.0,0.0,,,,1.0,1.0,1.0,3.0,,5.0,2.0,1.0,4.0,2.0,2.0,,1.0,2.0,9.0,9.0,,0.0,0.0,9.0,9.0,,0.0,0.0,0.0,1.0,1.0,1.0,,186.0
213,1.0,160.0,214.0,1.0,5.0,4.0,1.0,3.0,4.0,1.0,6.0,1.0,,1.0,1.0,1.0,2.0,2.0,2.0,1.0,1.0,2.0,1.0,1.0,7.0,5.0,1.0,,,,1.0,2.0,1.0,3.0,,1.0,2.0,0.0,3.0,1.0,3.0,,1.0,1.0,1.0,1.0,,2.0,2.0,9.0,9.0,,1.0,1.0,0.0,3.0,1.0,1.0,,170.0
214,1.0,160.0,215.0,1.0,1.0,4.0,1.0,3.0,3.0,2.0,1.0,1.0,,3.0,1.0,2.0,1.0,2.0,2.0,2.0,1.0,2.0,1.0,3.0,7.0,5.0,1.0,,,,0.0,2.0,2.0,3.0,,5.0,2.0,2.0,3.0,1.0,2.0,,1.0,2.0,2.0,1.0,,2.0,1.0,9.0,9.0,,1.0,1.0,0.0,3.0,2.0,1.0,,369.0
215,1.0,160.0,216.0,1.0,1.0,4.0,1.0,1.0,2.0,2.0,6.0,3.0,,1.0,1.0,1.0,2.0,2.0,1.0,2.0,1.0,2.0,1.0,1.0,7.0,3.0,11.0,,,,1.0,2.0,1.0,3.0,,1.0,1.0,0.0,3.0,1.0,2.0,,1.0,1.0,1.0,1.0,,2.0,2.0,9.0,9.0,,1.0,4.0,0.0,4.0,2.0,1.0,,161.0
216,1.0,160.0,217.0,1.0,4.0,4.0,1.0,2.0,4.0,3.0,11.0,3.0,,3.0,1.0,1.0,2.0,2.0,2.0,2.0,1.0,2.0,2.0,1.0,7.0,3.0,11.0,,,,0.0,2.0,1.0,3.0,,1.0,2.0,0.0,2.0,1.0,2.0,,1.0,2.0,1.0,1.0,,2.0,2.0,9.0,9.0,,1.0,1.0,1.0,2.0,1.0,1.0,,317.0
217,1.0,160.0,218.0,1.0,1.0,4.0,1.0,1.0,7.0,4.0,1.0,3.0,,3.0,1.0,1.0,2.0,2.0,2.0,2.0,1.0,2.0,2.0,3.0,7.0,5.0,1.0,,,,0.0,2.0,1.0,0.0,,1.0,2.0,0.0,3.0,1.0,2.0,,1.0,1.0,3.0,1.0,,2.0,1.0,9.0,9.0,,2.0,4.0,1.0,2.0,1.0,1.0,,300.0
218,1.0,160.0,219.0,1.0,1.0,4.0,1.0,1.0,7.0,4.0,11.0,3.0,,1.0,1.0,1.0,2.0,2.0,2.0,1.0,1.0,1.0,1.0,3.0,7.0,4.0,11.0,,,,1.0,2.0,2.0,5.0,,1.0,2.0,1.0,3.0,1.0,3.0,,1.0,3.0,9.0,9.0,,2.0,3.0,9.0,9.0,,1.0,1.0,0.0,3.0,1.0,1.0,,292.0
219,1.0,160.0,220.0,1.0,2.0,4.0,1.0,2.0,6.0,5.0,10.0,3.0,,1.0,1.0,1.0,2.0,2.0,2.0,1.0,2.0,2.0,2.0,3.0,7.0,3.0,6.0,,,,1.0,2.0,2.0,3.0,,3.0,4.0,2.0,3.0,1.0,2.0,,1.0,0.0,1.0,1.0,,2.0,3.0,9.0,9.0,,1.0,1.0,1.0,4.0,1.0,1.0,,396.0
220,1.0,160.0,221.0,1.0,2.0,4.0,2.0,3.0,7.0,2.0,6.0,3.0,,1.0,1.0,2.0,1.0,2.0,2.0,2.0,1.0,2.0,1.0,1.0,7.0,3.0,2.0,,,,1.0,1.0,2.0,3.0,,3.0,1.0,0.0,3.0,1.0,2.0,,1.0,2.0,9.0,9.0,,1.0,1.0,9.0,1.0,,1.0,1.0,0.0,0.0,0.0,0.0,,165.0
221,1.0,160.0,222.0,1.0,2.0,13.0,3.0,4.0,7.0,2.0,5.0,3.0,,1.0,1.0,2.0,1.0,2.0,2.0,2.0,1.0,2.0,2.0,1.0,7.0,3.0,6.0,,,,1.0,1.0,1.0,3.0,,5.0,2.0,0.0,2.0,1.0,1.0,,1.0,2.0,2.0,1.0,,2.0,1.0,9.0,9.0,,1.0,1.0,1.0,5.0,1.0,1.0,,26.0
222,1.0,160.0,223.0,1.0,2.0,6.0,4.0,3.0,7.0,3.0,5.0,3.0,,3.0,1.0,2.0,2.0,2.0,2.0,2.0,1.0,2.0,2.0,3.0,7.0,4.0,2.0,,,,0.0,1.0,2.0,3.0,,3.0,2.0,0.0,4.0,1.0,2.0,,2.0,2.0,9.0,9.0,,1.0,2.0,9.0,9.0,,1.0,1.0,0.0,2.0,1.0,1.0,,164.0
223,1.0,160.0,224.0,1.0,1.0,2.0,6.0,3.0,3.0,3.0,3.0,3.0,,1.0,1.0,1.0,2.0,2.0,2.0,2.0,1.0,2.0,1.0,3.0,7.0,2.0,7.0,,,,1.0,2.0,2.0,3.0,,5.0,1.0,0.0,4.0,1.0,2.0,,2.0,2.0,9.0,9.0,,1.0,2.0,3.0,1.0,,1.0,1.0,0.0,4.0,1.0,1.0,,354.0
224,1.0,160.0,225.0,1.0,1.0,2.0,6.0,4.0,3.0,3.0,10.0,3.0,,3.0,1.0,1.0,2.0,2.0,2.0,2.0,1.0,2.0,2.0,1.0,7.0,2.0,6.0,,,,1.0,2.0,2.0,3.0,,1.0,2.0,0.0,4.0,1.0,2.0,,2.0,2.0,9.0,9.0,,1.0,2.0,1.0,1.0,,1.0,1.0,1.0,6.0,1.0,1.0,,350.0
225,1.0,160.0,226.0,1.0,1.0,4.0,2.0,1.0,7.0,3.0,3.0,3.0,,1.0,1.0,1.0,2.0,2.0,2.0,2.0,1.0,2.0,1.0,3.0,7.0,3.0,3.0,,,,0.0,2.0,1.0,3.0,,0.0,2.0,1.0,2.0,1.0,3.0,,2.0,2.0,9.0,9.0,,2.0,2.0,9.0,9.0,,1.0,1.0,0.0,2.0,1.0,1.0,,299.0
226,1.0,160.0,227.0,1.0,5.0,4.0,1.0,4.0,6.0,2.0,2.0,3.0,,1.0,3.0,1.0,2.0,2.0,2.0,2.0,1.0,2.0,2.0,3.0,7.0,1.0,11.0,,,,3.0,2.0,1.0,3.0,,5.0,2.0,0.0,3.0,2.0,2.0,,1.0,2.0,9.0,9.0,,2.0,2.0,9.0,9.0,,2.0,4.0,1.0,3.0,2.0,2.0,,310.0
227,1.0,160.0,228.0,1.0,5.0,4.0,1.0,3.0,7.0,3.0,2.0,3.0,,3.0,1.0,1.0,2.0,2.0,2.0,2.0,1.0,2.0,2.0,3.0,7.0,4.0,4.0,,,,1.0,2.0,1.0,5.0,,1.0,2.0,2.0,3.0,2.0,2.0,,1.0,2.0,1.0,1.0,,2.0,2.0,9.0,9.0,,1.0,3.0,1.0,3.0,1.0,1.0,,319.0
228,1.0,160.0,229.0,1.0,1.0,4.0,1.0,1.0,3.0,3.0,2.0,4.0,,3.0,3.0,2.0,1.0,2.0,1.0,2.0,1.0,2.0,2.0,1.0,7.0,4.0,1.0,,,,1.0,2.0,2.0,3.0,,5.0,2.0,0.0,3.0,2.0,2.0,,1.0,2.0,1.0,1.0,,2.0,2.0,9.0,9.0,,2.0,4.0,0.0,4.0,1.0,1.0,,158.0
229,1.0,160.0,230.0,1.0,0.0,4.0,1.0,2.0,6.0,5.0,10.0,3.0,,3.0,0.0,1.0,2.0,2.0,2.0,1.0,1.0,2.0,1.0,3.0,7.0,5.0,10.0,,,,1.0,1.0,2.0,3.0,,5.0,2.0,2.0,2.0,2.0,3.0,,1.0,0.0,9.0,9.0,,0.0,0.0,9.0,9.0,,0.0,0.0,0.0,0.0,0.0,0.0,,314.0
230,1.0,160.0,231.0,1.0,5.0,4.0,1.0,2.0,7.0,5.0,10.0,4.0,,3.0,1.0,1.0,2.0,2.0,2.0,2.0,1.0,2.0,2.0,3.0,7.0,4.0,1.0,,,,3.0,1.0,2.0,3.0,,3.0,2.0,2.0,3.0,2.0,2.0,,1.0,2.0,1.0,1.0,,2.0,2.0,9.0,9.0,,1.0,4.0,1.0,3.0,2.0,1.0,,301.0
231,1.0,160.0,232.0,1.0,1.0,6.0,4.0,3.0,7.0,2.0,8.0,3.0,,3.0,1.0,2.0,2.0,1.0,2.0,2.0,2.0,2.0,2.0,3.0,7.0,4.0,3.0,,,,1.0,1.0,1.0,3.0,,5.0,1.0,0.0,3.0,2.0,2.0,,2.0,2.0,9.0,9.0,,1.0,1.0,1.0,1.0,,1.0,0.0,1.0,2.0,1.0,1.0,,337.0
232,1.0,160.0,233.0,1.0,4.0,6.0,5.0,3.0,9.0,3.0,4.0,3.0,,2.0,1.0,2.0,1.0,2.0,2.0,2.0,2.0,2.0,2.0,1.0,7.0,2.0,7.0,,,,3.0,2.0,2.0,3.0,,0.0,2.0,0.0,4.0,2.0,6.0,,1.0,1.0,9.0,9.0,,1.0,1.0,1.0,1.0,,1.0,1.0,0.0,2.0,1.0,1.0,,139.0
233,1.0,160.0,234.0,1.0,1.0,2.0,6.0,4.0,5.0,2.0,10.0,3.0,,1.0,1.0,1.0,2.0,2.0,2.0,2.0,1.0,2.0,1.0,3.0,7.0,1.0,11.0,,,,1.0,2.0,1.0,3.0,,1.0,2.0,1.0,3.0,2.0,2.0,,1.0,1.0,1.0,1.0,,2.0,2.0,9.0,9.0,,1.0,1.0,0.0,4.0,1.0,1.0,,343.0
234,1.0,160.0,235.0,1.0,3.0,2.0,6.0,4.0,3.0,2.0,0.0,3.0,,1.0,1.0,1.0,2.0,2.0,2.0,1.0,1.0,2.0,1.0,3.0,7.0,2.0,11.0,,,,1.0,2.0,2.0,3.0,,5.0,1.0,0.0,3.0,2.0,2.0,,1.0,0.0,1.0,9.0,,0.0,0.0,1.0,1.0,,1.0,0.0,1.0,4.0,1.0,1.0,,349.0
235,1.0,160.0,236.0,1.0,2.0,2.0,6.0,3.0,5.0,3.0,2.0,3.0,,1.0,1.0,1.0,2.0,2.0,2.0,1.0,1.0,2.0,1.0,1.0,7.0,3.0,11.0,,,,1.0,2.0,2.0,3.0,,1.0,1.0,0.0,3.0,2.0,2.0,,1.0,0.0,1.0,1.0,,2.0,2.0,1.0,1.0,,2.0,0.0,1.0,2.0,1.0,1.0,,340.0
236,1.0,160.0,237.0,1.0,4.0,4.0,1.0,3.0,7.0,4.0,1.0,3.0,,1.0,1.0,1.0,2.0,2.0,2.0,1.0,2.0,2.0,2.0,1.0,7.0,3.0,7.0,,,,1.0,2.0,2.0,5.0,,1.0,2.0,1.0,4.0,2.0,2.0,,1.0,2.0,3.0,1.0,,0.0,1.0,9.0,9.0,,2.0,4.0,0.0,4.0,2.0,1.0,,328.0
237,1.0,160.0,238.0,1.0,5.0,1.0,7.0,3.0,8.0,1.0,5.0,3.0,,1.0,1.0,1.0,2.0,2.0,2.0,1.0,2.0,2.0,2.0,1.0,7.0,1.0,7.0,,,,1.0,2.0,1.0,1.0,,5.0,4.0,0.0,4.0,1.0,1.0,,1.0,2.0,9.0,9.0,,2.0,3.0,9.0,9.0,,1.0,1.0,0.0,5.0,0.0,0.0,,68.0
238,1.0,160.0,239.0,1.0,4.0,11.0,7.0,3.0,1.0,1.0,7.0,4.0,,1.0,1.0,2.0,2.0,1.0,1.0,2.0,2.0,2.0,2.0,1.0,7.0,1.0,7.0,,,,1.0,1.0,1.0,1.0,,5.0,4.0,0.0,4.0,1.0,6.0,,1.0,2.0,2.0,1.0,,2.0,0.0,9.0,9.0,,1.0,1.0,0.0,0.0,1.0,1.0,,95.0
239,1.0,160.0,240.0,1.0,1.0,11.0,7.0,4.0,7.0,1.0,5.0,1.0,,1.0,1.0,1.0,2.0,2.0,2.0,1.0,2.0,2.0,2.0,3.0,7.0,3.0,7.0,,,,1.0,2.0,1.0,3.0,,3.0,2.0,0.0,4.0,1.0,8.0,,1.0,1.0,1.0,1.0,,1.0,1.0,1.0,1.0,,1.0,1.0,0.0,1.0,1.0,1.0,,87.0
240,1.0,160.0,241.0,1.0,4.0,3.0,7.0,4.0,7.0,1.0,5.0,3.0,,1.0,1.0,2.0,1.0,2.0,2.0,2.0,1.0,2.0,2.0,1.0,7.0,4.0,10.0,,,,1.0,2.0,2.0,3.0,,5.0,2.0,1.0,4.0,1.0,1.0,,1.0,2.0,3.0,1.0,,2.0,3.0,9.0,9.0,,2.0,5.0,1.0,3.0,1.0,1.0,,235.0
241,1.0,160.0,242.0,1.0,4.0,11.0,7.0,3.0,4.0,1.0,5.0,3.0,,1.0,1.0,1.0,2.0,2.0,2.0,1.0,2.0,2.0,2.0,1.0,7.0,1.0,6.0,,,,1.0,1.0,1.0,1.0,,3.0,4.0,1.0,2.0,1.0,2.0,,1.0,2.0,1.0,1.0,,2.0,3.0,9.0,9.0,,1.0,1.0,0.0,4.0,1.0,1.0,,105.0
242,1.0,160.0,243.0,1.0,2.0,5.0,7.0,4.0,6.0,1.0,8.0,3.0,,1.0,1.0,1.0,2.0,2.0,2.0,2.0,1.0,2.0,2.0,3.0,7.0,1.0,11.0,,,,1.0,1.0,3.0,3.0,,3.0,2.0,1.0,4.0,1.0,6.0,,1.0,2.0,1.0,1.0,,2.0,2.0,9.0,9.0,,2.0,4.0,1.0,4.0,1.0,1.0,,204.0
243,1.0,160.0,244.0,1.0,1.0,1.0,7.0,5.0,7.0,2.0,5.0,3.0,,3.0,1.0,1.0,2.0,2.0,2.0,2.0,1.0,2.0,2.0,3.0,7.0,4.0,11.0,,,,1.0,1.0,1.0,3.0,,3.0,1.0,0.0,4.0,1.0,2.0,,1.0,2.0,1.0,1.0,,1.0,2.0,1.0,9.0,,1.0,1.0,1.0,4.0,1.0,1.0,,262.0
244,1.0,160.0,245.0,1.0,3.0,11.0,7.0,3.0,8.0,2.0,0.0,3.0,,1.0,1.0,1.0,2.0,2.0,2.0,2.0,2.0,2.0,2.0,1.0,7.0,2.0,7.0,,,,1.0,1.0,1.0,3.0,,3.0,2.0,1.0,3.0,1.0,3.0,,1.0,0.0,1.0,1.0,,1.0,2.0,1.0,1.0,,1.0,1.0,0.0,5.0,1.0,1.0,,100.0
245,1.0,160.0,246.0,1.0,1.0,3.0,7.0,4.0,6.0,3.0,4.0,3.0,,1.0,1.0,2.0,1.0,2.0,2.0,2.0,2.0,2.0,2.0,1.0,7.0,1.0,7.0,,,,1.0,2.0,1.0,1.0,,5.0,2.0,0.0,4.0,1.0,1.0,,1.0,3.0,9.0,9.0,,0.0,0.0,9.0,9.0,,1.0,1.0,0.0,0.0,1.0,0.0,,191.0
246,1.0,160.0,247.0,1.0,4.0,3.0,7.0,4.0,6.0,3.0,5.0,3.0,,3.0,1.0,2.0,1.0,2.0,1.0,2.0,2.0,2.0,2.0,1.0,7.0,4.0,2.0,,,,3.0,1.0,1.0,3.0,,3.0,4.0,1.0,4.0,1.0,1.0,,1.0,2.0,2.0,1.0,,2.0,1.0,9.0,9.0,,1.0,1.0,1.0,1.0,1.0,1.0,,270.0
247,1.0,160.0,248.0,1.0,3.0,5.0,7.0,5.0,4.0,3.0,5.0,3.0,,0.0,1.0,1.0,2.0,2.0,1.0,2.0,1.0,2.0,2.0,1.0,7.0,3.0,0.0,,,,1.0,2.0,2.0,3.0,,3.0,2.0,0.0,3.0,1.0,3.0,,1.0,0.0,9.0,9.0,,2.0,3.0,9.0,9.0,,1.0,0.0,1.0,2.0,1.0,1.0,,149.0
248,1.0,160.0,249.0,1.0,1.0,3.0,7.0,2.0,6.0,3.0,3.0,4.0,,1.0,1.0,1.0,2.0,2.0,2.0,2.0,1.0,2.0,2.0,3.0,7.0,2.0,11.0,,,,1.0,1.0,2.0,1.0,,3.0,1.0,0.0,4.0,1.0,3.0,,1.0,2.0,3.0,1.0,,1.0,2.0,9.0,9.0,,1.0,1.0,0.0,4.0,1.0,1.0,,142.0
249,1.0,160.0,250.0,1.0,1.0,1.0,7.0,3.0,7.0,3.0,4.0,3.0,,1.0,1.0,1.0,2.0,2.0,2.0,2.0,1.0,2.0,2.0,1.0,7.0,5.0,10.0,,,,1.0,1.0,1.0,3.0,,3.0,2.0,1.0,4.0,1.0,1.0,,1.0,3.0,9.0,9.0,,2.0,3.0,9.0,9.0,,1.0,1.0,1.0,4.0,1.0,1.0,,129.0
250,1.0,160.0,251.0,1.0,3.0,11.0,7.0,3.0,4.0,3.0,0.0,3.0,,1.0,1.0,1.0,2.0,2.0,2.0,2.0,2.0,2.0,2.0,3.0,7.0,5.0,0.0,,,,0.0,1.0,1.0,3.0,,3.0,2.0,1.0,4.0,1.0,2.0,,1.0,2.0,9.0,9.0,,2.0,3.0,9.0,9.0,,2.0,0.0,0.0,5.0,1.0,1.0,,93.0
251,1.0,160.0,252.0,1.0,3.0,11.0,7.0,3.0,8.0,3.0,2.0,3.0,,1.0,1.0,1.0,2.0,2.0,2.0,2.0,2.0,2.0,2.0,3.0,7.0,2.0,7.0,,,,1.0,1.0,1.0,1.0,,3.0,4.0,1.0,4.0,1.0,1.0,,1.0,2.0,1.0,1.0,,2.0,0.0,9.0,9.0,,1.0,5.0,0.0,5.0,1.0,1.0,,92.0
252,1.0,160.0,253.0,1.0,3.0,3.0,7.0,1.0,3.0,4.0,1.0,1.0,,1.0,1.0,1.0,2.0,2.0,2.0,2.0,1.0,2.0,2.0,3.0,7.0,2.0,7.0,,,,1.0,2.0,1.0,3.0,,1.0,2.0,0.0,2.0,1.0,2.0,,1.0,2.0,9.0,3.0,,2.0,2.0,9.0,9.0,,2.0,2.0,1.0,5.0,1.0,1.0,,78.0
253,1.0,160.0,254.0,1.0,2.0,7.0,7.0,3.0,5.0,4.0,1.0,3.0,,1.0,1.0,1.0,2.0,1.0,1.0,2.0,1.0,2.0,2.0,3.0,7.0,4.0,4.0,,,,3.0,1.0,3.0,1.0,,3.0,1.0,0.0,4.0,1.0,2.0,,2.0,2.0,9.0,9.0,,2.0,1.0,1.0,1.0,,1.0,1.0,1.0,2.0,2.0,1.0,,391.0
254,1.0,160.0,255.0,1.0,3.0,1.0,7.0,5.0,6.0,4.0,2.0,3.0,,3.0,1.0,1.0,2.0,2.0,2.0,2.0,1.0,2.0,2.0,3.0,7.0,3.0,6.0,,,,1.0,2.0,1.0,3.0,,3.0,1.0,0.0,4.0,1.0,1.0,,1.0,1.0,1.0,1.0,,2.0,1.0,9.0,9.0,,2.0,5.0,1.0,4.0,2.0,1.0,,259.0
255,1.0,160.0,256.0,1.0,4.0,3.0,7.0,1.0,7.0,1.0,7.0,1.0,,1.0,1.0,1.0,2.0,2.0,2.0,1.0,1.0,2.0,2.0,1.0,7.0,3.0,2.0,,,,1.0,2.0,2.0,3.0,,1.0,2.0,0.0,2.0,2.0,3.0,,1.0,2.0,1.0,1.0,,2.0,3.0,9.0,9.0,,1.0,1.0,1.0,1.0,1.0,1.0,,73.0
256,1.0,160.0,257.0,1.0,2.0,10.0,7.0,4.0,6.0,1.0,3.0,1.0,,1.0,1.0,1.0,2.0,2.0,1.0,2.0,1.0,2.0,2.0,1.0,7.0,2.0,6.0,,,,1.0,1.0,1.0,3.0,,3.0,1.0,0.0,3.0,2.0,9.0,,1.0,2.0,1.0,1.0,,0.0,0.0,9.0,9.0,,1.0,1.0,0.0,2.0,1.0,1.0,,152.0
257,1.0,160.0,258.0,1.0,3.0,10.0,7.0,4.0,3.0,1.0,7.0,3.0,,1.0,1.0,1.0,2.0,1.0,2.0,2.0,1.0,2.0,2.0,1.0,7.0,2.0,7.0,,,,1.0,1.0,1.0,3.0,,5.0,2.0,1.0,2.0,2.0,8.0,,1.0,3.0,1.0,1.0,,2.0,3.0,9.0,9.0,,1.0,1.0,1.0,4.0,2.0,1.0,,193.0
258,1.0,160.0,259.0,1.0,4.0,1.0,7.0,5.0,6.0,2.0,5.0,2.0,,1.0,1.0,1.0,2.0,2.0,2.0,2.0,1.0,2.0,2.0,3.0,7.0,3.0,3.0,,,,3.0,2.0,1.0,3.0,,5.0,2.0,1.0,4.0,2.0,1.0,,1.0,2.0,2.0,3.0,,2.0,1.0,9.0,9.0,,1.0,1.0,1.0,1.0,1.0,1.0,,258.0
259,1.0,160.0,260.0,1.0,2.0,10.0,7.0,1.0,3.0,2.0,5.0,1.0,,1.0,1.0,1.0,2.0,1.0,1.0,2.0,2.0,2.0,2.0,1.0,7.0,3.0,3.0,,,,1.0,1.0,2.0,5.0,,3.0,3.0,0.0,2.0,2.0,9.0,,1.0,2.0,3.0,1.0,,2.0,2.0,9.0,9.0,,1.0,1.0,1.0,1.0,1.0,1.0,,40.0
260,1.0,160.0,261.0,1.0,2.0,3.0,7.0,1.0,2.0,2.0,5.0,3.0,,1.0,1.0,1.0,2.0,2.0,2.0,2.0,1.0,2.0,2.0,1.0,7.0,2.0,4.0,,,,1.0,2.0,2.0,4.0,,5.0,1.0,0.0,2.0,2.0,7.0,,1.0,3.0,3.0,9.0,,0.0,0.0,3.0,9.0,,1.0,1.0,1.0,1.0,1.0,1.0,,1.0
261,1.0,160.0,262.0,1.0,1.0,10.0,7.0,3.0,7.0,2.0,6.0,3.0,,3.0,1.0,2.0,1.0,2.0,2.0,2.0,1.0,2.0,2.0,1.0,7.0,4.0,3.0,,,,3.0,2.0,2.0,3.0,,3.0,2.0,1.0,2.0,2.0,7.0,,2.0,3.0,9.0,9.0,,2.0,3.0,9.0,9.0,,1.0,0.0,1.0,2.0,1.0,1.0,,115.0
262,1.0,160.0,263.0,1.0,1.0,10.0,7.0,4.0,6.0,2.0,5.0,3.0,,1.0,1.0,1.0,2.0,2.0,2.0,1.0,2.0,2.0,2.0,1.0,7.0,1.0,8.0,,,,2.0,2.0,1.0,1.0,,5.0,4.0,1.0,2.0,2.0,3.0,,1.0,1.0,9.0,9.0,,0.0,0.0,9.0,9.0,,1.0,1.0,0.0,4.0,1.0,1.0,,217.0
263,1.0,160.0,264.0,1.0,4.0,3.0,7.0,4.0,10.0,2.0,6.0,3.0,,1.0,1.0,2.0,1.0,2.0,2.0,1.0,1.0,2.0,2.0,1.0,7.0,2.0,6.0,,,,1.0,1.0,1.0,3.0,,5.0,2.0,0.0,4.0,2.0,1.0,,1.0,2.0,9.0,9.0,,2.0,3.0,9.0,9.0,,1.0,1.0,0.0,4.0,1.0,1.0,,227.0
264,1.0,160.0,265.0,1.0,2.0,5.0,7.0,4.0,3.0,2.0,3.0,3.0,,1.0,1.0,1.0,2.0,2.0,2.0,2.0,1.0,2.0,2.0,3.0,7.0,2.0,6.0,,,,0.0,2.0,1.0,3.0,,5.0,2.0,1.0,4.0,2.0,1.0,,1.0,2.0,3.0,1.0,,1.0,1.0,1.0,1.0,,1.0,1.0,0.0,4.0,1.0,1.0,,253.0
265,1.0,160.0,266.0,1.0,4.0,5.0,7.0,5.0,5.0,2.0,5.0,3.0,,1.0,1.0,1.0,2.0,2.0,1.0,2.0,1.0,2.0,2.0,3.0,7.0,1.0,11.0,,,,1.0,1.0,1.0,3.0,,3.0,1.0,0.0,2.0,2.0,9.0,,1.0,2.0,2.0,1.0,,2.0,1.0,9.0,9.0,,1.0,5.0,0.0,4.0,1.0,1.0,,205.0
266,1.0,160.0,267.0,1.0,1.0,1.0,7.0,4.0,7.0,2.0,8.0,3.0,,3.0,1.0,1.0,2.0,2.0,2.0,2.0,1.0,2.0,2.0,3.0,7.0,3.0,6.0,,,,1.0,1.0,2.0,5.0,,5.0,2.0,1.0,2.0,2.0,0.0,,1.0,2.0,2.0,1.0,,2.0,1.0,9.0,9.0,,1.0,1.0,1.0,4.0,1.0,1.0,,173.0
267,1.0,160.0,268.0,1.0,1.0,7.0,7.0,4.0,7.0,2.0,5.0,3.0,,3.0,1.0,1.0,2.0,2.0,2.0,2.0,2.0,2.0,2.0,3.0,7.0,3.0,6.0,,,,1.0,2.0,1.0,3.0,,1.0,4.0,1.0,2.0,2.0,1.0,,0.0,0.0,9.0,9.0,,1.0,2.0,9.0,9.0,,1.0,1.0,1.0,4.0,1.0,1.0,,183.0
268,1.0,160.0,269.0,1.0,3.0,7.0,7.0,4.0,7.0,2.0,6.0,3.0,,1.0,1.0,1.0,2.0,2.0,2.0,2.0,1.0,2.0,2.0,1.0,7.0,1.0,11.0,,,,1.0,1.0,2.0,3.0,,5.0,2.0,0.0,2.0,2.0,1.0,,2.0,2.0,9.0,9.0,,1.0,1.0,1.0,1.0,,1.0,1.0,1.0,4.0,1.0,1.0,,246.0
269,1.0,160.0,270.0,1.0,2.0,7.0,7.0,3.0,2.0,2.0,5.0,3.0,,1.0,3.0,1.0,2.0,2.0,2.0,2.0,1.0,2.0,2.0,3.0,7.0,4.0,10.0,,,,1.0,2.0,1.0,3.0,,1.0,2.0,0.0,2.0,2.0,2.0,,2.0,2.0,9.0,9.0,,1.0,1.0,1.0,1.0,,1.0,1.0,1.0,4.0,1.0,1.0,,248.0
270,1.0,160.0,271.0,1.0,3.0,7.0,7.0,5.0,7.0,2.0,8.0,3.0,,1.0,1.0,1.0,2.0,2.0,2.0,2.0,1.0,2.0,2.0,1.0,7.0,2.0,11.0,,,,1.0,2.0,1.0,3.0,,3.0,2.0,0.0,2.0,2.0,1.0,,1.0,2.0,1.0,1.0,,1.0,2.0,1.0,1.0,,1.0,1.0,1.0,4.0,1.0,1.0,,181.0
271,1.0,160.0,272.0,1.0,3.0,10.0,7.0,4.0,2.0,2.0,3.0,3.0,,1.0,1.0,1.0,2.0,1.0,2.0,2.0,1.0,2.0,2.0,3.0,7.0,2.0,6.0,,,,1.0,2.0,2.0,3.0,,3.0,2.0,0.0,2.0,2.0,3.0,,1.0,2.0,2.0,1.0,,2.0,0.0,9.0,9.0,,2.0,3.0,1.0,4.0,1.0,1.0,,151.0
272,1.0,160.0,273.0,1.0,1.0,10.0,7.0,3.0,6.0,2.0,3.0,3.0,,1.0,1.0,1.0,2.0,1.0,2.0,1.0,1.0,2.0,2.0,3.0,7.0,2.0,6.0,,,,1.0,2.0,3.0,3.0,,5.0,2.0,0.0,2.0,2.0,2.0,,2.0,1.0,4.0,1.0,,2.0,2.0,9.0,9.0,,2.0,2.0,0.0,5.0,1.0,1.0,,224.0
273,1.0,160.0,274.0,1.0,2.0,11.0,7.0,3.0,6.0,3.0,7.0,3.0,,1.0,0.0,2.0,2.0,1.0,2.0,2.0,2.0,2.0,2.0,3.0,7.0,4.0,7.0,,,,0.0,1.0,2.0,3.0,,3.0,2.0,0.0,4.0,2.0,6.0,,1.0,3.0,9.0,9.0,,2.0,3.0,9.0,9.0,,1.0,4.0,0.0,0.0,0.0,0.0,,90.0
274,1.0,160.0,275.0,1.0,2.0,3.0,7.0,2.0,3.0,3.0,1.0,3.0,,3.0,1.0,1.0,2.0,2.0,2.0,2.0,2.0,2.0,2.0,3.0,7.0,4.0,4.0,,,,1.0,2.0,2.0,3.0,,3.0,1.0,0.0,2.0,2.0,7.0,,1.0,0.0,9.0,9.0,,2.0,0.0,9.0,9.0,,1.0,0.0,0.0,1.0,1.0,1.0,,74.0
275,1.0,160.0,276.0,1.0,4.0,10.0,7.0,2.0,4.0,3.0,4.0,3.0,,1.0,1.0,2.0,1.0,2.0,1.0,2.0,2.0,2.0,2.0,1.0,7.0,3.0,4.0,,,,0.0,2.0,1.0,3.0,,1.0,4.0,1.0,2.0,2.0,3.0,,1.0,2.0,2.0,9.0,,2.0,1.0,9.0,9.0,,2.0,0.0,1.0,1.0,1.0,1.0,,111.0
276,1.0,160.0,277.0,1.0,3.0,3.0,7.0,1.0,6.0,3.0,2.0,3.0,,1.0,1.0,2.0,2.0,1.0,2.0,2.0,1.0,2.0,2.0,1.0,7.0,2.0,6.0,,,,1.0,2.0,1.0,3.0,,5.0,2.0,0.0,2.0,2.0,6.0,,1.0,2.0,1.0,1.0,,2.0,2.0,9.0,9.0,,1.0,3.0,1.0,1.0,1.0,1.0,,82.0
277,1.0,160.0,278.0,1.0,3.0,7.0,7.0,3.0,9.0,3.0,3.0,4.0,,3.0,1.0,1.0,2.0,2.0,2.0,2.0,1.0,2.0,2.0,3.0,7.0,2.0,7.0,,,,1.0,2.0,2.0,3.0,,5.0,2.0,1.0,2.0,2.0,1.0,,2.0,2.0,9.0,9.0,,1.0,2.0,1.0,1.0,,1.0,0.0,1.0,2.0,1.0,1.0,,268.0
278,1.0,160.0,279.0,1.0,2.0,10.0,7.0,4.0,6.0,3.0,3.0,3.0,,1.0,1.0,1.0,2.0,2.0,2.0,2.0,2.0,2.0,2.0,1.0,7.0,2.0,7.0,,,,1.0,1.0,2.0,3.0,,3.0,2.0,1.0,2.0,2.0,3.0,,1.0,2.0,9.0,9.0,,2.0,2.0,9.0,9.0,,1.0,1.0,0.0,4.0,1.0,1.0,,222.0
279,1.0,160.0,280.0,1.0,3.0,3.0,7.0,1.0,9.0,3.0,5.0,1.0,,1.0,1.0,1.0,2.0,1.0,2.0,1.0,2.0,2.0,2.0,1.0,7.0,4.0,3.0,,,,1.0,1.0,1.0,4.0,,1.0,4.0,1.0,2.0,2.0,3.0,,1.0,1.0,1.0,1.0,,2.0,3.0,9.0,9.0,,2.0,0.0,1.0,4.0,1.0,1.0,,3.0
280,1.0,160.0,281.0,1.0,1.0,5.0,7.0,4.0,7.0,3.0,3.0,3.0,,1.0,1.0,1.0,2.0,2.0,1.0,2.0,1.0,2.0,2.0,1.0,7.0,2.0,11.0,,,,1.0,1.0,2.0,1.0,,3.0,2.0,1.0,3.0,2.0,8.0,,1.0,2.0,9.0,9.0,,2.0,1.0,9.0,9.0,,0.0,1.0,1.0,4.0,1.0,1.0,,143.0
281,1.0,160.0,282.0,1.0,2.0,3.0,7.0,4.0,9.0,3.0,10.0,3.0,,1.0,1.0,2.0,2.0,1.0,2.0,2.0,1.0,2.0,2.0,3.0,7.0,3.0,2.0,,,,1.0,1.0,1.0,3.0,,3.0,2.0,1.0,4.0,2.0,1.0,,1.0,1.0,1.0,1.0,,2.0,2.0,9.0,9.0,,1.0,1.0,1.0,4.0,1.0,1.0,,231.0
282,1.0,160.0,283.0,1.0,4.0,5.0,7.0,4.0,6.0,3.0,3.0,3.0,,1.0,1.0,1.0,2.0,2.0,2.0,1.0,2.0,2.0,2.0,1.0,7.0,5.0,10.0,,,,1.0,2.0,1.0,3.0,,5.0,2.0,0.0,3.0,2.0,6.0,,1.0,1.0,2.0,1.0,,2.0,2.0,9.0,9.0,,1.0,1.0,1.0,4.0,1.0,1.0,,141.0
283,1.0,160.0,284.0,1.0,2.0,3.0,7.0,4.0,6.0,3.0,5.0,3.0,,1.0,1.0,2.0,1.0,2.0,1.0,2.0,1.0,2.0,2.0,2.0,7.0,3.0,11.0,,,,1.0,1.0,2.0,5.0,,1.0,2.0,1.0,4.0,2.0,1.0,,1.0,2.0,1.0,9.0,,2.0,2.0,9.0,1.0,,0.0,4.0,0.0,0.0,2.0,2.0,,126.0
284,1.0,160.0,285.0,1.0,4.0,3.0,7.0,4.0,7.0,4.0,1.0,3.0,,1.0,1.0,1.0,2.0,2.0,1.0,1.0,2.0,2.0,2.0,3.0,7.0,3.0,6.0,,,,1.0,2.0,2.0,3.0,,5.0,2.0,2.0,4.0,2.0,2.0,,1.0,2.0,3.0,1.0,,2.0,1.0,9.0,9.0,,1.0,1.0,1.0,4.0,1.0,1.0,,243.0
285,1.0,160.0,286.0,1.0,3.0,3.0,7.0,1.0,4.0,5.0,1.0,4.0,,2.0,3.0,1.0,2.0,2.0,2.0,2.0,1.0,2.0,1.0,3.0,7.0,1.0,7.0,,,,1.0,2.0,3.0,3.0,,5.0,4.0,1.0,2.0,2.0,2.0,,1.0,2.0,1.0,1.0,,1.0,2.0,1.0,1.0,,1.0,1.0,1.0,1.0,1.0,1.0,,76.0
286,1.0,160.0,287.0,1.0,4.0,1.0,7.0,3.0,8.0,5.0,10.0,3.0,,1.0,1.0,1.0,2.0,2.0,1.0,2.0,1.0,2.0,2.0,3.0,7.0,3.0,6.0,,,,1.0,2.0,1.0,3.0,,5.0,2.0,1.0,4.0,2.0,1.0,,1.0,3.0,9.0,1.0,,2.0,0.0,9.0,9.0,,2.0,5.0,1.0,4.0,1.0,1.0,,44.0
287,1.0,160.0,288.0,1.0,1.0,11.0,7.0,3.0,1.0,5.0,9.0,3.0,,3.0,1.0,1.0,2.0,1.0,1.0,2.0,1.0,2.0,2.0,1.0,7.0,3.0,7.0,,,,1.0,2.0,3.0,3.0,,2.0,1.0,0.0,4.0,2.0,1.0,,1.0,0.0,9.0,9.0,,2.0,2.0,9.0,9.0,,1.0,1.0,1.0,5.0,1.0,1.0,,99.0
288,1.0,160.0,289.0,1.0,1.0,3.0,7.0,4.0,7.0,3.0,2.0,3.0,,1.0,1.0,1.0,2.0,2.0,2.0,2.0,2.0,2.0,2.0,1.0,7.0,4.0,1.0,,,,1.0,1.0,1.0,3.0,,3.0,2.0,0.0,4.0,2.0,9.0,,0.0,2.0,9.0,9.0,,0.0,0.0,9.0,9.0,,2.0,5.0,0.0,4.0,0.0,1.0,,226.0
289,1.0,160.0,290.0,1.0,1.0,3.0,7.0,3.0,5.0,3.0,1.0,3.0,,1.0,1.0,1.0,2.0,1.0,2.0,2.0,1.0,2.0,2.0,1.0,7.0,3.0,3.0,,,,0.0,2.0,2.0,3.0,,5.0,4.0,1.0,3.0,2.0,1.0,,2.0,2.0,9.0,9.0,,1.0,1.0,1.0,1.0,,1.0,5.0,1.0,4.0,1.0,1.0,,29.0
290,1.0,160.0,291.0,1.0,1.0,5.0,0.0,4.0,2.0,2.0,3.0,3.0,,1.0,1.0,1.0,2.0,1.0,1.0,2.0,1.0,2.0,2.0,1.0,7.0,4.0,1.0,,,,1.0,1.0,1.0,3.0,,5.0,4.0,1.0,4.0,1.0,8.0,,1.0,3.0,2.0,1.0,,2.0,1.0,9.0,9.0,,1.0,1.0,0.0,4.0,1.0,1.0,,201.0
291,1.0,160.0,292.0,1.0,3.0,5.0,0.0,5.0,7.0,3.0,4.0,3.0,,1.0,1.0,1.0,2.0,2.0,2.0,2.0,1.0,2.0,2.0,3.0,7.0,3.0,6.0,,,,0.0,1.0,0.0,0.0,,3.0,1.0,0.0,3.0,2.0,8.0,,1.0,0.0,9.0,1.0,,2.0,1.0,9.0,1.0,,1.0,1.0,0.0,1.0,1.0,1.0,,153.0
292,1.0,160.0,293.0,1.0,0.0,0.0,0.0,0.0,0.0,0.0,0.0,1.0,,1.0,1.0,2.0,2.0,1.0,2.0,2.0,2.0,2.0,2.0,1.0,7.0,2.0,8.0,,,,1.0,2.0,1.0,3.0,,1.0,4.0,0.0,2.0,1.0,2.0,,1.0,2.0,1.0,1.0,,2.0,0.0,9.0,9.0,,1.0,0.0,0.0,4.0,1.0,1.0,,109.0
293,1.0,160.0,294.0,1.0,3.0,5.0,7.0,3.0,7.0,2.0,2.0,3.0,,1.0,1.0,1.0,2.0,2.0,2.0,1.0,2.0,2.0,1.0,3.0,7.0,1.0,6.0,,,,1.0,1.0,1.0,3.0,,3.0,4.0,1.0,3.0,1.0,2.0,,1.0,2.0,1.0,1.0,,2.0,2.0,9.0,9.0,,1.0,1.0,0.0,3.0,1.0,1.0,,388.0
294,1.0,160.0,295.0,1.0,1.0,2.0,6.0,4.0,6.0,5.0,10.0,3.0,,3.0,1.0,1.0,2.0,2.0,2.0,1.0,1.0,2.0,1.0,3.0,8.0,3.0,11.0,,,,1.0,2.0,1.0,3.0,,1.0,1.0,0.0,3.0,1.0,2.0,,1.0,1.0,2.0,1.0,,2.0,3.0,9.0,9.0,,1.0,1.0,0.0,2.0,1.0,1.0,,344.0
295,1.0,160.0,296.0,1.0,5.0,4.0,1.0,4.0,3.0,4.0,1.0,3.0,,1.0,1.0,1.0,2.0,2.0,2.0,2.0,1.0,2.0,1.0,3.0,8.0,4.0,11.0,,,,3.0,2.0,2.0,3.0,,5.0,2.0,1.0,4.0,1.0,2.0,,1.0,2.0,9.0,9.0,,2.0,2.0,9.0,9.0,,2.0,5.0,1.0,3.0,2.0,2.0,,329.0
296,1.0,160.0,297.0,1.0,6.0,4.0,1.0,2.0,0.0,0.0,0.0,3.0,,1.0,1.0,2.0,2.0,2.0,2.0,1.0,1.0,2.0,1.0,3.0,8.0,3.0,11.0,,,,1.0,1.0,1.0,1.0,,5.0,2.0,0.0,3.0,2.0,2.0,,1.0,2.0,3.0,1.0,,2.0,2.0,9.0,9.0,,0.0,7.0,1.0,3.0,2.0,1.0,,326.0
297,1.0,160.0,298.0,1.0,3.0,4.0,2.0,3.0,4.0,2.0,4.0,3.0,,1.0,1.0,2.0,1.0,2.0,2.0,1.0,1.0,2.0,1.0,3.0,8.0,4.0,11.0,,,,1.0,2.0,2.0,3.0,,5.0,2.0,1.0,3.0,2.0,2.0,,2.0,3.0,9.0,9.0,,2.0,1.0,9.0,9.0,,2.0,7.0,1.0,3.0,1.0,1.0,,295.0
298,1.0,160.0,299.0,1.0,4.0,2.0,6.0,3.0,2.0,1.0,4.0,3.0,,1.0,1.0,1.0,2.0,2.0,2.0,1.0,1.0,2.0,1.0,3.0,8.0,2.0,11.0,,,,1.0,2.0,3.0,3.0,,5.0,1.0,0.0,3.0,2.0,2.0,,1.0,2.0,3.0,1.0,,0.0,0.0,9.0,9.0,,1.0,1.0,0.0,4.0,1.0,1.0,,347.0
299,1.0,160.0,300.0,1.0,4.0,2.0,6.0,4.0,3.0,3.0,1.0,3.0,,3.0,0.0,2.0,2.0,2.0,2.0,2.0,2.0,2.0,1.0,3.0,8.0,3.0,3.0,,,,0.0,2.0,2.0,3.0,,5.0,2.0,0.0,3.0,2.0,2.0,,2.0,0.0,9.0,9.0,,1.0,0.0,9.0,9.0,,0.0,0.0,0.0,3.0,1.0,1.0,,355.0
300,1.0,160.0,301.0,1.0,3.0,13.0,7.0,4.0,7.0,3.0,2.0,3.0,,3.0,1.0,1.0,2.0,2.0,2.0,2.0,1.0,2.0,2.0,1.0,8.0,3.0,10.0,,,,1.0,1.0,1.0,1.0,,5.0,4.0,1.0,3.0,0.0,1.0,,0.0,2.0,2.0,1.0,,2.0,3.0,9.0,9.0,,1.0,1.0,0.0,5.0,1.0,1.0,,999.0
301,1.0,160.0,302.0,1.0,3.0,1.0,7.0,4.0,2.0,1.0,8.0,3.0,,3.0,2.0,2.0,2.0,2.0,2.0,2.0,1.0,2.0,2.0,1.0,8.0,5.0,10.0,,,,1.0,2.0,1.0,3.0,,3.0,2.0,0.0,4.0,1.0,2.0,,1.0,2.0,1.0,1.0,,2.0,2.0,9.0,9.0,,1.0,5.0,1.0,4.0,1.0,1.0,,273.0
302,1.0,160.0,303.0,1.0,6.0,7.0,7.0,5.0,2.0,1.0,7.0,3.0,,1.0,1.0,1.0,2.0,2.0,2.0,1.0,1.0,2.0,2.0,3.0,8.0,3.0,11.0,,,,1.0,2.0,2.0,3.0,,5.0,1.0,0.0,4.0,1.0,9.0,,2.0,2.0,9.0,9.0,,1.0,1.0,1.0,1.0,,0.0,5.0,1.0,4.0,1.0,1.0,,200.0
303,1.0,160.0,304.0,1.0,1.0,1.0,7.0,3.0,6.0,1.0,5.0,2.0,,3.0,1.0,1.0,2.0,2.0,2.0,2.0,1.0,2.0,1.0,3.0,8.0,1.0,2.0,,,,1.0,2.0,1.0,3.0,,1.0,3.0,2.0,4.0,1.0,2.0,,1.0,0.0,1.0,1.0,,1.0,2.0,9.0,9.0,,1.0,1.0,0.0,5.0,1.0,1.0,,52.0
304,1.0,160.0,305.0,1.0,2.0,3.0,7.0,4.0,8.0,2.0,7.0,3.0,,3.0,1.0,1.0,2.0,2.0,1.0,2.0,1.0,2.0,2.0,1.0,8.0,2.0,8.0,,,,1.0,2.0,2.0,3.0,,1.0,1.0,0.0,3.0,1.0,2.0,,1.0,2.0,1.0,1.0,,2.0,2.0,1.0,1.0,,1.0,1.0,0.0,2.0,1.0,1.0,,5.0
305,1.0,160.0,306.0,1.0,2.0,1.0,7.0,3.0,8.0,2.0,7.0,1.0,,1.0,1.0,1.0,2.0,2.0,2.0,1.0,2.0,2.0,2.0,1.0,8.0,1.0,8.0,,,,1.0,2.0,1.0,3.0,,1.0,2.0,1.0,4.0,1.0,2.0,,0.0,3.0,9.0,1.0,,2.0,2.0,9.0,9.0,,1.0,0.0,0.0,4.0,1.0,1.0,,61.0
306,1.0,160.0,307.0,1.0,6.0,3.0,7.0,4.0,9.0,2.0,11.0,3.0,,1.0,1.0,1.0,2.0,2.0,2.0,1.0,2.0,2.0,2.0,1.0,8.0,2.0,11.0,,,,1.0,1.0,1.0,3.0,,3.0,4.0,1.0,4.0,1.0,1.0,,1.0,2.0,1.0,1.0,,2.0,3.0,9.0,9.0,,1.0,1.0,0.0,4.0,1.0,1.0,,190.0
307,1.0,160.0,308.0,1.0,1.0,7.0,7.0,4.0,4.0,2.0,4.0,3.0,,1.0,1.0,1.0,2.0,2.0,2.0,1.0,1.0,2.0,2.0,1.0,8.0,1.0,8.0,,,,1.0,2.0,1.0,3.0,,5.0,2.0,0.0,3.0,1.0,1.0,,2.0,2.0,9.0,9.0,,1.0,1.0,1.0,1.0,,1.0,5.0,0.0,4.0,1.0,1.0,,247.0
308,1.0,160.0,309.0,1.0,4.0,13.0,7.0,4.0,7.0,2.0,8.0,4.0,,3.0,1.0,1.0,2.0,2.0,2.0,1.0,2.0,2.0,2.0,3.0,8.0,4.0,3.0,,,,3.0,1.0,2.0,1.0,,5.0,4.0,2.0,3.0,1.0,1.0,,1.0,2.0,2.0,1.0,,2.0,2.0,9.0,9.0,,1.0,1.0,1.0,4.0,1.0,1.0,,34.0
309,1.0,160.0,310.0,1.0,3.0,3.0,7.0,2.0,7.0,3.0,2.0,1.0,,1.0,1.0,1.0,2.0,2.0,2.0,2.0,1.0,2.0,1.0,1.0,8.0,4.0,1.0,,,,1.0,2.0,1.0,3.0,,5.0,2.0,0.0,2.0,1.0,3.0,,1.0,0.0,9.0,9.0,,0.0,0.0,9.0,9.0,,2.0,5.0,1.0,1.0,1.0,1.0,,81.0
310,1.0,160.0,311.0,1.0,2.0,3.0,7.0,4.0,9.0,3.0,1.0,3.0,,1.0,1.0,2.0,1.0,2.0,1.0,2.0,1.0,2.0,2.0,1.0,8.0,1.0,11.0,,,,1.0,1.0,1.0,3.0,,5.0,2.0,0.0,4.0,1.0,2.0,,1.0,3.0,9.0,9.0,,0.0,0.0,9.0,9.0,,1.0,1.0,1.0,2.0,1.0,1.0,,228.0
311,1.0,160.0,312.0,1.0,1.0,3.0,7.0,3.0,10.0,3.0,5.0,1.0,,1.0,1.0,1.0,2.0,2.0,2.0,2.0,2.0,2.0,2.0,1.0,8.0,3.0,6.0,,,,1.0,2.0,1.0,3.0,,1.0,1.0,0.0,4.0,1.0,1.0,,1.0,2.0,1.0,1.0,,2.0,2.0,9.0,9.0,,2.0,0.0,0.0,4.0,1.0,1.0,,242.0
312,1.0,160.0,313.0,1.0,2.0,13.0,7.0,4.0,6.0,3.0,4.0,3.0,,3.0,1.0,1.0,2.0,2.0,2.0,2.0,2.0,2.0,2.0,3.0,8.0,2.0,7.0,,,,1.0,2.0,2.0,3.0,,5.0,2.0,2.0,3.0,1.0,1.0,,1.0,2.0,1.0,1.0,,2.0,3.0,9.0,9.0,,2.0,5.0,0.0,4.0,1.0,1.0,,31.0
313,1.0,160.0,314.0,1.0,3.0,5.0,7.0,5.0,6.0,3.0,11.0,3.0,,1.0,3.0,1.0,2.0,2.0,1.0,2.0,1.0,2.0,2.0,3.0,8.0,4.0,11.0,,,,1.0,1.0,3.0,3.0,,0.0,2.0,0.0,4.0,1.0,1.0,,1.0,2.0,1.0,9.0,,2.0,3.0,9.0,9.0,,1.0,1.0,1.0,4.0,1.0,1.0,,144.0
314,1.0,160.0,315.0,1.0,1.0,10.0,7.0,4.0,11.0,3.0,2.0,3.0,,1.0,3.0,2.0,1.0,2.0,2.0,2.0,1.0,2.0,2.0,1.0,8.0,1.0,11.0,,,,1.0,1.0,1.0,3.0,,3.0,4.0,1.0,4.0,1.0,2.0,,1.0,2.0,1.0,1.0,,1.0,2.0,1.0,1.0,,1.0,1.0,1.0,4.0,1.0,1.0,,212.0
315,1.0,160.0,316.0,1.0,3.0,5.0,7.0,5.0,7.0,3.0,4.0,2.0,,1.0,1.0,1.0,2.0,2.0,1.0,2.0,2.0,2.0,2.0,1.0,8.0,3.0,7.0,,,,1.0,2.0,1.0,3.0,,5.0,4.0,1.0,4.0,1.0,1.0,,1.0,2.0,2.0,1.0,,1.0,2.0,1.0,1.0,,1.0,1.0,1.0,4.0,1.0,1.0,,146.0
316,1.0,160.0,317.0,1.0,1.0,11.0,7.0,3.0,10.0,3.0,10.0,3.0,,3.0,1.0,1.0,2.0,2.0,2.0,2.0,1.0,2.0,2.0,3.0,8.0,4.0,10.0,,,,1.0,1.0,2.0,1.0,,3.0,2.0,1.0,3.0,1.0,2.0,,1.0,2.0,1.0,1.0,,2.0,2.0,9.0,9.0,,1.0,1.0,0.0,5.0,1.0,1.0,,98.0
317,1.0,160.0,318.0,1.0,3.0,11.0,7.0,3.0,8.0,3.0,3.0,4.0,,3.0,1.0,1.0,2.0,2.0,2.0,2.0,2.0,2.0,2.0,3.0,8.0,3.0,7.0,,,,1.0,2.0,2.0,3.0,,3.0,2.0,0.0,4.0,1.0,6.0,,1.0,2.0,1.0,1.0,,2.0,2.0,9.0,9.0,,1.0,1.0,0.0,5.0,1.0,1.0,,85.0
318,1.0,160.0,319.0,1.0,1.0,1.0,7.0,3.0,5.0,3.0,2.0,3.0,,1.0,3.0,1.0,2.0,1.0,2.0,1.0,2.0,2.0,2.0,1.0,8.0,5.0,1.0,,,,1.0,2.0,1.0,1.0,,5.0,4.0,1.0,4.0,1.0,1.0,,1.0,2.0,2.0,1.0,,2.0,1.0,9.0,9.0,,1.0,5.0,0.0,5.0,1.0,1.0,,54.0
319,1.0,160.0,320.0,1.0,3.0,3.0,7.0,4.0,0.0,4.0,3.0,1.0,,1.0,1.0,1.0,2.0,2.0,2.0,2.0,2.0,2.0,2.0,2.0,8.0,3.0,7.0,,,,1.0,1.0,2.0,1.0,,3.0,2.0,1.0,4.0,1.0,1.0,,1.0,2.0,1.0,1.0,,2.0,2.0,9.0,9.0,,1.0,1.0,0.0,3.0,1.0,1.0,,237.0
320,1.0,160.0,321.0,1.0,2.0,3.0,7.0,4.0,5.0,0.0,8.0,3.0,,1.0,1.0,1.0,2.0,2.0,2.0,1.0,2.0,2.0,2.0,3.0,8.0,1.0,7.0,,,,0.0,1.0,2.0,3.0,,3.0,2.0,0.0,3.0,1.0,1.0,,2.0,2.0,9.0,9.0,,2.0,2.0,9.0,9.0,,1.0,3.0,1.0,1.0,1.0,1.0,,238.0
321,1.0,160.0,322.0,1.0,2.0,5.0,7.0,5.0,6.0,3.0,10.0,3.0,,3.0,1.0,1.0,2.0,2.0,2.0,2.0,1.0,2.0,2.0,3.0,8.0,2.0,11.0,,,,1.0,1.0,1.0,3.0,,3.0,2.0,0.0,3.0,1.0,1.0,,1.0,2.0,2.0,1.0,,0.0,0.0,9.0,9.0,,1.0,1.0,0.0,4.0,1.0,1.0,,196.0
322,1.0,160.0,323.0,1.0,1.0,1.0,7.0,3.0,3.0,3.0,1.0,3.0,,1.0,1.0,1.0,2.0,2.0,2.0,2.0,1.0,2.0,2.0,1.0,8.0,3.0,7.0,,,,1.0,2.0,2.0,3.0,,1.0,4.0,1.0,4.0,1.0,1.0,,1.0,2.0,2.0,1.0,,2.0,1.0,9.0,9.0,,2.0,4.0,1.0,4.0,1.0,1.0,,47.0
323,1.0,160.0,324.0,1.0,1.0,1.0,7.0,5.0,6.0,1.0,10.0,3.0,,1.0,0.0,1.0,2.0,2.0,2.0,1.0,2.0,2.0,2.0,0.0,8.0,1.0,0.0,,,,1.0,2.0,0.0,0.0,,1.0,4.0,0.0,4.0,2.0,1.0,,2.0,0.0,9.0,1.0,,2.0,0.0,9.0,9.0,,1.0,1.0,0.0,1.0,0.0,0.0,,64.0
324,1.0,160.0,325.0,1.0,4.0,10.0,7.0,4.0,5.0,1.0,5.0,3.0,,1.0,3.0,1.0,2.0,2.0,2.0,2.0,1.0,2.0,2.0,3.0,8.0,3.0,6.0,,,,1.0,1.0,1.0,3.0,,3.0,2.0,1.0,2.0,2.0,8.0,,1.0,0.0,1.0,1.0,,2.0,2.0,9.0,9.0,,1.0,0.0,1.0,2.0,1.0,1.0,,214.0
325,1.0,160.0,326.0,1.0,5.0,5.0,7.0,4.0,7.0,1.0,6.0,3.0,,1.0,1.0,1.0,2.0,2.0,2.0,2.0,1.0,2.0,2.0,1.0,8.0,2.0,7.0,,,,3.0,1.0,1.0,3.0,,5.0,3.0,0.0,4.0,2.0,6.0,,1.0,2.0,1.0,1.0,,2.0,3.0,9.0,9.0,,1.0,1.0,0.0,4.0,1.0,1.0,,206.0
326,1.0,160.0,327.0,1.0,6.0,7.0,7.0,2.0,3.0,1.0,8.0,1.0,,1.0,1.0,1.0,2.0,2.0,2.0,2.0,1.0,2.0,2.0,3.0,8.0,2.0,7.0,,,,1.0,2.0,2.0,1.0,,3.0,3.0,0.0,2.0,2.0,2.0,,2.0,2.0,9.0,9.0,,1.0,1.0,1.0,1.0,,1.0,0.0,1.0,4.0,1.0,1.0,,256.0
327,1.0,160.0,328.0,1.0,3.0,10.0,7.0,1.0,4.0,1.0,6.0,3.0,,1.0,1.0,1.0,2.0,2.0,1.0,2.0,2.0,2.0,2.0,1.0,8.0,2.0,6.0,,,,1.0,2.0,2.0,3.0,,1.0,2.0,0.0,2.0,2.0,2.0,,1.0,1.0,1.0,1.0,,2.0,2.0,9.0,9.0,,1.0,1.0,1.0,4.0,1.0,1.0,,122.0
328,1.0,160.0,329.0,1.0,5.0,7.0,7.0,4.0,5.0,1.0,5.0,3.0,,3.0,1.0,1.0,2.0,2.0,2.0,1.0,1.0,2.0,2.0,3.0,8.0,3.0,4.0,,,,1.0,2.0,1.0,1.0,,5.0,2.0,0.0,3.0,2.0,2.0,,1.0,0.0,9.0,9.0,,1.0,0.0,9.0,9.0,,2.0,5.0,1.0,4.0,1.0,1.0,,249.0
329,1.0,160.0,330.0,1.0,4.0,3.0,7.0,4.0,11.0,2.0,5.0,3.0,,1.0,1.0,1.0,1.0,2.0,2.0,2.0,2.0,2.0,2.0,1.0,8.0,2.0,6.0,,,,1.0,1.0,0.0,0.0,,3.0,4.0,1.0,3.0,2.0,1.0,,1.0,2.0,1.0,1.0,,2.0,2.0,9.0,9.0,,2.0,0.0,0.0,1.0,1.0,1.0,,233.0
330,1.0,160.0,331.0,1.0,1.0,3.0,7.0,3.0,3.0,2.0,1.0,2.0,,1.0,1.0,2.0,2.0,2.0,2.0,2.0,2.0,2.0,2.0,0.0,8.0,2.0,8.0,,,,1.0,2.0,2.0,3.0,,5.0,0.0,1.0,3.0,2.0,9.0,,2.0,2.0,9.0,9.0,,1.0,1.0,1.0,1.0,,1.0,1.0,0.0,1.0,1.0,1.0,,21.0
331,1.0,160.0,332.0,1.0,1.0,10.0,7.0,1.0,5.0,2.0,3.0,3.0,,1.0,1.0,1.0,2.0,2.0,1.0,2.0,2.0,2.0,2.0,0.0,8.0,3.0,0.0,,,,1.0,1.0,1.0,3.0,,3.0,4.0,1.0,2.0,2.0,3.0,,1.0,0.0,9.0,1.0,,1.0,0.0,9.0,9.0,,1.0,1.0,0.0,4.0,1.0,1.0,,110.0
332,1.0,160.0,333.0,1.0,3.0,5.0,7.0,5.0,4.0,2.0,5.0,3.0,,1.0,1.0,1.0,2.0,2.0,2.0,1.0,2.0,2.0,2.0,3.0,8.0,1.0,11.0,,,,1.0,2.0,1.0,3.0,,1.0,2.0,1.0,3.0,2.0,9.0,,1.0,2.0,2.0,1.0,,2.0,1.0,1.0,1.0,,1.0,1.0,0.0,4.0,1.0,1.0,,180.0
333,1.0,160.0,334.0,1.0,5.0,5.0,7.0,5.0,7.0,2.0,5.0,3.0,,1.0,1.0,1.0,2.0,2.0,2.0,1.0,2.0,2.0,2.0,3.0,8.0,2.0,11.0,,,,1.0,2.0,2.0,1.0,,1.0,4.0,2.0,3.0,2.0,9.0,,1.0,2.0,2.0,1.0,,2.0,1.0,9.0,1.0,,2.0,5.0,0.0,4.0,1.0,1.0,,207.0
334,1.0,160.0,335.0,1.0,5.0,13.0,7.0,4.0,3.0,2.0,5.0,3.0,,1.0,1.0,2.0,2.0,2.0,2.0,2.0,1.0,2.0,2.0,3.0,8.0,4.0,0.0,,,,1.0,2.0,2.0,3.0,,5.0,2.0,1.0,3.0,2.0,1.0,,1.0,1.0,2.0,3.0,,2.0,1.0,9.0,9.0,,1.0,0.0,1.0,4.0,1.0,1.0,,22.0
335,1.0,160.0,336.0,1.0,3.0,10.0,7.0,1.0,4.0,2.0,5.0,2.0,,3.0,1.0,1.0,2.0,2.0,1.0,2.0,1.0,2.0,2.0,1.0,8.0,3.0,3.0,,,,1.0,2.0,2.0,5.0,,3.0,2.0,0.0,2.0,2.0,2.0,,1.0,3.0,2.0,1.0,,2.0,3.0,9.0,9.0,,2.0,5.0,1.0,4.0,1.0,1.0,,36.0
336,1.0,160.0,337.0,1.0,4.0,13.0,7.0,4.0,7.0,2.0,5.0,3.0,,1.0,1.0,1.0,2.0,2.0,2.0,2.0,1.0,2.0,2.0,1.0,8.0,3.0,6.0,,,,1.0,2.0,2.0,1.0,,5.0,2.0,1.0,2.0,2.0,2.0,,1.0,2.0,9.0,9.0,,2.0,1.0,9.0,9.0,,1.0,1.0,1.0,5.0,1.0,1.0,,17.0
337,1.0,160.0,338.0,1.0,2.0,5.0,7.0,3.0,2.0,2.0,2.0,3.0,,1.0,1.0,1.0,2.0,2.0,2.0,1.0,2.0,2.0,2.0,3.0,8.0,4.0,3.0,,,,1.0,1.0,1.0,1.0,,5.0,4.0,1.0,3.0,2.0,6.0,,1.0,2.0,2.0,1.0,,2.0,3.0,9.0,9.0,,1.0,5.0,1.0,4.0,2.0,1.0,,197.0
338,1.0,160.0,339.0,1.0,6.0,13.0,7.0,4.0,8.0,3.0,4.0,2.0,,1.0,1.0,1.0,2.0,2.0,2.0,2.0,1.0,2.0,2.0,3.0,8.0,2.0,8.0,,,,1.0,2.0,1.0,3.0,,1.0,2.0,2.0,2.0,2.0,1.0,,1.0,2.0,1.0,1.0,,2.0,2.0,9.0,1.0,,2.0,1.0,1.0,1.0,1.0,0.0,,18.0
339,1.0,160.0,340.0,1.0,2.0,3.0,7.0,4.0,6.0,3.0,2.0,3.0,,1.0,1.0,1.0,2.0,2.0,2.0,1.0,2.0,2.0,2.0,1.0,8.0,4.0,10.0,,,,1.0,1.0,2.0,1.0,,3.0,2.0,1.0,3.0,2.0,2.0,,2.0,2.0,9.0,9.0,,1.0,2.0,1.0,1.0,,1.0,0.0,0.0,1.0,1.0,1.0,,20.0
340,1.0,160.0,341.0,1.0,5.0,7.0,7.0,4.0,8.0,3.0,5.0,3.0,,1.0,1.0,1.0,2.0,1.0,1.0,2.0,1.0,2.0,1.0,1.0,8.0,1.0,8.0,,,,1.0,2.0,1.0,3.0,,1.0,2.0,0.0,4.0,2.0,1.0,,2.0,2.0,9.0,9.0,,1.0,2.0,1.0,1.0,,2.0,4.0,1.0,1.0,1.0,1.0,,219.0
341,1.0,160.0,342.0,1.0,5.0,7.0,7.0,5.0,7.0,3.0,1.0,3.0,,1.0,1.0,1.0,2.0,2.0,2.0,2.0,1.0,2.0,2.0,3.0,8.0,4.0,0.0,,,,1.0,2.0,2.0,3.0,,5.0,2.0,2.0,2.0,2.0,1.0,,2.0,2.0,9.0,9.0,,1.0,2.0,9.0,9.0,,1.0,0.0,1.0,2.0,1.0,1.0,,254.0
342,1.0,160.0,343.0,1.0,3.0,5.0,7.0,4.0,4.0,3.0,3.0,3.0,,1.0,1.0,1.0,2.0,2.0,2.0,2.0,1.0,2.0,2.0,3.0,8.0,3.0,6.0,,,,1.0,1.0,2.0,1.0,,5.0,4.0,1.0,4.0,2.0,2.0,,1.0,3.0,9.0,1.0,,2.0,3.0,9.0,9.0,,0.0,0.0,0.0,4.0,1.0,1.0,,147.0
343,1.0,160.0,344.0,1.0,3.0,1.0,7.0,5.0,8.0,3.0,2.0,4.0,,1.0,1.0,1.0,2.0,2.0,2.0,2.0,1.0,2.0,2.0,3.0,8.0,2.0,6.0,,,,1.0,2.0,2.0,3.0,,3.0,1.0,0.0,4.0,2.0,2.0,,1.0,2.0,1.0,1.0,,1.0,2.0,9.0,9.0,,1.0,1.0,0.0,4.0,1.0,1.0,,260.0
344,1.0,160.0,345.0,1.0,5.0,3.0,7.0,4.0,9.0,3.0,0.0,3.0,,1.0,1.0,1.0,2.0,2.0,2.0,2.0,1.0,2.0,2.0,3.0,8.0,2.0,6.0,,,,1.0,1.0,1.0,1.0,,3.0,2.0,1.0,4.0,2.0,1.0,,1.0,2.0,1.0,1.0,,2.0,2.0,9.0,9.0,,1.0,1.0,0.0,4.0,1.0,1.0,,230.0
345,1.0,160.0,346.0,1.0,3.0,10.0,7.0,4.0,5.0,3.0,6.0,3.0,,3.0,1.0,1.0,2.0,1.0,1.0,1.0,2.0,2.0,2.0,1.0,8.0,1.0,8.0,,,,1.0,2.0,2.0,3.0,,0.0,3.0,0.0,2.0,2.0,7.0,,2.0,1.0,9.0,9.0,,2.0,3.0,9.0,9.0,,1.0,1.0,0.0,4.0,1.0,1.0,,195.0
346,1.0,160.0,347.0,1.0,1.0,5.0,7.0,5.0,4.0,3.0,10.0,3.0,,1.0,1.0,2.0,1.0,2.0,2.0,2.0,2.0,2.0,2.0,1.0,8.0,3.0,3.0,,,,1.0,2.0,1.0,3.0,,5.0,2.0,0.0,4.0,2.0,6.0,,1.0,2.0,3.0,1.0,,1.0,2.0,1.0,9.0,,1.0,0.0,1.0,4.0,1.0,1.0,,199.0
347,1.0,160.0,348.0,1.0,1.0,7.0,7.0,4.0,6.0,3.0,8.0,4.0,,1.0,1.0,2.0,2.0,1.0,1.0,2.0,1.0,2.0,2.0,1.0,8.0,2.0,7.0,,,,1.0,2.0,1.0,3.0,,1.0,2.0,0.0,3.0,2.0,1.0,,2.0,2.0,9.0,9.0,,1.0,2.0,1.0,1.0,,2.0,0.0,1.0,4.0,1.0,1.0,,175.0
348,1.0,160.0,349.0,1.0,3.0,5.0,7.0,5.0,7.0,3.0,2.0,3.0,,1.0,1.0,1.0,2.0,2.0,2.0,2.0,1.0,2.0,2.0,1.0,8.0,3.0,4.0,,,,1.0,2.0,2.0,3.0,,5.0,2.0,0.0,3.0,2.0,9.0,,1.0,3.0,3.0,1.0,,2.0,1.0,9.0,9.0,,1.0,1.0,1.0,4.0,1.0,1.0,,145.0
349,1.0,160.0,350.0,1.0,1.0,10.0,7.0,1.0,10.0,3.0,4.0,1.0,,1.0,1.0,1.0,2.0,1.0,1.0,1.0,1.0,2.0,2.0,3.0,8.0,4.0,10.0,,,,1.0,2.0,1.0,3.0,,1.0,1.0,0.0,2.0,2.0,1.0,,1.0,1.0,9.0,9.0,,2.0,2.0,9.0,9.0,,1.0,1.0,1.0,4.0,1.0,1.0,,38.0
350,1.0,160.0,351.0,1.0,3.0,5.0,7.0,4.0,4.0,3.0,5.0,4.0,,3.0,1.0,1.0,2.0,2.0,2.0,1.0,1.0,2.0,2.0,1.0,8.0,2.0,11.0,,,,1.0,2.0,1.0,1.0,,5.0,2.0,0.0,3.0,2.0,8.0,,1.0,0.0,1.0,1.0,,2.0,2.0,9.0,9.0,,1.0,1.0,1.0,4.0,1.0,1.0,,148.0
351,1.0,160.0,352.0,1.0,3.0,7.0,7.0,4.0,2.0,3.0,2.0,3.0,,3.0,1.0,1.0,2.0,2.0,2.0,2.0,2.0,2.0,2.0,3.0,8.0,3.0,6.0,,,,1.0,2.0,1.0,3.0,,1.0,2.0,1.0,2.0,2.0,1.0,,2.0,2.0,9.0,9.0,,1.0,1.0,1.0,1.0,,1.0,1.0,1.0,4.0,1.0,1.0,,225.0
352,1.0,160.0,353.0,1.0,4.0,10.0,7.0,0.0,3.0,3.0,2.0,3.0,,3.0,1.0,1.0,2.0,1.0,2.0,1.0,2.0,1.0,2.0,1.0,8.0,4.0,11.0,,,,1.0,2.0,2.0,3.0,,5.0,2.0,1.0,2.0,2.0,8.0,,1.0,3.0,9.0,9.0,,2.0,1.0,9.0,1.0,,2.0,1.0,1.0,4.0,1.0,1.0,,215.0
353,1.0,160.0,354.0,1.0,1.0,1.0,7.0,4.0,0.0,3.0,2.0,3.0,,3.0,1.0,1.0,2.0,2.0,2.0,2.0,1.0,2.0,2.0,3.0,8.0,3.0,10.0,,,,1.0,1.0,2.0,3.0,,5.0,2.0,1.0,4.0,2.0,1.0,,1.0,2.0,2.0,1.0,,2.0,1.0,9.0,9.0,,2.0,4.0,1.0,4.0,1.0,1.0,,277.0
354,1.0,160.0,355.0,1.0,5.0,3.0,7.0,4.0,10.0,3.0,2.0,4.0,,1.0,1.0,1.0,2.0,2.0,2.0,1.0,2.0,2.0,2.0,3.0,8.0,2.0,6.0,,,,1.0,2.0,1.0,1.0,,5.0,2.0,1.0,3.0,2.0,1.0,,1.0,2.0,3.0,1.0,,2.0,1.0,9.0,9.0,,2.0,5.0,1.0,4.0,1.0,1.0,,240.0
355,1.0,160.0,356.0,1.0,3.0,5.0,7.0,4.0,10.0,3.0,4.0,1.0,,1.0,1.0,1.0,2.0,2.0,2.0,2.0,2.0,2.0,2.0,1.0,8.0,3.0,6.0,,,,1.0,2.0,2.0,3.0,,1.0,2.0,1.0,3.0,2.0,1.0,,1.0,2.0,9.0,9.0,,2.0,2.0,9.0,9.0,,1.0,0.0,0.0,5.0,1.0,1.0,,24.0
356,1.0,160.0,357.0,1.0,6.0,13.0,7.0,4.0,7.0,3.0,4.0,3.0,,3.0,1.0,2.0,2.0,2.0,2.0,2.0,1.0,2.0,2.0,1.0,8.0,1.0,8.0,,,,1.0,1.0,2.0,3.0,,3.0,1.0,0.0,3.0,2.0,1.0,,1.0,2.0,2.0,1.0,,2.0,1.0,9.0,9.0,,1.0,1.0,1.0,5.0,2.0,1.0,,11.0
357,1.0,160.0,358.0,1.0,2.0,1.0,7.0,3.0,9.0,4.0,0.0,3.0,,1.0,1.0,2.0,2.0,1.0,2.0,2.0,2.0,2.0,2.0,3.0,8.0,3.0,7.0,,,,1.0,2.0,1.0,1.0,,0.0,0.0,0.0,4.0,2.0,0.0,,0.0,0.0,9.0,9.0,,0.0,0.0,9.0,9.0,,0.0,0.0,0.0,0.0,0.0,0.0,,57.0
358,1.0,160.0,359.0,1.0,3.0,1.0,7.0,3.0,9.0,4.0,2.0,1.0,,1.0,1.0,1.0,2.0,2.0,2.0,2.0,1.0,2.0,2.0,1.0,8.0,4.0,0.0,,,,1.0,2.0,2.0,3.0,,1.0,1.0,0.0,4.0,2.0,6.0,,2.0,1.0,1.0,1.0,,2.0,2.0,9.0,9.0,,1.0,1.0,0.0,1.0,0.0,1.0,,59.0
359,1.0,160.0,360.0,1.0,1.0,10.0,7.0,3.0,7.0,4.0,1.0,3.0,,3.0,0.0,2.0,2.0,1.0,1.0,2.0,1.0,2.0,2.0,1.0,8.0,4.0,10.0,,,,1.0,2.0,3.0,5.0,,1.0,2.0,0.0,3.0,2.0,2.0,,2.0,2.0,9.0,9.0,,1.0,0.0,1.0,1.0,,1.0,1.0,0.0,2.0,1.0,1.0,,13.0
360,1.0,160.0,361.0,1.0,1.0,7.0,7.0,4.0,6.0,4.0,1.0,3.0,,3.0,1.0,1.0,2.0,2.0,1.0,2.0,1.0,2.0,2.0,3.0,8.0,2.0,0.0,,,,1.0,2.0,2.0,3.0,,5.0,2.0,0.0,2.0,2.0,1.0,,2.0,2.0,9.0,9.0,,1.0,3.0,9.0,1.0,,1.0,1.0,1.0,4.0,1.0,1.0,,182.0
361,1.0,160.0,362.0,1.0,1.0,7.0,7.0,4.0,6.0,4.0,1.0,3.0,,3.0,1.0,1.0,2.0,2.0,1.0,2.0,1.0,2.0,2.0,3.0,8.0,2.0,0.0,,,,1.0,2.0,2.0,3.0,,5.0,2.0,0.0,2.0,2.0,1.0,,2.0,2.0,9.0,9.0,,1.0,3.0,9.0,1.0,,1.0,1.0,1.0,4.0,1.0,1.0,,182.0
362,1.0,160.0,363.0,1.0,3.0,13.0,7.0,4.0,6.0,4.0,2.0,3.0,,3.0,1.0,1.0,2.0,2.0,2.0,2.0,2.0,2.0,2.0,3.0,8.0,1.0,7.0,,,,1.0,2.0,2.0,3.0,,5.0,2.0,0.0,1.0,2.0,1.0,,1.0,2.0,2.0,9.0,,2.0,1.0,9.0,9.0,,1.0,1.0,0.0,5.0,1.0,1.0,,16.0
363,1.0,160.0,364.0,1.0,1.0,3.0,7.0,4.0,6.0,5.0,7.0,3.0,,1.0,1.0,1.0,2.0,2.0,2.0,2.0,1.0,2.0,2.0,3.0,8.0,5.0,10.0,,,,1.0,1.0,1.0,1.0,,5.0,1.0,0.0,2.0,2.0,2.0,,2.0,2.0,9.0,1.0,,1.0,1.0,1.0,1.0,,2.0,1.0,1.0,1.0,1.0,1.0,,27.0
364,1.0,160.0,365.0,1.0,1.0,3.0,7.0,4.0,11.0,5.0,0.0,3.0,,1.0,1.0,1.0,2.0,2.0,1.0,1.0,1.0,2.0,2.0,1.0,8.0,5.0,11.0,,,,0.0,1.0,1.0,3.0,,3.0,2.0,1.0,4.0,2.0,1.0,,1.0,2.0,3.0,1.0,,2.0,0.0,9.0,9.0,,1.0,1.0,1.0,4.0,1.0,1.0,,241.0
365,1.0,160.0,366.0,1.0,1.0,13.0,7.0,4.0,6.0,0.0,0.0,1.0,,1.0,1.0,1.0,2.0,2.0,2.0,1.0,2.0,2.0,2.0,0.0,8.0,0.0,0.0,,,,1.0,2.0,1.0,3.0,,1.0,2.0,1.0,3.0,2.0,1.0,,2.0,2.0,9.0,1.0,,0.0,0.0,9.0,1.0,,1.0,1.0,0.0,0.0,0.0,0.0,,28.0
366,1.0,160.0,367.0,1.0,2.0,3.0,7.0,3.0,4.0,2.0,3.0,4.0,,1.0,1.0,2.0,2.0,1.0,2.0,2.0,2.0,2.0,1.0,1.0,8.0,4.0,1.0,,,,1.0,2.0,1.0,3.0,,1.0,1.0,0.0,3.0,2.0,1.0,,1.0,2.0,1.0,1.0,,1.0,0.0,1.0,1.0,,1.0,1.0,0.0,1.0,2.0,1.0,,2.0
367,1.0,160.0,368.0,1.0,1.0,3.0,7.0,4.0,6.0,3.0,2.0,3.0,,1.0,1.0,1.0,2.0,2.0,2.0,2.0,1.0,2.0,2.0,1.0,8.0,4.0,7.0,,,,1.0,1.0,2.0,5.0,,3.0,4.0,0.0,2.0,2.0,2.0,,2.0,2.0,9.0,9.0,,1.0,1.0,9.0,1.0,,1.0,5.0,1.0,4.0,1.0,1.0,,33.0
368,1.0,160.0,369.0,1.0,3.0,5.0,0.0,5.0,3.0,1.0,2.0,3.0,,1.0,1.0,1.0,2.0,2.0,2.0,1.0,2.0,2.0,2.0,3.0,8.0,2.0,7.0,,,,1.0,1.0,1.0,1.0,,5.0,4.0,1.0,2.0,1.0,8.0,,1.0,3.0,2.0,1.0,,2.0,1.0,9.0,9.0,,1.0,1.0,0.0,4.0,1.0,1.0,,154.0
369,1.0,160.0,370.0,1.0,2.0,10.0,0.0,4.0,11.0,2.0,8.0,3.0,,1.0,1.0,1.0,2.0,2.0,2.0,2.0,2.0,2.0,2.0,1.0,8.0,2.0,6.0,,,,1.0,1.0,0.0,0.0,,3.0,0.0,0.0,2.0,1.0,3.0,,2.0,2.0,9.0,9.0,,0.0,0.0,9.0,9.0,,1.0,0.0,0.0,4.0,1.0,1.0,,216.0
370,1.0,160.0,371.0,1.0,1.0,3.0,0.0,5.0,0.0,3.0,0.0,1.0,,0.0,0.0,2.0,2.0,2.0,2.0,2.0,2.0,2.0,2.0,0.0,8.0,2.0,7.0,,,,0.0,1.0,1.0,3.0,,0.0,0.0,1.0,0.0,2.0,0.0,,1.0,2.0,9.0,9.0,,1.0,1.0,2.0,9.0,,2.0,0.0,0.0,0.0,0.0,0.0,,184.0
371,1.0,160.0,372.0,1.0,4.0,3.0,0.0,5.0,11.0,3.0,2.0,3.0,,1.0,3.0,1.0,2.0,1.0,2.0,2.0,2.0,2.0,2.0,3.0,8.0,3.0,7.0,,,,1.0,2.0,2.0,3.0,,1.0,2.0,0.0,4.0,1.0,1.0,,1.0,2.0,2.0,1.0,,2.0,1.0,9.0,9.0,,2.0,5.0,0.0,4.0,1.0,1.0,,234.0
372,1.0,160.0,373.0,1.0,1.0,3.0,0.0,3.0,9.0,4.0,10.0,3.0,,3.0,1.0,1.0,2.0,2.0,1.0,2.0,1.0,2.0,2.0,3.0,8.0,1.0,7.0,,,,0.0,1.0,1.0,1.0,,5.0,2.0,0.0,3.0,2.0,2.0,,2.0,2.0,9.0,9.0,,1.0,1.0,9.0,9.0,,2.0,0.0,0.0,1.0,1.0,1.0,,23.0
373,1.0,160.0,374.0,1.0,2.0,3.0,0.0,4.0,4.0,5.0,3.0,3.0,,2.0,0.0,2.0,1.0,1.0,1.0,2.0,1.0,2.0,1.0,3.0,8.0,5.0,10.0,,,,0.0,2.0,2.0,3.0,,5.0,2.0,2.0,3.0,2.0,0.0,,1.0,2.0,9.0,9.0,,2.0,2.0,9.0,9.0,,2.0,1.0,0.0,1.0,1.0,1.0,,999.0
374,1.0,160.0,375.0,1.0,1.0,5.0,0.0,5.0,9.0,5.0,0.0,3.0,,1.0,0.0,1.0,2.0,2.0,1.0,2.0,1.0,2.0,2.0,2.0,8.0,3.0,11.0,,,,0.0,1.0,2.0,3.0,,5.0,2.0,1.0,3.0,2.0,1.0,,1.0,2.0,2.0,1.0,,0.0,1.0,9.0,9.0,,1.0,1.0,0.0,4.0,1.0,1.0,,155.0
375,1.0,160.0,376.0,1.0,0.0,2.0,0.0,0.0,0.0,0.0,0.0,3.0,,1.0,1.0,1.0,2.0,2.0,2.0,2.0,1.0,2.0,2.0,3.0,8.0,3.0,6.0,,,,1.0,2.0,1.0,3.0,,5.0,2.0,0.0,4.0,2.0,2.0,,2.0,2.0,9.0,9.0,,1.0,0.0,9.0,1.0,,1.0,1.0,0.0,0.0,0.0,0.0,,352.0
376,1.0,160.0,377.0,1.0,1.0,3.0,0.0,4.0,0.0,0.0,0.0,0.0,,0.0,0.0,1.0,2.0,2.0,2.0,2.0,1.0,2.0,2.0,3.0,8.0,4.0,1.0,,,,0.0,1.0,1.0,3.0,,3.0,2.0,1.0,3.0,2.0,8.0,,1.0,2.0,2.0,9.0,,2.0,2.0,9.0,1.0,,2.0,2.0,1.0,1.0,0.0,0.0,,7.0
377,1.0,160.0,378.0,1.0,1.0,1.0,8.0,3.0,7.0,3.0,2.0,1.0,,2.0,1.0,1.0,2.0,2.0,2.0,2.0,1.0,2.0,2.0,1.0,8.0,2.0,6.0,,,,0.0,2.0,1.0,3.0,,5.0,1.0,0.0,4.0,1.0,2.0,,1.0,0.0,9.0,9.0,,0.0,2.0,9.0,9.0,,1.0,1.0,0.0,5.0,1.0,1.0,,53.0
378,1.0,160.0,379.0,1.0,1.0,3.0,7.0,4.0,6.0,2.0,2.0,3.0,,1.0,1.0,1.0,2.0,2.0,2.0,2.0,1.0,2.0,2.0,1.0,8.0,3.0,4.0,,,,1.0,2.0,1.0,1.0,,5.0,2.0,0.0,3.0,2.0,2.0,,2.0,2.0,9.0,9.0,,1.0,1.0,1.0,1.0,,2.0,5.0,1.0,2.0,1.0,1.0,,30.0
379,1.0,160.0,380.0,1.0,3.0,7.0,7.0,4.0,3.0,3.0,2.0,3.0,,1.0,1.0,1.0,2.0,2.0,2.0,2.0,1.0,2.0,2.0,3.0,8.0,4.0,10.0,,,,1.0,2.0,2.0,3.0,,5.0,2.0,0.0,3.0,2.0,1.0,,2.0,2.0,9.0,9.0,,1.0,0.0,9.0,1.0,,1.0,0.0,0.0,4.0,1.0,1.0,,130.0
380,1.0,160.0,381.0,1.0,2.0,4.0,1.0,1.0,3.0,3.0,1.0,3.0,,1.0,1.0,2.0,1.0,2.0,1.0,2.0,1.0,2.0,1.0,1.0,0.0,6.0,0.0,,,,1.0,2.0,2.0,1.0,,1.0,2.0,0.0,3.0,1.0,2.0,,1.0,2.0,2.0,1.0,,0.0,0.0,9.0,9.0,,1.0,1.0,1.0,3.0,1.0,1.0,,325.0
381,1.0,160.0,382.0,1.0,2.0,4.0,1.0,3.0,4.0,5.0,2.0,3.0,,1.0,1.0,1.0,2.0,2.0,2.0,1.0,1.0,2.0,2.0,3.0,0.0,6.0,0.0,,,,1.0,1.0,1.0,1.0,,5.0,2.0,1.0,4.0,1.0,2.0,,1.0,2.0,1.0,1.0,,2.0,1.0,9.0,9.0,,2.0,4.0,1.0,3.0,2.0,1.0,,324.0
382,1.0,160.0,383.0,1.0,1.0,2.0,6.0,3.0,7.0,3.0,0.0,2.0,,2.0,1.0,2.0,2.0,2.0,2.0,1.0,1.0,2.0,2.0,0.0,0.0,3.0,0.0,,,,0.0,0.0,1.0,0.0,,0.0,2.0,1.0,4.0,1.0,2.0,,2.0,3.0,9.0,9.0,,1.0,0.0,9.0,9.0,,0.0,0.0,1.0,4.0,0.0,0.0,,132.0
383,1.0,160.0,384.0,1.0,2.0,4.0,1.0,1.0,11.0,2.0,8.0,1.0,,3.0,3.0,1.0,2.0,2.0,1.0,1.0,2.0,2.0,2.0,1.0,0.0,6.0,0.0,,,,3.0,1.0,1.0,1.0,,3.0,4.0,0.0,2.0,2.0,3.0,,1.0,1.0,1.0,1.0,,2.0,3.0,9.0,1.0,,1.0,1.0,0.0,6.0,1.0,1.0,,286.0
384,1.0,160.0,385.0,1.0,2.0,4.0,1.0,1.0,0.0,0.0,0.0,3.0,,1.0,1.0,2.0,2.0,2.0,1.0,2.0,1.0,2.0,1.0,3.0,0.0,6.0,0.0,,,,1.0,2.0,1.0,3.0,,1.0,2.0,1.0,3.0,2.0,2.0,,1.0,0.0,1.0,9.0,,2.0,2.0,9.0,9.0,,1.0,1.0,1.0,3.0,1.0,1.0,,327.0
385,1.0,160.0,386.0,1.0,3.0,6.0,4.0,4.0,2.0,1.0,3.0,3.0,,3.0,1.0,2.0,1.0,2.0,2.0,2.0,1.0,2.0,2.0,3.0,0.0,0.0,0.0,,,,0.0,1.0,1.0,5.0,,1.0,2.0,2.0,4.0,2.0,5.0,,0.0,2.0,9.0,9.0,,1.0,1.0,1.0,9.0,,1.0,5.0,1.0,2.0,2.0,1.0,,335.0
386,1.0,160.0,387.0,1.0,3.0,6.0,4.0,3.0,0.0,3.0,0.0,3.0,,1.0,1.0,2.0,1.0,2.0,2.0,2.0,2.0,2.0,2.0,1.0,0.0,6.0,0.0,,,,0.0,2.0,1.0,3.0,,5.0,2.0,0.0,3.0,2.0,2.0,,2.0,2.0,9.0,9.0,,1.0,0.0,9.0,9.0,,1.0,0.0,1.0,2.0,2.0,1.0,,333.0
387,1.0,160.0,388.0,1.0,1.0,3.0,7.0,4.0,10.0,2.0,0.0,1.0,,1.0,1.0,1.0,2.0,2.0,2.0,2.0,1.0,2.0,1.0,0.0,0.0,0.0,0.0,,,,1.0,0.0,0.0,3.0,,1.0,0.0,0.0,0.0,0.0,1.0,,1.0,0.0,1.0,1.0,,0.0,0.0,1.0,1.0,,1.0,1.0,0.0,1.0,1.0,1.0,,172.0
388,1.0,160.0,389.0,1.0,6.0,11.0,7.0,3.0,5.0,4.0,1.0,3.0,,1.0,1.0,2.0,2.0,1.0,1.0,2.0,1.0,2.0,2.0,3.0,0.0,0.0,0.0,,,,0.0,1.0,1.0,3.0,,3.0,2.0,0.0,0.0,0.0,0.0,,0.0,0.0,1.0,1.0,,0.0,0.0,9.0,9.0,,1.0,1.0,0.0,4.0,1.0,1.0,,106.0
389,1.0,160.0,390.0,1.0,2.0,3.0,7.0,4.0,0.0,3.0,5.0,1.0,,1.0,1.0,1.0,2.0,2.0,2.0,2.0,2.0,2.0,2.0,1.0,0.0,3.0,5.0,,,,1.0,2.0,1.0,3.0,,3.0,1.0,0.0,4.0,1.0,1.0,,1.0,2.0,1.0,1.0,,2.0,2.0,9.0,9.0,,1.0,1.0,0.0,4.0,1.0,1.0,,218.0
390,1.0,160.0,391.0,1.0,3.0,3.0,7.0,4.0,6.0,3.0,2.0,3.0,,1.0,1.0,1.0,2.0,2.0,2.0,2.0,1.0,2.0,2.0,1.0,0.0,0.0,0.0,,,,0.0,1.0,1.0,3.0,,5.0,2.0,0.0,4.0,1.0,1.0,,1.0,2.0,1.0,1.0,,2.0,2.0,9.0,9.0,,1.0,1.0,0.0,4.0,1.0,1.0,,188.0
391,1.0,160.0,392.0,1.0,3.0,3.0,7.0,4.0,4.0,4.0,10.0,1.0,,1.0,1.0,1.0,2.0,2.0,2.0,2.0,2.0,2.0,2.0,1.0,0.0,0.0,0.0,,,,1.0,2.0,1.0,3.0,,3.0,2.0,1.0,3.0,1.0,2.0,,2.0,2.0,2.0,9.0,,1.0,2.0,1.0,1.0,,1.0,1.0,0.0,1.0,1.0,1.0,,32.0
392,1.0,160.0,393.0,1.0,1.0,1.0,7.0,3.0,6.0,2.0,7.0,3.0,,1.0,1.0,2.0,1.0,2.0,2.0,2.0,2.0,2.0,1.0,1.0,0.0,0.0,0.0,,,,0.0,2.0,1.0,3.0,,5.0,4.0,1.0,3.0,2.0,1.0,,1.0,0.0,9.0,9.0,,2.0,3.0,9.0,9.0,,1.0,1.0,0.0,1.0,1.0,1.0,,56.0
393,1.0,160.0,394.0,1.0,4.0,10.0,7.0,4.0,6.0,3.0,3.0,1.0,,3.0,1.0,1.0,2.0,2.0,2.0,2.0,1.0,2.0,2.0,3.0,0.0,0.0,0.0,,,,0.0,1.0,1.0,3.0,,3.0,1.0,0.0,2.0,2.0,2.0,,1.0,0.0,1.0,1.0,,2.0,3.0,9.0,9.0,,2.0,3.0,1.0,4.0,1.0,1.0,,223.0
394,1.0,160.0,395.0,1.0,0.0,0.0,0.0,0.0,0.0,0.0,0.0,0.0,,0.0,0.0,2.0,2.0,2.0,2.0,2.0,2.0,2.0,2.0,0.0,0.0,0.0,0.0,,,,0.0,0.0,0.0,0.0,,0.0,0.0,0.0,0.0,0.0,0.0,,0.0,0.0,9.0,9.0,,0.0,0.0,9.0,9.0,,0.0,0.0,0.0,0.0,0.0,0.0,,382.0
395,1.0,160.0,396.0,1.0,0.0,0.0,0.0,0.0,0.0,0.0,0.0,3.0,,0.0,0.0,2.0,2.0,2.0,2.0,2.0,2.0,2.0,2.0,0.0,0.0,0.0,0.0,,,,0.0,0.0,0.0,0.0,,0.0,0.0,0.0,0.0,0.0,0.0,,0.0,0.0,9.0,9.0,,0.0,0.0,9.0,9.0,,0.0,0.0,0.0,0.0,0.0,0.0,,150.0
396,1.0,160.0,397.0,1.0,0.0,0.0,0.0,0.0,0.0,0.0,0.0,0.0,,0.0,2.0,2.0,2.0,2.0,2.0,2.0,2.0,2.0,2.0,0.0,0.0,0.0,0.0,,,,0.0,0.0,0.0,0.0,,0.0,0.0,0.0,0.0,0.0,0.0,,0.0,0.0,4.0,2.0,,0.0,0.0,9.0,9.0,,0.0,0.0,0.0,0.0,0.0,0.0,,70.0
397,1.0,160.0,398.0,1.0,0.0,3.0,0.0,4.0,0.0,0.0,0.0,1.0,,1.0,1.0,2.0,2.0,2.0,2.0,2.0,2.0,2.0,2.0,0.0,0.0,1.0,0.0,,,,1.0,1.0,0.0,3.0,,0.0,1.0,0.0,3.0,2.0,0.0,,1.0,0.0,1.0,9.0,,0.0,0.0,9.0,9.0,,1.0,0.0,0.0,0.0,0.0,1.0,,69.0
398,1.0,160.0,399.0,1.0,0.0,0.0,0.0,0.0,0.0,0.0,0.0,3.0,,1.0,1.0,1.0,2.0,1.0,2.0,1.0,1.0,2.0,2.0,3.0,0.0,2.0,6.0,,,,1.0,1.0,2.0,3.0,,3.0,2.0,0.0,4.0,1.0,2.0,,1.0,2.0,1.0,1.0,,1.0,1.0,1.0,1.0,,0.0,0.0,1.0,4.0,1.0,1.0,,265.0
399,1.0,160.0,400.0,1.0,0.0,0.0,0.0,0.0,0.0,0.0,0.0,0.0,,0.0,0.0,2.0,2.0,2.0,2.0,2.0,2.0,2.0,2.0,0.0,0.0,0.0,0.0,,,,0.0,0.0,0.0,0.0,,0.0,0.0,0.0,3.0,1.0,3.0,,1.0,0.0,9.0,1.0,,2.0,1.0,9.0,9.0,,2.0,0.0,0.0,0.0,1.0,2.0,,166.0
400,1.0,160.0,401.0,1.0,0.0,10.0,0.0,0.0,5.0,2.0,0.0,1.0,,1.0,1.0,1.0,2.0,2.0,2.0,2.0,2.0,2.0,2.0,1.0,0.0,3.0,0.0,,,,1.0,2.0,1.0,3.0,,1.0,4.0,1.0,2.0,2.0,3.0,,1.0,2.0,1.0,1.0,,2.0,1.0,9.0,9.0,,1.0,1.0,1.0,1.0,1.0,1.0,,113.0
401,1.0,160.0,402.0,1.0,1.0,3.0,7.0,4.0,10.0,1.0,2.0,3.0,,1.0,1.0,2.0,1.0,2.0,2.0,2.0,2.0,2.0,2.0,3.0,11.0,1.0,3.0,,,,1.0,1.0,1.0,3.0,,1.0,4.0,1.0,4.0,2.0,1.0,,1.0,2.0,9.0,9.0,,2.0,0.0,9.0,9.0,,1.0,1.0,0.0,2.0,1.0,1.0,,185.0
402,1.0,160.0,403.0,1.0,5.0,4.0,2.0,4.0,2.0,4.0,1.0,3.0,,3.0,1.0,2.0,2.0,2.0,2.0,2.0,1.0,2.0,1.0,3.0,10.0,0.0,0.0,,,,3.0,1.0,1.0,1.0,,1.0,1.0,0.0,4.0,1.0,2.0,,1.0,0.0,1.0,1.0,,2.0,2.0,9.0,9.0,,2.0,5.0,0.0,3.0,2.0,1.0,,124.0
