,CARD,DECK,BALLOT,FORM,S101F.Q1,S101F.Q2,S101F.Q3,S101F.Q4,S101F.Q5.1,S101F.Q5.2,S101F.Q6A.n,S101F.Q6B,S101F.Q6C.n,S101F.Q6D.n,S101F.Q7,S101F.Q8,S101F.Q9A,S101F.Q9B,S101F.Q9C,S101F.Q9D,S101F.Q10.n,S101F.Q11,S101F.Q12,S101F.Q13,S101F.Q14,S101F.Q15,S101F.Q16,S101F.Q17,S101F.Q18,S101F.Q19,S101F.Q20,S101F.Q21A,S101F.Q21B,S101F.Q22,S101F.Q23,S101F.Q24,S101F.Q25,S101F.Q26A,S101F.Q26B,S101F.Q27,S101F.Q28,S101F.Q29,S101F.Q30A,S101F.Q30B,S101F.Q30C,S101F.Q30D,S101F.Q31A,S101F.Q31B,S101F.Q31C,S101F.Q31D,S101F.Q31E,S101F.Q31F,S101F.Q31G,S101F.Q31H,S101F.Q31I,S101F.Q31J,S101F.Q31K,S101F.Q31L,S101F.Q31M,S101F.Q31N,S101F.Q31O,S101F.Q31P,S101F.Q31Q,S101F.Q31R,S101F.Q31S,S101F.Q31T,S101F.Q32,S101F.Q33,S101F.Q34,S101F.Q35A,S101F.Q35B,S101F.Q36A,S101F.Q36B,S101F.Q36C,S101F.Q36D,CARD..1,DECK..1,BALLOT..1,FORM..1,S101F.Q36E,S101F.Q36F,S101F.Q36G,S101F.Q36H.n,S101F.Q36I,S101F.Q36J,S101F.Q37A,S101F.Q37B,S101F.Q38,S101F.Q39,S101F.Q40A,S101F.Q40B,S101F.Q41.n,S101F.Q42,S101F.Q43A,S101F.Q43B,S101F.Q43C,S101F.Q43D,S101F.Q43E,S101F.Q43F,S101F.Q43G,S101F.Q43H,S101F.Q43I,S101F.Q43J,S101F.Q44,S101F.Q45A.n,S101F.Q45B.n,S101F.Q46.n,S101F.Q47A,S101F.Q47B,S101F.Q47C,S101F.Q47D,S101F.Q47E,S101F.Q48A.n,S101F.Q48B.n,S101F.Q49,S101F.Q50A,S101F.Q50B,S101F.Q50C,S101F.Q50D,S101F.Q51A,S101F.Q51B,S101F.Q52.n,S101F.Q53A,S101F.Q53B,S101F.Q54A,S101F.Q54B,S101F.Q54C,S101F.Q54D,S101F.Q54E,S101F.Q55A,S101F.Q55B,S101F.Q56,S101F.Q57,S101F.Q58.1,S101F.Q58.2,S101F.Q58.3,S101F.Q58.4,S101F.Q58.5,S101F.Q58.6,S101F.Q58.7,S101F.Q58.8,S101F.Q58.9,S101F.Q58.10,S101F.Q58.11,S101F.Q58.12,S101F.Q58.13,S101F.Q59,S101F.Q60A,S101F.Q60B,S101F.Q61A.1,S101F.Q61A.2,S101F.Q61B,S101F.Q62.n,S101F.V63
0,1.0,101.0,1.0,5.0,0.0,2.0,4.0,0.0,10.0,1.0,,34.0,,,0.0,12.0,2.0,3.0,1.0,3.0,,0.0,1.0,1.0,0.0,2.0,3.0,1.0,1.0,0.0,1.0,3.0,2.0,2.0,2.0,2.0,2.0,2.0,0.0,2.0,5.0,1.0,2.0,1.0,1.0,1.0,1.0,4.0,4.0,4.0,4.0,4.0,4.0,4.0,4.0,4.0,4.0,4.0,4.0,4.0,4.0,4.0,4.0,4.0,4.0,4.0,4.0,2.0,3.0,3.0,1.0,1.0,1.0,3.0,1.0,2.0,101.0,1.0,5.0,1.0,3.0,3.0,,3.0,1.0,3.0,0.0,2.0,4.0,1.0,3.0,,4.0,4.0,4.0,4.0,4.0,4.0,4.0,4.0,4.0,4.0,4.0,1.0,,,,1.0,5.0,5.0,5.0,1.0,,,4.0,1.0,2.0,1.0,2.0,1.0,0.0,,0.0,2.0,0.0,25.0,75.0,0.0,0.0,1.0,1.0,3.0,3.0,2.0,2.0,2.0,2.0,2.0,2.0,2.0,2.0,2.0,2.0,2.0,2.0,2.0,2.0,3.0,3.0,2.0,3.0,5.0,,1.0
1,1.0,101.0,2.0,5.0,1.0,5.0,1.0,4.0,8.0,2.0,,10.0,,,5.0,5.0,2.0,1.0,1.0,1.0,,1.0,3.0,2.0,1.0,1.0,1.0,2.0,1.0,2.0,8.0,1.0,1.0,2.0,3.0,2.0,2.0,2.0,0.0,4.0,1.0,1.0,1.0,2.0,1.0,1.0,4.0,1.0,4.0,0.0,4.0,4.0,4.0,1.0,1.0,4.0,4.0,2.0,1.0,4.0,4.0,4.0,1.0,4.0,4.0,4.0,2.0,3.0,4.0,3.0,3.0,3.0,1.0,1.0,3.0,2.0,101.0,2.0,5.0,1.0,3.0,1.0,,1.0,3.0,1.0,1.0,1.0,4.0,1.0,1.0,,1.0,2.0,2.0,4.0,4.0,2.0,4.0,4.0,4.0,4.0,4.0,1.0,,,,2.0,1.0,2.0,1.0,1.0,,,4.0,1.0,2.0,1.0,2.0,1.0,3.0,,1.0,1.0,0.0,50.0,49.0,1.0,0.0,2.0,4.0,3.0,3.0,2.0,2.0,2.0,2.0,2.0,2.0,1.0,2.0,2.0,2.0,2.0,1.0,2.0,2.0,3.0,2.0,4.0,3.0,3.0,,1.0
2,1.0,101.0,3.0,5.0,3.0,5.0,2.0,3.0,4.0,4.0,,3.0,,,4.0,6.0,1.0,1.0,3.0,2.0,,1.0,3.0,1.0,2.0,2.0,2.0,2.0,3.0,1.0,8.0,3.0,2.0,3.0,3.0,0.0,1.0,2.0,1.0,3.0,2.0,3.0,1.0,2.0,2.0,2.0,4.0,4.0,1.0,4.0,4.0,4.0,1.0,4.0,4.0,4.0,4.0,1.0,4.0,1.0,1.0,4.0,4.0,4.0,4.0,4.0,4.0,1.0,1.0,3.0,3.0,1.0,1.0,3.0,3.0,2.0,101.0,3.0,5.0,1.0,1.0,1.0,,1.0,2.0,1.0,1.0,1.0,1.0,2.0,1.0,,3.0,3.0,4.0,4.0,4.0,4.0,4.0,4.0,4.0,4.0,4.0,3.0,,,,1.0,1.0,2.0,1.0,1.0,,,3.0,1.0,1.0,2.0,2.0,1.0,3.0,,1.0,0.0,0.0,0.0,50.0,0.0,0.0,2.0,4.0,3.0,3.0,2.0,2.0,2.0,2.0,2.0,2.0,2.0,2.0,2.0,2.0,2.0,2.0,1.0,0.0,6.0,2.0,3.0,4.0,5.0,,1.0
3,1.0,101.0,4.0,5.0,1.0,5.0,3.0,4.0,12.0,3.0,,3.0,,,4.0,11.0,2.0,1.0,3.0,1.0,,1.0,3.0,2.0,2.0,1.0,2.0,3.0,1.0,1.0,8.0,1.0,3.0,2.0,2.0,2.0,2.0,1.0,1.0,0.0,1.0,1.0,1.0,0.0,1.0,1.0,1.0,1.0,1.0,1.0,4.0,4.0,4.0,4.0,4.0,4.0,4.0,4.0,4.0,4.0,4.0,4.0,4.0,4.0,4.0,4.0,4.0,1.0,4.0,3.0,2.0,1.0,1.0,1.0,1.0,2.0,101.0,4.0,5.0,1.0,1.0,2.0,,1.0,1.0,1.0,0.0,1.0,4.0,2.0,2.0,,1.0,4.0,3.0,3.0,3.0,4.0,4.0,4.0,4.0,4.0,4.0,1.0,,,,1.0,1.0,1.0,1.0,1.0,,,4.0,1.0,1.0,1.0,1.0,1.0,2.0,,2.0,2.0,10.0,83.0,5.0,1.0,1.0,1.0,4.0,3.0,3.0,2.0,2.0,2.0,2.0,1.0,2.0,1.0,2.0,2.0,2.0,2.0,2.0,2.0,1.0,3.0,3.0,3.0,4.0,3.0,,1.0
4,1.0,101.0,5.0,5.0,1.0,4.0,3.0,2.0,10.0,4.0,,4.0,,,5.0,5.0,0.0,0.0,2.0,1.0,,1.0,3.0,2.0,2.0,1.0,2.0,3.0,1.0,1.0,8.0,1.0,2.0,2.0,1.0,3.0,2.0,1.0,1.0,3.0,1.0,1.0,1.0,1.0,1.0,1.0,4.0,1.0,4.0,4.0,1.0,1.0,1.0,1.0,4.0,4.0,4.0,4.0,4.0,1.0,4.0,4.0,4.0,4.0,4.0,4.0,2.0,2.0,4.0,3.0,2.0,1.0,1.0,1.0,3.0,2.0,101.0,5.0,5.0,1.0,1.0,3.0,,1.0,1.0,1.0,4.0,1.0,1.0,2.0,2.0,,1.0,2.0,2.0,3.0,4.0,3.0,4.0,2.0,4.0,4.0,4.0,1.0,,,,1.0,1.0,1.0,1.0,5.0,,,3.0,1.0,3.0,1.0,1.0,1.0,1.0,,2.0,2.0,20.0,75.0,3.0,2.0,0.0,2.0,4.0,2.0,2.0,2.0,2.0,2.0,2.0,2.0,1.0,1.0,2.0,2.0,2.0,2.0,2.0,2.0,1.0,1.0,1.0,4.0,3.0,2.0,,1.0
5,1.0,101.0,6.0,5.0,2.0,1.0,1.0,4.0,11.0,3.0,,2.0,,,4.0,4.0,1.0,2.0,3.0,1.0,,1.0,3.0,2.0,2.0,2.0,2.0,3.0,1.0,1.0,8.0,1.0,2.0,2.0,2.0,3.0,2.0,2.0,1.0,0.0,2.0,3.0,3.0,2.0,3.0,3.0,4.0,4.0,4.0,4.0,4.0,4.0,1.0,4.0,4.0,4.0,4.0,1.0,4.0,4.0,4.0,4.0,1.0,4.0,4.0,1.0,4.0,1.0,4.0,3.0,3.0,3.0,1.0,3.0,3.0,2.0,101.0,6.0,5.0,1.0,1.0,2.0,,1.0,3.0,1.0,0.0,0.0,0.0,0.0,0.0,,1.0,3.0,4.0,2.0,4.0,4.0,4.0,4.0,4.0,4.0,2.0,1.0,,,,2.0,1.0,5.0,5.0,5.0,,,4.0,1.0,2.0,1.0,3.0,1.0,0.0,,1.0,2.0,0.0,90.0,10.0,0.0,0.0,1.0,0.0,3.0,3.0,2.0,2.0,2.0,2.0,2.0,2.0,2.0,1.0,2.0,2.0,2.0,2.0,1.0,0.0,6.0,6.0,4.0,3.0,4.0,,1.0
6,1.0,101.0,7.0,5.0,2.0,1.0,1.0,3.0,12.0,3.0,,3.0,,,4.0,4.0,2.0,1.0,3.0,1.0,,3.0,3.0,1.0,1.0,1.0,2.0,4.0,1.0,1.0,8.0,1.0,3.0,2.0,3.0,2.0,2.0,1.0,2.0,0.0,1.0,1.0,2.0,2.0,2.0,2.0,4.0,4.0,4.0,4.0,4.0,4.0,2.0,4.0,4.0,4.0,4.0,2.0,4.0,4.0,4.0,4.0,4.0,4.0,4.0,4.0,4.0,3.0,1.0,2.0,2.0,1.0,1.0,1.0,0.0,2.0,101.0,7.0,5.0,1.0,1.0,0.0,,1.0,1.0,1.0,0.0,1.0,4.0,1.0,1.0,,3.0,2.0,4.0,4.0,4.0,4.0,4.0,4.0,4.0,4.0,2.0,1.0,,,,3.0,1.0,3.0,4.0,1.0,,,3.0,3.0,3.0,1.0,2.0,1.0,0.0,,1.0,2.0,0.0,2.0,90.0,8.0,0.0,1.0,0.0,3.0,3.0,2.0,2.0,2.0,2.0,1.0,1.0,2.0,2.0,2.0,2.0,2.0,2.0,2.0,2.0,5.0,4.0,4.0,0.0,0.0,,1.0
7,1.0,101.0,8.0,5.0,3.0,5.0,1.0,2.0,5.0,4.0,,4.0,,,4.0,4.0,0.0,3.0,3.0,1.0,,3.0,3.0,2.0,2.0,1.0,2.0,3.0,1.0,1.0,8.0,1.0,2.0,2.0,5.0,2.0,2.0,1.0,0.0,3.0,1.0,1.0,1.0,2.0,1.0,1.0,4.0,4.0,4.0,4.0,4.0,4.0,4.0,4.0,4.0,4.0,1.0,1.0,4.0,4.0,4.0,4.0,4.0,4.0,4.0,4.0,4.0,3.0,3.0,2.0,2.0,1.0,1.0,0.0,0.0,2.0,101.0,8.0,5.0,1.0,1.0,0.0,,1.0,0.0,1.0,0.0,1.0,4.0,2.0,2.0,,4.0,2.0,2.0,4.0,4.0,4.0,4.0,4.0,4.0,4.0,4.0,1.0,,,,1.0,1.0,5.0,5.0,1.0,,,4.0,1.0,2.0,1.0,2.0,1.0,1.0,,1.0,0.0,5.0,90.0,5.0,0.0,0.0,1.0,0.0,3.0,3.0,2.0,2.0,2.0,2.0,1.0,2.0,1.0,2.0,2.0,2.0,2.0,2.0,2.0,1.0,6.0,6.0,4.0,5.0,4.0,,1.0
8,1.0,101.0,9.0,5.0,2.0,4.0,1.0,4.0,8.0,2.0,,4.0,,,4.0,4.0,2.0,1.0,3.0,1.0,,0.0,0.0,1.0,2.0,1.0,2.0,3.0,0.0,0.0,9.0,1.0,2.0,2.0,5.0,1.0,1.0,1.0,1.0,0.0,2.0,2.0,1.0,2.0,2.0,2.0,4.0,4.0,4.0,4.0,4.0,0.0,4.0,4.0,4.0,4.0,4.0,1.0,4.0,4.0,4.0,4.0,4.0,4.0,4.0,4.0,4.0,3.0,4.0,3.0,2.0,1.0,1.0,0.0,0.0,2.0,101.0,9.0,5.0,1.0,1.0,1.0,,1.0,0.0,1.0,0.0,1.0,1.0,0.0,0.0,,1.0,1.0,2.0,4.0,4.0,4.0,4.0,3.0,4.0,4.0,4.0,1.0,,,,1.0,1.0,2.0,3.0,1.0,,,4.0,1.0,3.0,1.0,2.0,1.0,0.0,,2.0,2.0,5.0,20.0,60.0,15.0,0.0,1.0,0.0,2.0,2.0,2.0,2.0,2.0,2.0,2.0,2.0,2.0,2.0,2.0,2.0,2.0,2.0,2.0,2.0,5.0,3.0,5.0,3.0,4.0,,1.0
9,1.0,101.0,10.0,5.0,3.0,4.0,1.0,2.0,5.0,4.0,,7.0,,,4.0,3.0,1.0,3.0,2.0,2.0,,3.0,3.0,2.0,1.0,2.0,2.0,1.0,1.0,2.0,8.0,1.0,2.0,4.0,3.0,2.0,2.0,1.0,1.0,2.0,1.0,1.0,2.0,2.0,1.0,2.0,4.0,4.0,4.0,4.0,4.0,4.0,4.0,4.0,4.0,4.0,4.0,1.0,4.0,4.0,4.0,4.0,4.0,4.0,4.0,4.0,3.0,1.0,3.0,3.0,3.0,1.0,1.0,1.0,1.0,2.0,101.0,10.0,5.0,1.0,1.0,1.0,,1.0,1.0,1.0,0.0,1.0,2.0,0.0,0.0,,1.0,4.0,1.0,1.0,3.0,2.0,4.0,4.0,4.0,4.0,1.0,1.0,,,,1.0,1.0,1.0,1.0,1.0,,,4.0,2.0,4.0,1.0,4.0,1.0,1.0,,0.0,2.0,0.0,0.0,99.0,0.0,0.0,2.0,0.0,1.0,3.0,2.0,2.0,1.0,2.0,2.0,1.0,2.0,2.0,2.0,2.0,2.0,2.0,2.0,2.0,1.0,3.0,3.0,5.0,3.0,,1.0
10,1.0,101.0,11.0,5.0,2.0,5.0,3.0,4.0,2.0,3.0,,4.0,,,4.0,9.0,1.0,3.0,2.0,2.0,,1.0,3.0,2.0,2.0,1.0,2.0,3.0,1.0,1.0,1.0,1.0,3.0,4.0,3.0,2.0,2.0,1.0,1.0,3.0,2.0,3.0,2.0,2.0,2.0,2.0,4.0,4.0,4.0,1.0,4.0,4.0,4.0,4.0,4.0,4.0,4.0,1.0,4.0,4.0,4.0,4.0,4.0,4.0,4.0,4.0,4.0,1.0,4.0,3.0,2.0,1.0,1.0,3.0,3.0,2.0,101.0,11.0,5.0,1.0,1.0,2.0,,1.0,3.0,1.0,3.0,1.0,1.0,3.0,3.0,,4.0,4.0,4.0,4.0,4.0,4.0,4.0,4.0,4.0,4.0,1.0,1.0,,,,2.0,2.0,5.0,5.0,5.0,,,3.0,1.0,3.0,1.0,2.0,1.0,1.0,,2.0,2.0,0.0,10.0,75.0,15.0,0.0,2.0,2.0,3.0,3.0,2.0,2.0,2.0,2.0,2.0,2.0,1.0,1.0,2.0,2.0,2.0,2.0,2.0,4.0,2.0,2.0,3.0,4.0,5.0,,1.0
11,1.0,101.0,12.0,5.0,2.0,1.0,1.0,2.0,5.0,4.0,,5.0,,,4.0,4.0,2.0,1.0,3.0,1.0,,1.0,3.0,2.0,2.0,2.0,3.0,2.0,1.0,1.0,9.0,2.0,2.0,2.0,3.0,2.0,2.0,1.0,1.0,4.0,3.0,3.0,2.0,2.0,3.0,3.0,2.0,2.0,4.0,4.0,1.0,1.0,1.0,4.0,4.0,4.0,1.0,1.0,2.0,1.0,1.0,1.0,1.0,4.0,4.0,4.0,3.0,2.0,4.0,3.0,2.0,2.0,1.0,1.0,1.0,2.0,101.0,12.0,5.0,1.0,1.0,1.0,,1.0,3.0,1.0,3.0,2.0,4.0,1.0,1.0,,1.0,2.0,2.0,4.0,4.0,2.0,4.0,3.0,4.0,4.0,4.0,1.0,,,,1.0,2.0,5.0,1.0,1.0,,,2.0,1.0,2.0,1.0,2.0,2.0,1.0,,2.0,2.0,0.0,20.0,60.0,10.0,10.0,2.0,3.0,2.0,3.0,2.0,2.0,1.0,2.0,1.0,2.0,2.0,2.0,2.0,2.0,2.0,2.0,2.0,2.0,3.0,3.0,3.0,0.0,2.0,,1.0
12,1.0,101.0,13.0,5.0,2.0,1.0,2.0,2.0,5.0,4.0,,2.0,,,4.0,4.0,1.0,2.0,3.0,1.0,,3.0,4.0,2.0,2.0,1.0,2.0,4.0,1.0,1.0,8.0,2.0,2.0,4.0,5.0,2.0,2.0,2.0,2.0,3.0,2.0,5.0,2.0,2.0,2.0,2.0,4.0,2.0,4.0,4.0,2.0,4.0,4.0,4.0,4.0,4.0,2.0,2.0,4.0,4.0,4.0,4.0,4.0,4.0,4.0,4.0,4.0,1.0,4.0,3.0,3.0,1.0,1.0,3.0,3.0,2.0,101.0,13.0,5.0,1.0,1.0,1.0,,1.0,1.0,2.0,1.0,1.0,4.0,1.0,1.0,,3.0,2.0,2.0,3.0,4.0,4.0,4.0,4.0,4.0,4.0,4.0,1.0,,,,5.0,1.0,5.0,1.0,5.0,,,4.0,1.0,3.0,1.0,3.0,1.0,1.0,,1.0,1.0,0.0,30.0,50.0,0.0,20.0,2.0,3.0,3.0,2.0,2.0,2.0,2.0,2.0,2.0,1.0,2.0,2.0,2.0,2.0,2.0,2.0,1.0,2.0,6.0,5.0,4.0,3.0,3.0,,1.0
13,1.0,101.0,14.0,5.0,1.0,3.0,2.0,3.0,4.0,4.0,,7.0,,,5.0,5.0,2.0,1.0,3.0,1.0,,1.0,3.0,2.0,1.0,1.0,2.0,1.0,1.0,1.0,8.0,1.0,1.0,4.0,3.0,2.0,3.0,2.0,0.0,3.0,1.0,1.0,1.0,2.0,2.0,2.0,4.0,4.0,4.0,4.0,4.0,4.0,4.0,4.0,4.0,4.0,4.0,4.0,4.0,4.0,4.0,4.0,4.0,4.0,4.0,4.0,3.0,1.0,3.0,3.0,3.0,1.0,1.0,3.0,3.0,2.0,101.0,14.0,5.0,1.0,1.0,1.0,,1.0,1.0,1.0,1.0,1.0,4.0,1.0,1.0,,2.0,1.0,1.0,4.0,4.0,1.0,4.0,1.0,4.0,4.0,2.0,1.0,,,,1.0,1.0,5.0,3.0,1.0,,,3.0,1.0,3.0,1.0,3.0,2.0,1.0,,0.0,1.0,0.0,0.0,90.0,0.0,10.0,2.0,3.0,3.0,3.0,2.0,2.0,1.0,2.0,2.0,1.0,2.0,2.0,2.0,2.0,2.0,2.0,2.0,2.0,5.0,1.0,4.0,3.0,1.0,,1.0
14,1.0,101.0,15.0,5.0,2.0,1.0,2.0,3.0,4.0,4.0,,3.0,,,4.0,4.0,1.0,2.0,2.0,2.0,,1.0,3.0,2.0,1.0,1.0,2.0,3.0,1.0,1.0,8.0,1.0,3.0,0.0,3.0,2.0,2.0,2.0,2.0,2.0,2.0,1.0,2.0,2.0,2.0,2.0,4.0,4.0,4.0,4.0,4.0,1.0,1.0,4.0,4.0,4.0,4.0,2.0,1.0,4.0,2.0,4.0,1.0,4.0,4.0,1.0,4.0,1.0,3.0,3.0,3.0,3.0,1.0,3.0,3.0,2.0,101.0,15.0,5.0,1.0,1.0,2.0,,1.0,1.0,1.0,1.0,1.0,2.0,1.0,1.0,,3.0,1.0,2.0,4.0,4.0,4.0,4.0,4.0,4.0,4.0,4.0,1.0,,,,1.0,1.0,2.0,2.0,1.0,,,2.0,2.0,2.0,2.0,2.0,1.0,1.0,,1.0,2.0,2.0,6.0,88.0,2.0,2.0,2.0,3.0,2.0,3.0,2.0,2.0,2.0,2.0,2.0,2.0,2.0,2.0,2.0,1.0,2.0,2.0,1.0,2.0,6.0,3.0,0.0,0.0,4.0,,1.0
15,1.0,101.0,16.0,5.0,1.0,5.0,1.0,3.0,3.0,4.0,,3.0,,,5.0,5.0,2.0,1.0,3.0,1.0,,1.0,3.0,2.0,1.0,1.0,2.0,3.0,1.0,1.0,8.0,1.0,3.0,2.0,2.0,1.0,2.0,2.0,2.0,0.0,2.0,2.0,2.0,2.0,0.0,0.0,4.0,1.0,4.0,1.0,4.0,4.0,1.0,1.0,0.0,1.0,1.0,1.0,4.0,4.0,4.0,4.0,4.0,4.0,4.0,4.0,4.0,3.0,1.0,3.0,2.0,2.0,1.0,3.0,3.0,2.0,101.0,16.0,5.0,1.0,1.0,2.0,,1.0,0.0,1.0,1.0,1.0,4.0,1.0,1.0,,2.0,4.0,4.0,4.0,4.0,4.0,4.0,3.0,4.0,4.0,4.0,1.0,,,,5.0,1.0,5.0,5.0,5.0,,,0.0,1.0,2.0,1.0,2.0,1.0,0.0,,0.0,0.0,5.0,50.0,35.0,10.0,0.0,1.0,3.0,2.0,2.0,2.0,2.0,2.0,2.0,2.0,1.0,2.0,2.0,2.0,2.0,2.0,1.0,2.0,2.0,5.0,2.0,3.0,4.0,3.0,,1.0
16,1.0,101.0,17.0,5.0,2.0,5.0,1.0,4.0,8.0,2.0,,4.0,,,4.0,7.0,2.0,1.0,1.0,2.0,,1.0,3.0,2.0,2.0,2.0,2.0,3.0,1.0,1.0,8.0,1.0,3.0,2.0,3.0,2.0,2.0,2.0,2.0,4.0,2.0,4.0,1.0,2.0,1.0,1.0,4.0,4.0,1.0,1.0,1.0,4.0,1.0,4.0,4.0,4.0,1.0,1.0,1.0,1.0,1.0,4.0,4.0,1.0,4.0,1.0,4.0,3.0,3.0,3.0,2.0,1.0,1.0,1.0,1.0,2.0,101.0,17.0,5.0,1.0,1.0,2.0,,1.0,1.0,1.0,1.0,1.0,1.0,1.0,2.0,,2.0,2.0,2.0,2.0,2.0,2.0,4.0,4.0,4.0,4.0,4.0,1.0,,,,1.0,1.0,2.0,2.0,5.0,,,3.0,1.0,2.0,1.0,2.0,1.0,1.0,,1.0,2.0,0.0,25.0,75.0,0.0,0.0,1.0,1.0,2.0,2.0,2.0,2.0,2.0,2.0,2.0,2.0,2.0,2.0,1.0,2.0,2.0,2.0,1.0,2.0,5.0,4.0,3.0,4.0,3.0,,1.0
17,1.0,101.0,18.0,5.0,1.0,4.0,1.0,4.0,8.0,2.0,,7.0,,,4.0,9.0,2.0,2.0,3.0,1.0,,1.0,3.0,1.0,1.0,1.0,2.0,4.0,1.0,2.0,8.0,1.0,3.0,2.0,3.0,2.0,1.0,2.0,2.0,2.0,2.0,5.0,2.0,2.0,1.0,1.0,4.0,4.0,1.0,1.0,4.0,1.0,4.0,1.0,1.0,1.0,1.0,2.0,1.0,1.0,4.0,4.0,1.0,1.0,4.0,1.0,3.0,2.0,1.0,3.0,3.0,1.0,1.0,1.0,3.0,2.0,101.0,18.0,5.0,1.0,1.0,1.0,,1.0,1.0,1.0,3.0,1.0,4.0,1.0,1.0,,2.0,3.0,4.0,4.0,4.0,4.0,4.0,4.0,4.0,4.0,4.0,1.0,,,,5.0,1.0,3.0,5.0,2.0,,,4.0,1.0,2.0,1.0,2.0,1.0,1.0,,1.0,2.0,0.0,5.0,70.0,10.0,15.0,1.0,1.0,2.0,2.0,1.0,2.0,2.0,2.0,2.0,2.0,2.0,2.0,2.0,2.0,2.0,2.0,1.0,2.0,5.0,2.0,3.0,0.0,3.0,,1.0
18,1.0,101.0,19.0,5.0,2.0,4.0,3.0,4.0,1.0,3.0,,4.0,,,4.0,4.0,2.0,2.0,0.0,1.0,,1.0,0.0,2.0,2.0,1.0,2.0,3.0,1.0,3.0,8.0,1.0,3.0,3.0,2.0,2.0,1.0,1.0,1.0,3.0,2.0,0.0,1.0,2.0,1.0,1.0,4.0,4.0,4.0,4.0,4.0,4.0,1.0,4.0,4.0,4.0,4.0,1.0,4.0,4.0,4.0,4.0,4.0,1.0,4.0,4.0,4.0,1.0,3.0,3.0,3.0,1.0,1.0,1.0,1.0,2.0,101.0,19.0,5.0,1.0,1.0,2.0,,1.0,2.0,2.0,1.0,1.0,1.0,1.0,1.0,,1.0,3.0,4.0,3.0,4.0,4.0,4.0,4.0,4.0,4.0,4.0,2.0,,,,5.0,1.0,5.0,2.0,5.0,,,3.0,2.0,2.0,2.0,2.0,1.0,1.0,,1.0,2.0,0.0,30.0,60.0,5.0,5.0,1.0,1.0,2.0,3.0,2.0,2.0,2.0,2.0,2.0,2.0,2.0,2.0,2.0,2.0,2.0,2.0,1.0,1.0,5.0,4.0,3.0,0.0,4.0,,1.0
19,1.0,101.0,20.0,5.0,2.0,4.0,3.0,4.0,1.0,3.0,,30.0,,,4.0,9.0,1.0,1.0,2.0,3.0,,1.0,3.0,2.0,1.0,2.0,2.0,2.0,1.0,2.0,9.0,3.0,2.0,2.0,3.0,1.0,2.0,2.0,2.0,1.0,2.0,3.0,2.0,2.0,2.0,2.0,1.0,4.0,1.0,1.0,1.0,4.0,1.0,4.0,1.0,1.0,1.0,2.0,1.0,1.0,1.0,4.0,1.0,1.0,4.0,1.0,4.0,1.0,4.0,3.0,2.0,3.0,1.0,2.0,1.0,2.0,101.0,20.0,5.0,1.0,1.0,2.0,,1.0,0.0,2.0,1.0,1.0,1.0,2.0,2.0,,3.0,1.0,4.0,4.0,4.0,4.0,4.0,3.0,4.0,4.0,4.0,1.0,,,,1.0,1.0,2.0,3.0,1.0,,,3.0,1.0,2.0,1.0,2.0,1.0,2.0,,1.0,2.0,2.0,10.0,85.0,3.0,0.0,2.0,1.0,3.0,3.0,2.0,2.0,2.0,2.0,2.0,2.0,1.0,2.0,2.0,2.0,2.0,2.0,1.0,4.0,3.0,2.0,3.0,5.0,4.0,,1.0
20,1.0,101.0,21.0,5.0,3.0,5.0,2.0,2.0,5.0,4.0,,3.0,,,4.0,9.0,1.0,2.0,1.0,1.0,,1.0,3.0,1.0,2.0,1.0,2.0,3.0,1.0,1.0,9.0,1.0,2.0,2.0,2.0,2.0,1.0,1.0,1.0,3.0,2.0,2.0,1.0,2.0,1.0,1.0,4.0,1.0,4.0,1.0,4.0,4.0,1.0,4.0,4.0,4.0,4.0,4.0,4.0,4.0,4.0,4.0,4.0,1.0,4.0,4.0,3.0,2.0,3.0,3.0,3.0,1.0,1.0,1.0,1.0,2.0,101.0,21.0,5.0,1.0,1.0,2.0,,1.0,3.0,1.0,1.0,1.0,2.0,2.0,2.0,,1.0,2.0,2.0,3.0,2.0,2.0,3.0,4.0,4.0,4.0,4.0,1.0,,,,1.0,1.0,1.0,2.0,1.0,,,2.0,1.0,2.0,1.0,2.0,1.0,1.0,,2.0,2.0,5.0,20.0,70.0,5.0,0.0,1.0,1.0,1.0,3.0,2.0,1.0,2.0,2.0,2.0,2.0,1.0,2.0,2.0,2.0,2.0,2.0,2.0,2.0,5.0,5.0,4.0,3.0,4.0,,1.0
21,1.0,101.0,22.0,5.0,2.0,0.0,1.0,3.0,4.0,4.0,,7.0,,,4.0,9.0,1.0,2.0,3.0,2.0,,1.0,3.0,2.0,2.0,1.0,2.0,0.0,1.0,2.0,8.0,1.0,2.0,4.0,3.0,1.0,2.0,2.0,1.0,3.0,2.0,2.0,1.0,2.0,2.0,1.0,4.0,1.0,4.0,1.0,1.0,1.0,1.0,4.0,4.0,1.0,4.0,1.0,1.0,1.0,4.0,4.0,4.0,1.0,4.0,4.0,4.0,3.0,1.0,3.0,3.0,1.0,1.0,1.0,1.0,2.0,101.0,22.0,5.0,1.0,1.0,1.0,,1.0,3.0,2.0,3.0,1.0,4.0,3.0,1.0,,3.0,2.0,2.0,4.0,4.0,4.0,4.0,2.0,4.0,4.0,4.0,1.0,,,,1.0,1.0,5.0,3.0,1.0,,,4.0,1.0,2.0,1.0,2.0,1.0,1.0,,1.0,2.0,0.0,5.0,90.0,5.0,0.0,2.0,1.0,3.0,3.0,2.0,2.0,2.0,2.0,2.0,1.0,2.0,2.0,2.0,2.0,2.0,2.0,1.0,2.0,3.0,4.0,3.0,5.0,3.0,,1.0
22,1.0,101.0,23.0,5.0,2.0,1.0,2.0,3.0,10.0,2.0,,4.0,,,4.0,4.0,1.0,2.0,1.0,1.0,,3.0,3.0,1.0,0.0,1.0,2.0,2.0,2.0,1.0,8.0,0.0,3.0,2.0,2.0,1.0,1.0,2.0,2.0,3.0,2.0,0.0,2.0,2.0,1.0,2.0,4.0,1.0,4.0,4.0,0.0,4.0,0.0,1.0,4.0,4.0,0.0,1.0,4.0,4.0,1.0,4.0,4.0,1.0,4.0,4.0,3.0,1.0,4.0,3.0,3.0,1.0,1.0,3.0,3.0,2.0,101.0,23.0,5.0,1.0,1.0,2.0,,1.0,3.0,1.0,3.0,1.0,4.0,3.0,0.0,,2.0,3.0,2.0,4.0,4.0,4.0,4.0,4.0,4.0,4.0,0.0,3.0,,,,5.0,1.0,5.0,5.0,0.0,,,3.0,1.0,2.0,1.0,2.0,1.0,0.0,,1.0,2.0,10.0,40.0,50.0,0.0,0.0,2.0,1.0,2.0,3.0,2.0,2.0,2.0,1.0,2.0,2.0,2.0,2.0,2.0,2.0,2.0,2.0,1.0,2.0,3.0,1.0,4.0,3.0,4.0,,1.0
23,1.0,101.0,24.0,5.0,1.0,5.0,3.0,4.0,10.0,1.0,,3.0,,,4.0,14.0,2.0,1.0,1.0,3.0,,1.0,3.0,1.0,2.0,1.0,2.0,0.0,2.0,1.0,8.0,1.0,1.0,4.0,5.0,1.0,2.0,2.0,0.0,4.0,1.0,1.0,1.0,2.0,2.0,2.0,0.0,0.0,4.0,4.0,4.0,4.0,4.0,4.0,4.0,4.0,4.0,1.0,4.0,4.0,4.0,4.0,2.0,1.0,4.0,4.0,4.0,2.0,4.0,3.0,3.0,1.0,1.0,1.0,1.0,2.0,101.0,24.0,5.0,1.0,1.0,2.0,,1.0,1.0,1.0,1.0,1.0,2.0,0.0,0.0,,1.0,2.0,1.0,4.0,4.0,4.0,4.0,4.0,4.0,4.0,4.0,1.0,,,,1.0,1.0,5.0,5.0,5.0,,,3.0,1.0,1.0,1.0,1.0,1.0,2.0,,1.0,2.0,0.0,25.0,50.0,0.0,25.0,1.0,1.0,3.0,3.0,2.0,2.0,2.0,2.0,1.0,2.0,1.0,2.0,2.0,2.0,2.0,2.0,2.0,4.0,5.0,5.0,5.0,2.0,4.0,,1.0
24,1.0,101.0,25.0,5.0,2.0,6.0,3.0,4.0,12.0,3.0,,30.0,,,4.0,3.0,1.0,3.0,3.0,2.0,,1.0,3.0,2.0,2.0,2.0,3.0,2.0,1.0,3.0,8.0,1.0,2.0,4.0,3.0,3.0,2.0,1.0,2.0,3.0,4.0,0.0,1.0,1.0,2.0,2.0,4.0,1.0,4.0,1.0,3.0,1.0,1.0,4.0,1.0,4.0,1.0,4.0,4.0,2.0,1.0,1.0,4.0,1.0,4.0,4.0,2.0,1.0,2.0,3.0,3.0,2.0,1.0,3.0,3.0,2.0,101.0,25.0,5.0,1.0,1.0,1.0,,1.0,1.0,3.0,4.0,1.0,2.0,1.0,3.0,,1.0,2.0,3.0,4.0,4.0,2.0,4.0,2.0,4.0,4.0,4.0,1.0,,,,2.0,2.0,1.0,4.0,2.0,,,4.0,2.0,4.0,1.0,3.0,2.0,1.0,,2.0,2.0,0.0,10.0,50.0,40.0,0.0,4.0,4.0,2.0,2.0,2.0,2.0,1.0,2.0,2.0,2.0,1.0,2.0,2.0,2.0,2.0,2.0,2.0,4.0,3.0,3.0,3.0,4.0,1.0,,1.0
25,1.0,101.0,26.0,5.0,3.0,5.0,3.0,2.0,7.0,4.0,,999.0,,,4.0,9.0,1.0,1.0,2.0,2.0,,1.0,3.0,1.0,2.0,1.0,2.0,2.0,1.0,3.0,0.0,0.0,3.0,2.0,3.0,1.0,2.0,1.0,0.0,0.0,2.0,5.0,2.0,2.0,2.0,1.0,4.0,4.0,4.0,4.0,4.0,4.0,4.0,4.0,4.0,4.0,4.0,1.0,1.0,4.0,4.0,4.0,4.0,1.0,4.0,4.0,2.0,1.0,1.0,3.0,3.0,1.0,1.0,1.0,1.0,2.0,101.0,26.0,5.0,1.0,1.0,1.0,,1.0,0.0,1.0,4.0,0.0,4.0,3.0,3.0,,1.0,4.0,4.0,4.0,4.0,4.0,4.0,4.0,4.0,4.0,4.0,1.0,,,,2.0,1.0,5.0,2.0,1.0,,,3.0,1.0,2.0,1.0,2.0,1.0,2.0,,1.0,0.0,0.0,0.0,0.0,0.0,0.0,2.0,4.0,3.0,3.0,2.0,2.0,2.0,2.0,1.0,2.0,2.0,2.0,2.0,2.0,1.0,2.0,2.0,2.0,6.0,6.0,5.0,4.0,3.0,,1.0
26,1.0,101.0,27.0,5.0,2.0,4.0,2.0,4.0,2.0,3.0,,3.0,,,4.0,4.0,1.0,2.0,3.0,1.0,,3.0,3.0,2.0,2.0,1.0,2.0,3.0,1.0,1.0,8.0,1.0,2.0,2.0,2.0,1.0,1.0,2.0,2.0,3.0,2.0,3.0,2.0,2.0,2.0,3.0,4.0,1.0,4.0,1.0,4.0,4.0,4.0,4.0,4.0,1.0,4.0,1.0,4.0,4.0,4.0,4.0,4.0,1.0,4.0,1.0,4.0,1.0,3.0,3.0,3.0,1.0,1.0,1.0,1.0,2.0,101.0,27.0,5.0,1.0,1.0,2.0,,1.0,2.0,2.0,0.0,1.0,4.0,0.0,0.0,,1.0,4.0,2.0,3.0,4.0,4.0,4.0,4.0,4.0,4.0,4.0,0.0,,,,1.0,1.0,5.0,2.0,5.0,,,3.0,2.0,2.0,2.0,2.0,1.0,1.0,,1.0,2.0,10.0,60.0,26.0,2.0,2.0,2.0,4.0,3.0,3.0,2.0,2.0,2.0,2.0,2.0,2.0,1.0,2.0,2.0,2.0,1.0,2.0,2.0,2.0,5.0,4.0,4.0,3.0,3.0,,1.0
27,1.0,101.0,28.0,5.0,2.0,5.0,2.0,2.0,7.0,4.0,,3.0,,,4.0,4.0,1.0,2.0,2.0,2.0,,1.0,3.0,2.0,2.0,1.0,2.0,3.0,1.0,1.0,8.0,1.0,3.0,2.0,2.0,2.0,2.0,2.0,2.0,0.0,3.0,2.0,1.0,2.0,1.0,2.0,4.0,1.0,1.0,4.0,4.0,3.0,1.0,4.0,4.0,1.0,4.0,4.0,4.0,4.0,4.0,4.0,4.0,1.0,4.0,4.0,2.0,1.0,1.0,3.0,3.0,1.0,1.0,3.0,3.0,2.0,101.0,28.0,5.0,2.0,1.0,2.0,,1.0,3.0,1.0,0.0,1.0,4.0,0.0,0.0,,1.0,4.0,2.0,4.0,4.0,4.0,4.0,4.0,4.0,4.0,4.0,3.0,,,,2.0,1.0,4.0,5.0,1.0,,,4.0,2.0,2.0,2.0,2.0,1.0,0.0,,1.0,1.0,2.0,30.0,60.0,8.0,0.0,2.0,0.0,3.0,0.0,2.0,2.0,2.0,2.0,2.0,1.0,2.0,2.0,1.0,2.0,2.0,2.0,2.0,2.0,3.0,2.0,3.0,5.0,4.0,,1.0
28,1.0,101.0,29.0,5.0,2.0,1.0,3.0,2.0,5.0,4.0,,20.0,,,4.0,4.0,1.0,2.0,2.0,1.0,,1.0,3.0,1.0,1.0,1.0,2.0,4.0,1.0,1.0,8.0,1.0,2.0,2.0,3.0,1.0,2.0,1.0,1.0,3.0,1.0,1.0,1.0,1.0,1.0,2.0,4.0,4.0,4.0,1.0,4.0,4.0,4.0,4.0,4.0,4.0,4.0,2.0,4.0,4.0,1.0,4.0,4.0,1.0,4.0,4.0,4.0,2.0,3.0,2.0,2.0,1.0,1.0,1.0,1.0,2.0,101.0,29.0,5.0,1.0,1.0,1.0,,1.0,1.0,1.0,0.0,1.0,1.0,1.0,1.0,,1.0,1.0,4.0,4.0,4.0,3.0,4.0,2.0,4.0,4.0,4.0,1.0,,,,2.0,1.0,1.0,1.0,1.0,,,4.0,1.0,1.0,1.0,2.0,1.0,1.0,,1.0,2.0,2.0,4.0,90.0,4.0,0.0,1.0,0.0,3.0,3.0,2.0,2.0,2.0,1.0,2.0,2.0,2.0,2.0,2.0,2.0,1.0,2.0,2.0,2.0,6.0,5.0,0.0,0.0,4.0,,1.0
29,1.0,101.0,30.0,5.0,2.0,5.0,1.0,4.0,10.0,1.0,,3.0,,,4.0,4.0,1.0,2.0,3.0,1.0,,1.0,3.0,1.0,1.0,2.0,2.0,3.0,1.0,1.0,8.0,1.0,3.0,2.0,2.0,1.0,1.0,1.0,1.0,2.0,1.0,1.0,1.0,1.0,1.0,2.0,1.0,4.0,4.0,4.0,4.0,4.0,4.0,4.0,4.0,4.0,4.0,1.0,4.0,4.0,4.0,4.0,4.0,1.0,4.0,4.0,4.0,1.0,4.0,3.0,2.0,1.0,1.0,3.0,3.0,2.0,101.0,30.0,5.0,1.0,1.0,3.0,,1.0,1.0,1.0,4.0,1.0,4.0,1.0,1.0,,4.0,3.0,4.0,4.0,4.0,3.0,4.0,4.0,4.0,4.0,4.0,1.0,,,,5.0,5.0,5.0,2.0,5.0,,,1.0,1.0,2.0,1.0,3.0,1.0,1.0,,1.0,1.0,0.0,0.0,99.0,0.0,0.0,2.0,3.0,3.0,3.0,2.0,2.0,2.0,2.0,2.0,2.0,2.0,1.0,2.0,2.0,2.0,1.0,2.0,2.0,6.0,3.0,4.0,3.0,2.0,,1.0
30,1.0,101.0,31.0,5.0,2.0,5.0,2.0,2.0,5.0,4.0,,6.0,,,4.0,4.0,1.0,2.0,1.0,2.0,,1.0,3.0,1.0,1.0,2.0,2.0,3.0,1.0,1.0,8.0,2.0,3.0,2.0,3.0,1.0,2.0,2.0,1.0,2.0,2.0,3.0,1.0,2.0,1.0,1.0,4.0,4.0,4.0,1.0,2.0,1.0,1.0,4.0,4.0,4.0,4.0,2.0,1.0,1.0,4.0,4.0,4.0,1.0,4.0,4.0,4.0,1.0,4.0,3.0,3.0,1.0,1.0,2.0,2.0,2.0,101.0,31.0,5.0,1.0,1.0,1.0,,1.0,1.0,2.0,1.0,1.0,4.0,1.0,1.0,,3.0,2.0,3.0,4.0,4.0,4.0,4.0,4.0,4.0,4.0,3.0,1.0,,,,1.0,1.0,1.0,1.0,2.0,,,1.0,1.0,3.0,1.0,3.0,1.0,1.0,,1.0,2.0,5.0,45.0,0.0,0.0,50.0,2.0,3.0,2.0,2.0,2.0,1.0,2.0,2.0,2.0,2.0,1.0,2.0,2.0,2.0,2.0,2.0,2.0,3.0,3.0,2.0,3.0,4.0,1.0,,1.0
31,1.0,101.0,32.0,5.0,3.0,5.0,1.0,3.0,5.0,4.0,,3.0,,,4.0,8.0,1.0,1.0,1.0,1.0,,3.0,3.0,1.0,1.0,2.0,2.0,2.0,1.0,1.0,8.0,1.0,2.0,3.0,2.0,1.0,1.0,1.0,2.0,3.0,2.0,3.0,2.0,2.0,3.0,2.0,1.0,2.0,4.0,4.0,4.0,4.0,2.0,4.0,4.0,4.0,2.0,2.0,4.0,4.0,4.0,1.0,1.0,2.0,4.0,4.0,3.0,1.0,3.0,3.0,3.0,1.0,1.0,1.0,1.0,2.0,101.0,32.0,5.0,1.0,1.0,1.0,,1.0,1.0,3.0,1.0,1.0,4.0,1.0,1.0,,1.0,4.0,4.0,4.0,4.0,4.0,4.0,4.0,4.0,4.0,4.0,1.0,,,,3.0,1.0,5.0,1.0,5.0,,,3.0,2.0,3.0,3.0,3.0,1.0,2.0,,1.0,2.0,0.0,0.0,99.0,0.0,0.0,3.0,1.0,2.0,3.0,2.0,2.0,2.0,2.0,2.0,2.0,2.0,2.0,2.0,2.0,2.0,2.0,1.0,1.0,2.0,2.0,5.0,4.0,4.0,,1.0
32,1.0,101.0,33.0,5.0,2.0,6.0,3.0,4.0,1.0,3.0,,4.0,,,4.0,6.0,1.0,2.0,1.0,3.0,,3.0,3.0,1.0,1.0,2.0,2.0,3.0,1.0,1.0,0.0,0.0,0.0,2.0,2.0,1.0,2.0,1.0,1.0,4.0,2.0,2.0,2.0,2.0,2.0,2.0,4.0,2.0,4.0,1.0,4.0,1.0,4.0,4.0,4.0,4.0,4.0,2.0,4.0,4.0,4.0,2.0,4.0,2.0,4.0,4.0,4.0,2.0,2.0,3.0,3.0,1.0,1.0,1.0,1.0,2.0,101.0,33.0,5.0,1.0,1.0,1.0,,1.0,1.0,1.0,1.0,1.0,2.0,3.0,3.0,,1.0,1.0,2.0,4.0,2.0,2.0,4.0,3.0,4.0,4.0,4.0,1.0,,,,2.0,1.0,5.0,1.0,5.0,,,4.0,1.0,2.0,1.0,2.0,1.0,1.0,,1.0,1.0,5.0,20.0,50.0,25.0,0.0,1.0,1.0,2.0,2.0,2.0,2.0,2.0,2.0,2.0,1.0,2.0,1.0,2.0,2.0,2.0,2.0,2.0,2.0,3.0,3.0,4.0,3.0,2.0,,1.0
33,1.0,101.0,34.0,5.0,2.0,5.0,2.0,4.0,2.0,3.0,,4.0,,,4.0,4.0,1.0,2.0,2.0,2.0,,3.0,3.0,2.0,2.0,2.0,2.0,3.0,1.0,1.0,8.0,1.0,3.0,2.0,5.0,2.0,2.0,1.0,1.0,6.0,1.0,1.0,2.0,1.0,2.0,2.0,4.0,4.0,4.0,4.0,4.0,1.0,4.0,4.0,4.0,4.0,1.0,2.0,1.0,1.0,1.0,4.0,4.0,2.0,4.0,4.0,2.0,1.0,1.0,3.0,3.0,1.0,1.0,1.0,1.0,2.0,101.0,34.0,5.0,1.0,1.0,2.0,,1.0,3.0,1.0,0.0,1.0,4.0,1.0,1.0,,3.0,1.0,4.0,4.0,4.0,4.0,4.0,4.0,4.0,4.0,4.0,3.0,,,,5.0,5.0,5.0,5.0,1.0,,,2.0,1.0,1.0,1.0,1.0,1.0,0.0,,1.0,2.0,0.0,50.0,0.0,0.0,50.0,1.0,0.0,1.0,1.0,2.0,2.0,2.0,2.0,2.0,1.0,2.0,2.0,2.0,2.0,2.0,2.0,2.0,2.0,3.0,1.0,3.0,5.0,4.0,,1.0
34,1.0,101.0,35.0,5.0,3.0,5.0,1.0,2.0,6.0,4.0,,20.0,,,4.0,9.0,1.0,1.0,1.0,1.0,,3.0,3.0,2.0,2.0,2.0,0.0,0.0,1.0,1.0,8.0,1.0,2.0,0.0,0.0,1.0,1.0,2.0,1.0,0.0,2.0,0.0,2.0,3.0,1.0,2.0,4.0,4.0,4.0,2.0,4.0,4.0,4.0,1.0,4.0,4.0,4.0,4.0,4.0,4.0,4.0,4.0,4.0,2.0,4.0,4.0,3.0,1.0,4.0,3.0,2.0,1.0,1.0,3.0,3.0,2.0,101.0,35.0,5.0,1.0,1.0,1.0,,1.0,3.0,1.0,0.0,0.0,2.0,3.0,2.0,,1.0,3.0,4.0,4.0,4.0,4.0,4.0,4.0,4.0,4.0,4.0,1.0,,,,4.0,1.0,5.0,5.0,2.0,,,2.0,2.0,3.0,2.0,3.0,2.0,1.0,,1.0,0.0,5.0,10.0,75.0,10.0,0.0,1.0,0.0,2.0,3.0,2.0,2.0,2.0,2.0,2.0,2.0,1.0,1.0,2.0,2.0,2.0,2.0,2.0,2.0,6.0,1.0,3.0,4.0,3.0,,1.0
35,1.0,101.0,36.0,5.0,2.0,4.0,1.0,4.0,3.0,3.0,,10.0,,,4.0,9.0,1.0,2.0,3.0,1.0,,1.0,3.0,2.0,1.0,2.0,1.0,2.0,1.0,1.0,8.0,1.0,1.0,2.0,5.0,2.0,2.0,2.0,2.0,3.0,2.0,3.0,1.0,2.0,1.0,2.0,4.0,1.0,1.0,2.0,1.0,4.0,2.0,4.0,4.0,4.0,4.0,2.0,4.0,4.0,4.0,4.0,2.0,3.0,4.0,4.0,3.0,1.0,3.0,3.0,2.0,3.0,1.0,1.0,1.0,2.0,101.0,36.0,5.0,1.0,1.0,1.0,,1.0,1.0,1.0,1.0,1.0,4.0,2.0,1.0,,1.0,2.0,2.0,4.0,4.0,2.0,4.0,3.0,4.0,4.0,4.0,3.0,,,,1.0,1.0,3.0,1.0,1.0,,,4.0,1.0,3.0,1.0,3.0,1.0,1.0,,1.0,2.0,5.0,10.0,60.0,10.0,15.0,1.0,1.0,3.0,3.0,2.0,2.0,2.0,2.0,2.0,2.0,1.0,1.0,2.0,2.0,2.0,2.0,2.0,2.0,3.0,3.0,3.0,4.0,2.0,,1.0
36,1.0,101.0,37.0,5.0,3.0,5.0,1.0,2.0,5.0,4.0,,1.0,,,4.0,4.0,1.0,2.0,1.0,1.0,,1.0,3.0,1.0,1.0,1.0,2.0,3.0,1.0,1.0,1.0,1.0,2.0,4.0,2.0,1.0,1.0,2.0,2.0,2.0,1.0,1.0,1.0,2.0,1.0,1.0,0.0,0.0,0.0,0.0,0.0,0.0,0.0,0.0,0.0,0.0,0.0,0.0,0.0,0.0,0.0,0.0,0.0,0.0,0.0,0.0,4.0,2.0,3.0,2.0,2.0,1.0,1.0,3.0,1.0,2.0,101.0,37.0,5.0,1.0,1.0,1.0,,1.0,3.0,1.0,1.0,1.0,1.0,1.0,1.0,,1.0,4.0,2.0,4.0,4.0,4.0,4.0,4.0,4.0,4.0,4.0,1.0,,,,5.0,2.0,5.0,3.0,5.0,,,4.0,1.0,3.0,1.0,3.0,1.0,1.0,,2.0,2.0,0.0,20.0,60.0,0.0,20.0,2.0,1.0,3.0,3.0,2.0,2.0,2.0,2.0,2.0,1.0,2.0,1.0,2.0,2.0,2.0,2.0,2.0,2.0,2.0,1.0,3.0,4.0,4.0,,1.0
37,1.0,101.0,38.0,5.0,2.0,3.0,2.0,4.0,10.0,1.0,,4.0,,,4.0,4.0,2.0,3.0,1.0,2.0,,1.0,0.0,2.0,1.0,1.0,2.0,3.0,2.0,0.0,8.0,1.0,3.0,0.0,3.0,2.0,2.0,2.0,1.0,3.0,1.0,1.0,1.0,1.0,1.0,1.0,4.0,0.0,0.0,0.0,0.0,0.0,0.0,0.0,0.0,0.0,0.0,0.0,0.0,0.0,0.0,0.0,0.0,0.0,0.0,0.0,4.0,1.0,3.0,3.0,2.0,3.0,1.0,3.0,3.0,2.0,101.0,38.0,5.0,1.0,2.0,2.0,,1.0,1.0,1.0,1.0,1.0,4.0,2.0,3.0,,3.0,0.0,3.0,0.0,0.0,0.0,0.0,0.0,0.0,0.0,0.0,3.0,,,,5.0,1.0,5.0,5.0,1.0,,,4.0,1.0,2.0,1.0,2.0,1.0,1.0,,2.0,2.0,15.0,35.0,40.0,5.0,5.0,2.0,1.0,3.0,3.0,2.0,2.0,2.0,1.0,2.0,2.0,2.0,2.0,2.0,1.0,2.0,2.0,2.0,2.0,3.0,3.0,5.0,4.0,0.0,,1.0
38,1.0,101.0,39.0,5.0,1.0,1.0,2.0,4.0,3.0,3.0,,30.0,,,4.0,9.0,1.0,2.0,1.0,1.0,,1.0,3.0,3.0,2.0,2.0,3.0,2.0,1.0,3.0,8.0,1.0,3.0,2.0,3.0,3.0,3.0,2.0,2.0,4.0,4.0,2.0,2.0,2.0,2.0,3.0,4.0,1.0,2.0,2.0,4.0,1.0,2.0,1.0,4.0,4.0,0.0,0.0,0.0,0.0,0.0,0.0,0.0,0.0,0.0,0.0,2.0,1.0,4.0,3.0,2.0,3.0,1.0,3.0,3.0,2.0,101.0,39.0,5.0,3.0,1.0,1.0,,1.0,3.0,2.0,1.0,1.0,1.0,3.0,3.0,,3.0,0.0,1.0,4.0,4.0,3.0,4.0,4.0,4.0,4.0,4.0,1.0,,,,4.0,2.0,5.0,2.0,2.0,,,3.0,3.0,3.0,3.0,3.0,1.0,1.0,,2.0,2.0,5.0,10.0,50.0,35.0,0.0,2.0,1.0,3.0,3.0,2.0,2.0,2.0,2.0,2.0,1.0,1.0,2.0,2.0,2.0,2.0,2.0,2.0,4.0,6.0,2.0,3.0,0.0,4.0,,1.0
39,1.0,101.0,40.0,5.0,3.0,5.0,2.0,2.0,7.0,4.0,,999.0,,,4.0,4.0,1.0,2.0,2.0,1.0,,1.0,3.0,1.0,1.0,0.0,2.0,0.0,1.0,1.0,8.0,1.0,3.0,0.0,0.0,1.0,1.0,1.0,1.0,0.0,2.0,2.0,1.0,2.0,1.0,1.0,0.0,0.0,0.0,0.0,0.0,0.0,0.0,0.0,0.0,0.0,0.0,0.0,0.0,0.0,0.0,0.0,0.0,0.0,0.0,0.0,2.0,1.0,3.0,3.0,3.0,1.0,1.0,1.0,1.0,2.0,101.0,40.0,5.0,1.0,1.0,2.0,,1.0,2.0,0.0,0.0,0.0,4.0,1.0,1.0,,0.0,0.0,0.0,0.0,0.0,0.0,0.0,0.0,0.0,0.0,0.0,1.0,,,,0.0,1.0,1.0,2.0,5.0,,,0.0,2.0,2.0,1.0,2.0,3.0,1.0,,0.0,0.0,10.0,80.0,10.0,0.0,0.0,1.0,0.0,3.0,3.0,2.0,2.0,2.0,2.0,2.0,2.0,2.0,2.0,2.0,1.0,2.0,2.0,2.0,1.0,6.0,5.0,5.0,0.0,3.0,,1.0
40,1.0,101.0,41.0,5.0,2.0,5.0,3.0,4.0,3.0,1.0,,999.0,,,4.0,10.0,2.0,1.0,1.0,2.0,,3.0,3.0,1.0,2.0,2.0,2.0,3.0,1.0,2.0,8.0,1.0,2.0,0.0,3.0,2.0,2.0,2.0,0.0,0.0,2.0,3.0,1.0,2.0,1.0,1.0,0.0,0.0,0.0,0.0,0.0,0.0,0.0,0.0,0.0,0.0,0.0,0.0,0.0,0.0,0.0,0.0,0.0,0.0,0.0,0.0,4.0,3.0,3.0,3.0,2.0,1.0,1.0,2.0,2.0,2.0,101.0,41.0,5.0,1.0,1.0,2.0,,1.0,1.0,1.0,0.0,0.0,1.0,2.0,1.0,,1.0,2.0,0.0,0.0,0.0,0.0,0.0,0.0,0.0,0.0,0.0,1.0,,,,1.0,1.0,2.0,5.0,3.0,,,3.0,2.0,3.0,1.0,3.0,1.0,1.0,,1.0,2.0,0.0,0.0,0.0,0.0,0.0,2.0,0.0,2.0,3.0,2.0,2.0,2.0,2.0,2.0,1.0,2.0,1.0,2.0,2.0,2.0,2.0,2.0,0.0,2.0,3.0,3.0,4.0,4.0,,1.0
41,1.0,101.0,42.0,5.0,3.0,5.0,1.0,1.0,3.0,5.0,,999.0,,,4.0,4.0,1.0,2.0,2.0,2.0,,0.0,0.0,2.0,1.0,0.0,2.0,0.0,0.0,0.0,0.0,0.0,0.0,0.0,2.0,1.0,1.0,3.0,0.0,0.0,1.0,1.0,3.0,2.0,1.0,1.0,0.0,0.0,0.0,0.0,0.0,0.0,0.0,0.0,0.0,0.0,0.0,0.0,0.0,0.0,0.0,0.0,0.0,0.0,0.0,0.0,3.0,1.0,2.0,3.0,2.0,0.0,0.0,0.0,0.0,2.0,101.0,42.0,5.0,0.0,0.0,0.0,,0.0,0.0,0.0,0.0,0.0,4.0,3.0,3.0,,0.0,0.0,0.0,0.0,0.0,0.0,0.0,0.0,0.0,0.0,0.0,1.0,,,,2.0,1.0,2.0,1.0,1.0,,,2.0,0.0,2.0,0.0,2.0,0.0,0.0,,1.0,2.0,75.0,15.0,5.0,5.0,0.0,0.0,0.0,3.0,3.0,2.0,2.0,2.0,2.0,1.0,2.0,2.0,2.0,2.0,1.0,2.0,2.0,2.0,0.0,3.0,2.0,3.0,2.0,2.0,,1.0
42,1.0,101.0,43.0,5.0,1.0,0.0,1.0,4.0,10.0,1.0,,4.0,,,4.0,4.0,0.0,1.0,3.0,3.0,,1.0,3.0,2.0,2.0,1.0,2.0,3.0,1.0,3.0,0.0,1.0,1.0,2.0,2.0,2.0,2.0,1.0,2.0,2.0,2.0,0.0,2.0,2.0,2.0,2.0,4.0,0.0,0.0,0.0,0.0,0.0,0.0,0.0,0.0,0.0,0.0,0.0,0.0,1.0,0.0,0.0,0.0,0.0,0.0,0.0,4.0,1.0,4.0,3.0,1.0,1.0,0.0,0.0,0.0,2.0,101.0,43.0,5.0,1.0,0.0,0.0,,1.0,3.0,1.0,1.0,2.0,1.0,3.0,3.0,,2.0,2.0,1.0,4.0,4.0,4.0,4.0,4.0,4.0,4.0,4.0,1.0,,,,1.0,1.0,1.0,1.0,5.0,,,2.0,2.0,3.0,2.0,3.0,1.0,2.0,,2.0,2.0,0.0,95.0,3.0,2.0,0.0,1.0,2.0,2.0,3.0,2.0,2.0,2.0,2.0,2.0,2.0,2.0,2.0,2.0,2.0,2.0,2.0,1.0,1.0,6.0,3.0,5.0,4.0,3.0,,1.0
43,1.0,101.0,44.0,5.0,2.0,5.0,1.0,4.0,8.0,2.0,,3.0,,,4.0,4.0,1.0,1.0,1.0,1.0,,3.0,3.0,2.0,1.0,1.0,2.0,2.0,1.0,1.0,8.0,1.0,1.0,2.0,3.0,1.0,1.0,1.0,1.0,3.0,1.0,1.0,1.0,1.0,1.0,1.0,0.0,0.0,0.0,0.0,3.0,0.0,0.0,0.0,0.0,0.0,0.0,0.0,0.0,0.0,0.0,0.0,0.0,0.0,0.0,0.0,2.0,1.0,2.0,3.0,3.0,1.0,1.0,3.0,3.0,2.0,101.0,44.0,5.0,1.0,1.0,2.0,,1.0,3.0,1.0,1.0,1.0,4.0,1.0,1.0,,2.0,4.0,4.0,4.0,4.0,4.0,4.0,4.0,4.0,4.0,4.0,1.0,,,,2.0,2.0,5.0,4.0,1.0,,,2.0,1.0,1.0,1.0,1.0,1.0,0.0,,2.0,1.0,0.0,0.0,99.0,0.0,0.0,2.0,3.0,3.0,3.0,2.0,2.0,2.0,2.0,2.0,2.0,1.0,2.0,2.0,2.0,2.0,2.0,2.0,2.0,4.0,2.0,3.0,0.0,5.0,,1.0
44,1.0,101.0,45.0,5.0,2.0,6.0,3.0,4.0,9.0,1.0,,10.0,,,4.0,8.0,1.0,1.0,2.0,3.0,,0.0,0.0,0.0,1.0,1.0,2.0,3.0,1.0,1.0,8.0,1.0,1.0,2.0,3.0,2.0,1.0,1.0,2.0,3.0,2.0,2.0,1.0,2.0,1.0,2.0,4.0,1.0,4.0,1.0,2.0,4.0,4.0,4.0,4.0,4.0,4.0,4.0,4.0,4.0,4.0,4.0,4.0,1.0,0.0,4.0,4.0,1.0,4.0,3.0,3.0,2.0,1.0,3.0,1.0,2.0,101.0,45.0,5.0,1.0,1.0,1.0,,1.0,3.0,1.0,1.0,1.0,1.0,3.0,3.0,,1.0,1.0,1.0,2.0,3.0,3.0,4.0,4.0,4.0,4.0,4.0,1.0,,,,5.0,5.0,2.0,1.0,1.0,,,3.0,2.0,4.0,2.0,3.0,1.0,1.0,,1.0,2.0,0.0,0.0,50.0,10.0,40.0,2.0,3.0,3.0,3.0,2.0,2.0,2.0,2.0,1.0,1.0,2.0,2.0,2.0,2.0,2.0,2.0,2.0,4.0,3.0,2.0,5.0,4.0,4.0,,1.0
45,1.0,101.0,46.0,5.0,3.0,5.0,1.0,3.0,5.0,4.0,,7.0,,,4.0,11.0,1.0,2.0,3.0,1.0,,1.0,3.0,2.0,1.0,2.0,2.0,2.0,1.0,1.0,8.0,1.0,2.0,1.0,3.0,1.0,2.0,2.0,1.0,4.0,2.0,4.0,1.0,2.0,1.0,1.0,1.0,1.0,1.0,2.0,1.0,1.0,1.0,1.0,1.0,1.0,1.0,1.0,1.0,1.0,1.0,1.0,2.0,1.0,2.0,1.0,3.0,2.0,3.0,3.0,3.0,1.0,1.0,1.0,1.0,2.0,101.0,46.0,5.0,1.0,1.0,1.0,,1.0,0.0,2.0,0.0,1.0,1.0,1.0,1.0,,2.0,4.0,4.0,4.0,4.0,4.0,4.0,4.0,4.0,4.0,4.0,1.0,,,,1.0,1.0,2.0,2.0,5.0,,,2.0,1.0,2.0,1.0,2.0,1.0,1.0,,1.0,2.0,0.0,0.0,70.0,15.0,15.0,2.0,3.0,2.0,2.0,2.0,2.0,2.0,1.0,2.0,2.0,2.0,2.0,2.0,2.0,2.0,2.0,2.0,2.0,3.0,3.0,4.0,0.0,2.0,,1.0
46,1.0,101.0,47.0,5.0,3.0,5.0,1.0,2.0,6.0,4.0,,3.0,,,4.0,4.0,1.0,2.0,3.0,2.0,,1.0,3.0,1.0,1.0,1.0,2.0,3.0,1.0,2.0,9.0,2.0,2.0,2.0,3.0,1.0,2.0,1.0,1.0,0.0,2.0,3.0,1.0,2.0,1.0,1.0,4.0,1.0,4.0,1.0,1.0,4.0,1.0,4.0,1.0,4.0,1.0,4.0,4.0,1.0,1.0,4.0,1.0,2.0,2.0,1.0,4.0,1.0,2.0,2.0,2.0,1.0,1.0,3.0,3.0,2.0,101.0,47.0,5.0,1.0,1.0,1.0,,1.0,1.0,1.0,0.0,2.0,1.0,1.0,1.0,,1.0,2.0,2.0,4.0,4.0,4.0,4.0,4.0,4.0,4.0,4.0,1.0,,,,1.0,1.0,2.0,5.0,1.0,,,2.0,2.0,3.0,2.0,3.0,1.0,0.0,,1.0,2.0,5.0,5.0,90.0,0.0,0.0,1.0,1.0,2.0,2.0,2.0,2.0,2.0,2.0,2.0,1.0,2.0,2.0,2.0,2.0,2.0,2.0,2.0,1.0,4.0,2.0,4.0,0.0,4.0,,1.0
47,1.0,101.0,48.0,5.0,1.0,2.0,2.0,4.0,10.0,2.0,,3.0,,,4.0,4.0,1.0,2.0,2.0,2.0,,1.0,3.0,2.0,1.0,1.0,2.0,3.0,1.0,3.0,8.0,1.0,3.0,0.0,2.0,2.0,3.0,1.0,2.0,0.0,2.0,5.0,2.0,2.0,1.0,3.0,4.0,4.0,4.0,4.0,4.0,4.0,4.0,4.0,1.0,4.0,4.0,2.0,4.0,1.0,4.0,4.0,4.0,4.0,1.0,4.0,3.0,1.0,1.0,3.0,3.0,1.0,1.0,1.0,1.0,2.0,101.0,48.0,5.0,1.0,1.0,2.0,,1.0,0.0,1.0,1.0,1.0,1.0,2.0,2.0,,3.0,1.0,3.0,3.0,0.0,0.0,0.0,0.0,0.0,0.0,0.0,1.0,,,,1.0,1.0,5.0,2.0,1.0,,,3.0,2.0,2.0,2.0,2.0,1.0,0.0,,1.0,2.0,5.0,40.0,55.0,0.0,0.0,1.0,0.0,3.0,3.0,2.0,2.0,2.0,2.0,2.0,2.0,1.0,2.0,2.0,1.0,2.0,2.0,2.0,3.0,4.0,3.0,0.0,0.0,4.0,,1.0
48,1.0,101.0,49.0,5.0,1.0,5.0,2.0,4.0,10.0,1.0,,7.0,,,4.0,4.0,1.0,2.0,1.0,1.0,,1.0,3.0,2.0,1.0,1.0,2.0,2.0,1.0,1.0,8.0,1.0,2.0,2.0,2.0,2.0,2.0,1.0,2.0,1.0,1.0,1.0,1.0,2.0,1.0,2.0,1.0,1.0,1.0,1.0,1.0,2.0,1.0,1.0,1.0,1.0,1.0,2.0,1.0,1.0,1.0,1.0,1.0,1.0,1.0,1.0,4.0,2.0,3.0,3.0,3.0,1.0,1.0,1.0,1.0,2.0,101.0,49.0,5.0,1.0,1.0,1.0,,1.0,1.0,1.0,1.0,2.0,4.0,1.0,1.0,,1.0,1.0,2.0,4.0,2.0,3.0,4.0,3.0,4.0,4.0,4.0,1.0,,,,2.0,1.0,2.0,1.0,1.0,,,2.0,1.0,2.0,1.0,2.0,1.0,1.0,,2.0,2.0,0.0,90.0,5.0,5.0,0.0,1.0,1.0,3.0,3.0,2.0,2.0,2.0,2.0,2.0,1.0,1.0,2.0,2.0,2.0,2.0,2.0,2.0,2.0,3.0,3.0,4.0,2.0,3.0,,1.0
49,1.0,101.0,50.0,5.0,3.0,5.0,2.0,3.0,4.0,4.0,,5.0,,,4.0,4.0,1.0,2.0,1.0,1.0,,1.0,3.0,1.0,2.0,1.0,2.0,3.0,1.0,2.0,8.0,1.0,3.0,2.0,2.0,2.0,1.0,1.0,1.0,1.0,2.0,3.0,3.0,2.0,2.0,2.0,4.0,4.0,4.0,1.0,4.0,4.0,4.0,4.0,1.0,4.0,4.0,3.0,1.0,4.0,1.0,4.0,4.0,1.0,1.0,4.0,4.0,1.0,3.0,3.0,2.0,1.0,1.0,3.0,3.0,2.0,101.0,50.0,5.0,1.0,1.0,2.0,,1.0,3.0,1.0,1.0,2.0,4.0,1.0,1.0,,1.0,2.0,2.0,4.0,4.0,4.0,4.0,4.0,4.0,4.0,4.0,1.0,,,,1.0,5.0,5.0,2.0,1.0,,,3.0,1.0,3.0,1.0,3.0,1.0,3.0,,1.0,2.0,10.0,50.0,30.0,10.0,0.0,1.0,1.0,1.0,1.0,2.0,2.0,2.0,2.0,2.0,2.0,1.0,2.0,2.0,2.0,2.0,2.0,1.0,1.0,3.0,3.0,5.0,4.0,1.0,,1.0
50,1.0,101.0,51.0,5.0,2.0,6.0,1.0,4.0,1.0,3.0,,6.0,,,4.0,4.0,1.0,2.0,1.0,1.0,,3.0,4.0,1.0,2.0,2.0,2.0,3.0,1.0,1.0,8.0,1.0,1.0,2.0,2.0,2.0,2.0,2.0,2.0,2.0,2.0,2.0,2.0,2.0,1.0,2.0,4.0,4.0,1.0,1.0,1.0,4.0,1.0,1.0,1.0,1.0,1.0,1.0,4.0,1.0,1.0,4.0,4.0,1.0,1.0,1.0,3.0,3.0,4.0,3.0,3.0,1.0,1.0,0.0,1.0,2.0,101.0,51.0,5.0,1.0,1.0,1.0,,1.0,0.0,1.0,1.0,1.0,4.0,2.0,2.0,,1.0,1.0,1.0,2.0,2.0,3.0,4.0,4.0,4.0,4.0,4.0,1.0,,,,1.0,1.0,5.0,2.0,2.0,,,2.0,2.0,3.0,1.0,3.0,2.0,1.0,,1.0,2.0,2.0,80.0,15.0,3.0,0.0,1.0,1.0,3.0,3.0,2.0,2.0,2.0,2.0,2.0,2.0,2.0,1.0,2.0,2.0,2.0,2.0,1.0,3.0,5.0,5.0,3.0,5.0,4.0,,1.0
51,1.0,101.0,52.0,5.0,2.0,5.0,2.0,4.0,1.0,3.0,,4.0,,,4.0,4.0,2.0,2.0,3.0,1.0,,3.0,3.0,2.0,2.0,1.0,2.0,3.0,1.0,1.0,8.0,1.0,2.0,2.0,2.0,2.0,1.0,1.0,1.0,3.0,1.0,1.0,1.0,2.0,1.0,1.0,1.0,1.0,1.0,1.0,1.0,1.0,4.0,1.0,1.0,1.0,4.0,1.0,4.0,4.0,1.0,4.0,4.0,1.0,1.0,1.0,4.0,1.0,4.0,3.0,3.0,1.0,1.0,1.0,1.0,2.0,101.0,52.0,5.0,1.0,1.0,2.0,,1.0,1.0,1.0,1.0,2.0,2.0,3.0,3.0,,3.0,4.0,3.0,4.0,4.0,3.0,0.0,4.0,4.0,4.0,4.0,1.0,,,,5.0,1.0,3.0,1.0,1.0,,,4.0,1.0,2.0,1.0,2.0,1.0,1.0,,1.0,2.0,5.0,90.0,2.0,2.0,1.0,1.0,1.0,3.0,3.0,2.0,2.0,2.0,2.0,2.0,2.0,1.0,2.0,1.0,2.0,2.0,2.0,2.0,1.0,3.0,3.0,4.0,3.0,4.0,,1.0
52,1.0,101.0,53.0,5.0,2.0,1.0,1.0,4.0,4.0,4.0,,5.0,,,4.0,11.0,1.0,1.0,2.0,2.0,,1.0,3.0,1.0,1.0,1.0,3.0,4.0,1.0,1.0,1.0,1.0,1.0,1.0,3.0,2.0,2.0,2.0,1.0,3.0,1.0,1.0,3.0,2.0,3.0,3.0,4.0,1.0,4.0,1.0,1.0,4.0,4.0,4.0,4.0,4.0,1.0,2.0,4.0,4.0,4.0,1.0,1.0,1.0,1.0,1.0,4.0,1.0,1.0,3.0,3.0,3.0,1.0,3.0,2.0,2.0,101.0,53.0,5.0,1.0,1.0,2.0,,1.0,1.0,1.0,4.0,1.0,4.0,1.0,1.0,,2.0,1.0,1.0,0.0,1.0,4.0,4.0,2.0,4.0,4.0,4.0,1.0,,,,1.0,1.0,4.0,3.0,1.0,,,3.0,3.0,4.0,3.0,3.0,2.0,2.0,,2.0,2.0,0.0,0.0,99.0,0.0,0.0,1.0,4.0,3.0,3.0,2.0,2.0,2.0,2.0,2.0,1.0,1.0,2.0,2.0,2.0,2.0,2.0,2.0,3.0,3.0,3.0,3.0,1.0,4.0,,1.0
53,1.0,101.0,54.0,5.0,1.0,4.0,1.0,4.0,1.0,3.0,,3.0,,,4.0,4.0,1.0,2.0,1.0,1.0,,1.0,3.0,2.0,2.0,1.0,2.0,2.0,1.0,2.0,9.0,1.0,2.0,4.0,2.0,1.0,1.0,1.0,2.0,3.0,2.0,5.0,3.0,2.0,2.0,3.0,4.0,1.0,4.0,1.0,4.0,2.0,1.0,1.0,1.0,4.0,1.0,2.0,2.0,1.0,1.0,4.0,4.0,1.0,1.0,4.0,3.0,1.0,2.0,3.0,3.0,1.0,1.0,3.0,3.0,2.0,101.0,54.0,5.0,1.0,1.0,2.0,,1.0,1.0,1.0,0.0,1.0,4.0,1.0,1.0,,2.0,1.0,4.0,4.0,4.0,4.0,4.0,4.0,4.0,4.0,2.0,3.0,,,,5.0,1.0,2.0,5.0,1.0,,,2.0,2.0,2.0,2.0,2.0,1.0,1.0,,1.0,2.0,5.0,60.0,25.0,8.0,2.0,2.0,0.0,3.0,3.0,2.0,2.0,2.0,1.0,2.0,2.0,2.0,2.0,2.0,2.0,2.0,2.0,1.0,3.0,5.0,5.0,0.0,0.0,4.0,,1.0
54,1.0,101.0,55.0,5.0,3.0,5.0,3.0,3.0,5.0,4.0,,10.0,,,4.0,13.0,1.0,2.0,2.0,2.0,,3.0,3.0,2.0,1.0,1.0,1.0,1.0,1.0,1.0,8.0,1.0,2.0,4.0,3.0,3.0,2.0,1.0,2.0,3.0,1.0,1.0,1.0,2.0,1.0,1.0,4.0,4.0,4.0,3.0,4.0,4.0,4.0,4.0,4.0,1.0,4.0,2.0,2.0,4.0,1.0,1.0,1.0,1.0,1.0,1.0,2.0,1.0,1.0,3.0,3.0,1.0,1.0,1.0,1.0,2.0,101.0,55.0,5.0,1.0,1.0,1.0,,1.0,1.0,2.0,1.0,1.0,2.0,1.0,1.0,,1.0,2.0,2.0,2.0,3.0,4.0,4.0,2.0,4.0,4.0,2.0,1.0,,,,2.0,1.0,4.0,4.0,2.0,,,2.0,1.0,2.0,1.0,2.0,2.0,2.0,,2.0,2.0,0.0,0.0,99.0,0.0,0.0,2.0,3.0,3.0,1.0,2.0,2.0,2.0,2.0,1.0,2.0,1.0,2.0,2.0,2.0,2.0,2.0,2.0,4.0,1.0,1.0,3.0,4.0,1.0,,1.0
55,1.0,101.0,56.0,5.0,1.0,5.0,3.0,4.0,2.0,2.0,,3.0,,,5.0,5.0,2.0,1.0,1.0,3.0,,1.0,3.0,2.0,1.0,1.0,2.0,3.0,1.0,2.0,8.0,3.0,3.0,2.0,3.0,3.0,3.0,1.0,1.0,3.0,2.0,2.0,2.0,2.0,2.0,2.0,1.0,4.0,4.0,4.0,1.0,4.0,4.0,1.0,1.0,1.0,1.0,1.0,4.0,1.0,1.0,4.0,4.0,1.0,1.0,4.0,3.0,1.0,1.0,3.0,2.0,1.0,1.0,1.0,1.0,2.0,101.0,56.0,5.0,1.0,1.0,1.0,,1.0,2.0,1.0,1.0,1.0,1.0,2.0,3.0,,1.0,2.0,4.0,3.0,4.0,4.0,4.0,4.0,4.0,4.0,4.0,1.0,,,,1.0,1.0,5.0,1.0,5.0,,,2.0,1.0,3.0,1.0,2.0,1.0,1.0,,1.0,2.0,15.0,30.0,50.0,5.0,0.0,1.0,3.0,3.0,3.0,2.0,2.0,2.0,2.0,2.0,1.0,2.0,2.0,2.0,2.0,2.0,2.0,2.0,2.0,5.0,4.0,5.0,2.0,3.0,,1.0
56,1.0,101.0,57.0,5.0,2.0,6.0,1.0,3.0,12.0,3.0,,7.0,,,4.0,6.0,1.0,1.0,3.0,1.0,,1.0,3.0,2.0,2.0,1.0,2.0,3.0,1.0,2.0,8.0,1.0,2.0,2.0,5.0,2.0,1.0,2.0,2.0,0.0,2.0,2.0,1.0,2.0,1.0,2.0,4.0,1.0,4.0,1.0,4.0,1.0,1.0,4.0,1.0,1.0,2.0,2.0,1.0,4.0,1.0,4.0,4.0,2.0,1.0,4.0,4.0,1.0,3.0,3.0,3.0,1.0,1.0,1.0,1.0,2.0,101.0,57.0,5.0,1.0,1.0,1.0,,1.0,1.0,1.0,1.0,1.0,1.0,1.0,1.0,,1.0,2.0,2.0,2.0,4.0,2.0,4.0,2.0,4.0,4.0,4.0,3.0,,,,1.0,1.0,5.0,1.0,1.0,,,4.0,1.0,2.0,1.0,2.0,1.0,1.0,,1.0,1.0,0.0,20.0,80.0,0.0,0.0,1.0,1.0,2.0,2.0,2.0,2.0,2.0,2.0,2.0,2.0,2.0,2.0,2.0,2.0,1.0,2.0,1.0,2.0,6.0,3.0,4.0,3.0,4.0,,1.0
57,1.0,101.0,58.0,5.0,2.0,4.0,1.0,3.0,1.0,4.0,,4.0,,,4.0,4.0,1.0,2.0,3.0,1.0,,1.0,3.0,1.0,1.0,1.0,2.0,2.0,2.0,1.0,9.0,2.0,2.0,2.0,3.0,1.0,1.0,2.0,2.0,3.0,2.0,4.0,2.0,2.0,2.0,3.0,1.0,1.0,2.0,4.0,4.0,1.0,2.0,1.0,2.0,1.0,1.0,2.0,1.0,1.0,2.0,1.0,1.0,2.0,1.0,4.0,2.0,2.0,3.0,3.0,3.0,1.0,1.0,1.0,1.0,2.0,101.0,58.0,5.0,1.0,1.0,2.0,,1.0,1.0,1.0,1.0,1.0,2.0,2.0,1.0,,2.0,2.0,2.0,4.0,4.0,2.0,4.0,4.0,4.0,4.0,4.0,1.0,,,,1.0,1.0,1.0,1.0,1.0,,,3.0,1.0,2.0,1.0,3.0,1.0,1.0,,1.0,1.0,5.0,10.0,50.0,20.0,15.0,2.0,3.0,2.0,3.0,2.0,2.0,2.0,2.0,2.0,1.0,2.0,2.0,2.0,2.0,2.0,2.0,1.0,2.0,4.0,3.0,0.0,0.0,3.0,,1.0
58,1.0,101.0,59.0,5.0,1.0,3.0,2.0,3.0,4.0,4.0,,4.0,,,5.0,5.0,2.0,0.0,2.0,1.0,,1.0,3.0,2.0,1.0,1.0,2.0,2.0,1.0,1.0,8.0,2.0,2.0,2.0,3.0,2.0,2.0,2.0,0.0,4.0,1.0,1.0,1.0,2.0,1.0,2.0,4.0,4.0,4.0,4.0,4.0,1.0,4.0,1.0,4.0,4.0,4.0,1.0,4.0,4.0,4.0,4.0,4.0,0.0,4.0,4.0,2.0,1.0,1.0,3.0,2.0,1.0,1.0,1.0,1.0,2.0,101.0,59.0,5.0,1.0,1.0,3.0,,1.0,0.0,1.0,0.0,1.0,4.0,2.0,1.0,,2.0,1.0,4.0,4.0,4.0,3.0,4.0,3.0,3.0,4.0,4.0,1.0,,,,1.0,1.0,4.0,1.0,1.0,,,4.0,3.0,3.0,1.0,2.0,1.0,0.0,,1.0,2.0,0.0,10.0,80.0,10.0,0.0,2.0,1.0,2.0,2.0,2.0,1.0,2.0,2.0,2.0,1.0,2.0,2.0,2.0,2.0,2.0,2.0,2.0,1.0,3.0,2.0,5.0,4.0,3.0,,1.0
59,1.0,101.0,60.0,5.0,1.0,5.0,1.0,4.0,4.0,1.0,,2.0,,,4.0,4.0,1.0,2.0,2.0,1.0,,1.0,3.0,1.0,1.0,1.0,2.0,3.0,1.0,3.0,8.0,1.0,2.0,2.0,5.0,2.0,1.0,2.0,0.0,0.0,1.0,1.0,1.0,2.0,1.0,2.0,4.0,1.0,4.0,4.0,4.0,1.0,4.0,4.0,4.0,4.0,1.0,4.0,4.0,1.0,4.0,4.0,4.0,4.0,4.0,4.0,3.0,1.0,4.0,3.0,2.0,2.0,1.0,0.0,1.0,2.0,101.0,60.0,5.0,2.0,1.0,2.0,,1.0,0.0,1.0,0.0,0.0,4.0,0.0,0.0,,1.0,4.0,4.0,4.0,4.0,4.0,4.0,4.0,4.0,4.0,4.0,3.0,,,,5.0,1.0,5.0,3.0,1.0,,,3.0,2.0,3.0,1.0,2.0,0.0,0.0,,0.0,1.0,5.0,65.0,25.0,5.0,0.0,2.0,3.0,4.0,4.0,2.0,2.0,2.0,2.0,1.0,2.0,2.0,2.0,2.0,2.0,2.0,2.0,2.0,3.0,6.0,3.0,3.0,4.0,3.0,,1.0
60,1.0,101.0,61.0,5.0,2.0,6.0,3.0,4.0,12.0,1.0,,4.0,,,4.0,4.0,2.0,2.0,1.0,3.0,,1.0,3.0,2.0,1.0,2.0,1.0,1.0,3.0,1.0,9.0,3.0,2.0,4.0,6.0,1.0,1.0,2.0,1.0,1.0,3.0,3.0,4.0,2.0,4.0,4.0,3.0,4.0,3.0,1.0,0.0,4.0,1.0,4.0,4.0,4.0,4.0,3.0,4.0,4.0,4.0,3.0,3.0,4.0,4.0,4.0,1.0,1.0,1.0,3.0,3.0,2.0,1.0,2.0,1.0,2.0,101.0,61.0,5.0,2.0,2.0,2.0,,1.0,3.0,1.0,1.0,1.0,4.0,0.0,1.0,,3.0,4.0,3.0,4.0,3.0,4.0,4.0,4.0,4.0,4.0,4.0,3.0,,,,1.0,2.0,5.0,5.0,1.0,,,3.0,1.0,1.0,1.0,3.0,1.0,1.0,,1.0,2.0,0.0,0.0,99.0,0.0,0.0,1.0,3.0,1.0,2.0,2.0,2.0,2.0,2.0,2.0,1.0,2.0,1.0,2.0,2.0,2.0,2.0,2.0,2.0,3.0,3.0,5.0,3.0,4.0,,1.0
61,1.0,101.0,62.0,5.0,3.0,4.0,2.0,2.0,5.0,4.0,,4.0,,,4.0,4.0,1.0,2.0,3.0,1.0,,1.0,3.0,2.0,1.0,2.0,2.0,3.0,1.0,1.0,8.0,1.0,3.0,1.0,3.0,2.0,2.0,2.0,1.0,3.0,4.0,4.0,1.0,2.0,1.0,2.0,4.0,1.0,4.0,4.0,4.0,4.0,1.0,4.0,4.0,4.0,4.0,2.0,4.0,4.0,4.0,4.0,4.0,4.0,4.0,2.0,4.0,3.0,2.0,3.0,3.0,1.0,1.0,1.0,1.0,2.0,101.0,62.0,5.0,1.0,1.0,2.0,,1.0,1.0,2.0,3.0,1.0,1.0,1.0,1.0,,3.0,4.0,2.0,4.0,4.0,4.0,4.0,4.0,4.0,4.0,4.0,1.0,,,,1.0,1.0,1.0,1.0,1.0,,,4.0,1.0,2.0,1.0,2.0,1.0,1.0,,1.0,2.0,30.0,50.0,20.0,0.0,0.0,1.0,1.0,3.0,3.0,2.0,2.0,2.0,2.0,2.0,2.0,1.0,2.0,2.0,2.0,2.0,2.0,2.0,2.0,6.0,6.0,4.0,0.0,4.0,,1.0
62,1.0,101.0,63.0,5.0,3.0,5.0,3.0,2.0,5.0,4.0,,10.0,,,4.0,4.0,1.0,2.0,3.0,1.0,,1.0,3.0,1.0,2.0,1.0,2.0,3.0,1.0,1.0,8.0,1.0,2.0,2.0,2.0,2.0,1.0,1.0,1.0,0.0,1.0,1.0,1.0,1.0,1.0,1.0,4.0,4.0,4.0,4.0,4.0,4.0,4.0,4.0,4.0,4.0,4.0,4.0,4.0,4.0,4.0,4.0,4.0,4.0,4.0,4.0,4.0,1.0,3.0,2.0,2.0,1.0,1.0,1.0,1.0,2.0,101.0,63.0,5.0,1.0,1.0,1.0,,1.0,1.0,1.0,1.0,1.0,4.0,1.0,1.0,,1.0,3.0,4.0,4.0,4.0,4.0,4.0,4.0,4.0,4.0,4.0,1.0,,,,5.0,1.0,1.0,2.0,1.0,,,4.0,1.0,1.0,1.0,1.0,1.0,1.0,,1.0,2.0,0.0,99.0,0.0,0.0,0.0,1.0,1.0,2.0,3.0,2.0,2.0,2.0,2.0,2.0,2.0,1.0,2.0,2.0,2.0,2.0,2.0,2.0,1.0,6.0,6.0,4.0,3.0,4.0,,1.0
63,1.0,101.0,64.0,5.0,1.0,0.0,3.0,4.0,2.0,1.0,,18.0,,,4.0,4.0,1.0,1.0,1.0,3.0,,2.0,3.0,3.0,1.0,1.0,1.0,3.0,2.0,1.0,2.0,2.0,2.0,3.0,1.0,2.0,2.0,1.0,1.0,1.0,1.0,5.0,2.0,2.0,2.0,3.0,4.0,4.0,4.0,4.0,4.0,4.0,4.0,4.0,4.0,4.0,4.0,4.0,4.0,4.0,4.0,4.0,4.0,4.0,4.0,4.0,4.0,1.0,4.0,3.0,2.0,1.0,1.0,2.0,3.0,2.0,101.0,64.0,5.0,3.0,1.0,1.0,,1.0,2.0,1.0,0.0,2.0,1.0,1.0,1.0,,4.0,4.0,4.0,4.0,4.0,4.0,4.0,4.0,4.0,4.0,4.0,3.0,,,,5.0,1.0,5.0,5.0,5.0,,,2.0,1.0,2.0,1.0,2.0,2.0,3.0,,1.0,2.0,80.0,15.0,3.0,2.0,0.0,1.0,1.0,3.0,3.0,2.0,2.0,2.0,2.0,2.0,2.0,2.0,1.0,2.0,2.0,2.0,2.0,1.0,2.0,6.0,6.0,5.0,4.0,5.0,,1.0
64,1.0,101.0,65.0,5.0,2.0,4.0,1.0,3.0,11.0,3.0,,3.0,,,4.0,9.0,1.0,2.0,2.0,2.0,,1.0,3.0,2.0,1.0,1.0,2.0,3.0,2.0,3.0,9.0,1.0,2.0,2.0,3.0,2.0,2.0,2.0,2.0,3.0,2.0,3.0,2.0,2.0,1.0,2.0,4.0,4.0,4.0,2.0,4.0,4.0,4.0,4.0,4.0,4.0,4.0,3.0,2.0,4.0,4.0,4.0,4.0,4.0,4.0,4.0,2.0,1.0,1.0,3.0,3.0,2.0,1.0,3.0,3.0,2.0,101.0,65.0,5.0,1.0,1.0,2.0,,1.0,2.0,1.0,1.0,2.0,1.0,1.0,1.0,,3.0,2.0,2.0,3.0,3.0,4.0,4.0,4.0,4.0,4.0,4.0,3.0,,,,1.0,1.0,5.0,1.0,1.0,,,2.0,1.0,1.0,1.0,2.0,2.0,1.0,,1.0,2.0,0.0,5.0,95.0,0.0,0.0,1.0,1.0,3.0,3.0,2.0,2.0,2.0,2.0,1.0,2.0,2.0,2.0,2.0,2.0,2.0,1.0,2.0,4.0,4.0,4.0,4.0,3.0,3.0,,1.0
65,1.0,101.0,66.0,5.0,2.0,1.0,2.0,3.0,4.0,4.0,,1.0,,,4.0,6.0,1.0,2.0,1.0,1.0,,3.0,3.0,2.0,1.0,1.0,2.0,3.0,1.0,1.0,1.0,1.0,2.0,4.0,3.0,1.0,1.0,1.0,1.0,3.0,1.0,1.0,1.0,1.0,1.0,1.0,4.0,1.0,4.0,4.0,4.0,4.0,4.0,4.0,4.0,4.0,4.0,1.0,4.0,4.0,4.0,4.0,4.0,4.0,4.0,4.0,4.0,2.0,4.0,3.0,3.0,1.0,1.0,3.0,3.0,2.0,101.0,66.0,5.0,1.0,2.0,2.0,,1.0,1.0,2.0,1.0,0.0,1.0,1.0,1.0,,3.0,3.0,4.0,3.0,3.0,4.0,4.0,4.0,4.0,4.0,4.0,1.0,,,,1.0,1.0,1.0,1.0,1.0,,,4.0,1.0,3.0,1.0,3.0,1.0,1.0,,1.0,2.0,15.0,15.0,60.0,0.0,10.0,1.0,1.0,3.0,3.0,2.0,2.0,2.0,2.0,2.0,2.0,1.0,2.0,2.0,2.0,2.0,2.0,1.0,4.0,3.0,4.0,4.0,3.0,4.0,,1.0
66,1.0,101.0,67.0,5.0,2.0,1.0,1.0,2.0,5.0,4.0,,4.0,,,4.0,7.0,2.0,1.0,3.0,1.0,,1.0,3.0,2.0,2.0,1.0,2.0,3.0,1.0,1.0,8.0,2.0,2.0,2.0,2.0,2.0,1.0,1.0,1.0,3.0,2.0,3.0,2.0,2.0,2.0,2.0,1.0,1.0,1.0,1.0,1.0,1.0,1.0,1.0,1.0,1.0,4.0,4.0,1.0,1.0,4.0,4.0,1.0,4.0,4.0,4.0,4.0,1.0,2.0,3.0,2.0,1.0,1.0,3.0,3.0,2.0,101.0,67.0,5.0,1.0,1.0,2.0,,1.0,3.0,1.0,1.0,1.0,4.0,1.0,1.0,,4.0,2.0,4.0,4.0,4.0,4.0,4.0,4.0,4.0,4.0,4.0,3.0,,,,1.0,1.0,1.0,1.0,1.0,,,2.0,1.0,2.0,1.0,2.0,1.0,1.0,,1.0,2.0,30.0,40.0,25.0,5.0,0.0,2.0,1.0,3.0,3.0,2.0,2.0,2.0,2.0,2.0,2.0,2.0,1.0,2.0,2.0,2.0,2.0,1.0,2.0,3.0,3.0,3.0,5.0,2.0,,1.0
67,1.0,101.0,68.0,5.0,3.0,5.0,2.0,3.0,4.0,4.0,,4.0,,,4.0,9.0,1.0,2.0,3.0,1.0,,1.0,3.0,1.0,2.0,2.0,2.0,2.0,1.0,1.0,8.0,2.0,2.0,2.0,2.0,2.0,2.0,2.0,1.0,3.0,2.0,4.0,2.0,2.0,1.0,2.0,4.0,1.0,4.0,1.0,4.0,2.0,1.0,4.0,4.0,4.0,1.0,3.0,1.0,1.0,2.0,4.0,1.0,4.0,4.0,1.0,3.0,3.0,1.0,3.0,3.0,1.0,1.0,3.0,3.0,2.0,101.0,68.0,5.0,1.0,1.0,2.0,,1.0,1.0,1.0,1.0,1.0,4.0,1.0,1.0,,3.0,2.0,3.0,4.0,4.0,4.0,4.0,4.0,4.0,4.0,4.0,3.0,,,,1.0,1.0,3.0,5.0,1.0,,,3.0,1.0,2.0,1.0,1.0,1.0,1.0,,2.0,2.0,0.0,45.0,50.0,5.0,0.0,1.0,1.0,3.0,3.0,2.0,2.0,2.0,2.0,1.0,2.0,2.0,2.0,2.0,2.0,1.0,2.0,2.0,2.0,6.0,4.0,3.0,4.0,5.0,,1.0
68,1.0,101.0,69.0,5.0,1.0,4.0,3.0,3.0,7.0,4.0,,3.0,,,4.0,4.0,1.0,2.0,2.0,1.0,,1.0,0.0,1.0,1.0,1.0,2.0,3.0,0.0,2.0,8.0,1.0,3.0,2.0,1.0,2.0,1.0,2.0,2.0,4.0,2.0,2.0,1.0,2.0,1.0,1.0,4.0,1.0,1.0,4.0,4.0,3.0,1.0,4.0,4.0,4.0,1.0,2.0,4.0,4.0,4.0,4.0,4.0,4.0,4.0,4.0,4.0,1.0,4.0,3.0,2.0,1.0,1.0,3.0,1.0,2.0,101.0,69.0,5.0,1.0,3.0,3.0,,1.0,2.0,1.0,4.0,1.0,1.0,1.0,1.0,,1.0,1.0,1.0,4.0,4.0,4.0,4.0,2.0,4.0,4.0,4.0,3.0,,,,1.0,1.0,3.0,2.0,1.0,,,3.0,1.0,1.0,1.0,1.0,1.0,1.0,,1.0,2.0,1.0,35.0,60.0,4.0,0.0,1.0,1.0,3.0,3.0,2.0,2.0,2.0,1.0,2.0,2.0,2.0,2.0,1.0,2.0,2.0,2.0,2.0,1.0,6.0,3.0,3.0,4.0,4.0,,1.0
69,1.0,101.0,70.0,5.0,2.0,6.0,1.0,4.0,2.0,4.0,,3.0,,,4.0,8.0,1.0,2.0,3.0,2.0,,1.0,3.0,1.0,2.0,1.0,2.0,4.0,1.0,1.0,8.0,1.0,2.0,1.0,3.0,2.0,1.0,2.0,2.0,1.0,2.0,3.0,1.0,2.0,1.0,1.0,4.0,1.0,4.0,4.0,4.0,4.0,4.0,4.0,4.0,1.0,1.0,4.0,4.0,4.0,4.0,4.0,4.0,4.0,4.0,4.0,3.0,1.0,4.0,2.0,2.0,1.0,1.0,3.0,1.0,2.0,101.0,70.0,5.0,1.0,1.0,1.0,,1.0,0.0,1.0,1.0,1.0,1.0,1.0,1.0,,2.0,0.0,2.0,4.0,4.0,4.0,4.0,4.0,4.0,4.0,4.0,0.0,,,,1.0,1.0,5.0,5.0,2.0,,,4.0,1.0,3.0,1.0,2.0,1.0,0.0,,1.0,2.0,5.0,20.0,70.0,5.0,0.0,2.0,1.0,3.0,3.0,2.0,2.0,2.0,2.0,1.0,2.0,2.0,1.0,2.0,2.0,2.0,2.0,2.0,2.0,6.0,6.0,3.0,5.0,3.0,,1.0
70,1.0,101.0,71.0,5.0,1.0,5.0,1.0,4.0,10.0,1.0,,3.0,,,4.0,4.0,2.0,1.0,3.0,1.0,,0.0,0.0,1.0,2.0,0.0,2.0,1.0,0.0,0.0,8.0,2.0,2.0,2.0,5.0,1.0,1.0,1.0,1.0,6.0,1.0,1.0,1.0,0.0,0.0,0.0,4.0,4.0,4.0,4.0,4.0,4.0,4.0,4.0,4.0,4.0,4.0,4.0,4.0,4.0,4.0,4.0,4.0,4.0,4.0,4.0,3.0,1.0,2.0,2.0,2.0,1.0,1.0,1.0,1.0,2.0,101.0,71.0,5.0,1.0,1.0,1.0,,0.0,1.0,1.0,1.0,1.0,1.0,1.0,1.0,,1.0,3.0,2.0,2.0,3.0,0.0,4.0,4.0,4.0,4.0,4.0,1.0,,,,1.0,1.0,5.0,2.0,1.0,,,4.0,1.0,2.0,1.0,2.0,1.0,1.0,,1.0,2.0,20.0,15.0,62.0,2.0,1.0,1.0,1.0,3.0,3.0,2.0,2.0,2.0,2.0,2.0,2.0,2.0,2.0,2.0,2.0,2.0,2.0,1.0,1.0,6.0,4.0,3.0,2.0,3.0,,1.0
71,1.0,101.0,72.0,5.0,2.0,6.0,3.0,4.0,9.0,1.0,,3.0,,,4.0,4.0,1.0,2.0,3.0,2.0,,1.0,3.0,1.0,2.0,1.0,2.0,3.0,1.0,1.0,9.0,1.0,3.0,2.0,2.0,1.0,2.0,1.0,1.0,4.0,2.0,4.0,1.0,2.0,2.0,2.0,4.0,1.0,4.0,4.0,4.0,4.0,4.0,4.0,4.0,1.0,4.0,4.0,4.0,4.0,4.0,4.0,4.0,4.0,4.0,4.0,4.0,1.0,4.0,3.0,3.0,3.0,1.0,3.0,3.0,2.0,101.0,72.0,5.0,1.0,1.0,3.0,,1.0,3.0,1.0,3.0,1.0,1.0,1.0,1.0,,2.0,4.0,3.0,2.0,3.0,4.0,4.0,3.0,4.0,4.0,4.0,1.0,,,,1.0,1.0,1.0,2.0,1.0,,,3.0,1.0,3.0,1.0,2.0,1.0,1.0,,1.0,2.0,0.0,25.0,25.0,25.0,25.0,2.0,1.0,3.0,3.0,2.0,2.0,2.0,2.0,1.0,2.0,1.0,2.0,2.0,2.0,2.0,2.0,2.0,4.0,3.0,3.0,3.0,4.0,5.0,,1.0
72,1.0,101.0,73.0,5.0,1.0,2.0,1.0,4.0,2.0,2.0,,3.0,,,5.0,9.0,2.0,3.0,3.0,1.0,,1.0,3.0,2.0,2.0,1.0,2.0,3.0,2.0,1.0,8.0,2.0,3.0,2.0,3.0,2.0,2.0,2.0,1.0,3.0,2.0,3.0,1.0,2.0,2.0,2.0,4.0,4.0,4.0,4.0,4.0,4.0,4.0,4.0,1.0,4.0,1.0,1.0,4.0,4.0,4.0,4.0,4.0,4.0,4.0,4.0,3.0,2.0,3.0,3.0,3.0,1.0,1.0,1.0,1.0,2.0,101.0,73.0,5.0,1.0,1.0,1.0,,1.0,1.0,2.0,1.0,1.0,1.0,1.0,1.0,,1.0,3.0,3.0,3.0,3.0,4.0,4.0,4.0,4.0,4.0,4.0,1.0,,,,2.0,1.0,3.0,4.0,5.0,,,4.0,2.0,4.0,1.0,2.0,3.0,3.0,,2.0,2.0,10.0,20.0,60.0,10.0,0.0,2.0,1.0,3.0,3.0,2.0,2.0,2.0,2.0,2.0,2.0,2.0,1.0,2.0,2.0,2.0,2.0,1.0,2.0,3.0,3.0,3.0,4.0,2.0,,1.0
73,1.0,101.0,74.0,5.0,1.0,1.0,2.0,4.0,1.0,3.0,,4.0,,,4.0,4.0,1.0,2.0,2.0,3.0,,0.0,0.0,0.0,1.0,1.0,2.0,3.0,2.0,3.0,8.0,3.0,1.0,2.0,5.0,3.0,1.0,1.0,1.0,6.0,3.0,2.0,2.0,2.0,2.0,2.0,4.0,4.0,4.0,4.0,4.0,4.0,4.0,4.0,4.0,4.0,4.0,2.0,4.0,4.0,4.0,4.0,4.0,4.0,4.0,4.0,3.0,1.0,1.0,3.0,2.0,3.0,1.0,3.0,3.0,2.0,101.0,74.0,5.0,3.0,1.0,2.0,,1.0,2.0,1.0,1.0,1.0,1.0,1.0,3.0,,1.0,2.0,2.0,4.0,4.0,4.0,4.0,4.0,4.0,4.0,4.0,3.0,,,,1.0,1.0,3.0,2.0,1.0,,,3.0,2.0,3.0,2.0,3.0,1.0,1.0,,1.0,1.0,5.0,80.0,10.0,3.0,2.0,1.0,1.0,3.0,3.0,2.0,2.0,2.0,2.0,1.0,2.0,2.0,2.0,2.0,2.0,1.0,2.0,2.0,4.0,4.0,2.0,3.0,5.0,4.0,,1.0
74,1.0,101.0,75.0,5.0,3.0,5.0,2.0,2.0,5.0,4.0,,3.0,,,4.0,9.0,1.0,2.0,3.0,1.0,,1.0,3.0,2.0,1.0,2.0,2.0,3.0,1.0,1.0,9.0,1.0,3.0,2.0,3.0,2.0,2.0,2.0,2.0,3.0,2.0,2.0,2.0,2.0,2.0,2.0,4.0,4.0,4.0,1.0,4.0,4.0,4.0,4.0,4.0,4.0,4.0,1.0,4.0,4.0,4.0,4.0,4.0,4.0,4.0,4.0,4.0,3.0,4.0,3.0,3.0,1.0,1.0,1.0,1.0,2.0,101.0,75.0,5.0,1.0,2.0,1.0,,1.0,0.0,1.0,1.0,1.0,1.0,1.0,1.0,,1.0,2.0,2.0,2.0,2.0,2.0,3.0,3.0,4.0,4.0,4.0,1.0,,,,1.0,1.0,1.0,1.0,1.0,,,3.0,2.0,2.0,2.0,2.0,1.0,1.0,,1.0,2.0,25.0,25.0,50.0,0.0,0.0,2.0,1.0,2.0,3.0,2.0,2.0,2.0,2.0,1.0,1.0,2.0,2.0,2.0,2.0,2.0,2.0,2.0,1.0,2.0,2.0,3.0,5.0,2.0,,1.0
75,1.0,101.0,76.0,5.0,1.0,0.0,2.0,4.0,0.0,0.0,,2.0,,,4.0,4.0,1.0,2.0,1.0,1.0,,1.0,3.0,1.0,2.0,1.0,2.0,3.0,1.0,1.0,8.0,1.0,1.0,1.0,2.0,1.0,2.0,1.0,1.0,3.0,1.0,1.0,1.0,1.0,2.0,2.0,4.0,1.0,4.0,1.0,4.0,4.0,4.0,4.0,4.0,4.0,4.0,1.0,4.0,4.0,4.0,4.0,4.0,4.0,4.0,4.0,4.0,1.0,1.0,2.0,2.0,1.0,1.0,1.0,3.0,2.0,101.0,76.0,5.0,1.0,1.0,0.0,,1.0,2.0,1.0,1.0,1.0,4.0,1.0,1.0,,1.0,2.0,2.0,4.0,4.0,4.0,4.0,4.0,4.0,4.0,4.0,3.0,,,,5.0,5.0,5.0,5.0,5.0,,,3.0,1.0,1.0,1.0,1.0,1.0,1.0,,1.0,2.0,10.0,90.0,0.0,0.0,0.0,2.0,1.0,2.0,2.0,2.0,2.0,2.0,2.0,1.0,2.0,2.0,2.0,2.0,2.0,1.0,2.0,2.0,2.0,5.0,3.0,4.0,3.0,3.0,,1.0
76,1.0,101.0,77.0,5.0,3.0,5.0,2.0,2.0,5.0,4.0,,30.0,,,4.0,9.0,1.0,2.0,2.0,1.0,,1.0,3.0,2.0,1.0,2.0,2.0,3.0,1.0,1.0,8.0,2.0,2.0,2.0,3.0,1.0,1.0,1.0,0.0,6.0,2.0,3.0,2.0,2.0,2.0,2.0,1.0,4.0,4.0,1.0,4.0,4.0,1.0,4.0,4.0,1.0,1.0,4.0,4.0,1.0,4.0,1.0,4.0,4.0,4.0,4.0,4.0,1.0,1.0,3.0,2.0,3.0,1.0,3.0,3.0,2.0,101.0,77.0,5.0,1.0,1.0,1.0,,1.0,3.0,2.0,1.0,1.0,4.0,1.0,1.0,,1.0,1.0,1.0,4.0,2.0,2.0,4.0,2.0,4.0,4.0,3.0,1.0,,,,1.0,1.0,1.0,3.0,1.0,,,3.0,2.0,3.0,2.0,2.0,1.0,1.0,,2.0,2.0,0.0,0.0,80.0,20.0,0.0,3.0,1.0,2.0,3.0,2.0,2.0,1.0,2.0,2.0,1.0,2.0,2.0,2.0,2.0,2.0,2.0,2.0,2.0,3.0,2.0,3.0,4.0,4.0,,1.0
77,1.0,101.0,78.0,5.0,2.0,4.0,1.0,4.0,2.0,3.0,,30.0,,,4.0,9.0,1.0,2.0,2.0,2.0,,1.0,3.0,1.0,1.0,1.0,2.0,3.0,1.0,3.0,8.0,1.0,1.0,2.0,3.0,1.0,2.0,2.0,2.0,3.0,2.0,2.0,2.0,2.0,1.0,1.0,4.0,2.0,4.0,2.0,4.0,1.0,4.0,4.0,4.0,4.0,4.0,4.0,4.0,4.0,4.0,4.0,4.0,4.0,4.0,4.0,2.0,1.0,3.0,2.0,2.0,1.0,1.0,3.0,1.0,2.0,101.0,78.0,5.0,1.0,1.0,1.0,,1.0,1.0,1.0,1.0,1.0,1.0,1.0,1.0,,4.0,2.0,4.0,4.0,3.0,4.0,4.0,4.0,4.0,4.0,4.0,1.0,,,,1.0,1.0,0.0,5.0,5.0,,,3.0,3.0,2.0,2.0,3.0,3.0,1.0,,1.0,2.0,10.0,10.0,80.0,0.0,0.0,1.0,1.0,2.0,3.0,2.0,2.0,2.0,2.0,2.0,1.0,1.0,2.0,2.0,2.0,2.0,2.0,2.0,0.0,6.0,2.0,0.0,0.0,4.0,,1.0
78,1.0,101.0,79.0,5.0,2.0,4.0,1.0,4.0,1.0,1.0,,2.0,,,4.0,4.0,1.0,2.0,1.0,1.0,,3.0,3.0,1.0,1.0,1.0,2.0,3.0,1.0,2.0,8.0,3.0,2.0,2.0,2.0,1.0,2.0,2.0,1.0,4.0,2.0,3.0,2.0,2.0,2.0,2.0,4.0,4.0,4.0,1.0,4.0,2.0,4.0,1.0,4.0,4.0,4.0,1.0,4.0,1.0,4.0,4.0,4.0,1.0,4.0,4.0,4.0,3.0,3.0,3.0,3.0,0.0,1.0,1.0,1.0,2.0,101.0,79.0,5.0,0.0,1.0,2.0,,1.0,2.0,1.0,4.0,1.0,1.0,1.0,1.0,,2.0,4.0,4.0,4.0,4.0,4.0,4.0,4.0,4.0,4.0,4.0,1.0,,,,5.0,1.0,5.0,3.0,5.0,,,3.0,1.0,3.0,1.0,3.0,1.0,1.0,,1.0,2.0,0.0,10.0,70.0,20.0,0.0,2.0,1.0,3.0,3.0,2.0,2.0,2.0,2.0,1.0,2.0,2.0,2.0,2.0,2.0,2.0,1.0,2.0,2.0,5.0,5.0,3.0,4.0,4.0,,1.0
79,1.0,101.0,80.0,5.0,1.0,4.0,2.0,4.0,10.0,1.0,,7.0,,,4.0,4.0,1.0,2.0,3.0,1.0,,1.0,3.0,2.0,1.0,1.0,2.0,2.0,1.0,1.0,8.0,3.0,1.0,4.0,4.0,3.0,2.0,1.0,0.0,3.0,1.0,1.0,1.0,2.0,1.0,1.0,4.0,1.0,4.0,1.0,4.0,1.0,4.0,4.0,4.0,4.0,4.0,4.0,4.0,4.0,4.0,4.0,4.0,1.0,4.0,4.0,3.0,3.0,3.0,3.0,3.0,0.0,1.0,0.0,0.0,2.0,101.0,80.0,5.0,1.0,1.0,1.0,,1.0,0.0,1.0,1.0,1.0,4.0,1.0,1.0,,3.0,3.0,3.0,4.0,4.0,4.0,4.0,4.0,4.0,4.0,4.0,1.0,,,,1.0,1.0,2.0,2.0,1.0,,,4.0,1.0,2.0,1.0,1.0,1.0,1.0,,1.0,2.0,0.0,0.0,0.0,0.0,0.0,1.0,1.0,1.0,1.0,2.0,2.0,2.0,2.0,2.0,2.0,1.0,2.0,2.0,2.0,2.0,2.0,2.0,2.0,1.0,1.0,5.0,4.0,3.0,,1.0
80,1.0,101.0,81.0,5.0,2.0,5.0,2.0,4.0,2.0,3.0,,4.0,,,4.0,4.0,2.0,2.0,3.0,1.0,,1.0,3.0,2.0,2.0,1.0,3.0,3.0,1.0,2.0,8.0,1.0,1.0,2.0,3.0,2.0,1.0,2.0,1.0,3.0,2.0,5.0,2.0,2.0,2.0,3.0,4.0,1.0,4.0,1.0,4.0,4.0,4.0,4.0,1.0,4.0,1.0,1.0,4.0,4.0,4.0,4.0,1.0,1.0,4.0,4.0,2.0,1.0,1.0,3.0,3.0,0.0,1.0,2.0,1.0,2.0,101.0,81.0,5.0,1.0,1.0,2.0,,1.0,1.0,2.0,1.0,1.0,1.0,0.0,1.0,,2.0,2.0,1.0,4.0,4.0,4.0,4.0,2.0,4.0,4.0,2.0,1.0,,,,4.0,2.0,5.0,2.0,3.0,,,3.0,1.0,2.0,1.0,2.0,1.0,3.0,,2.0,2.0,0.0,10.0,90.0,0.0,0.0,2.0,3.0,2.0,2.0,2.0,2.0,2.0,2.0,2.0,2.0,1.0,2.0,2.0,2.0,1.0,2.0,2.0,1.0,6.0,2.0,3.0,4.0,3.0,,1.0
81,1.0,101.0,82.0,5.0,2.0,1.0,2.0,3.0,4.0,4.0,,8.0,,,4.0,4.0,1.0,3.0,3.0,1.0,,1.0,3.0,1.0,1.0,2.0,2.0,3.0,1.0,1.0,9.0,2.0,3.0,2.0,3.0,1.0,2.0,2.0,2.0,6.0,2.0,5.0,1.0,3.0,2.0,2.0,1.0,4.0,4.0,2.0,1.0,4.0,2.0,1.0,4.0,1.0,1.0,1.0,4.0,2.0,4.0,4.0,4.0,1.0,4.0,1.0,4.0,3.0,1.0,3.0,3.0,1.0,1.0,1.0,1.0,2.0,101.0,82.0,5.0,1.0,1.0,1.0,,1.0,1.0,2.0,1.0,1.0,4.0,1.0,1.0,,3.0,4.0,3.0,4.0,4.0,4.0,3.0,4.0,4.0,4.0,4.0,1.0,,,,1.0,1.0,5.0,1.0,4.0,,,3.0,1.0,2.0,1.0,2.0,1.0,1.0,,2.0,2.0,5.0,15.0,80.0,0.0,0.0,2.0,1.0,2.0,3.0,2.0,2.0,2.0,2.0,1.0,2.0,2.0,2.0,2.0,2.0,2.0,1.0,2.0,3.0,1.0,1.0,5.0,4.0,2.0,,1.0
82,1.0,101.0,83.0,5.0,2.0,1.0,3.0,3.0,4.0,4.0,,10.0,,,4.0,4.0,1.0,2.0,1.0,1.0,,1.0,3.0,2.0,1.0,1.0,2.0,3.0,1.0,1.0,8.0,1.0,2.0,2.0,3.0,2.0,1.0,1.0,1.0,0.0,2.0,2.0,2.0,2.0,2.0,2.0,4.0,1.0,4.0,1.0,4.0,4.0,4.0,4.0,4.0,4.0,1.0,1.0,1.0,1.0,4.0,4.0,1.0,1.0,4.0,4.0,4.0,1.0,1.0,1.0,2.0,1.0,1.0,1.0,1.0,2.0,101.0,83.0,5.0,1.0,1.0,1.0,,1.0,1.0,1.0,1.0,1.0,4.0,1.0,1.0,,1.0,2.0,2.0,4.0,3.0,4.0,4.0,4.0,4.0,4.0,3.0,1.0,,,,1.0,1.0,1.0,1.0,1.0,,,3.0,1.0,2.0,1.0,2.0,2.0,1.0,,1.0,2.0,0.0,0.0,99.0,0.0,0.0,2.0,1.0,3.0,3.0,2.0,2.0,2.0,2.0,2.0,2.0,1.0,2.0,2.0,2.0,2.0,2.0,1.0,2.0,3.0,3.0,3.0,4.0,4.0,,1.0
83,1.0,101.0,84.0,5.0,3.0,5.0,2.0,3.0,4.0,4.0,,25.0,,,4.0,7.0,2.0,2.0,3.0,2.0,,1.0,3.0,2.0,2.0,1.0,2.0,2.0,1.0,2.0,9.0,2.0,1.0,4.0,2.0,2.0,2.0,2.0,1.0,3.0,2.0,3.0,2.0,2.0,2.0,2.0,1.0,4.0,4.0,1.0,4.0,1.0,4.0,1.0,1.0,4.0,1.0,4.0,4.0,1.0,1.0,1.0,4.0,4.0,4.0,4.0,3.0,1.0,2.0,3.0,3.0,1.0,1.0,3.0,3.0,2.0,101.0,84.0,5.0,1.0,1.0,1.0,,0.0,3.0,1.0,1.0,1.0,4.0,1.0,1.0,,3.0,2.0,2.0,4.0,4.0,4.0,4.0,3.0,4.0,4.0,4.0,1.0,,,,1.0,2.0,5.0,1.0,1.0,,,3.0,1.0,2.0,1.0,2.0,1.0,1.0,,1.0,2.0,10.0,25.0,50.0,10.0,5.0,2.0,3.0,2.0,3.0,2.0,2.0,2.0,2.0,2.0,1.0,1.0,2.0,2.0,2.0,2.0,2.0,2.0,2.0,6.0,3.0,5.0,3.0,4.0,,1.0
84,1.0,101.0,85.0,5.0,1.0,5.0,2.0,4.0,10.0,1.0,,4.0,,,4.0,10.0,1.0,1.0,3.0,2.0,,3.0,3.0,0.0,2.0,1.0,3.0,2.0,2.0,1.0,8.0,2.0,2.0,4.0,3.0,2.0,2.0,2.0,0.0,3.0,1.0,1.0,2.0,2.0,2.0,2.0,1.0,1.0,4.0,4.0,4.0,1.0,4.0,4.0,4.0,4.0,4.0,4.0,4.0,4.0,4.0,4.0,4.0,4.0,4.0,4.0,3.0,3.0,2.0,3.0,3.0,2.0,1.0,1.0,1.0,2.0,101.0,85.0,5.0,1.0,1.0,2.0,,1.0,3.0,1.0,3.0,1.0,2.0,3.0,3.0,,1.0,1.0,1.0,3.0,4.0,2.0,4.0,3.0,4.0,4.0,2.0,1.0,,,,1.0,1.0,2.0,1.0,1.0,,,3.0,3.0,3.0,1.0,1.0,1.0,1.0,,2.0,2.0,0.0,0.0,75.0,10.0,15.0,2.0,3.0,3.0,3.0,1.0,2.0,2.0,2.0,2.0,2.0,1.0,2.0,2.0,2.0,2.0,2.0,2.0,2.0,2.0,2.0,3.0,4.0,4.0,,1.0
85,1.0,101.0,86.0,5.0,2.0,2.0,1.0,4.0,2.0,4.0,,5.0,,,4.0,2.0,1.0,2.0,3.0,3.0,,3.0,4.0,2.0,2.0,2.0,3.0,3.0,1.0,1.0,8.0,1.0,2.0,3.0,3.0,2.0,2.0,1.0,1.0,2.0,3.0,3.0,2.0,2.0,1.0,4.0,4.0,4.0,4.0,3.0,3.0,3.0,3.0,1.0,4.0,3.0,3.0,3.0,4.0,4.0,4.0,4.0,4.0,4.0,4.0,4.0,4.0,1.0,1.0,3.0,2.0,1.0,1.0,1.0,1.0,2.0,101.0,86.0,5.0,1.0,1.0,2.0,,1.0,3.0,1.0,1.0,1.0,2.0,2.0,2.0,,3.0,4.0,4.0,4.0,4.0,4.0,3.0,4.0,4.0,4.0,3.0,1.0,,,,1.0,1.0,5.0,5.0,5.0,,,2.0,1.0,2.0,1.0,2.0,1.0,3.0,,0.0,2.0,5.0,5.0,90.0,0.0,0.0,2.0,1.0,3.0,3.0,2.0,2.0,2.0,2.0,2.0,2.0,2.0,2.0,2.0,2.0,2.0,2.0,1.0,4.0,5.0,4.0,4.0,5.0,4.0,,1.0
86,1.0,101.0,87.0,5.0,2.0,1.0,1.0,3.0,1.0,4.0,,3.0,,,4.0,9.0,1.0,2.0,1.0,1.0,,1.0,3.0,1.0,1.0,2.0,2.0,3.0,1.0,1.0,9.0,1.0,3.0,1.0,3.0,2.0,1.0,2.0,2.0,1.0,2.0,5.0,1.0,2.0,1.0,2.0,4.0,4.0,4.0,4.0,1.0,4.0,1.0,4.0,4.0,1.0,1.0,4.0,4.0,1.0,4.0,4.0,4.0,4.0,4.0,1.0,2.0,1.0,3.0,3.0,2.0,1.0,1.0,3.0,1.0,2.0,101.0,87.0,5.0,1.0,1.0,2.0,,1.0,1.0,2.0,1.0,1.0,1.0,2.0,2.0,,1.0,1.0,2.0,2.0,4.0,4.0,4.0,4.0,4.0,4.0,4.0,3.0,,,,1.0,1.0,5.0,3.0,1.0,,,3.0,1.0,2.0,3.0,2.0,1.0,1.0,,1.0,2.0,0.0,10.0,85.0,5.0,0.0,2.0,1.0,3.0,3.0,2.0,2.0,1.0,2.0,2.0,2.0,2.0,2.0,2.0,2.0,2.0,1.0,2.0,1.0,6.0,4.0,3.0,4.0,4.0,,1.0
87,1.0,101.0,88.0,5.0,2.0,5.0,3.0,2.0,5.0,4.0,,4.0,,,4.0,4.0,1.0,2.0,3.0,3.0,,1.0,3.0,1.0,2.0,1.0,2.0,3.0,1.0,3.0,8.0,0.0,2.0,2.0,3.0,2.0,2.0,2.0,2.0,3.0,2.0,3.0,0.0,2.0,2.0,2.0,1.0,1.0,1.0,1.0,4.0,1.0,1.0,4.0,1.0,4.0,4.0,1.0,1.0,4.0,1.0,4.0,4.0,4.0,4.0,4.0,3.0,1.0,4.0,3.0,3.0,3.0,1.0,3.0,3.0,2.0,101.0,88.0,5.0,1.0,1.0,2.0,,1.0,3.0,1.0,1.0,1.0,1.0,2.0,2.0,,3.0,3.0,4.0,4.0,4.0,4.0,4.0,4.0,4.0,4.0,4.0,1.0,,,,5.0,5.0,2.0,2.0,1.0,,,2.0,1.0,2.0,2.0,2.0,1.0,2.0,,1.0,2.0,0.0,20.0,75.0,5.0,0.0,1.0,1.0,3.0,3.0,2.0,2.0,2.0,2.0,1.0,2.0,2.0,2.0,2.0,2.0,1.0,2.0,2.0,3.0,2.0,2.0,5.0,4.0,4.0,,1.0
88,1.0,101.0,89.0,5.0,2.0,1.0,4.0,2.0,5.0,4.0,,2.0,,,4.0,4.0,1.0,3.0,3.0,1.0,,1.0,3.0,1.0,1.0,1.0,2.0,3.0,1.0,1.0,8.0,1.0,3.0,2.0,3.0,1.0,2.0,1.0,1.0,0.0,1.0,1.0,1.0,2.0,1.0,1.0,4.0,4.0,4.0,1.0,4.0,1.0,1.0,4.0,4.0,4.0,4.0,1.0,4.0,4.0,4.0,4.0,4.0,4.0,4.0,4.0,4.0,1.0,3.0,3.0,3.0,1.0,1.0,1.0,3.0,2.0,101.0,89.0,5.0,1.0,1.0,2.0,,1.0,3.0,1.0,1.0,1.0,4.0,2.0,2.0,,3.0,3.0,4.0,4.0,4.0,4.0,4.0,3.0,4.0,4.0,4.0,1.0,,,,5.0,2.0,5.0,1.0,5.0,,,4.0,1.0,2.0,1.0,2.0,1.0,0.0,,0.0,1.0,5.0,45.0,50.0,0.0,0.0,2.0,1.0,3.0,3.0,2.0,1.0,2.0,2.0,2.0,2.0,2.0,2.0,2.0,1.0,2.0,2.0,2.0,0.0,3.0,3.0,3.0,4.0,2.0,,1.0
89,1.0,101.0,90.0,5.0,2.0,6.0,1.0,4.0,10.0,1.0,,4.0,,,4.0,7.0,2.0,1.0,1.0,3.0,,1.0,3.0,2.0,1.0,1.0,2.0,2.0,1.0,1.0,9.0,1.0,1.0,2.0,3.0,2.0,1.0,1.0,1.0,3.0,1.0,1.0,1.0,1.0,1.0,1.0,4.0,4.0,4.0,1.0,4.0,4.0,4.0,4.0,4.0,4.0,4.0,1.0,4.0,4.0,4.0,4.0,4.0,4.0,4.0,4.0,3.0,3.0,4.0,3.0,2.0,1.0,1.0,1.0,1.0,2.0,101.0,90.0,5.0,1.0,1.0,2.0,,1.0,3.0,1.0,1.0,1.0,1.0,2.0,2.0,,1.0,3.0,4.0,4.0,4.0,4.0,4.0,4.0,4.0,4.0,4.0,1.0,,,,1.0,1.0,5.0,1.0,1.0,,,3.0,1.0,2.0,1.0,1.0,1.0,3.0,,2.0,2.0,5.0,15.0,75.0,5.0,0.0,2.0,1.0,3.0,3.0,2.0,2.0,2.0,2.0,2.0,1.0,2.0,1.0,2.0,2.0,2.0,2.0,2.0,2.0,3.0,4.0,3.0,4.0,3.0,,1.0
90,1.0,101.0,91.0,5.0,2.0,5.0,1.0,4.0,11.0,1.0,,4.0,,,4.0,4.0,1.0,2.0,3.0,2.0,,1.0,3.0,1.0,1.0,1.0,2.0,3.0,1.0,1.0,8.0,1.0,2.0,2.0,2.0,2.0,1.0,1.0,2.0,3.0,1.0,1.0,2.0,2.0,2.0,2.0,4.0,1.0,4.0,4.0,4.0,4.0,4.0,4.0,4.0,4.0,4.0,1.0,4.0,4.0,4.0,4.0,4.0,4.0,4.0,4.0,4.0,1.0,3.0,3.0,2.0,1.0,1.0,3.0,3.0,2.0,101.0,91.0,5.0,1.0,1.0,2.0,,1.0,3.0,2.0,1.0,1.0,4.0,2.0,2.0,,1.0,2.0,2.0,4.0,4.0,3.0,4.0,4.0,4.0,4.0,2.0,1.0,,,,1.0,1.0,5.0,1.0,2.0,,,4.0,1.0,3.0,1.0,3.0,1.0,3.0,,2.0,2.0,0.0,60.0,30.0,5.0,5.0,2.0,1.0,3.0,3.0,2.0,2.0,2.0,2.0,1.0,1.0,2.0,2.0,2.0,2.0,2.0,2.0,2.0,1.0,6.0,3.0,3.0,5.0,4.0,,1.0
91,1.0,101.0,92.0,5.0,1.0,5.0,3.0,4.0,5.0,1.0,,7.0,,,4.0,4.0,0.0,1.0,1.0,1.0,,1.0,3.0,1.0,1.0,1.0,2.0,3.0,1.0,1.0,8.0,3.0,1.0,2.0,3.0,2.0,2.0,2.0,2.0,4.0,1.0,1.0,1.0,2.0,1.0,1.0,4.0,4.0,4.0,1.0,4.0,2.0,4.0,4.0,4.0,4.0,4.0,1.0,4.0,4.0,4.0,4.0,4.0,4.0,4.0,4.0,4.0,1.0,1.0,3.0,2.0,1.0,1.0,3.0,1.0,2.0,101.0,92.0,5.0,1.0,1.0,2.0,,1.0,3.0,1.0,1.0,1.0,1.0,3.0,3.0,,1.0,4.0,4.0,4.0,4.0,4.0,4.0,4.0,4.0,4.0,4.0,1.0,,,,5.0,1.0,5.0,1.0,5.0,,,4.0,1.0,3.0,1.0,2.0,1.0,1.0,,1.0,2.0,5.0,5.0,89.0,1.0,0.0,1.0,1.0,3.0,3.0,2.0,2.0,2.0,2.0,2.0,1.0,2.0,2.0,2.0,2.0,2.0,2.0,1.0,4.0,6.0,3.0,3.0,5.0,4.0,,1.0
