,CARD,DECK,BALLOT,FORM,S192B.Q1,S192B.Q2,S192B.Q3,S192B.Q4,S192B.Q5,S192B.Q6,S192B.Q7,S192B.Q8A,S192B.Q8B,S192B.Q9,S192B.Q10,S192B.Q11,S192B.Q12,S192B.Q13,S192B.Q14,S192B.Q15,S192B.Q16,S192B.Q17,S192B.Q18,S192B.Q19,S192B.Q20,S192B.Q21,S192B.Q22,S192B.Q23,S192B.Q24,S192B.Q25,S192B.Q26,S192B.Q27,S192B.Q28,S192B.Q29,S192B.Q30,S192B.Q31,S192B.Q32A,S192B.Q32B,S192B.Q33,S192B.Q34,S192B.Q35,S192B.Q36.n,S192B.Q37,S192B.Q38,S192B.Q39,S192B.Q40A,S192B.Q40B,S192B.Q41,S192B.Q42,S192B.Q43,S192B.Q44,S192B.Q45,S192B.Q46,S192B.Q47,S192B.Q48,S192B.Q49,S192B.Q50A,S192B.Q50B,S192B.Q50C,S192B.Q50D,S192B.Q50E,S192B.Q50F,S192B.Q50G,S192B.Q50H,S192B.Q51.n,S192B.Q52,S192B.Q52A.n,S192B.Q52B.n,S192B.Q52C.n,S192B.Q52D.n,S192B.Q53.n,S192B.V54,S192B.V55
0,1.0,192.0,1.0,2.0,2.0,1.0,4.0,6.0,1.0,3.0,5.0,1.0,2.0,5.0,6.0,6.0,1.0,1.0,2.0,1.0,1.0,4.0,1.0,1.0,1.0,1.0,1.0,4.0,1.0,1.0,1.0,2.0,1.0,1.0,1.0,3.0,1.0,1.0,2.0,2.0,1.0,,1.0,1.0,1.0,1.0,1.0,1.0,2.0,1.0,1.0,2.0,1.0,2.0,1.0,1.0,3.0,2.0,3.0,3.0,2.0,3.0,3.0,2.0,,2.0,,,,,,2.0,18.0
1,1.0,192.0,2.0,2.0,1.0,3.0,2.0,7.0,1.0,3.0,5.0,2.0,2.0,2.0,2.0,2.0,2.0,1.0,2.0,1.0,1.0,2.0,2.0,1.0,1.0,3.0,2.0,4.0,2.0,1.0,2.0,1.0,1.0,1.0,1.0,3.0,1.0,1.0,2.0,2.0,1.0,,2.0,2.0,1.0,1.0,1.0,1.0,2.0,1.0,1.0,2.0,1.0,4.0,2.0,1.0,2.0,1.0,2.0,3.0,1.0,3.0,3.0,3.0,,5.0,,,,,,2.0,5.0
2,1.0,192.0,3.0,2.0,1.0,2.0,2.0,7.0,1.0,3.0,5.0,2.0,2.0,4.0,2.0,2.0,2.0,1.0,0.0,1.0,1.0,2.0,5.0,3.0,1.0,1.0,2.0,4.0,1.0,3.0,3.0,1.0,2.0,2.0,2.0,3.0,2.0,3.0,1.0,2.0,1.0,,3.0,4.0,2.0,2.0,1.0,1.0,1.0,1.0,1.0,2.0,2.0,1.0,2.0,1.0,2.0,3.0,2.0,3.0,1.0,2.0,3.0,2.0,,2.0,,,,,,2.0,26.0
3,1.0,192.0,4.0,2.0,1.0,3.0,2.0,8.0,1.0,3.0,5.0,2.0,2.0,4.0,3.0,3.0,2.0,2.0,3.0,3.0,1.0,2.0,3.0,1.0,1.0,3.0,1.0,4.0,1.0,2.0,1.0,0.0,3.0,1.0,1.0,0.0,1.0,1.0,2.0,2.0,1.0,,3.0,0.0,1.0,2.0,3.0,1.0,1.0,3.0,1.0,2.0,2.0,4.0,2.0,1.0,3.0,3.0,2.0,3.0,1.0,2.0,2.0,2.0,,4.0,,,,,,3.0,28.0
4,1.0,192.0,5.0,2.0,1.0,2.0,2.0,7.0,1.0,3.0,5.0,2.0,2.0,2.0,2.0,1.0,2.0,1.0,2.0,2.0,1.0,3.0,2.0,1.0,1.0,1.0,1.0,3.0,1.0,1.0,1.0,2.0,1.0,2.0,2.0,3.0,1.0,2.0,2.0,3.0,1.0,,2.0,3.0,1.0,3.0,1.0,1.0,1.0,1.0,1.0,2.0,2.0,4.0,1.0,1.0,2.0,3.0,3.0,3.0,1.0,1.0,3.0,3.0,,2.0,,,,,,5.0,31.0
5,1.0,192.0,6.0,2.0,1.0,2.0,3.0,7.0,1.0,3.0,5.0,2.0,2.0,5.0,6.0,6.0,4.0,4.0,2.0,3.0,3.0,1.0,4.0,3.0,1.0,1.0,3.0,4.0,1.0,2.0,4.0,2.0,1.0,2.0,2.0,5.0,2.0,2.0,2.0,2.0,2.0,,2.0,1.0,1.0,1.0,2.0,1.0,1.0,3.0,1.0,3.0,1.0,2.0,1.0,4.0,3.0,1.0,3.0,3.0,3.0,3.0,3.0,3.0,,4.0,,,,,,4.0,0.0
6,1.0,192.0,7.0,2.0,1.0,3.0,3.0,6.0,1.0,3.0,5.0,2.0,2.0,5.0,6.0,6.0,5.0,3.0,2.0,1.0,1.0,2.0,1.0,1.0,1.0,3.0,1.0,4.0,1.0,1.0,1.0,1.0,2.0,2.0,2.0,3.0,2.0,1.0,2.0,2.0,1.0,,2.0,2.0,1.0,1.0,1.0,1.0,1.0,1.0,1.0,2.0,1.0,1.0,1.0,1.0,3.0,3.0,2.0,3.0,3.0,3.0,3.0,3.0,,2.0,,,,,,2.0,80.0
7,1.0,192.0,8.0,2.0,1.0,2.0,3.0,6.0,1.0,3.0,5.0,2.0,2.0,5.0,6.0,6.0,2.0,1.0,1.0,3.0,0.0,2.0,2.0,1.0,1.0,2.0,1.0,3.0,1.0,2.0,1.0,2.0,2.0,2.0,2.0,3.0,2.0,2.0,2.0,2.0,1.0,,2.0,3.0,1.0,1.0,1.0,2.0,2.0,0.0,1.0,1.0,2.0,2.0,1.0,2.0,3.0,2.0,2.0,3.0,3.0,2.0,2.0,1.0,,5.0,,,,,,2.0,17.0
8,1.0,192.0,9.0,2.0,1.0,3.0,3.0,6.0,1.0,3.0,5.0,2.0,2.0,5.0,3.0,3.0,1.0,3.0,2.0,2.0,1.0,2.0,3.0,3.0,3.0,2.0,2.0,3.0,2.0,4.0,5.0,1.0,3.0,3.0,2.0,3.0,1.0,2.0,2.0,2.0,2.0,,5.0,2.0,4.0,3.0,3.0,2.0,2.0,1.0,0.0,3.0,2.0,4.0,2.0,1.0,3.0,3.0,3.0,3.0,2.0,3.0,3.0,2.0,,2.0,,,,,,3.0,19.0
9,1.0,192.0,10.0,2.0,2.0,3.0,3.0,6.0,1.0,3.0,5.0,2.0,2.0,5.0,1.0,1.0,0.0,3.0,2.0,2.0,2.0,2.0,3.0,3.0,1.0,3.0,1.0,4.0,2.0,3.0,2.0,0.0,3.0,2.0,2.0,3.0,1.0,2.0,2.0,2.0,2.0,,2.0,4.0,1.0,1.0,3.0,2.0,2.0,1.0,2.0,2.0,2.0,2.0,4.0,1.0,2.0,3.0,2.0,2.0,3.0,3.0,3.0,3.0,,5.0,,,,,,1.0,30.0
10,1.0,192.0,11.0,2.0,1.0,3.0,3.0,8.0,1.0,3.0,5.0,2.0,2.0,4.0,2.0,2.0,3.0,3.0,2.0,2.0,1.0,1.0,3.0,3.0,2.0,2.0,2.0,3.0,2.0,3.0,3.0,2.0,3.0,2.0,2.0,3.0,2.0,2.0,2.0,2.0,1.0,,2.0,2.0,1.0,2.0,1.0,2.0,2.0,0.0,2.0,2.0,2.0,1.0,1.0,3.0,3.0,2.0,1.0,3.0,2.0,3.0,3.0,2.0,,5.0,,,,,,1.0,29.0
11,1.0,192.0,12.0,2.0,1.0,3.0,3.0,6.0,1.0,3.0,5.0,2.0,2.0,2.0,2.0,2.0,2.0,1.0,2.0,1.0,1.0,3.0,1.0,1.0,1.0,1.0,1.0,4.0,1.0,1.0,1.0,2.0,3.0,2.0,1.0,5.0,1.0,2.0,2.0,2.0,1.0,,1.0,1.0,1.0,1.0,1.0,1.0,1.0,1.0,1.0,2.0,2.0,3.0,1.0,1.0,3.0,3.0,2.0,3.0,3.0,3.0,3.0,3.0,,2.0,,,,,,5.0,7.0
12,1.0,192.0,13.0,2.0,1.0,4.0,4.0,7.0,1.0,3.0,5.0,2.0,2.0,5.0,6.0,1.0,2.0,1.0,2.0,3.0,1.0,1.0,2.0,3.0,3.0,0.0,1.0,4.0,1.0,3.0,1.0,0.0,3.0,2.0,2.0,5.0,1.0,2.0,1.0,2.0,1.0,,2.0,3.0,1.0,2.0,1.0,1.0,1.0,1.0,1.0,3.0,1.0,2.0,1.0,1.0,3.0,3.0,2.0,3.0,2.0,2.0,2.0,3.0,,4.0,,,,,,2.0,24.0
13,1.0,192.0,14.0,2.0,1.0,3.0,4.0,6.0,1.0,3.0,5.0,2.0,2.0,5.0,6.0,6.0,3.0,3.0,2.0,1.0,1.0,2.0,2.0,2.0,1.0,2.0,1.0,3.0,1.0,1.0,1.0,2.0,1.0,2.0,2.0,4.0,2.0,1.0,2.0,3.0,1.0,,2.0,2.0,1.0,1.0,3.0,1.0,1.0,0.0,3.0,2.0,1.0,4.0,2.0,1.0,3.0,3.0,2.0,3.0,3.0,2.0,2.0,3.0,,5.0,,,,,,2.0,85.0
14,1.0,192.0,15.0,2.0,1.0,3.0,4.0,6.0,1.0,3.0,5.0,2.0,2.0,5.0,4.0,2.0,2.0,1.0,2.0,1.0,1.0,3.0,2.0,1.0,1.0,2.0,1.0,4.0,1.0,1.0,1.0,1.0,1.0,2.0,1.0,4.0,1.0,2.0,2.0,2.0,3.0,,2.0,2.0,1.0,2.0,1.0,2.0,1.0,2.0,1.0,2.0,1.0,1.0,2.0,2.0,2.0,2.0,2.0,3.0,3.0,2.0,2.0,2.0,,5.0,,,,,,3.0,20.0
15,1.0,192.0,16.0,2.0,1.0,3.0,4.0,6.0,1.0,3.0,5.0,2.0,2.0,5.0,3.0,2.0,2.0,1.0,2.0,2.0,2.0,1.0,5.0,1.0,1.0,1.0,1.0,2.0,2.0,2.0,1.0,1.0,2.0,2.0,1.0,4.0,1.0,2.0,2.0,3.0,3.0,,2.0,2.0,1.0,1.0,1.0,1.0,2.0,1.0,2.0,1.0,2.0,1.0,1.0,1.0,2.0,3.0,1.0,3.0,1.0,3.0,3.0,3.0,,2.0,,,,,,3.0,22.0
16,1.0,192.0,17.0,2.0,1.0,2.0,4.0,6.0,1.0,3.0,5.0,2.0,2.0,5.0,4.0,4.0,1.0,1.0,2.0,1.0,1.0,1.0,2.0,3.0,1.0,3.0,2.0,3.0,1.0,4.0,2.0,1.0,2.0,3.0,2.0,3.0,1.0,1.0,2.0,3.0,1.0,,1.0,2.0,1.0,1.0,1.0,1.0,2.0,1.0,1.0,3.0,1.0,1.0,1.0,1.0,3.0,3.0,2.0,3.0,3.0,3.0,3.0,3.0,,1.0,,,,,,3.0,9.0
17,1.0,192.0,18.0,2.0,1.0,4.0,4.0,7.0,1.0,3.0,5.0,2.0,2.0,4.0,4.0,3.0,2.0,1.0,2.0,2.0,1.0,2.0,2.0,3.0,2.0,1.0,2.0,4.0,2.0,1.0,2.0,1.0,2.0,3.0,2.0,5.0,1.0,2.0,3.0,2.0,2.0,,1.0,2.0,1.0,1.0,1.0,2.0,2.0,1.0,2.0,1.0,1.0,4.0,2.0,2.0,3.0,3.0,2.0,3.0,2.0,3.0,3.0,2.0,,4.0,,,,,,3.0,3.0
18,1.0,192.0,19.0,2.0,1.0,5.0,4.0,8.0,1.0,3.0,5.0,2.0,2.0,5.0,2.0,2.0,1.0,1.0,3.0,1.0,1.0,3.0,1.0,3.0,1.0,1.0,1.0,3.0,1.0,2.0,1.0,2.0,1.0,1.0,1.0,2.0,1.0,2.0,2.0,3.0,1.0,,2.0,2.0,1.0,1.0,1.0,1.0,2.0,2.0,1.0,1.0,1.0,3.0,1.0,2.0,3.0,2.0,1.0,3.0,2.0,1.0,2.0,1.0,,5.0,,,,,,1.0,33.0
19,1.0,192.0,20.0,2.0,1.0,2.0,4.0,7.0,1.0,3.0,5.0,2.0,2.0,5.0,2.0,2.0,2.0,2.0,2.0,2.0,1.0,2.0,2.0,1.0,1.0,3.0,1.0,4.0,1.0,2.0,2.0,2.0,1.0,2.0,1.0,2.0,1.0,4.0,2.0,2.0,1.0,,2.0,2.0,1.0,1.0,1.0,1.0,1.0,1.0,1.0,3.0,2.0,3.0,1.0,1.0,3.0,3.0,0.0,3.0,3.0,3.0,3.0,2.0,,5.0,,,,,,1.0,66.0
20,1.0,192.0,21.0,2.0,2.0,3.0,4.0,6.0,1.0,3.0,5.0,2.0,2.0,5.0,2.0,2.0,1.0,2.0,2.0,4.0,1.0,4.0,2.0,2.0,1.0,2.0,1.0,4.0,1.0,3.0,1.0,3.0,2.0,4.0,2.0,4.0,3.0,3.0,2.0,2.0,1.0,,2.0,2.0,1.0,3.0,1.0,1.0,2.0,2.0,3.0,1.0,2.0,2.0,1.0,1.0,3.0,3.0,2.0,3.0,1.0,3.0,3.0,3.0,,2.0,,,,,,1.0,12.0
21,1.0,192.0,22.0,2.0,2.0,3.0,4.0,6.0,1.0,3.0,5.0,2.0,2.0,5.0,2.0,2.0,2.0,3.0,2.0,3.0,3.0,1.0,3.0,3.0,2.0,3.0,2.0,4.0,1.0,1.0,3.0,2.0,2.0,4.0,2.0,5.0,2.0,2.0,1.0,3.0,1.0,,1.0,2.0,1.0,2.0,2.0,3.0,2.0,3.0,2.0,3.0,2.0,1.0,1.0,3.0,2.0,1.0,2.0,3.0,1.0,3.0,2.0,1.0,,5.0,,,,,,1.0,79.0
22,1.0,192.0,23.0,2.0,1.0,3.0,4.0,7.0,1.0,3.0,5.0,2.0,2.0,5.0,2.0,2.0,1.0,2.0,2.0,1.0,1.0,2.0,1.0,1.0,1.0,3.0,1.0,4.0,1.0,1.0,1.0,2.0,1.0,2.0,1.0,4.0,1.0,2.0,2.0,2.0,2.0,,2.0,2.0,2.0,1.0,1.0,2.0,1.0,1.0,2.0,2.0,1.0,3.0,1.0,1.0,3.0,3.0,2.0,3.0,2.0,3.0,2.0,2.0,,5.0,,,,,,1.0,41.0
23,1.0,192.0,24.0,2.0,1.0,3.0,4.0,6.0,1.0,3.0,5.0,2.0,2.0,5.0,6.0,2.0,5.0,2.0,2.0,2.0,1.0,2.0,2.0,1.0,1.0,2.0,1.0,4.0,1.0,1.0,1.0,2.0,2.0,2.0,2.0,3.0,1.0,2.0,2.0,2.0,1.0,,2.0,2.0,1.0,1.0,1.0,1.0,2.0,1.0,2.0,3.0,2.0,2.0,1.0,1.0,3.0,3.0,2.0,3.0,3.0,3.0,3.0,0.0,,3.0,,,,,,5.0,45.0
24,1.0,192.0,25.0,2.0,1.0,1.0,5.0,7.0,1.0,3.0,5.0,2.0,2.0,5.0,6.0,6.0,2.0,1.0,2.0,1.0,1.0,3.0,3.0,3.0,3.0,1.0,1.0,4.0,1.0,3.0,3.0,2.0,3.0,2.0,2.0,3.0,1.0,2.0,2.0,2.0,1.0,,2.0,2.0,1.0,1.0,1.0,2.0,1.0,1.0,1.0,3.0,2.0,3.0,1.0,1.0,3.0,3.0,2.0,3.0,3.0,3.0,3.0,3.0,,4.0,,,,,,4.0,6.0
25,1.0,192.0,26.0,2.0,1.0,3.0,5.0,7.0,1.0,3.0,5.0,2.0,2.0,5.0,6.0,1.0,2.0,1.0,2.0,1.0,1.0,2.0,3.0,1.0,1.0,2.0,1.0,4.0,1.0,1.0,2.0,0.0,1.0,1.0,1.0,3.0,1.0,2.0,2.0,2.0,1.0,,2.0,2.0,1.0,0.0,1.0,2.0,2.0,1.0,1.0,3.0,2.0,3.0,2.0,2.0,2.0,2.0,2.0,3.0,2.0,2.0,1.0,1.0,,5.0,,,,,,4.0,5.0
26,1.0,192.0,27.0,2.0,2.0,2.0,5.0,8.0,1.0,3.0,5.0,2.0,2.0,4.0,4.0,4.0,2.0,2.0,3.0,3.0,2.0,2.0,2.0,1.0,1.0,2.0,1.0,3.0,2.0,2.0,3.0,2.0,1.0,1.0,1.0,2.0,1.0,1.0,2.0,2.0,2.0,,2.0,2.0,1.0,1.0,0.0,1.0,2.0,1.0,1.0,2.0,2.0,3.0,2.0,1.0,3.0,3.0,2.0,2.0,2.0,3.0,3.0,3.0,,2.0,,,,,,4.0,24.0
27,1.0,192.0,28.0,2.0,1.0,3.0,5.0,6.0,1.0,3.0,5.0,2.0,2.0,5.0,6.0,6.0,2.0,3.0,2.0,2.0,1.0,2.0,2.0,1.0,1.0,2.0,2.0,3.0,2.0,1.0,2.0,1.0,2.0,2.0,2.0,3.0,2.0,1.0,2.0,2.0,1.0,,2.0,3.0,1.0,3.0,3.0,2.0,1.0,1.0,1.0,2.0,2.0,1.0,2.0,1.0,3.0,3.0,2.0,3.0,3.0,3.0,3.0,3.0,,2.0,,,,,,2.0,65.0
28,1.0,192.0,29.0,2.0,1.0,5.0,5.0,6.0,1.0,3.0,5.0,2.0,2.0,5.0,2.0,2.0,5.0,3.0,2.0,4.0,2.0,2.0,3.0,1.0,2.0,3.0,2.0,4.0,1.0,4.0,1.0,2.0,1.0,1.0,1.0,3.0,1.0,1.0,1.0,2.0,2.0,,3.0,3.0,2.0,2.0,1.0,2.0,1.0,1.0,0.0,2.0,2.0,1.0,2.0,1.0,3.0,3.0,1.0,3.0,1.0,2.0,3.0,3.0,,5.0,,,,,,2.0,82.0
29,1.0,192.0,30.0,2.0,1.0,3.0,5.0,6.0,1.0,3.0,5.0,2.0,2.0,5.0,6.0,6.0,2.0,1.0,2.0,2.0,1.0,2.0,2.0,3.0,1.0,3.0,1.0,4.0,1.0,1.0,1.0,2.0,3.0,3.0,2.0,3.0,3.0,2.0,2.0,3.0,1.0,,2.0,2.0,1.0,1.0,1.0,1.0,1.0,1.0,1.0,2.0,2.0,2.0,1.0,1.0,3.0,3.0,2.0,3.0,2.0,3.0,3.0,3.0,,6.0,,,,,,2.0,19.0
30,1.0,192.0,31.0,2.0,2.0,3.0,5.0,6.0,1.0,3.0,5.0,2.0,2.0,5.0,6.0,6.0,2.0,1.0,2.0,2.0,1.0,2.0,1.0,3.0,1.0,3.0,1.0,4.0,1.0,1.0,1.0,2.0,3.0,2.0,2.0,3.0,3.0,2.0,2.0,3.0,1.0,,2.0,2.0,1.0,2.0,1.0,1.0,1.0,1.0,1.0,2.0,2.0,2.0,1.0,1.0,3.0,3.0,2.0,3.0,2.0,3.0,3.0,3.0,,6.0,,,,,,2.0,2.0
31,1.0,192.0,32.0,2.0,1.0,3.0,5.0,6.0,1.0,3.0,5.0,2.0,2.0,5.0,6.0,5.0,5.0,1.0,2.0,2.0,1.0,2.0,1.0,3.0,1.0,1.0,2.0,4.0,1.0,1.0,1.0,2.0,1.0,2.0,1.0,3.0,1.0,2.0,3.0,3.0,1.0,,2.0,2.0,1.0,1.0,1.0,2.0,2.0,1.0,1.0,1.0,2.0,2.0,1.0,1.0,2.0,3.0,2.0,3.0,2.0,3.0,3.0,2.0,,4.0,,,,,,2.0,45.0
32,1.0,192.0,33.0,2.0,1.0,3.0,5.0,8.0,1.0,3.0,5.0,2.0,2.0,5.0,7.0,6.0,1.0,1.0,3.0,2.0,1.0,2.0,2.0,1.0,1.0,2.0,1.0,4.0,2.0,1.0,1.0,2.0,1.0,1.0,0.0,2.0,1.0,1.0,2.0,0.0,1.0,,2.0,2.0,1.0,0.0,1.0,2.0,2.0,2.0,1.0,3.0,1.0,3.0,1.0,1.0,3.0,3.0,3.0,3.0,3.0,2.0,2.0,2.0,,1.0,,,,,,2.0,95.0
33,1.0,192.0,34.0,2.0,2.0,2.0,5.0,6.0,1.0,3.0,5.0,2.0,2.0,5.0,6.0,6.0,1.0,1.0,2.0,1.0,1.0,2.0,2.0,1.0,1.0,1.0,1.0,4.0,1.0,1.0,1.0,3.0,2.0,2.0,2.0,2.0,1.0,1.0,2.0,2.0,1.0,,2.0,2.0,1.0,3.0,1.0,2.0,2.0,2.0,1.0,3.0,2.0,2.0,1.0,1.0,3.0,3.0,3.0,3.0,2.0,3.0,3.0,2.0,,5.0,,,,,,2.0,87.0
34,1.0,192.0,35.0,2.0,1.0,2.0,5.0,6.0,1.0,3.0,5.0,2.0,2.0,5.0,6.0,6.0,2.0,1.0,2.0,1.0,1.0,2.0,2.0,1.0,1.0,3.0,1.0,3.0,2.0,1.0,2.0,1.0,2.0,3.0,2.0,3.0,2.0,2.0,2.0,2.0,1.0,,2.0,2.0,1.0,1.0,1.0,1.0,1.0,1.0,1.0,2.0,2.0,2.0,1.0,2.0,2.0,3.0,1.0,2.0,2.0,2.0,2.0,2.0,,2.0,,,,,,2.0,76.0
35,1.0,192.0,36.0,2.0,1.0,3.0,5.0,7.0,1.0,3.0,5.0,2.0,2.0,3.0,2.0,2.0,2.0,1.0,2.0,1.0,1.0,2.0,1.0,3.0,1.0,2.0,2.0,4.0,1.0,3.0,3.0,1.0,2.0,2.0,2.0,3.0,2.0,2.0,1.0,2.0,1.0,,3.0,4.0,2.0,2.0,1.0,1.0,1.0,1.0,1.0,2.0,2.0,1.0,2.0,1.0,3.0,3.0,2.0,3.0,2.0,2.0,3.0,2.0,,2.0,,,,,,2.0,29.0
36,1.0,192.0,37.0,2.0,1.0,2.0,5.0,7.0,1.0,3.0,5.0,2.0,2.0,5.0,6.0,6.0,2.0,1.0,2.0,1.0,1.0,2.0,2.0,1.0,1.0,3.0,1.0,4.0,2.0,1.0,1.0,2.0,3.0,3.0,2.0,2.0,2.0,1.0,2.0,2.0,2.0,,1.0,2.0,1.0,1.0,1.0,1.0,2.0,1.0,1.0,2.0,2.0,3.0,2.0,1.0,3.0,3.0,2.0,3.0,2.0,2.0,1.0,2.0,,5.0,,,,,,2.0,36.0
37,1.0,192.0,38.0,2.0,1.0,2.0,5.0,6.0,1.0,3.0,5.0,2.0,2.0,4.0,4.0,4.0,4.0,4.0,2.0,4.0,2.0,1.0,4.0,3.0,2.0,3.0,2.0,3.0,2.0,3.0,2.0,1.0,2.0,4.0,2.0,5.0,1.0,1.0,2.0,2.0,1.0,,3.0,2.0,1.0,3.0,1.0,2.0,2.0,2.0,2.0,2.0,2.0,1.0,4.0,1.0,3.0,3.0,2.0,3.0,3.0,3.0,3.0,2.0,,4.0,,,,,,3.0,14.0
38,1.0,192.0,39.0,2.0,1.0,3.0,5.0,7.0,1.0,3.0,5.0,2.0,2.0,5.0,3.0,3.0,2.0,3.0,2.0,2.0,2.0,1.0,2.0,3.0,1.0,2.0,2.0,4.0,1.0,2.0,2.0,1.0,2.0,4.0,2.0,4.0,1.0,1.0,2.0,2.0,1.0,,2.0,2.0,1.0,1.0,1.0,1.0,1.0,1.0,2.0,3.0,1.0,1.0,1.0,1.0,3.0,3.0,2.0,3.0,3.0,3.0,3.0,3.0,,5.0,,,,,,3.0,0.0
39,1.0,192.0,40.0,2.0,1.0,3.0,5.0,7.0,1.0,3.0,5.0,2.0,2.0,5.0,3.0,1.0,4.0,2.0,2.0,2.0,1.0,1.0,2.0,3.0,2.0,3.0,2.0,3.0,2.0,3.0,2.0,1.0,3.0,4.0,2.0,4.0,1.0,1.0,2.0,2.0,1.0,,2.0,2.0,1.0,3.0,3.0,1.0,1.0,2.0,2.0,2.0,2.0,1.0,2.0,2.0,2.0,3.0,3.0,3.0,2.0,3.0,3.0,3.0,,3.0,,,,,,3.0,13.0
40,1.0,192.0,41.0,2.0,1.0,3.0,5.0,6.0,1.0,3.0,5.0,2.0,2.0,5.0,3.0,2.0,1.0,2.0,2.0,2.0,1.0,2.0,3.0,1.0,1.0,2.0,1.0,3.0,1.0,2.0,2.0,1.0,2.0,3.0,2.0,5.0,2.0,1.0,2.0,3.0,1.0,,2.0,2.0,1.0,1.0,1.0,1.0,1.0,2.0,1.0,2.0,2.0,4.0,1.0,1.0,3.0,2.0,2.0,3.0,2.0,3.0,3.0,3.0,,5.0,,,,,,3.0,27.0
41,1.0,192.0,42.0,2.0,1.0,3.0,5.0,6.0,1.0,3.0,5.0,2.0,2.0,5.0,3.0,3.0,2.0,1.0,2.0,2.0,0.0,1.0,2.0,3.0,2.0,2.0,2.0,2.0,1.0,2.0,2.0,1.0,1.0,2.0,2.0,4.0,1.0,2.0,2.0,3.0,2.0,,2.0,2.0,1.0,1.0,1.0,2.0,2.0,3.0,2.0,2.0,1.0,1.0,1.0,1.0,3.0,2.0,2.0,3.0,2.0,3.0,3.0,2.0,,4.0,,,,,,3.0,16.0
42,1.0,192.0,43.0,2.0,1.0,2.0,5.0,8.0,1.0,3.0,5.0,2.0,2.0,4.0,2.0,2.0,3.0,1.0,3.0,1.0,1.0,3.0,1.0,3.0,1.0,1.0,2.0,4.0,2.0,1.0,2.0,2.0,1.0,1.0,1.0,2.0,1.0,1.0,2.0,2.0,1.0,,2.0,2.0,1.0,1.0,1.0,1.0,1.0,1.0,1.0,3.0,1.0,4.0,1.0,1.0,3.0,3.0,3.0,3.0,2.0,3.0,3.0,2.0,,5.0,,,,,,1.0,76.0
43,1.0,192.0,44.0,2.0,2.0,3.0,5.0,7.0,1.0,3.0,5.0,2.0,2.0,6.0,2.0,2.0,2.0,2.0,2.0,2.0,1.0,4.0,2.0,3.0,1.0,3.0,2.0,3.0,1.0,4.0,1.0,3.0,3.0,2.0,2.0,4.0,1.0,2.0,2.0,2.0,1.0,,2.0,2.0,1.0,1.0,1.0,1.0,2.0,1.0,1.0,2.0,2.0,2.0,1.0,2.0,2.0,2.0,1.0,3.0,2.0,3.0,2.0,2.0,,2.0,,,,,,1.0,52.0
44,1.0,192.0,45.0,2.0,2.0,2.0,5.0,7.0,1.0,3.0,5.0,2.0,2.0,6.0,2.0,2.0,2.0,2.0,2.0,2.0,2.0,2.0,2.0,1.0,1.0,2.0,1.0,3.0,2.0,2.0,2.0,2.0,3.0,1.0,2.0,3.0,3.0,2.0,2.0,2.0,1.0,,2.0,2.0,1.0,3.0,1.0,1.0,1.0,3.0,1.0,3.0,1.0,1.0,2.0,1.0,2.0,2.0,2.0,3.0,2.0,2.0,2.0,3.0,,4.0,,,,,,1.0,44.0
45,1.0,192.0,46.0,2.0,2.0,2.0,5.0,6.0,1.0,3.0,5.0,2.0,2.0,5.0,6.0,6.0,1.0,1.0,2.0,2.0,1.0,4.0,2.0,3.0,1.0,1.0,1.0,4.0,1.0,2.0,1.0,2.0,3.0,3.0,1.0,4.0,2.0,2.0,2.0,3.0,1.0,,2.0,2.0,2.0,1.0,1.0,2.0,1.0,3.0,1.0,1.0,1.0,1.0,1.0,3.0,3.0,2.0,3.0,3.0,1.0,3.0,2.0,3.0,,1.0,,,,,,1.0,80.0
46,1.0,192.0,47.0,2.0,2.0,3.0,5.0,6.0,1.0,3.0,5.0,2.0,2.0,6.0,6.0,6.0,3.0,4.0,2.0,3.0,1.0,1.0,4.0,3.0,2.0,2.0,1.0,4.0,1.0,3.0,4.0,2.0,2.0,2.0,1.0,4.0,1.0,4.0,1.0,1.0,1.0,,3.0,4.0,3.0,2.0,1.0,1.0,2.0,1.0,2.0,3.0,2.0,1.0,1.0,2.0,3.0,3.0,2.0,3.0,2.0,3.0,3.0,3.0,,5.0,,,,,,1.0,87.0
47,1.0,192.0,48.0,2.0,2.0,2.0,5.0,6.0,1.0,3.0,5.0,2.0,2.0,5.0,1.0,1.0,2.0,1.0,2.0,2.0,1.0,4.0,2.0,3.0,1.0,1.0,1.0,4.0,1.0,4.0,2.0,2.0,3.0,2.0,1.0,3.0,3.0,3.0,2.0,2.0,2.0,,5.0,3.0,4.0,1.0,1.0,1.0,2.0,1.0,1.0,2.0,2.0,2.0,2.0,1.0,3.0,3.0,1.0,3.0,2.0,3.0,3.0,2.0,,5.0,,,,,,1.0,86.0
48,1.0,192.0,49.0,2.0,2.0,2.0,5.0,7.0,1.0,3.0,5.0,2.0,2.0,4.0,1.0,1.0,2.0,3.0,2.0,2.0,1.0,2.0,3.0,3.0,3.0,1.0,2.0,3.0,1.0,3.0,3.0,2.0,3.0,2.0,1.0,3.0,2.0,2.0,2.0,2.0,1.0,,5.0,2.0,4.0,3.0,1.0,1.0,1.0,1.0,1.0,2.0,2.0,1.0,1.0,1.0,3.0,3.0,2.0,3.0,3.0,3.0,3.0,3.0,,2.0,,,,,,1.0,67.0
49,1.0,192.0,50.0,2.0,2.0,2.0,5.0,6.0,1.0,3.0,5.0,2.0,2.0,5.0,7.0,2.0,2.0,2.0,2.0,2.0,1.0,4.0,2.0,1.0,1.0,1.0,1.0,4.0,2.0,1.0,1.0,2.0,3.0,3.0,2.0,3.0,1.0,1.0,2.0,2.0,1.0,,2.0,2.0,1.0,1.0,1.0,1.0,1.0,1.0,1.0,2.0,2.0,1.0,1.0,2.0,3.0,3.0,2.0,3.0,3.0,3.0,3.0,3.0,,2.0,,,,,,5.0,14.0
50,1.0,192.0,51.0,2.0,1.0,3.0,5.0,6.0,1.0,3.0,5.0,2.0,2.0,5.0,6.0,2.0,2.0,1.0,2.0,1.0,1.0,2.0,1.0,1.0,1.0,2.0,1.0,0.0,1.0,1.0,1.0,2.0,3.0,2.0,2.0,3.0,1.0,1.0,2.0,2.0,1.0,,2.0,2.0,1.0,1.0,1.0,1.0,1.0,1.0,1.0,2.0,1.0,2.0,1.0,1.0,3.0,3.0,2.0,3.0,2.0,3.0,3.0,0.0,,4.0,,,,,,5.0,5.0
51,1.0,192.0,52.0,2.0,1.0,3.0,5.0,6.0,1.0,3.0,5.0,2.0,2.0,5.0,5.0,2.0,1.0,1.0,2.0,1.0,1.0,4.0,1.0,1.0,1.0,1.0,1.0,4.0,1.0,1.0,1.0,2.0,1.0,2.0,2.0,4.0,1.0,1.0,2.0,2.0,1.0,,2.0,2.0,1.0,1.0,1.0,1.0,1.0,1.0,1.0,2.0,2.0,2.0,1.0,2.0,3.0,2.0,1.0,3.0,2.0,3.0,3.0,3.0,,5.0,,,,,,5.0,4.0
52,1.0,192.0,53.0,2.0,1.0,3.0,5.0,6.0,1.0,3.0,5.0,2.0,2.0,5.0,7.0,2.0,1.0,1.0,2.0,1.0,1.0,3.0,2.0,1.0,1.0,1.0,1.0,4.0,1.0,1.0,1.0,2.0,2.0,3.0,2.0,3.0,1.0,1.0,2.0,3.0,1.0,,2.0,2.0,1.0,1.0,1.0,1.0,2.0,3.0,1.0,2.0,1.0,4.0,1.0,1.0,2.0,3.0,2.0,3.0,1.0,3.0,2.0,2.0,,3.0,,,,,,5.0,17.0
53,1.0,192.0,54.0,2.0,2.0,2.0,5.0,6.0,1.0,3.0,5.0,2.0,2.0,4.0,5.0,2.0,5.0,1.0,2.0,2.0,1.0,2.0,2.0,1.0,1.0,2.0,2.0,4.0,2.0,1.0,1.0,2.0,1.0,1.0,1.0,3.0,1.0,2.0,2.0,2.0,2.0,,2.0,2.0,1.0,1.0,1.0,2.0,2.0,1.0,1.0,1.0,2.0,1.0,1.0,2.0,3.0,3.0,2.0,2.0,2.0,3.0,2.0,2.0,,6.0,,,,,,5.0,25.0
54,1.0,192.0,55.0,2.0,2.0,3.0,5.0,6.0,1.0,3.0,5.0,2.0,2.0,5.0,7.0,1.0,2.0,2.0,2.0,2.0,1.0,4.0,2.0,1.0,2.0,3.0,2.0,2.0,1.0,1.0,2.0,2.0,3.0,3.0,2.0,4.0,1.0,2.0,2.0,2.0,2.0,,2.0,2.0,1.0,3.0,1.0,1.0,1.0,1.0,1.0,2.0,1.0,4.0,1.0,1.0,2.0,3.0,2.0,2.0,2.0,2.0,2.0,2.0,,2.0,,,,,,5.0,21.0
55,1.0,192.0,56.0,2.0,2.0,2.0,5.0,6.0,1.0,3.0,5.0,2.0,2.0,5.0,7.0,2.0,2.0,2.0,2.0,2.0,1.0,2.0,3.0,1.0,1.0,1.0,1.0,4.0,1.0,1.0,2.0,1.0,2.0,2.0,1.0,2.0,1.0,2.0,1.0,3.0,2.0,,2.0,2.0,1.0,2.0,1.0,1.0,1.0,1.0,1.0,2.0,2.0,2.0,2.0,2.0,3.0,2.0,1.0,3.0,1.0,2.0,3.0,2.0,,5.0,,,,,,5.0,13.0
56,1.0,192.0,57.0,2.0,2.0,3.0,5.0,7.0,1.0,3.0,5.0,2.0,2.0,5.0,5.0,2.0,5.0,1.0,2.0,2.0,1.0,2.0,2.0,1.0,1.0,1.0,2.0,4.0,2.0,1.0,1.0,2.0,1.0,1.0,1.0,3.0,1.0,2.0,2.0,3.0,2.0,,3.0,3.0,1.0,1.0,1.0,2.0,2.0,1.0,1.0,1.0,2.0,1.0,1.0,2.0,3.0,3.0,2.0,2.0,2.0,3.0,2.0,2.0,,6.0,,,,,,5.0,24.0
57,1.0,192.0,58.0,2.0,2.0,2.0,5.0,6.0,1.0,3.0,5.0,2.0,2.0,4.0,5.0,2.0,2.0,1.0,2.0,1.0,1.0,2.0,2.0,1.0,1.0,1.0,2.0,4.0,1.0,1.0,1.0,2.0,2.0,2.0,2.0,4.0,1.0,1.0,2.0,2.0,1.0,,2.0,3.0,1.0,2.0,1.0,1.0,1.0,1.0,1.0,2.0,2.0,4.0,1.0,1.0,3.0,3.0,2.0,3.0,3.0,3.0,3.0,3.0,,5.0,,,,,,5.0,11.0
58,1.0,192.0,59.0,2.0,1.0,2.0,5.0,7.0,1.0,3.0,5.0,2.0,2.0,5.0,5.0,1.0,2.0,1.0,2.0,1.0,1.0,1.0,1.0,1.0,1.0,3.0,1.0,3.0,1.0,2.0,1.0,1.0,3.0,1.0,1.0,3.0,1.0,2.0,2.0,2.0,1.0,,2.0,3.0,2.0,1.0,1.0,1.0,2.0,1.0,1.0,1.0,2.0,4.0,1.0,1.0,3.0,2.0,2.0,3.0,2.0,2.0,3.0,2.0,,5.0,,,,,,5.0,6.0
59,1.0,192.0,60.0,2.0,1.0,2.0,1.0,6.0,1.0,3.0,5.0,2.0,2.0,2.0,2.0,2.0,3.0,3.0,2.0,3.0,2.0,1.0,3.0,1.0,1.0,1.0,1.0,4.0,1.0,4.0,1.0,1.0,1.0,1.0,1.0,3.0,2.0,2.0,1.0,2.0,1.0,,2.0,2.0,1.0,1.0,1.0,1.0,1.0,1.0,2.0,2.0,1.0,1.0,1.0,1.0,3.0,2.0,3.0,3.0,2.0,3.0,3.0,3.0,,5.0,,,,,,2.0,32.0
60,1.0,192.0,61.0,2.0,1.0,2.0,1.0,7.0,1.0,3.0,5.0,2.0,2.0,2.0,2.0,2.0,2.0,1.0,2.0,1.0,1.0,2.0,2.0,3.0,1.0,1.0,1.0,4.0,1.0,2.0,1.0,2.0,1.0,1.0,1.0,3.0,1.0,2.0,2.0,2.0,2.0,,2.0,2.0,1.0,1.0,1.0,1.0,2.0,1.0,1.0,2.0,2.0,3.0,2.0,1.0,2.0,3.0,2.0,3.0,2.0,2.0,2.0,2.0,,5.0,,,,,,2.0,15.0
61,1.0,192.0,62.0,2.0,2.0,2.0,6.0,7.0,1.0,3.0,5.0,0.0,2.0,5.0,7.0,2.0,2.0,2.0,0.0,2.0,0.0,2.0,2.0,1.0,1.0,1.0,1.0,1.0,2.0,1.0,1.0,2.0,1.0,2.0,2.0,2.0,1.0,1.0,2.0,2.0,1.0,,2.0,2.0,1.0,1.0,1.0,2.0,2.0,1.0,1.0,2.0,2.0,2.0,2.0,1.0,3.0,3.0,2.0,3.0,2.0,3.0,2.0,2.0,,2.0,,,,,,5.0,26.0
62,1.0,192.0,63.0,2.0,2.0,2.0,7.0,7.0,1.0,3.0,5.0,1.0,2.0,5.0,5.0,5.0,2.0,1.0,1.0,1.0,1.0,2.0,2.0,3.0,1.0,2.0,2.0,3.0,2.0,1.0,1.0,2.0,0.0,3.0,2.0,3.0,1.0,1.0,2.0,3.0,2.0,,2.0,2.0,2.0,1.0,1.0,2.0,2.0,1.0,2.0,2.0,2.0,2.0,2.0,1.0,3.0,2.0,2.0,3.0,2.0,3.0,3.0,2.0,,5.0,,,,,,5.0,0.0
63,1.0,192.0,64.0,2.0,1.0,2.0,7.0,5.0,1.0,3.0,5.0,1.0,2.0,4.0,2.0,2.0,1.0,1.0,2.0,2.0,1.0,2.0,1.0,1.0,1.0,2.0,2.0,4.0,2.0,1.0,1.0,3.0,0.0,2.0,0.0,3.0,1.0,1.0,2.0,2.0,1.0,,2.0,3.0,1.0,1.0,1.0,1.0,1.0,1.0,1.0,2.0,1.0,3.0,1.0,3.0,3.0,2.0,2.0,3.0,2.0,2.0,2.0,3.0,,5.0,,,,,,5.0,22.0
64,1.0,192.0,65.0,2.0,1.0,2.0,7.0,6.0,1.0,3.0,5.0,1.0,2.0,2.0,2.0,2.0,1.0,2.0,2.0,1.0,1.0,2.0,5.0,3.0,1.0,1.0,1.0,3.0,2.0,1.0,1.0,2.0,2.0,2.0,1.0,3.0,1.0,1.0,2.0,2.0,1.0,,2.0,2.0,1.0,3.0,1.0,1.0,1.0,1.0,1.0,1.0,2.0,3.0,1.0,1.0,3.0,2.0,2.0,3.0,3.0,3.0,3.0,3.0,,5.0,,,,,,5.0,9.0
65,1.0,192.0,66.0,2.0,1.0,3.0,7.0,7.0,1.0,3.0,5.0,1.0,2.0,5.0,6.0,2.0,2.0,1.0,2.0,2.0,1.0,2.0,1.0,1.0,1.0,1.0,1.0,3.0,2.0,2.0,2.0,2.0,2.0,3.0,2.0,3.0,1.0,2.0,2.0,3.0,1.0,,2.0,2.0,1.0,1.0,1.0,1.0,1.0,1.0,1.0,2.0,2.0,3.0,1.0,1.0,3.0,3.0,2.0,3.0,3.0,3.0,3.0,3.0,,5.0,,,,,,5.0,12.0
66,1.0,192.0,67.0,2.0,2.0,0.0,5.0,7.0,1.0,3.0,5.0,0.0,2.0,5.0,2.0,2.0,0.0,1.0,1.0,0.0,1.0,1.0,3.0,3.0,0.0,0.0,0.0,0.0,1.0,2.0,1.0,0.0,1.0,1.0,1.0,0.0,1.0,1.0,0.0,0.0,1.0,,0.0,3.0,2.0,2.0,1.0,2.0,2.0,1.0,1.0,2.0,1.0,0.0,1.0,1.0,3.0,3.0,2.0,3.0,3.0,2.0,3.0,2.0,,0.0,,,,,,1.0,0.0
67,1.0,192.0,68.0,2.0,2.0,2.0,7.0,7.0,1.0,3.0,5.0,1.0,2.0,5.0,6.0,6.0,1.0,1.0,2.0,1.0,1.0,3.0,2.0,1.0,1.0,1.0,1.0,4.0,1.0,1.0,3.0,2.0,3.0,2.0,2.0,3.0,2.0,1.0,2.0,3.0,2.0,,2.0,2.0,1.0,3.0,1.0,2.0,1.0,1.0,1.0,2.0,2.0,2.0,1.0,1.0,3.0,3.0,2.0,3.0,3.0,3.0,3.0,2.0,,5.0,,,,,,2.0,89.0
68,1.0,192.0,69.0,2.0,1.0,3.0,7.0,6.0,3.0,3.0,4.0,1.0,2.0,5.0,2.0,2.0,1.0,1.0,2.0,1.0,1.0,2.0,1.0,1.0,1.0,1.0,1.0,4.0,1.0,1.0,1.0,2.0,1.0,2.0,1.0,3.0,1.0,3.0,2.0,2.0,1.0,,2.0,2.0,1.0,1.0,1.0,1.0,1.0,1.0,1.0,2.0,1.0,2.0,1.0,1.0,3.0,3.0,2.0,3.0,2.0,2.0,3.0,3.0,,5.0,,,,,,1.0,18.0
69,1.0,192.0,70.0,2.0,3.0,2.0,7.0,6.0,1.0,3.0,5.0,1.0,2.0,6.0,6.0,6.0,1.0,1.0,2.0,1.0,1.0,3.0,2.0,3.0,1.0,3.0,1.0,3.0,2.0,2.0,1.0,2.0,1.0,1.0,1.0,2.0,1.0,1.0,1.0,2.0,2.0,,2.0,2.0,1.0,1.0,1.0,1.0,1.0,3.0,1.0,2.0,2.0,2.0,1.0,1.0,3.0,3.0,2.0,3.0,3.0,2.0,3.0,3.0,,6.0,,,,,,2.0,8.0
70,1.0,192.0,71.0,2.0,3.0,2.0,7.0,8.0,1.0,3.0,5.0,1.0,2.0,5.0,6.0,6.0,2.0,1.0,1.0,2.0,1.0,3.0,1.0,3.0,1.0,1.0,2.0,4.0,1.0,2.0,1.0,2.0,2.0,4.0,2.0,4.0,2.0,2.0,2.0,2.0,1.0,,1.0,2.0,1.0,1.0,1.0,1.0,1.0,1.0,1.0,2.0,1.0,3.0,1.0,1.0,3.0,3.0,2.0,3.0,2.0,3.0,3.0,3.0,,3.0,,,,,,2.0,5.0
71,1.0,192.0,72.0,2.0,1.0,2.0,7.0,4.0,1.0,3.0,5.0,1.0,2.0,5.0,6.0,6.0,1.0,1.0,2.0,1.0,1.0,4.0,1.0,1.0,1.0,1.0,1.0,4.0,1.0,1.0,1.0,2.0,1.0,1.0,1.0,1.0,1.0,1.0,2.0,2.0,1.0,,1.0,1.0,1.0,1.0,1.0,1.0,1.0,1.0,1.0,2.0,2.0,3.0,1.0,1.0,3.0,3.0,2.0,3.0,3.0,3.0,3.0,3.0,,5.0,,,,,,2.0,50.0
72,1.0,192.0,73.0,2.0,2.0,3.0,7.0,6.0,1.0,3.0,5.0,1.0,2.0,5.0,6.0,5.0,5.0,1.0,2.0,2.0,2.0,2.0,2.0,3.0,3.0,0.0,1.0,3.0,2.0,1.0,2.0,2.0,1.0,1.0,1.0,2.0,3.0,2.0,0.0,2.0,2.0,,2.0,2.0,1.0,1.0,1.0,1.0,1.0,1.0,1.0,2.0,2.0,2.0,2.0,2.0,2.0,2.0,2.0,3.0,2.0,3.0,3.0,0.0,,6.0,,,,,,4.0,3.0
73,1.0,192.0,74.0,2.0,1.0,3.0,7.0,7.0,3.0,3.0,4.0,1.0,2.0,5.0,7.0,7.0,2.0,2.0,2.0,3.0,2.0,1.0,1.0,3.0,3.0,2.0,2.0,4.0,2.0,2.0,1.0,1.0,2.0,4.0,2.0,3.0,1.0,2.0,2.0,2.0,1.0,,2.0,2.0,1.0,2.0,2.0,1.0,2.0,1.0,1.0,3.0,2.0,2.0,2.0,1.0,3.0,2.0,2.0,3.0,3.0,3.0,3.0,3.0,,5.0,,,,,,2.0,44.0
74,1.0,192.0,75.0,2.0,3.0,1.0,7.0,6.0,1.0,3.0,5.0,1.0,2.0,5.0,6.0,6.0,1.0,1.0,1.0,1.0,1.0,4.0,1.0,1.0,1.0,1.0,2.0,4.0,2.0,1.0,1.0,2.0,1.0,1.0,1.0,2.0,3.0,1.0,2.0,2.0,2.0,,2.0,2.0,1.0,1.0,1.0,2.0,1.0,1.0,1.0,2.0,1.0,1.0,1.0,1.0,3.0,3.0,2.0,3.0,1.0,3.0,2.0,3.0,,4.0,,,,,,2.0,99.0
75,1.0,192.0,76.0,2.0,1.0,3.0,6.0,6.0,1.0,3.0,5.0,1.0,2.0,2.0,2.0,2.0,5.0,1.0,2.0,1.0,1.0,3.0,1.0,1.0,1.0,2.0,2.0,4.0,1.0,1.0,1.0,2.0,1.0,1.0,1.0,3.0,2.0,2.0,2.0,2.0,1.0,,1.0,1.0,1.0,1.0,1.0,1.0,2.0,1.0,1.0,2.0,2.0,2.0,1.0,1.0,3.0,2.0,1.0,3.0,1.0,3.0,3.0,3.0,,5.0,,,,,,2.0,39.0
76,1.0,192.0,77.0,2.0,2.0,4.0,6.0,6.0,1.0,3.0,5.0,1.0,2.0,6.0,6.0,6.0,5.0,1.0,2.0,2.0,1.0,2.0,4.0,2.0,2.0,3.0,2.0,4.0,1.0,2.0,3.0,2.0,1.0,2.0,1.0,2.0,1.0,1.0,1.0,2.0,3.0,,1.0,2.0,1.0,1.0,1.0,2.0,1.0,3.0,1.0,1.0,2.0,0.0,1.0,1.0,3.0,3.0,1.0,3.0,2.0,3.0,3.0,3.0,,5.0,,,,,,2.0,6.0
77,1.0,192.0,78.0,2.0,2.0,2.0,6.0,6.0,1.0,3.0,5.0,1.0,2.0,5.0,6.0,6.0,1.0,1.0,2.0,1.0,1.0,2.0,2.0,1.0,1.0,1.0,1.0,3.0,2.0,1.0,1.0,2.0,1.0,1.0,1.0,2.0,1.0,2.0,2.0,2.0,2.0,,2.0,2.0,1.0,1.0,1.0,1.0,1.0,2.0,1.0,2.0,2.0,3.0,1.0,1.0,3.0,3.0,2.0,1.0,3.0,3.0,2.0,2.0,,5.0,,,,,,2.0,25.0
78,1.0,192.0,79.0,2.0,2.0,2.0,6.0,6.0,1.0,3.0,5.0,1.0,2.0,5.0,6.0,6.0,1.0,1.0,2.0,2.0,1.0,4.0,1.0,1.0,1.0,1.0,2.0,4.0,2.0,1.0,1.0,3.0,3.0,3.0,1.0,2.0,3.0,1.0,2.0,2.0,1.0,,1.0,2.0,1.0,1.0,1.0,2.0,2.0,2.0,1.0,2.0,1.0,2.0,1.0,1.0,3.0,3.0,2.0,3.0,3.0,3.0,1.0,2.0,,4.0,,,,,,2.0,46.0
79,1.0,192.0,80.0,2.0,2.0,2.0,6.0,7.0,1.0,3.0,5.0,1.0,2.0,5.0,2.0,2.0,5.0,1.0,2.0,4.0,1.0,4.0,1.0,3.0,1.0,2.0,2.0,4.0,2.0,3.0,3.0,3.0,3.0,2.0,1.0,4.0,1.0,4.0,2.0,2.0,1.0,,3.0,3.0,1.0,2.0,1.0,1.0,1.0,1.0,1.0,1.0,2.0,3.0,1.0,1.0,3.0,3.0,1.0,3.0,2.0,3.0,2.0,1.0,,5.0,,,,,,1.0,73.0
80,1.0,192.0,81.0,2.0,2.0,2.0,6.0,8.0,1.0,3.0,5.0,1.0,2.0,5.0,2.0,2.0,1.0,1.0,1.0,2.0,1.0,2.0,2.0,3.0,1.0,2.0,1.0,4.0,2.0,2.0,2.0,3.0,3.0,2.0,1.0,2.0,3.0,2.0,2.0,2.0,1.0,,2.0,3.0,1.0,2.0,1.0,1.0,2.0,1.0,0.0,2.0,1.0,2.0,1.0,2.0,3.0,3.0,2.0,3.0,2.0,3.0,3.0,3.0,,2.0,,,,,,1.0,49.0
81,1.0,192.0,82.0,2.0,3.0,1.0,6.0,6.0,1.0,3.0,5.0,1.0,2.0,5.0,2.0,2.0,1.0,1.0,1.0,2.0,1.0,3.0,1.0,1.0,1.0,1.0,0.0,0.0,1.0,1.0,1.0,2.0,0.0,1.0,1.0,2.0,1.0,1.0,3.0,2.0,1.0,,2.0,2.0,1.0,1.0,1.0,1.0,2.0,1.0,1.0,2.0,2.0,3.0,1.0,1.0,3.0,3.0,2.0,3.0,2.0,3.0,3.0,3.0,,4.0,,,,,,1.0,6.0
82,1.0,192.0,83.0,2.0,1.0,3.0,6.0,0.0,1.0,3.0,5.0,1.0,2.0,5.0,2.0,2.0,1.0,3.0,2.0,2.0,2.0,2.0,3.0,1.0,1.0,1.0,2.0,4.0,2.0,2.0,2.0,1.0,3.0,1.0,1.0,2.0,1.0,1.0,2.0,2.0,1.0,,2.0,2.0,1.0,3.0,2.0,1.0,1.0,2.0,2.0,2.0,3.0,3.0,3.0,1.0,3.0,3.0,2.0,3.0,2.0,3.0,3.0,2.0,,5.0,,,,,,1.0,45.0
83,1.0,192.0,84.0,2.0,1.0,3.0,6.0,7.0,1.0,3.0,5.0,1.0,2.0,4.0,2.0,2.0,1.0,2.0,2.0,2.0,1.0,3.0,2.0,3.0,3.0,1.0,1.0,4.0,1.0,2.0,2.0,2.0,1.0,1.0,1.0,2.0,1.0,2.0,2.0,2.0,1.0,,2.0,2.0,1.0,1.0,1.0,1.0,2.0,2.0,1.0,2.0,2.0,3.0,1.0,1.0,3.0,3.0,2.0,3.0,2.0,3.0,3.0,3.0,,6.0,,,,,,1.0,8.0
84,1.0,192.0,85.0,2.0,1.0,3.0,6.0,6.0,1.0,3.0,5.0,1.0,2.0,5.0,6.0,6.0,2.0,3.0,2.0,3.0,1.0,1.0,4.0,3.0,2.0,0.0,2.0,3.0,2.0,1.0,3.0,2.0,1.0,1.0,1.0,3.0,1.0,3.0,2.0,2.0,0.0,,2.0,2.0,1.0,1.0,1.0,2.0,1.0,1.0,1.0,1.0,2.0,1.0,0.0,2.0,3.0,3.0,1.0,3.0,2.0,3.0,1.0,3.0,,5.0,,,,,,1.0,1.0
85,1.0,192.0,86.0,2.0,2.0,2.0,6.0,7.0,1.0,3.0,5.0,1.0,2.0,6.0,7.0,2.0,3.0,2.0,2.0,2.0,1.0,1.0,3.0,2.0,1.0,3.0,1.0,4.0,2.0,4.0,3.0,2.0,1.0,2.0,1.0,5.0,2.0,4.0,1.0,2.0,1.0,,2.0,0.0,1.0,2.0,2.0,2.0,2.0,1.0,1.0,3.0,2.0,3.0,1.0,1.0,3.0,3.0,3.0,3.0,2.0,3.0,3.0,3.0,,5.0,,,,,,1.0,93.0
86,1.0,192.0,87.0,2.0,1.0,3.0,6.0,7.0,1.0,3.0,5.0,1.0,2.0,4.0,2.0,2.0,5.0,4.0,2.0,3.0,3.0,1.0,4.0,3.0,2.0,2.0,3.0,3.0,3.0,4.0,5.0,2.0,3.0,2.0,2.0,5.0,1.0,2.0,2.0,2.0,2.0,,2.0,3.0,2.0,3.0,3.0,1.0,1.0,1.0,2.0,2.0,2.0,2.0,2.0,2.0,3.0,3.0,2.0,3.0,2.0,3.0,3.0,3.0,,5.0,,,,,,1.0,56.0
87,1.0,192.0,88.0,2.0,1.0,1.0,7.0,6.0,1.0,3.0,5.0,2.0,2.0,5.0,6.0,5.0,1.0,1.0,2.0,1.0,1.0,1.0,4.0,3.0,2.0,0.0,2.0,4.0,1.0,1.0,4.0,2.0,1.0,4.0,2.0,1.0,2.0,2.0,2.0,2.0,1.0,,2.0,2.0,1.0,1.0,1.0,1.0,1.0,1.0,2.0,3.0,1.0,3.0,1.0,2.0,3.0,3.0,3.0,3.0,3.0,3.0,3.0,0.0,,5.0,,,,,,4.0,13.0
88,1.0,192.0,89.0,2.0,2.0,2.0,7.0,6.0,1.0,3.0,5.0,2.0,2.0,5.0,6.0,6.0,1.0,1.0,2.0,2.0,1.0,2.0,2.0,1.0,3.0,1.0,2.0,4.0,1.0,1.0,3.0,2.0,1.0,1.0,1.0,2.0,1.0,1.0,2.0,2.0,2.0,,1.0,1.0,1.0,1.0,1.0,2.0,2.0,2.0,1.0,1.0,2.0,3.0,1.0,1.0,3.0,2.0,2.0,2.0,2.0,2.0,3.0,1.0,,1.0,,,,,,4.0,16.0
89,1.0,192.0,90.0,2.0,2.0,2.0,7.0,6.0,1.0,3.0,5.0,2.0,2.0,5.0,6.0,6.0,2.0,1.0,0.0,1.0,1.0,2.0,2.0,1.0,1.0,1.0,2.0,3.0,1.0,1.0,2.0,2.0,1.0,1.0,1.0,3.0,1.0,2.0,2.0,2.0,1.0,,2.0,1.0,1.0,1.0,1.0,2.0,2.0,1.0,1.0,2.0,2.0,1.0,2.0,1.0,2.0,3.0,2.0,3.0,1.0,3.0,2.0,2.0,,6.0,,,,,,4.0,7.0
90,1.0,192.0,91.0,2.0,1.0,2.0,7.0,7.0,1.0,3.0,5.0,2.0,2.0,5.0,5.0,5.0,1.0,1.0,2.0,3.0,1.0,1.0,4.0,3.0,2.0,2.0,2.0,4.0,2.0,3.0,4.0,2.0,1.0,1.0,1.0,4.0,1.0,1.0,1.0,2.0,1.0,,1.0,2.0,2.0,1.0,2.0,2.0,1.0,1.0,1.0,2.0,2.0,2.0,3.0,1.0,3.0,3.0,3.0,3.0,3.0,3.0,3.0,3.0,,5.0,,,,,,4.0,15.0
91,1.0,192.0,92.0,2.0,2.0,2.0,7.0,7.0,1.0,3.0,5.0,2.0,2.0,5.0,6.0,5.0,1.0,2.0,2.0,2.0,1.0,2.0,2.0,1.0,1.0,1.0,2.0,4.0,1.0,1.0,2.0,2.0,1.0,2.0,1.0,2.0,1.0,2.0,2.0,2.0,1.0,,2.0,2.0,1.0,1.0,1.0,2.0,1.0,1.0,1.0,2.0,2.0,2.0,1.0,1.0,3.0,3.0,2.0,3.0,2.0,3.0,3.0,3.0,,4.0,,,,,,4.0,20.0
92,1.0,192.0,93.0,2.0,3.0,1.0,7.0,6.0,1.0,3.0,5.0,2.0,2.0,5.0,6.0,1.0,1.0,1.0,1.0,4.0,1.0,2.0,4.0,3.0,1.0,1.0,1.0,3.0,1.0,1.0,1.0,0.0,3.0,0.0,2.0,0.0,3.0,1.0,1.0,2.0,3.0,,5.0,0.0,4.0,2.0,1.0,1.0,1.0,3.0,1.0,3.0,1.0,3.0,1.0,1.0,3.0,3.0,2.0,3.0,2.0,3.0,1.0,3.0,,5.0,,,,,,2.0,7.0
93,1.0,192.0,94.0,2.0,2.0,2.0,7.0,6.0,1.0,3.0,5.0,2.0,2.0,5.0,6.0,6.0,1.0,1.0,2.0,3.0,1.0,2.0,3.0,1.0,1.0,1.0,0.0,4.0,1.0,1.0,1.0,1.0,2.0,3.0,2.0,3.0,2.0,1.0,2.0,2.0,1.0,,2.0,2.0,1.0,1.0,1.0,1.0,1.0,2.0,1.0,2.0,2.0,1.0,1.0,1.0,3.0,3.0,2.0,2.0,2.0,3.0,3.0,2.0,,1.0,,,,,,2.0,67.0
94,1.0,192.0,95.0,2.0,2.0,3.0,7.0,7.0,3.0,3.0,4.0,2.0,2.0,5.0,6.0,6.0,2.0,2.0,2.0,2.0,1.0,2.0,2.0,3.0,1.0,1.0,1.0,4.0,1.0,1.0,2.0,3.0,2.0,4.0,2.0,3.0,2.0,1.0,2.0,2.0,1.0,,2.0,2.0,1.0,3.0,1.0,1.0,2.0,1.0,1.0,2.0,1.0,2.0,3.0,2.0,3.0,2.0,2.0,2.0,1.0,3.0,3.0,1.0,,5.0,,,,,,2.0,40.0
95,1.0,192.0,96.0,2.0,1.0,2.0,7.0,7.0,4.0,3.0,4.0,2.0,2.0,5.0,6.0,1.0,2.0,2.0,2.0,1.0,1.0,1.0,2.0,3.0,1.0,1.0,1.0,4.0,1.0,1.0,1.0,2.0,2.0,1.0,1.0,3.0,2.0,4.0,1.0,3.0,1.0,,2.0,3.0,1.0,1.0,1.0,1.0,2.0,1.0,1.0,2.0,2.0,4.0,1.0,1.0,3.0,3.0,0.0,3.0,2.0,3.0,3.0,3.0,,5.0,,,,,,1.0,51.0
96,1.0,192.0,97.0,2.0,2.0,5.0,7.0,5.0,1.0,3.0,5.0,2.0,2.0,5.0,2.0,2.0,5.0,4.0,1.0,3.0,1.0,3.0,4.0,3.0,1.0,1.0,2.0,3.0,2.0,4.0,3.0,3.0,3.0,3.0,2.0,5.0,1.0,1.0,2.0,2.0,1.0,,2.0,3.0,1.0,3.0,1.0,1.0,2.0,0.0,2.0,0.0,2.0,2.0,1.0,2.0,3.0,2.0,1.0,3.0,1.0,3.0,3.0,2.0,,5.0,,,,,,1.0,77.0
97,1.0,192.0,98.0,2.0,2.0,2.0,7.0,6.0,1.0,3.0,5.0,2.0,2.0,5.0,2.0,2.0,5.0,2.0,2.0,2.0,2.0,1.0,4.0,3.0,3.0,2.0,0.0,4.0,2.0,1.0,1.0,2.0,1.0,1.0,1.0,4.0,1.0,2.0,2.0,3.0,1.0,,2.0,2.0,1.0,1.0,0.0,1.0,3.0,0.0,2.0,0.0,1.0,1.0,1.0,1.0,3.0,3.0,1.0,3.0,1.0,3.0,3.0,0.0,,1.0,,,,,,1.0,74.0
98,1.0,192.0,99.0,2.0,1.0,0.0,7.0,5.0,1.0,3.0,5.0,2.0,2.0,5.0,2.0,1.0,2.0,2.0,2.0,2.0,1.0,2.0,2.0,1.0,1.0,3.0,1.0,4.0,1.0,1.0,2.0,2.0,3.0,2.0,2.0,2.0,1.0,1.0,2.0,2.0,1.0,,2.0,2.0,1.0,3.0,1.0,1.0,1.0,3.0,1.0,1.0,2.0,4.0,1.0,1.0,3.0,3.0,3.0,3.0,3.0,3.0,3.0,3.0,,2.0,,,,,,1.0,50.0
99,1.0,192.0,100.0,2.0,1.0,2.0,7.0,7.0,3.0,3.0,1.0,2.0,2.0,5.0,2.0,2.0,1.0,1.0,2.0,1.0,1.0,1.0,1.0,1.0,1.0,1.0,1.0,4.0,1.0,1.0,1.0,2.0,1.0,1.0,1.0,1.0,2.0,2.0,2.0,2.0,1.0,,2.0,2.0,1.0,2.0,1.0,1.0,2.0,3.0,1.0,3.0,1.0,2.0,1.0,1.0,3.0,3.0,1.0,3.0,1.0,3.0,3.0,3.0,,4.0,,,,,,1.0,97.0
100,1.0,192.0,101.0,2.0,1.0,2.0,6.0,6.0,1.0,3.0,5.0,2.0,2.0,5.0,6.0,6.0,2.0,1.0,2.0,1.0,1.0,4.0,1.0,1.0,1.0,1.0,2.0,4.0,1.0,1.0,1.0,2.0,2.0,2.0,1.0,5.0,1.0,1.0,2.0,2.0,1.0,,2.0,2.0,1.0,1.0,1.0,1.0,2.0,1.0,1.0,2.0,1.0,3.0,1.0,1.0,3.0,3.0,2.0,3.0,2.0,2.0,2.0,3.0,,5.0,,,,,,2.0,96.0
101,1.0,192.0,102.0,2.0,1.0,3.0,6.0,6.0,1.0,3.0,5.0,2.0,2.0,2.0,2.0,2.0,2.0,3.0,2.0,4.0,1.0,4.0,3.0,1.0,1.0,1.0,2.0,4.0,1.0,4.0,5.0,2.0,2.0,3.0,1.0,4.0,1.0,1.0,2.0,2.0,2.0,,2.0,2.0,1.0,1.0,1.0,1.0,1.0,3.0,2.0,2.0,1.0,1.0,2.0,1.0,3.0,3.0,2.0,3.0,3.0,3.0,3.0,3.0,,5.0,,,,,,2.0,35.0
102,1.0,192.0,103.0,2.0,2.0,1.0,6.0,7.0,1.0,3.0,5.0,2.0,2.0,5.0,6.0,6.0,3.0,1.0,2.0,1.0,1.0,1.0,1.0,3.0,1.0,3.0,1.0,4.0,1.0,1.0,1.0,3.0,1.0,1.0,1.0,2.0,2.0,1.0,1.0,2.0,1.0,,1.0,2.0,1.0,1.0,1.0,1.0,2.0,1.0,1.0,3.0,1.0,2.0,1.0,1.0,3.0,3.0,1.0,3.0,3.0,3.0,3.0,3.0,,5.0,,,,,,2.0,47.0
103,1.0,192.0,104.0,2.0,2.0,3.0,6.0,6.0,1.0,3.0,5.0,2.0,2.0,5.0,6.0,6.0,1.0,1.0,2.0,2.0,1.0,2.0,1.0,3.0,1.0,1.0,1.0,4.0,1.0,1.0,1.0,2.0,3.0,2.0,1.0,3.0,3.0,2.0,2.0,3.0,1.0,,2.0,2.0,1.0,2.0,1.0,1.0,2.0,2.0,1.0,2.0,2.0,3.0,1.0,1.0,3.0,3.0,3.0,3.0,3.0,3.0,3.0,3.0,,6.0,,,,,,2.0,3.0
104,1.0,192.0,105.0,2.0,1.0,1.0,6.0,7.0,1.0,3.0,5.0,2.0,2.0,5.0,6.0,6.0,2.0,1.0,2.0,1.0,1.0,2.0,2.0,1.0,1.0,3.0,1.0,4.0,2.0,2.0,2.0,3.0,3.0,2.0,2.0,3.0,3.0,1.0,2.0,2.0,1.0,,2.0,3.0,1.0,3.0,1.0,1.0,2.0,1.0,1.0,2.0,1.0,1.0,1.0,3.0,2.0,2.0,1.0,2.0,2.0,2.0,2.0,2.0,,4.0,,,,,,2.0,97.0
105,1.0,192.0,106.0,2.0,2.0,2.0,6.0,6.0,1.0,3.0,5.0,2.0,2.0,4.0,6.0,6.0,2.0,1.0,2.0,2.0,2.0,4.0,3.0,1.0,1.0,1.0,2.0,3.0,2.0,1.0,2.0,2.0,3.0,1.0,1.0,2.0,1.0,2.0,2.0,2.0,1.0,,1.0,2.0,1.0,1.0,1.0,2.0,2.0,3.0,1.0,2.0,1.0,3.0,2.0,1.0,3.0,3.0,2.0,3.0,3.0,3.0,3.0,2.0,,5.0,,,,,,2.0,33.0
106,1.0,192.0,107.0,2.0,2.0,2.0,6.0,8.0,1.0,3.0,5.0,2.0,2.0,4.0,4.0,4.0,2.0,2.0,3.0,2.0,1.0,3.0,2.0,3.0,1.0,1.0,1.0,3.0,2.0,4.0,2.0,2.0,1.0,1.0,1.0,0.0,1.0,1.0,0.0,2.0,1.0,,2.0,0.0,0.0,0.0,1.0,1.0,2.0,3.0,1.0,2.0,2.0,4.0,2.0,1.0,3.0,3.0,3.0,3.0,2.0,2.0,3.0,2.0,,6.0,,,,,,1.0,35.0
107,1.0,192.0,108.0,2.0,2.0,2.0,6.0,6.0,1.0,3.0,5.0,2.0,2.0,5.0,2.0,2.0,2.0,1.0,2.0,2.0,2.0,3.0,2.0,1.0,1.0,1.0,1.0,3.0,2.0,1.0,1.0,2.0,1.0,2.0,2.0,3.0,1.0,1.0,2.0,3.0,1.0,,2.0,2.0,1.0,1.0,1.0,1.0,2.0,1.0,1.0,1.0,1.0,4.0,1.0,1.0,3.0,3.0,2.0,3.0,2.0,3.0,2.0,2.0,,5.0,,,,,,1.0,53.0
108,1.0,192.0,109.0,2.0,2.0,2.0,6.0,6.0,1.0,3.0,5.0,2.0,2.0,5.0,2.0,2.0,2.0,2.0,2.0,4.0,1.0,4.0,3.0,3.0,1.0,0.0,1.0,3.0,1.0,1.0,1.0,2.0,0.0,2.0,1.0,3.0,1.0,3.0,3.0,2.0,1.0,,2.0,2.0,1.0,1.0,1.0,2.0,2.0,1.0,1.0,1.0,3.0,1.0,3.0,1.0,3.0,3.0,2.0,2.0,2.0,3.0,3.0,3.0,,5.0,,,,,,1.0,43.0
109,1.0,192.0,110.0,2.0,1.0,3.0,6.0,8.0,1.0,3.0,5.0,2.0,2.0,4.0,2.0,2.0,2.0,3.0,4.0,3.0,1.0,3.0,2.0,3.0,1.0,3.0,1.0,3.0,1.0,2.0,1.0,0.0,3.0,1.0,2.0,3.0,1.0,3.0,2.0,2.0,1.0,,2.0,2.0,1.0,2.0,1.0,1.0,2.0,1.0,1.0,2.0,1.0,1.0,1.0,1.0,3.0,3.0,1.0,3.0,2.0,1.0,3.0,2.0,,5.0,,,,,,1.0,11.0
110,1.0,192.0,111.0,2.0,1.0,3.0,6.0,6.0,1.0,3.0,5.0,2.0,2.0,4.0,2.0,2.0,1.0,3.0,2.0,2.0,1.0,1.0,2.0,1.0,1.0,1.0,2.0,4.0,1.0,2.0,2.0,2.0,3.0,2.0,2.0,0.0,1.0,1.0,2.0,3.0,1.0,,2.0,0.0,1.0,2.0,1.0,1.0,2.0,1.0,1.0,2.0,0.0,1.0,1.0,1.0,3.0,2.0,3.0,3.0,3.0,3.0,3.0,3.0,,5.0,,,,,,1.0,84.0
111,1.0,192.0,112.0,2.0,1.0,3.0,6.0,6.0,1.0,3.0,5.0,2.0,2.0,5.0,2.0,1.0,2.0,1.0,2.0,1.0,1.0,3.0,1.0,1.0,1.0,1.0,1.0,3.0,1.0,1.0,1.0,2.0,3.0,1.0,1.0,5.0,1.0,4.0,2.0,2.0,1.0,,2.0,2.0,1.0,1.0,1.0,1.0,1.0,1.0,1.0,3.0,2.0,1.0,1.0,1.0,3.0,3.0,2.0,3.0,3.0,3.0,3.0,3.0,,6.0,,,,,,5.0,36.0
112,1.0,192.0,113.0,2.0,3.0,2.0,6.0,8.0,1.0,3.0,5.0,2.0,2.0,5.0,7.0,2.0,2.0,1.0,1.0,1.0,1.0,2.0,2.0,2.0,1.0,3.0,1.0,3.0,2.0,1.0,1.0,0.0,0.0,0.0,0.0,2.0,1.0,1.0,2.0,2.0,1.0,,2.0,2.0,1.0,1.0,1.0,1.0,2.0,1.0,1.0,2.0,2.0,3.0,1.0,1.0,2.0,3.0,2.0,3.0,2.0,2.0,2.0,2.0,,2.0,,,,,,5.0,28.0
113,1.0,192.0,114.0,2.0,1.0,2.0,6.0,6.0,1.0,3.0,5.0,2.0,2.0,5.0,2.0,1.0,3.0,1.0,2.0,1.0,1.0,2.0,1.0,1.0,1.0,1.0,1.0,3.0,1.0,1.0,1.0,2.0,3.0,1.0,1.0,5.0,1.0,3.0,2.0,2.0,1.0,,1.0,1.0,1.0,1.0,1.0,1.0,1.0,1.0,1.0,2.0,2.0,1.0,1.0,1.0,3.0,3.0,2.0,3.0,3.0,3.0,3.0,3.0,,6.0,,,,,,5.0,19.0
114,1.0,192.0,115.0,2.0,1.0,3.0,6.0,6.0,1.0,3.0,5.0,2.0,2.0,5.0,7.0,2.0,2.0,1.0,2.0,2.0,1.0,2.0,2.0,1.0,1.0,1.0,2.0,4.0,2.0,1.0,2.0,2.0,2.0,3.0,2.0,4.0,1.0,2.0,2.0,3.0,1.0,,2.0,3.0,2.0,1.0,1.0,1.0,1.0,1.0,1.0,2.0,2.0,2.0,1.0,1.0,2.0,2.0,2.0,3.0,2.0,3.0,2.0,2.0,,4.0,,,,,,5.0,37.0
115,1.0,192.0,116.0,2.0,1.0,4.0,6.0,6.0,2.0,1.0,1.0,1.0,4.0,4.0,5.0,2.0,2.0,1.0,2.0,4.0,1.0,1.0,1.0,1.0,1.0,2.0,1.0,4.0,1.0,3.0,5.0,1.0,2.0,4.0,2.0,5.0,1.0,1.0,2.0,3.0,1.0,,2.0,2.0,1.0,1.0,1.0,1.0,1.0,1.0,1.0,2.0,2.0,1.0,3.0,1.0,3.0,3.0,2.0,3.0,3.0,3.0,3.0,3.0,,6.0,,,,,,5.0,40.0
116,1.0,192.0,117.0,2.0,1.0,2.0,4.0,8.0,2.0,1.0,4.0,1.0,4.0,4.0,2.0,1.0,2.0,3.0,2.0,2.0,1.0,3.0,2.0,3.0,2.0,3.0,1.0,4.0,1.0,1.0,1.0,2.0,3.0,3.0,2.0,5.0,1.0,3.0,2.0,2.0,2.0,,1.0,2.0,1.0,1.0,1.0,1.0,2.0,1.0,2.0,2.0,2.0,1.0,1.0,1.0,2.0,3.0,2.0,1.0,1.0,3.0,3.0,1.0,,5.0,,,,,,5.0,35.0
117,1.0,192.0,118.0,2.0,1.0,2.0,5.0,7.0,2.0,2.0,4.0,1.0,4.0,5.0,0.0,6.0,2.0,2.0,2.0,1.0,1.0,2.0,5.0,3.0,1.0,2.0,2.0,4.0,1.0,1.0,1.0,2.0,2.0,4.0,2.0,3.0,3.0,2.0,2.0,2.0,2.0,,2.0,2.0,1.0,3.0,3.0,1.0,1.0,2.0,1.0,1.0,2.0,1.0,1.0,1.0,2.0,3.0,1.0,3.0,2.0,2.0,3.0,2.0,,1.0,,,,,,2.0,66.0
118,1.0,192.0,119.0,2.0,3.0,2.0,0.0,7.0,1.0,3.0,5.0,1.0,2.0,5.0,6.0,6.0,2.0,1.0,1.0,1.0,1.0,4.0,1.0,1.0,1.0,1.0,1.0,2.0,2.0,1.0,1.0,2.0,1.0,1.0,1.0,1.0,3.0,2.0,2.0,2.0,1.0,,2.0,2.0,1.0,3.0,1.0,1.0,2.0,1.0,1.0,2.0,2.0,2.0,1.0,1.0,3.0,3.0,2.0,3.0,2.0,2.0,2.0,3.0,,5.0,,,,,,2.0,94.0
119,1.0,192.0,120.0,2.0,1.0,2.0,0.0,8.0,1.0,3.0,5.0,1.0,2.0,5.0,7.0,7.0,2.0,1.0,4.0,1.0,1.0,3.0,1.0,1.0,1.0,1.0,1.0,3.0,2.0,1.0,2.0,3.0,2.0,2.0,2.0,2.0,1.0,2.0,2.0,2.0,1.0,,2.0,2.0,2.0,2.0,1.0,1.0,2.0,2.0,1.0,2.0,2.0,2.0,1.0,2.0,3.0,3.0,2.0,3.0,3.0,2.0,2.0,2.0,,5.0,,,,,,2.0,13.0
120,1.0,192.0,121.0,2.0,1.0,2.0,6.0,7.0,2.0,1.0,4.0,2.0,4.0,5.0,6.0,6.0,3.0,1.0,2.0,2.0,1.0,2.0,2.0,1.0,1.0,1.0,1.0,4.0,1.0,1.0,1.0,2.0,3.0,3.0,1.0,3.0,2.0,1.0,2.0,2.0,1.0,,2.0,2.0,1.0,2.0,1.0,1.0,1.0,2.0,1.0,3.0,1.0,1.0,1.0,1.0,3.0,3.0,3.0,3.0,3.0,3.0,3.0,3.0,,5.0,,,,,,2.0,74.0
121,1.0,192.0,122.0,2.0,1.0,2.0,6.0,6.0,2.0,2.0,4.0,2.0,4.0,5.0,6.0,6.0,1.0,2.0,2.0,1.0,1.0,2.0,2.0,2.0,1.0,3.0,2.0,4.0,2.0,2.0,3.0,1.0,2.0,4.0,2.0,3.0,3.0,1.0,2.0,2.0,2.0,,2.0,2.0,1.0,1.0,1.0,2.0,2.0,2.0,1.0,2.0,1.0,3.0,2.0,1.0,3.0,3.0,2.0,3.0,2.0,3.0,3.0,3.0,,5.0,,,,,,2.0,27.0
122,1.0,192.0,123.0,2.0,1.0,3.0,6.0,7.0,2.0,2.0,4.0,2.0,4.0,5.0,2.0,2.0,4.0,4.0,2.0,3.0,3.0,2.0,4.0,3.0,2.0,2.0,2.0,4.0,2.0,4.0,2.0,2.0,2.0,2.0,2.0,3.0,1.0,1.0,2.0,2.0,1.0,,2.0,2.0,1.0,2.0,1.0,1.0,1.0,1.0,2.0,0.0,2.0,1.0,4.0,1.0,3.0,3.0,2.0,3.0,2.0,3.0,3.0,2.0,,5.0,,,,,,1.0,5.0
123,1.0,192.0,124.0,2.0,1.0,5.0,6.0,6.0,2.0,1.0,4.0,2.0,4.0,5.0,2.0,2.0,1.0,2.0,2.0,2.0,1.0,3.0,2.0,1.0,1.0,1.0,1.0,4.0,1.0,2.0,2.0,2.0,1.0,2.0,1.0,2.0,1.0,1.0,1.0,2.0,1.0,,1.0,2.0,1.0,2.0,1.0,1.0,1.0,1.0,1.0,3.0,2.0,3.0,1.0,1.0,3.0,3.0,2.0,3.0,3.0,3.0,3.0,3.0,,5.0,,,,,,1.0,15.0
124,1.0,192.0,125.0,2.0,1.0,3.0,2.0,7.0,2.0,2.0,4.0,2.0,4.0,4.0,2.0,2.0,4.0,3.0,2.0,2.0,1.0,1.0,3.0,1.0,2.0,3.0,2.0,4.0,2.0,3.0,2.0,1.0,2.0,3.0,1.0,5.0,2.0,2.0,2.0,2.0,1.0,,2.0,3.0,1.0,2.0,2.0,1.0,2.0,3.0,2.0,2.0,1.0,4.0,3.0,1.0,2.0,2.0,1.0,3.0,2.0,3.0,2.0,2.0,,5.0,,,,,,2.0,64.0
125,1.0,192.0,126.0,2.0,1.0,2.0,2.0,6.0,2.0,2.0,4.0,2.0,4.0,5.0,2.0,1.0,2.0,1.0,2.0,1.0,1.0,3.0,1.0,1.0,1.0,1.0,1.0,4.0,1.0,1.0,1.0,2.0,3.0,2.0,2.0,4.0,1.0,1.0,2.0,3.0,2.0,,3.0,3.0,1.0,2.0,1.0,1.0,1.0,1.0,1.0,2.0,2.0,1.0,1.0,2.0,2.0,3.0,2.0,3.0,1.0,3.0,3.0,1.0,,3.0,,,,,,5.0,10.0
126,1.0,192.0,127.0,2.0,1.0,3.0,3.0,8.0,2.0,2.0,4.0,2.0,4.0,5.0,6.0,6.0,2.0,1.0,2.0,4.0,1.0,1.0,3.0,1.0,1.0,1.0,1.0,4.0,1.0,1.0,4.0,2.0,1.0,1.0,1.0,1.0,1.0,1.0,2.0,2.0,1.0,,1.0,2.0,1.0,1.0,1.0,1.0,1.0,1.0,1.0,1.0,1.0,3.0,1.0,1.0,3.0,3.0,2.0,3.0,1.0,2.0,3.0,3.0,,5.0,,,,,,4.0,23.0
127,1.0,192.0,128.0,2.0,1.0,3.0,3.0,6.0,2.0,2.0,4.0,2.0,4.0,5.0,6.0,6.0,2.0,2.0,2.0,2.0,1.0,2.0,2.0,1.0,1.0,3.0,2.0,4.0,2.0,1.0,1.0,3.0,2.0,4.0,2.0,3.0,1.0,2.0,2.0,3.0,2.0,,2.0,2.0,1.0,1.0,1.0,2.0,2.0,3.0,1.0,2.0,1.0,2.0,1.0,2.0,1.0,3.0,2.0,3.0,2.0,3.0,3.0,1.0,,5.0,,,,,,2.0,75.0
128,1.0,192.0,129.0,2.0,1.0,2.0,3.0,6.0,2.0,2.0,4.0,2.0,4.0,4.0,5.0,4.0,5.0,1.0,2.0,3.0,1.0,1.0,3.0,3.0,1.0,0.0,1.0,4.0,2.0,3.0,1.0,2.0,3.0,2.0,1.0,3.0,2.0,2.0,2.0,2.0,1.0,,2.0,0.0,0.0,1.0,1.0,1.0,2.0,1.0,1.0,3.0,1.0,4.0,1.0,2.0,3.0,3.0,2.0,3.0,2.0,3.0,2.0,2.0,,5.0,,,,,,1.0,3.0
129,1.0,192.0,130.0,2.0,1.0,2.0,3.0,6.0,2.0,2.0,4.0,2.0,4.0,5.0,2.0,2.0,2.0,2.0,2.0,2.0,1.0,1.0,3.0,3.0,2.0,3.0,2.0,3.0,2.0,4.0,3.0,2.0,1.0,2.0,2.0,3.0,1.0,3.0,2.0,2.0,2.0,,2.0,2.0,1.0,3.0,3.0,2.0,2.0,1.0,3.0,2.0,1.0,1.0,3.0,2.0,3.0,3.0,2.0,2.0,3.0,2.0,3.0,1.0,,5.0,,,,,,1.0,4.0
130,1.0,192.0,131.0,2.0,1.0,3.0,3.0,7.0,2.0,2.0,4.0,2.0,4.0,5.0,2.0,2.0,2.0,3.0,2.0,3.0,2.0,2.0,3.0,1.0,2.0,2.0,2.0,4.0,2.0,3.0,2.0,2.0,3.0,3.0,1.0,4.0,1.0,3.0,2.0,1.0,2.0,,5.0,3.0,3.0,2.0,2.0,2.0,1.0,1.0,1.0,1.0,2.0,2.0,2.0,1.0,3.0,3.0,2.0,3.0,2.0,3.0,3.0,3.0,,2.0,,,,,,1.0,83.0
131,1.0,192.0,132.0,2.0,1.0,5.0,3.0,8.0,2.0,2.0,4.0,2.0,4.0,5.0,5.0,3.0,5.0,2.0,2.0,2.0,2.0,1.0,2.0,3.0,1.0,3.0,1.0,4.0,2.0,4.0,2.0,2.0,3.0,2.0,2.0,4.0,2.0,2.0,2.0,2.0,2.0,,2.0,3.0,4.0,3.0,3.0,2.0,2.0,3.0,1.0,2.0,2.0,4.0,3.0,2.0,2.0,2.0,1.0,3.0,2.0,3.0,3.0,1.0,,4.0,,,,,,1.0,24.0
132,1.0,192.0,133.0,2.0,1.0,2.0,3.0,6.0,2.0,1.0,4.0,2.0,4.0,1.0,1.0,1.0,1.0,1.0,2.0,1.0,1.0,1.0,1.0,1.0,1.0,3.0,1.0,4.0,1.0,1.0,1.0,2.0,3.0,3.0,2.0,3.0,1.0,2.0,2.0,2.0,1.0,,2.0,2.0,1.0,0.0,1.0,2.0,2.0,1.0,1.0,1.0,2.0,3.0,1.0,1.0,3.0,3.0,1.0,3.0,2.0,3.0,2.0,3.0,,5.0,,,,,,5.0,48.0
133,1.0,192.0,134.0,2.0,1.0,3.0,3.0,7.0,2.0,2.0,4.0,2.0,4.0,4.0,5.0,2.0,2.0,1.0,2.0,1.0,1.0,2.0,1.0,1.0,3.0,3.0,1.0,4.0,2.0,3.0,1.0,1.0,2.0,4.0,2.0,5.0,1.0,1.0,2.0,2.0,1.0,,2.0,3.0,1.0,2.0,1.0,2.0,3.0,3.0,1.0,1.0,3.0,1.0,4.0,1.0,3.0,3.0,1.0,3.0,2.0,3.0,3.0,1.0,,4.0,,,,,,5.0,33.0
134,1.0,192.0,135.0,2.0,1.0,3.0,4.0,6.0,2.0,1.0,4.0,2.0,4.0,4.0,3.0,3.0,1.0,1.0,2.0,2.0,2.0,1.0,2.0,3.0,1.0,1.0,2.0,3.0,1.0,3.0,2.0,1.0,2.0,2.0,1.0,4.0,1.0,1.0,2.0,2.0,3.0,,2.0,2.0,1.0,1.0,1.0,2.0,3.0,1.0,2.0,1.0,1.0,2.0,3.0,1.0,3.0,2.0,1.0,3.0,1.0,3.0,3.0,2.0,,2.0,,,,,,3.0,25.0
135,1.0,192.0,136.0,2.0,1.0,3.0,4.0,6.0,2.0,2.0,4.0,2.0,4.0,5.0,2.0,2.0,5.0,3.0,2.0,3.0,2.0,3.0,3.0,3.0,3.0,2.0,2.0,3.0,2.0,3.0,2.0,2.0,3.0,2.0,2.0,4.0,1.0,4.0,2.0,2.0,1.0,,2.0,2.0,1.0,2.0,2.0,2.0,2.0,3.0,2.0,2.0,2.0,2.0,2.0,1.0,3.0,3.0,2.0,3.0,2.0,3.0,3.0,3.0,,5.0,,,,,,1.0,27.0
136,1.0,192.0,137.0,2.0,1.0,5.0,4.0,6.0,2.0,2.0,4.0,2.0,4.0,6.0,6.0,5.0,4.0,1.0,2.0,3.0,3.0,1.0,4.0,3.0,2.0,2.0,2.0,4.0,2.0,4.0,2.0,2.0,1.0,2.0,1.0,3.0,2.0,2.0,2.0,2.0,1.0,,2.0,2.0,1.0,2.0,2.0,2.0,3.0,3.0,2.0,1.0,2.0,1.0,3.0,3.0,3.0,1.0,2.0,3.0,2.0,3.0,3.0,1.0,,5.0,,,,,,1.0,89.0
137,1.0,192.0,138.0,2.0,1.0,3.0,5.0,6.0,2.0,2.0,4.0,2.0,4.0,4.0,2.0,2.0,2.0,1.0,2.0,3.0,1.0,2.0,2.0,3.0,0.0,3.0,2.0,4.0,1.0,4.0,1.0,2.0,1.0,1.0,1.0,5.0,3.0,1.0,1.0,2.0,1.0,,5.0,3.0,2.0,3.0,3.0,1.0,2.0,1.0,2.0,3.0,1.0,3.0,1.0,1.0,2.0,2.0,2.0,3.0,2.0,1.0,2.0,2.0,,5.0,,,,,,2.0,12.0
138,1.0,192.0,139.0,2.0,1.0,3.0,5.0,7.0,2.0,2.0,4.0,2.0,4.0,5.0,3.0,3.0,2.0,3.0,2.0,4.0,2.0,2.0,3.0,1.0,3.0,2.0,2.0,4.0,2.0,4.0,2.0,2.0,2.0,4.0,2.0,5.0,1.0,2.0,2.0,3.0,1.0,,2.0,2.0,1.0,1.0,1.0,2.0,2.0,3.0,3.0,3.0,2.0,4.0,3.0,3.0,3.0,2.0,2.0,3.0,3.0,3.0,2.0,2.0,,5.0,,,,,,3.0,6.0
139,1.0,192.0,140.0,2.0,1.0,3.0,5.0,8.0,2.0,2.0,4.0,2.0,4.0,5.0,3.0,3.0,2.0,1.0,2.0,2.0,1.0,2.0,1.0,1.0,1.0,3.0,2.0,4.0,2.0,1.0,1.0,1.0,2.0,4.0,2.0,4.0,1.0,2.0,2.0,3.0,1.0,,2.0,2.0,1.0,1.0,1.0,1.0,1.0,1.0,1.0,2.0,1.0,2.0,2.0,1.0,3.0,3.0,2.0,3.0,2.0,3.0,3.0,2.0,,5.0,,,,,,3.0,11.0
140,1.0,192.0,141.0,2.0,1.0,2.0,5.0,7.0,2.0,2.0,4.0,2.0,4.0,4.0,2.0,2.0,2.0,1.0,2.0,2.0,1.0,1.0,2.0,1.0,1.0,3.0,1.0,3.0,1.0,2.0,2.0,2.0,1.0,1.0,1.0,1.0,2.0,4.0,1.0,3.0,1.0,,2.0,2.0,1.0,3.0,2.0,1.0,2.0,1.0,1.0,2.0,2.0,1.0,2.0,1.0,2.0,3.0,0.0,2.0,2.0,2.0,2.0,1.0,,4.0,,,,,,1.0,13.0
141,1.0,192.0,142.0,2.0,1.0,2.0,5.0,6.0,2.0,1.0,4.0,2.0,4.0,4.0,2.0,2.0,2.0,2.0,2.0,1.0,1.0,3.0,2.0,3.0,1.0,2.0,2.0,3.0,2.0,2.0,1.0,2.0,1.0,2.0,1.0,2.0,1.0,1.0,2.0,2.0,1.0,,2.0,2.0,1.0,2.0,2.0,2.0,2.0,3.0,1.0,3.0,2.0,2.0,1.0,1.0,3.0,3.0,2.0,3.0,2.0,3.0,3.0,3.0,,5.0,,,,,,1.0,81.0
142,1.0,192.0,143.0,2.0,2.0,3.0,7.0,6.0,2.0,2.0,4.0,2.0,4.0,5.0,6.0,6.0,2.0,1.0,1.0,1.0,1.0,2.0,4.0,1.0,2.0,1.0,1.0,4.0,1.0,1.0,4.0,2.0,1.0,1.0,1.0,2.0,1.0,2.0,2.0,2.0,1.0,,1.0,2.0,1.0,1.0,1.0,1.0,1.0,1.0,1.0,2.0,2.0,3.0,1.0,1.0,3.0,3.0,3.0,3.0,3.0,3.0,3.0,3.0,,5.0,,,,,,4.0,18.0
143,1.0,192.0,144.0,2.0,1.0,2.0,7.0,7.0,2.0,2.0,4.0,2.0,4.0,6.0,2.0,2.0,2.0,1.0,2.0,3.0,2.0,2.0,4.0,3.0,2.0,2.0,2.0,3.0,2.0,3.0,3.0,3.0,2.0,1.0,1.0,3.0,1.0,2.0,2.0,2.0,1.0,,2.0,2.0,1.0,2.0,2.0,2.0,3.0,2.0,2.0,2.0,2.0,3.0,2.0,3.0,3.0,2.0,1.0,3.0,1.0,2.0,2.0,2.0,,2.0,,,,,,1.0,59.0
144,1.0,192.0,145.0,2.0,1.0,3.0,0.0,7.0,1.0,3.0,5.0,2.0,3.0,4.0,4.0,4.0,1.0,1.0,4.0,1.0,1.0,4.0,1.0,1.0,1.0,1.0,1.0,4.0,1.0,1.0,1.0,2.0,1.0,1.0,1.0,1.0,1.0,1.0,2.0,2.0,1.0,,1.0,1.0,1.0,1.0,1.0,1.0,1.0,1.0,1.0,2.0,2.0,3.0,1.0,1.0,3.0,3.0,2.0,2.0,3.0,3.0,3.0,2.0,,0.0,,,,,,2.0,51.0
145,1.0,192.0,146.0,2.0,1.0,0.0,0.0,6.0,1.0,3.0,5.0,2.0,1.0,4.0,4.0,4.0,4.0,4.0,2.0,2.0,1.0,1.0,0.0,0.0,2.0,0.0,2.0,3.0,1.0,1.0,1.0,1.0,0.0,1.0,1.0,2.0,2.0,1.0,2.0,2.0,1.0,,0.0,1.0,1.0,1.0,1.0,1.0,2.0,3.0,2.0,2.0,1.0,1.0,2.0,1.0,3.0,2.0,2.0,3.0,1.0,3.0,2.0,2.0,,2.0,,,,,,3.0,1.0
146,1.0,192.0,147.0,2.0,1.0,3.0,4.0,6.0,1.0,3.0,5.0,0.0,3.0,4.0,2.0,2.0,5.0,0.0,2.0,3.0,2.0,3.0,3.0,0.0,3.0,2.0,2.0,1.0,1.0,0.0,3.0,2.0,1.0,3.0,2.0,0.0,1.0,1.0,2.0,2.0,2.0,,2.0,0.0,1.0,1.0,1.0,2.0,2.0,1.0,2.0,3.0,0.0,3.0,1.0,1.0,3.0,3.0,3.0,3.0,2.0,0.0,3.0,3.0,,5.0,,,,,,1.0,25.0
147,1.0,192.0,148.0,2.0,2.0,2.0,5.0,6.0,1.0,3.0,5.0,0.0,3.0,5.0,2.0,2.0,2.0,3.0,2.0,2.0,2.0,3.0,3.0,3.0,2.0,0.0,2.0,4.0,2.0,3.0,2.0,0.0,2.0,3.0,2.0,3.0,1.0,1.0,1.0,2.0,2.0,,2.0,2.0,1.0,0.0,0.0,2.0,1.0,3.0,2.0,2.0,1.0,1.0,0.0,1.0,3.0,3.0,2.0,3.0,2.0,3.0,3.0,0.0,,4.0,,,,,,1.0,2.0
148,1.0,192.0,149.0,2.0,3.0,2.0,5.0,8.0,1.0,3.0,5.0,1.0,3.0,6.0,2.0,2.0,2.0,1.0,1.0,2.0,1.0,3.0,2.0,3.0,1.0,1.0,2.0,3.0,2.0,1.0,1.0,2.0,3.0,2.0,1.0,2.0,3.0,3.0,3.0,2.0,2.0,,2.0,3.0,2.0,2.0,1.0,2.0,2.0,1.0,1.0,2.0,2.0,2.0,1.0,2.0,3.0,3.0,2.0,2.0,1.0,2.0,2.0,2.0,,6.0,,,,,,1.0,82.0
149,1.0,192.0,150.0,2.0,1.0,2.0,5.0,6.0,1.0,3.0,5.0,1.0,3.0,5.0,2.0,2.0,2.0,2.0,2.0,2.0,1.0,3.0,2.0,3.0,2.0,3.0,2.0,4.0,1.0,4.0,3.0,0.0,2.0,4.0,2.0,4.0,1.0,2.0,2.0,2.0,1.0,,2.0,2.0,2.0,2.0,1.0,1.0,2.0,1.0,2.0,3.0,1.0,1.0,3.0,1.0,3.0,3.0,2.0,3.0,2.0,3.0,3.0,3.0,,5.0,,,,,,1.0,94.0
150,1.0,192.0,151.0,2.0,1.0,2.0,4.0,7.0,1.0,3.0,5.0,1.0,1.0,5.0,5.0,2.0,2.0,4.0,2.0,4.0,2.0,1.0,4.0,3.0,2.0,2.0,1.0,4.0,3.0,3.0,2.0,2.0,3.0,2.0,1.0,2.0,1.0,2.0,1.0,3.0,1.0,,3.0,2.0,1.0,2.0,2.0,1.0,1.0,1.0,2.0,3.0,2.0,3.0,3.0,1.0,3.0,3.0,2.0,3.0,2.0,3.0,3.0,3.0,,5.0,,,,,,1.0,92.0
151,1.0,192.0,152.0,2.0,1.0,3.0,5.0,6.0,1.0,3.0,5.0,1.0,3.0,4.0,5.0,3.0,2.0,1.0,2.0,2.0,1.0,2.0,2.0,3.0,1.0,3.0,2.0,4.0,2.0,0.0,2.0,2.0,0.0,0.0,2.0,4.0,2.0,2.0,2.0,2.0,2.0,,3.0,0.0,2.0,1.0,0.0,2.0,2.0,1.0,1.0,2.0,1.0,1.0,1.0,2.0,2.0,2.0,2.0,1.0,2.0,3.0,3.0,2.0,,5.0,,,,,,1.0,62.0
152,1.0,192.0,153.0,2.0,2.0,3.0,3.0,6.0,1.0,3.0,5.0,1.0,3.0,5.0,1.0,1.0,1.0,3.0,2.0,4.0,2.0,2.0,3.0,1.0,2.0,3.0,1.0,4.0,2.0,1.0,3.0,2.0,2.0,2.0,2.0,3.0,1.0,1.0,2.0,2.0,1.0,,2.0,2.0,1.0,3.0,1.0,2.0,3.0,1.0,2.0,2.0,1.0,4.0,3.0,1.0,3.0,2.0,2.0,3.0,2.0,3.0,1.0,2.0,,5.0,,,,,,1.0,42.0
153,1.0,192.0,154.0,2.0,1.0,2.0,1.0,6.0,1.0,3.0,5.0,2.0,3.0,2.0,2.0,2.0,2.0,1.0,2.0,4.0,1.0,2.0,1.0,3.0,1.0,2.0,1.0,3.0,2.0,1.0,1.0,2.0,1.0,1.0,1.0,3.0,1.0,1.0,2.0,2.0,2.0,,2.0,2.0,1.0,3.0,2.0,1.0,1.0,1.0,1.0,2.0,2.0,1.0,2.0,2.0,2.0,2.0,1.0,3.0,2.0,3.0,3.0,3.0,,2.0,,,,,,2.0,73.0
154,1.0,192.0,155.0,2.0,1.0,3.0,1.0,7.0,1.0,3.0,5.0,2.0,3.0,2.0,2.0,2.0,1.0,1.0,2.0,1.0,1.0,2.0,2.0,1.0,3.0,2.0,2.0,3.0,1.0,2.0,1.0,1.0,3.0,2.0,2.0,3.0,2.0,2.0,2.0,2.0,2.0,,2.0,2.0,2.0,1.0,1.0,2.0,2.0,1.0,2.0,2.0,2.0,1.0,3.0,2.0,3.0,3.0,2.0,3.0,2.0,3.0,3.0,3.0,,5.0,,,,,,2.0,53.0
155,1.0,192.0,156.0,2.0,1.0,3.0,1.0,6.0,1.0,3.0,5.0,2.0,3.0,2.0,2.0,2.0,3.0,1.0,2.0,2.0,1.0,1.0,2.0,3.0,2.0,1.0,1.0,4.0,1.0,4.0,1.0,1.0,3.0,2.0,1.0,4.0,3.0,3.0,2.0,2.0,3.0,,3.0,3.0,2.0,2.0,3.0,1.0,2.0,1.0,1.0,1.0,2.0,1.0,1.0,1.0,3.0,3.0,2.0,3.0,2.0,2.0,3.0,3.0,,6.0,,,,,,2.0,77.0
156,1.0,192.0,157.0,2.0,1.0,3.0,1.0,6.0,1.0,3.0,5.0,2.0,3.0,2.0,2.0,2.0,2.0,1.0,2.0,2.0,1.0,1.0,1.0,1.0,1.0,1.0,2.0,4.0,1.0,1.0,1.0,1.0,1.0,1.0,1.0,4.0,3.0,2.0,2.0,2.0,1.0,,2.0,4.0,1.0,1.0,1.0,1.0,2.0,2.0,1.0,3.0,1.0,1.0,1.0,1.0,3.0,3.0,2.0,3.0,3.0,3.0,3.0,3.0,,1.0,,,,,,2.0,81.0
157,1.0,192.0,158.0,2.0,1.0,2.0,1.0,7.0,1.0,3.0,5.0,2.0,3.0,2.0,2.0,2.0,2.0,2.0,2.0,1.0,1.0,4.0,1.0,1.0,1.0,1.0,1.0,3.0,1.0,1.0,1.0,2.0,1.0,1.0,2.0,3.0,2.0,4.0,2.0,2.0,1.0,,2.0,2.0,3.0,1.0,1.0,1.0,1.0,2.0,1.0,2.0,2.0,2.0,1.0,1.0,3.0,3.0,3.0,3.0,3.0,2.0,2.0,2.0,,1.0,,,,,,2.0,43.0
158,1.0,192.0,159.0,2.0,1.0,2.0,1.0,6.0,1.0,3.0,5.0,2.0,3.0,2.0,2.0,2.0,3.0,2.0,2.0,1.0,1.0,4.0,1.0,1.0,1.0,1.0,1.0,4.0,1.0,1.0,1.0,2.0,1.0,1.0,1.0,4.0,1.0,2.0,2.0,2.0,1.0,,2.0,2.0,1.0,1.0,1.0,1.0,2.0,1.0,1.0,2.0,1.0,2.0,1.0,1.0,2.0,2.0,1.0,3.0,1.0,1.0,2.0,1.0,,2.0,,,,,,2.0,55.0
159,1.0,192.0,160.0,2.0,1.0,3.0,1.0,6.0,1.0,3.0,5.0,2.0,3.0,2.0,2.0,2.0,5.0,3.0,2.0,3.0,1.0,3.0,5.0,1.0,1.0,3.0,1.0,4.0,2.0,1.0,2.0,2.0,1.0,2.0,1.0,3.0,1.0,2.0,2.0,2.0,1.0,,5.0,2.0,1.0,3.0,1.0,1.0,1.0,1.0,1.0,2.0,2.0,1.0,2.0,1.0,3.0,3.0,2.0,3.0,3.0,3.0,3.0,2.0,,5.0,,,,,,5.0,41.0
160,1.0,192.0,161.0,2.0,1.0,3.0,1.0,8.0,1.0,3.0,5.0,2.0,3.0,2.0,2.0,2.0,2.0,1.0,2.0,1.0,1.0,3.0,1.0,1.0,2.0,3.0,1.0,3.0,1.0,1.0,1.0,2.0,1.0,2.0,2.0,3.0,1.0,2.0,2.0,3.0,1.0,,2.0,2.0,1.0,1.0,2.0,1.0,1.0,2.0,1.0,2.0,1.0,3.0,2.0,1.0,2.0,2.0,2.0,2.0,3.0,3.0,2.0,2.0,,5.0,,,,,,5.0,47.0
161,1.0,192.0,162.0,2.0,1.0,3.0,1.0,7.0,1.0,3.0,5.0,2.0,3.0,2.0,2.0,2.0,2.0,2.0,2.0,2.0,1.0,2.0,2.0,1.0,1.0,3.0,1.0,3.0,2.0,1.0,2.0,2.0,1.0,2.0,2.0,4.0,1.0,1.0,2.0,2.0,1.0,,2.0,3.0,1.0,1.0,1.0,1.0,1.0,1.0,2.0,2.0,2.0,1.0,1.0,1.0,3.0,3.0,2.0,3.0,2.0,2.0,3.0,3.0,,5.0,,,,,,5.0,1.0
162,1.0,192.0,163.0,2.0,1.0,1.0,2.0,8.0,1.0,3.0,5.0,2.0,3.0,3.0,3.0,2.0,4.0,2.0,1.0,2.0,1.0,2.0,1.0,1.0,1.0,1.0,1.0,3.0,2.0,2.0,1.0,2.0,2.0,3.0,1.0,3.0,1.0,2.0,2.0,2.0,2.0,,3.0,3.0,1.0,2.0,1.0,1.0,1.0,1.0,1.0,2.0,2.0,3.0,2.0,1.0,2.0,1.0,2.0,3.0,3.0,2.0,3.0,3.0,,4.0,,,,,,2.0,54.0
163,1.0,192.0,164.0,2.0,1.0,2.0,2.0,8.0,1.0,3.0,5.0,2.0,3.0,3.0,2.0,2.0,2.0,2.0,2.0,2.0,1.0,3.0,2.0,1.0,1.0,1.0,1.0,4.0,1.0,2.0,2.0,2.0,1.0,2.0,2.0,3.0,1.0,2.0,2.0,2.0,1.0,,3.0,3.0,2.0,1.0,1.0,1.0,1.0,1.0,1.0,2.0,2.0,3.0,2.0,1.0,3.0,3.0,2.0,2.0,2.0,3.0,3.0,2.0,,5.0,,,,,,2.0,16.0
164,1.0,192.0,165.0,2.0,1.0,3.0,2.0,6.0,1.0,3.0,5.0,2.0,3.0,4.0,6.0,5.0,2.0,2.0,2.0,2.0,1.0,2.0,3.0,3.0,1.0,2.0,2.0,3.0,2.0,2.0,1.0,3.0,3.0,4.0,2.0,4.0,2.0,2.0,2.0,2.0,2.0,,1.0,2.0,1.0,1.0,1.0,2.0,3.0,3.0,1.0,1.0,2.0,4.0,1.0,2.0,3.0,1.0,1.0,3.0,1.0,2.0,3.0,2.0,,5.0,,,,,,2.0,2.0
165,1.0,192.0,166.0,2.0,2.0,2.0,2.0,7.0,1.0,3.0,5.0,2.0,3.0,5.0,2.0,2.0,3.0,3.0,2.0,3.0,1.0,2.0,3.0,3.0,3.0,3.0,2.0,4.0,1.0,2.0,2.0,2.0,2.0,3.0,2.0,4.0,1.0,2.0,2.0,2.0,1.0,,2.0,2.0,1.0,2.0,1.0,2.0,2.0,3.0,1.0,2.0,1.0,4.0,1.0,2.0,3.0,3.0,3.0,3.0,2.0,3.0,2.0,2.0,,6.0,,,,,,1.0,16.0
166,1.0,192.0,167.0,2.0,1.0,3.0,2.0,6.0,1.0,3.0,5.0,2.0,3.0,4.0,2.0,2.0,2.0,2.0,2.0,2.0,1.0,3.0,2.0,1.0,1.0,2.0,1.0,4.0,2.0,2.0,2.0,2.0,2.0,2.0,1.0,3.0,1.0,2.0,2.0,2.0,1.0,,2.0,2.0,1.0,2.0,1.0,1.0,1.0,1.0,1.0,3.0,2.0,2.0,1.0,1.0,3.0,3.0,2.0,3.0,2.0,3.0,2.0,2.0,,6.0,,,,,,1.0,31.0
167,1.0,192.0,168.0,2.0,1.0,2.0,2.0,6.0,1.0,3.0,5.0,2.0,1.0,2.0,2.0,2.0,4.0,3.0,2.0,2.0,0.0,1.0,3.0,1.0,2.0,1.0,1.0,4.0,1.0,4.0,1.0,2.0,1.0,1.0,1.0,3.0,1.0,2.0,1.0,2.0,1.0,,3.0,2.0,1.0,1.0,1.0,1.0,1.0,1.0,2.0,3.0,1.0,1.0,1.0,3.0,3.0,2.0,3.0,3.0,3.0,3.0,3.0,3.0,,5.0,,,,,,2.0,58.0
168,1.0,192.0,169.0,2.0,1.0,4.0,3.0,7.0,1.0,3.0,5.0,2.0,3.0,5.0,6.0,1.0,2.0,2.0,2.0,2.0,1.0,1.0,2.0,3.0,1.0,2.0,1.0,4.0,1.0,3.0,2.0,1.0,3.0,2.0,2.0,5.0,2.0,2.0,2.0,2.0,2.0,,2.0,3.0,2.0,2.0,3.0,1.0,1.0,1.0,1.0,3.0,2.0,1.0,1.0,2.0,3.0,2.0,1.0,3.0,2.0,1.0,2.0,3.0,,4.0,,,,,,2.0,7.0
169,1.0,192.0,170.0,2.0,1.0,1.0,3.0,6.0,1.0,3.0,5.0,2.0,3.0,5.0,6.0,6.0,2.0,1.0,2.0,2.0,1.0,2.0,1.0,1.0,1.0,2.0,1.0,3.0,1.0,1.0,1.0,2.0,1.0,1.0,2.0,2.0,2.0,2.0,2.0,2.0,1.0,,2.0,2.0,1.0,3.0,1.0,2.0,2.0,1.0,1.0,2.0,2.0,4.0,1.0,1.0,3.0,3.0,2.0,3.0,2.0,2.0,2.0,2.0,,4.0,,,,,,2.0,84.0
170,1.0,192.0,171.0,2.0,1.0,3.0,3.0,7.0,1.0,3.0,5.0,2.0,3.0,3.0,3.0,2.0,5.0,1.0,2.0,2.0,1.0,2.0,2.0,1.0,1.0,3.0,1.0,4.0,1.0,1.0,1.0,1.0,1.0,1.0,1.0,4.0,1.0,2.0,2.0,3.0,3.0,,2.0,2.0,1.0,1.0,1.0,2.0,1.0,1.0,2.0,3.0,0.0,1.0,1.0,1.0,3.0,2.0,2.0,3.0,3.0,2.0,3.0,2.0,,5.0,,,,,,3.0,7.0
171,1.0,192.0,172.0,2.0,1.0,3.0,3.0,6.0,1.0,3.0,5.0,2.0,3.0,5.0,4.0,2.0,5.0,1.0,2.0,1.0,1.0,1.0,2.0,1.0,1.0,3.0,1.0,4.0,1.0,1.0,1.0,1.0,1.0,1.0,1.0,4.0,1.0,2.0,2.0,3.0,3.0,,2.0,2.0,1.0,1.0,1.0,2.0,1.0,1.0,1.0,2.0,2.0,1.0,1.0,1.0,2.0,3.0,2.0,3.0,2.0,2.0,3.0,2.0,,5.0,,,,,,3.0,21.0
172,1.0,192.0,173.0,2.0,1.0,2.0,3.0,8.0,1.0,3.0,5.0,2.0,3.0,4.0,5.0,4.0,2.0,2.0,2.0,2.0,1.0,2.0,2.0,1.0,1.0,1.0,1.0,4.0,2.0,1.0,2.0,2.0,1.0,2.0,1.0,3.0,1.0,2.0,2.0,2.0,1.0,,3.0,3.0,1.0,2.0,2.0,1.0,1.0,1.0,1.0,2.0,2.0,2.0,2.0,1.0,3.0,3.0,2.0,3.0,2.0,3.0,3.0,3.0,,5.0,,,,,,1.0,17.0
173,1.0,192.0,174.0,2.0,1.0,2.0,3.0,7.0,1.0,3.0,5.0,2.0,3.0,4.0,2.0,2.0,2.0,1.0,2.0,1.0,1.0,2.0,2.0,1.0,1.0,3.0,1.0,4.0,1.0,4.0,2.0,2.0,2.0,2.0,1.0,3.0,1.0,2.0,2.0,2.0,1.0,,2.0,2.0,1.0,2.0,1.0,1.0,1.0,1.0,1.0,2.0,2.0,3.0,1.0,1.0,3.0,3.0,2.0,3.0,2.0,2.0,2.0,2.0,,5.0,,,,,,1.0,88.0
174,1.0,192.0,175.0,2.0,1.0,3.0,3.0,7.0,1.0,3.0,5.0,2.0,3.0,5.0,7.0,1.0,2.0,2.0,2.0,1.0,1.0,2.0,2.0,3.0,3.0,3.0,1.0,3.0,1.0,4.0,1.0,2.0,1.0,1.0,1.0,3.0,2.0,2.0,3.0,2.0,1.0,,1.0,2.0,1.0,1.0,1.0,2.0,2.0,1.0,2.0,2.0,2.0,2.0,1.0,3.0,2.0,2.0,1.0,2.0,1.0,2.0,1.0,1.0,,4.0,,,,,,1.0,68.0
175,1.0,192.0,176.0,2.0,1.0,3.0,3.0,8.0,1.0,3.0,5.0,2.0,3.0,5.0,1.0,1.0,2.0,3.0,2.0,4.0,2.0,1.0,5.0,3.0,3.0,2.0,3.0,3.0,1.0,4.0,3.0,3.0,2.0,3.0,2.0,4.0,3.0,2.0,2.0,2.0,1.0,,3.0,2.0,3.0,2.0,2.0,2.0,2.0,1.0,2.0,2.0,2.0,4.0,2.0,1.0,3.0,3.0,2.0,2.0,1.0,2.0,2.0,2.0,,1.0,,,,,,1.0,22.0
176,1.0,192.0,177.0,2.0,1.0,3.0,3.0,6.0,1.0,3.0,5.0,2.0,1.0,5.0,6.0,6.0,1.0,1.0,2.0,1.0,1.0,4.0,1.0,1.0,1.0,1.0,2.0,4.0,1.0,1.0,3.0,2.0,1.0,1.0,1.0,2.0,1.0,3.0,2.0,2.0,1.0,,1.0,1.0,1.0,1.0,1.0,2.0,2.0,3.0,1.0,2.0,2.0,3.0,1.0,1.0,2.0,2.0,2.0,3.0,1.0,3.0,3.0,2.0,,5.0,,,,,,4.0,11.0
177,1.0,192.0,178.0,2.0,1.0,2.0,3.0,6.0,1.0,3.0,5.0,2.0,1.0,5.0,6.0,5.0,2.0,2.0,2.0,3.0,3.0,3.0,4.0,3.0,2.0,2.0,2.0,4.0,1.0,2.0,3.0,2.0,1.0,1.0,2.0,2.0,2.0,2.0,1.0,2.0,1.0,,2.0,1.0,1.0,3.0,3.0,1.0,1.0,0.0,1.0,2.0,2.0,2.0,1.0,3.0,3.0,2.0,1.0,3.0,2.0,3.0,3.0,2.0,,5.0,,,,,,4.0,9.0
178,1.0,192.0,179.0,2.0,2.0,2.0,3.0,6.0,1.0,3.0,5.0,2.0,1.0,5.0,2.0,1.0,2.0,1.0,2.0,2.0,1.0,1.0,2.0,1.0,1.0,1.0,1.0,4.0,1.0,1.0,1.0,2.0,1.0,2.0,1.0,3.0,2.0,2.0,1.0,2.0,1.0,,2.0,2.0,1.0,1.0,1.0,1.0,1.0,1.0,1.0,3.0,1.0,3.0,1.0,1.0,3.0,3.0,3.0,3.0,3.0,3.0,3.0,3.0,,2.0,,,,,,2.0,71.0
179,1.0,192.0,180.0,2.0,1.0,2.0,3.0,6.0,1.0,3.0,5.0,2.0,1.0,5.0,6.0,6.0,3.0,1.0,2.0,3.0,2.0,1.0,2.0,1.0,1.0,3.0,1.0,4.0,1.0,3.0,2.0,2.0,2.0,4.0,2.0,2.0,2.0,2.0,2.0,3.0,1.0,,1.0,1.0,1.0,1.0,1.0,1.0,2.0,3.0,1.0,2.0,2.0,2.0,4.0,1.0,3.0,2.0,1.0,3.0,1.0,3.0,3.0,3.0,,5.0,,,,,,2.0,34.0
180,1.0,192.0,181.0,2.0,1.0,3.0,3.0,6.0,1.0,3.0,5.0,2.0,1.0,3.0,2.0,2.0,1.0,1.0,2.0,1.0,1.0,2.0,2.0,1.0,1.0,1.0,1.0,4.0,1.0,1.0,2.0,2.0,1.0,1.0,1.0,3.0,1.0,2.0,2.0,3.0,1.0,,2.0,2.0,1.0,1.0,1.0,1.0,2.0,1.0,1.0,2.0,2.0,3.0,1.0,1.0,3.0,3.0,2.0,3.0,3.0,3.0,3.0,2.0,,5.0,,,,,,5.0,23.0
181,1.0,192.0,182.0,2.0,1.0,3.0,4.0,6.0,1.0,3.0,5.0,2.0,3.0,5.0,6.0,6.0,3.0,3.0,2.0,3.0,2.0,1.0,4.0,3.0,2.0,2.0,2.0,4.0,1.0,2.0,3.0,2.0,1.0,1.0,1.0,3.0,1.0,1.0,2.0,2.0,2.0,,2.0,1.0,1.0,2.0,1.0,2.0,2.0,1.0,1.0,3.0,3.0,1.0,2.0,1.0,3.0,3.0,1.0,2.0,2.0,3.0,3.0,3.0,,2.0,,,,,,4.0,4.0
182,1.0,192.0,183.0,2.0,1.0,4.0,4.0,7.0,1.0,3.0,5.0,2.0,3.0,5.0,6.0,1.0,2.0,2.0,2.0,2.0,1.0,1.0,2.0,3.0,1.0,2.0,1.0,4.0,1.0,2.0,2.0,1.0,3.0,2.0,2.0,4.0,1.0,1.0,1.0,2.0,1.0,,3.0,3.0,2.0,1.0,1.0,1.0,2.0,1.0,1.0,2.0,2.0,4.0,2.0,2.0,3.0,3.0,2.0,2.0,3.0,3.0,3.0,3.0,,2.0,,,,,,2.0,9.0
183,1.0,192.0,184.0,2.0,1.0,3.0,4.0,6.0,1.0,3.0,5.0,2.0,3.0,5.0,6.0,6.0,1.0,1.0,2.0,1.0,1.0,3.0,1.0,3.0,1.0,1.0,1.0,4.0,1.0,1.0,1.0,2.0,1.0,1.0,2.0,4.0,1.0,1.0,2.0,2.0,1.0,,1.0,2.0,1.0,1.0,1.0,1.0,2.0,1.0,1.0,1.0,1.0,2.0,1.0,1.0,2.0,2.0,2.0,3.0,3.0,3.0,3.0,3.0,,2.0,,,,,,2.0,59.0
184,1.0,192.0,185.0,2.0,2.0,2.0,4.0,6.0,1.0,3.0,5.0,2.0,3.0,5.0,5.0,5.0,2.0,1.0,2.0,1.0,1.0,2.0,1.0,1.0,1.0,1.0,1.0,3.0,1.0,2.0,1.0,2.0,3.0,2.0,2.0,2.0,1.0,1.0,2.0,2.0,1.0,,2.0,2.0,1.0,3.0,1.0,1.0,1.0,1.0,1.0,2.0,1.0,2.0,1.0,1.0,3.0,3.0,2.0,3.0,2.0,3.0,3.0,2.0,,4.0,,,,,,2.0,20.0
185,1.0,192.0,186.0,2.0,2.0,3.0,4.0,6.0,1.0,3.0,5.0,2.0,3.0,6.0,6.0,6.0,3.0,1.0,2.0,1.0,1.0,3.0,1.0,1.0,1.0,1.0,1.0,4.0,1.0,1.0,1.0,2.0,2.0,3.0,2.0,5.0,1.0,2.0,2.0,2.0,2.0,,2.0,2.0,1.0,2.0,1.0,2.0,2.0,1.0,2.0,2.0,1.0,1.0,1.0,1.0,3.0,3.0,1.0,3.0,1.0,3.0,3.0,2.0,,2.0,,,,,,2.0,38.0
186,1.0,192.0,187.0,2.0,1.0,2.0,4.0,6.0,1.0,3.0,5.0,2.0,3.0,6.0,6.0,4.0,5.0,1.0,2.0,4.0,2.0,2.0,5.0,3.0,1.0,3.0,1.0,4.0,2.0,4.0,5.0,2.0,1.0,1.0,1.0,3.0,3.0,3.0,2.0,2.0,2.0,,5.0,2.0,4.0,3.0,3.0,2.0,2.0,3.0,1.0,1.0,3.0,1.0,3.0,1.0,3.0,2.0,1.0,2.0,2.0,2.0,2.0,2.0,,5.0,,,,,,2.0,23.0
187,1.0,192.0,188.0,2.0,1.0,3.0,4.0,6.0,1.0,3.0,5.0,2.0,3.0,2.0,2.0,2.0,2.0,3.0,2.0,2.0,2.0,2.0,2.0,3.0,3.0,3.0,2.0,4.0,1.0,1.0,1.0,2.0,1.0,1.0,1.0,3.0,3.0,1.0,2.0,2.0,1.0,,3.0,3.0,2.0,3.0,1.0,2.0,2.0,1.0,2.0,3.0,1.0,1.0,3.0,1.0,3.0,3.0,1.0,3.0,2.0,3.0,3.0,2.0,,6.0,,,,,,2.0,72.0
188,1.0,192.0,189.0,2.0,1.0,2.0,4.0,7.0,1.0,3.0,5.0,2.0,3.0,2.0,2.0,2.0,2.0,1.0,2.0,2.0,1.0,2.0,3.0,3.0,3.0,2.0,1.0,4.0,2.0,3.0,3.0,1.0,1.0,2.0,1.0,3.0,2.0,2.0,1.0,2.0,1.0,,5.0,4.0,2.0,2.0,2.0,1.0,2.0,1.0,2.0,2.0,2.0,1.0,1.0,2.0,3.0,2.0,2.0,3.0,2.0,3.0,2.0,1.0,,5.0,,,,,,2.0,69.0
189,1.0,192.0,190.0,2.0,1.0,2.0,4.0,6.0,1.0,3.0,5.0,2.0,3.0,5.0,5.0,3.0,2.0,1.0,2.0,2.0,2.0,1.0,2.0,3.0,1.0,2.0,1.0,4.0,2.0,3.0,1.0,2.0,2.0,2.0,2.0,4.0,1.0,1.0,2.0,2.0,1.0,,3.0,2.0,1.0,1.0,1.0,1.0,1.0,3.0,2.0,2.0,2.0,1.0,2.0,2.0,3.0,2.0,1.0,3.0,2.0,2.0,3.0,3.0,,5.0,,,,,,1.0,90.0
190,1.0,192.0,191.0,2.0,2.0,3.0,4.0,6.0,1.0,3.0,5.0,2.0,3.0,5.0,2.0,2.0,3.0,1.0,2.0,2.0,2.0,1.0,2.0,1.0,3.0,2.0,1.0,3.0,3.0,3.0,2.0,2.0,2.0,2.0,2.0,3.0,1.0,2.0,2.0,2.0,3.0,,2.0,2.0,1.0,1.0,1.0,2.0,3.0,1.0,1.0,1.0,2.0,1.0,3.0,3.0,2.0,2.0,1.0,2.0,1.0,3.0,1.0,0.0,,4.0,,,,,,1.0,96.0
191,1.0,192.0,192.0,2.0,1.0,3.0,4.0,6.0,1.0,3.0,5.0,2.0,3.0,5.0,5.0,3.0,1.0,1.0,2.0,4.0,1.0,3.0,1.0,3.0,1.0,2.0,1.0,4.0,2.0,1.0,1.0,1.0,3.0,2.0,2.0,5.0,1.0,1.0,2.0,3.0,1.0,,5.0,2.0,3.0,2.0,2.0,2.0,1.0,1.0,1.0,2.0,2.0,1.0,1.0,1.0,3.0,3.0,2.0,3.0,1.0,2.0,3.0,3.0,,3.0,,,,,,1.0,20.0
192,1.0,192.0,193.0,2.0,1.0,2.0,4.0,6.0,1.0,3.0,5.0,2.0,1.0,5.0,6.0,4.0,1.0,2.0,2.0,1.0,1.0,3.0,1.0,1.0,1.0,2.0,2.0,4.0,2.0,2.0,1.0,2.0,1.0,1.0,1.0,2.0,1.0,2.0,2.0,2.0,2.0,,2.0,2.0,1.0,1.0,1.0,1.0,2.0,3.0,1.0,2.0,2.0,2.0,1.0,1.0,3.0,3.0,2.0,3.0,2.0,3.0,3.0,2.0,,5.0,,,,,,2.0,6.0
193,1.0,192.0,194.0,2.0,1.0,2.0,4.0,8.0,1.0,3.0,5.0,2.0,1.0,4.0,4.0,3.0,2.0,2.0,3.0,3.0,2.0,3.0,3.0,3.0,3.0,3.0,2.0,4.0,2.0,4.0,2.0,1.0,3.0,3.0,2.0,3.0,1.0,2.0,2.0,2.0,1.0,,3.0,2.0,1.0,2.0,3.0,2.0,1.0,2.0,2.0,1.0,2.0,1.0,3.0,2.0,3.0,3.0,2.0,3.0,3.0,3.0,3.0,3.0,,4.0,,,,,,3.0,23.0
194,1.0,192.0,195.0,2.0,1.0,2.0,4.0,6.0,1.0,3.0,5.0,2.0,1.0,5.0,7.0,1.0,5.0,1.0,2.0,1.0,1.0,3.0,1.0,3.0,1.0,2.0,1.0,3.0,1.0,1.0,1.0,2.0,3.0,2.0,2.0,3.0,3.0,2.0,2.0,2.0,1.0,,2.0,2.0,1.0,1.0,1.0,1.0,1.0,1.0,1.0,1.0,1.0,2.0,1.0,2.0,3.0,3.0,3.0,3.0,2.0,2.0,2.0,3.0,,5.0,,,,,,1.0,63.0
195,1.0,192.0,196.0,2.0,1.0,2.0,5.0,6.0,1.0,3.0,5.0,2.0,3.0,5.0,6.0,6.0,3.0,1.0,2.0,1.0,1.0,2.0,1.0,3.0,1.0,2.0,2.0,4.0,2.0,1.0,1.0,2.0,2.0,2.0,2.0,3.0,1.0,1.0,2.0,2.0,2.0,,2.0,2.0,1.0,3.0,1.0,2.0,2.0,1.0,1.0,1.0,2.0,1.0,2.0,1.0,3.0,2.0,1.0,2.0,2.0,2.0,1.0,2.0,,5.0,,,,,,2.0,90.0
196,1.0,192.0,197.0,2.0,1.0,4.0,5.0,7.0,1.0,3.0,5.0,2.0,3.0,5.0,2.0,2.0,2.0,1.0,2.0,1.0,1.0,4.0,1.0,1.0,1.0,1.0,1.0,4.0,1.0,1.0,1.0,2.0,1.0,2.0,1.0,3.0,1.0,2.0,2.0,2.0,1.0,,1.0,2.0,1.0,1.0,1.0,1.0,1.0,1.0,1.0,1.0,1.0,3.0,1.0,1.0,2.0,1.0,1.0,1.0,3.0,2.0,2.0,2.0,,5.0,,,,,,2.0,70.0
197,1.0,192.0,198.0,2.0,1.0,4.0,5.0,6.0,1.0,3.0,5.0,2.0,3.0,5.0,6.0,6.0,4.0,2.0,2.0,2.0,1.0,2.0,3.0,1.0,1.0,1.0,2.0,4.0,1.0,1.0,2.0,1.0,2.0,3.0,2.0,4.0,2.0,2.0,2.0,3.0,2.0,,2.0,2.0,2.0,2.0,1.0,1.0,1.0,1.0,1.0,2.0,2.0,1.0,1.0,1.0,3.0,3.0,2.0,2.0,3.0,3.0,2.0,2.0,,6.0,,,,,,2.0,3.0
198,1.0,192.0,199.0,2.0,1.0,4.0,5.0,8.0,1.0,3.0,5.0,2.0,3.0,4.0,2.0,2.0,3.0,1.0,2.0,1.0,1.0,3.0,1.0,1.0,1.0,1.0,2.0,3.0,1.0,1.0,1.0,2.0,1.0,2.0,1.0,3.0,1.0,1.0,2.0,2.0,2.0,,2.0,2.0,1.0,1.0,1.0,2.0,2.0,1.0,0.0,2.0,1.0,4.0,1.0,3.0,3.0,2.0,2.0,2.0,2.0,3.0,3.0,1.0,,5.0,,,,,,2.0,98.0
199,1.0,192.0,200.0,2.0,2.0,2.0,5.0,8.0,1.0,3.0,5.0,2.0,3.0,4.0,4.0,4.0,2.0,1.0,4.0,1.0,1.0,3.0,1.0,1.0,1.0,1.0,1.0,4.0,1.0,2.0,1.0,2.0,1.0,1.0,1.0,1.0,1.0,1.0,3.0,2.0,1.0,,3.0,3.0,3.0,2.0,1.0,1.0,2.0,3.0,1.0,2.0,1.0,1.0,1.0,1.0,3.0,3.0,3.0,3.0,3.0,3.0,2.0,3.0,,5.0,,,,,,3.0,4.0
200,1.0,192.0,201.0,2.0,1.0,2.0,5.0,6.0,1.0,3.0,5.0,2.0,3.0,5.0,3.0,3.0,5.0,1.0,2.0,1.0,1.0,2.0,1.0,1.0,3.0,3.0,1.0,4.0,2.0,2.0,1.0,1.0,1.0,1.0,1.0,4.0,1.0,1.0,2.0,2.0,3.0,,2.0,3.0,1.0,3.0,1.0,1.0,2.0,2.0,1.0,1.0,2.0,1.0,2.0,1.0,3.0,3.0,2.0,3.0,2.0,3.0,3.0,2.0,,5.0,,,,,,3.0,24.0
201,1.0,192.0,202.0,2.0,1.0,2.0,5.0,6.0,1.0,3.0,5.0,2.0,3.0,4.0,4.0,3.0,2.0,2.0,2.0,4.0,2.0,1.0,3.0,1.0,2.0,2.0,2.0,3.0,2.0,2.0,3.0,1.0,2.0,1.0,2.0,3.0,2.0,2.0,2.0,2.0,2.0,,2.0,2.0,1.0,2.0,2.0,2.0,2.0,1.0,2.0,2.0,2.0,1.0,2.0,2.0,3.0,2.0,3.0,3.0,2.0,1.0,2.0,3.0,,2.0,,,,,,3.0,18.0
202,1.0,192.0,203.0,2.0,1.0,3.0,5.0,7.0,1.0,3.0,5.0,2.0,3.0,4.0,3.0,3.0,2.0,2.0,2.0,2.0,2.0,1.0,2.0,1.0,2.0,2.0,3.0,3.0,4.0,4.0,2.0,1.0,3.0,2.0,2.0,5.0,1.0,1.0,2.0,3.0,2.0,,2.0,2.0,1.0,1.0,2.0,2.0,2.0,3.0,2.0,3.0,2.0,1.0,3.0,3.0,3.0,2.0,1.0,2.0,3.0,3.0,3.0,2.0,,5.0,,,,,,3.0,5.0
203,1.0,192.0,204.0,2.0,1.0,5.0,5.0,6.0,1.0,3.0,5.0,2.0,3.0,5.0,3.0,3.0,2.0,2.0,2.0,2.0,2.0,2.0,2.0,1.0,3.0,2.0,2.0,4.0,2.0,2.0,1.0,1.0,3.0,2.0,2.0,4.0,1.0,1.0,2.0,3.0,2.0,,2.0,2.0,1.0,1.0,1.0,2.0,2.0,1.0,1.0,2.0,2.0,4.0,1.0,2.0,2.0,3.0,2.0,3.0,2.0,2.0,3.0,3.0,,5.0,,,,,,3.0,26.0
204,1.0,192.0,205.0,2.0,2.0,2.0,5.0,6.0,1.0,3.0,5.0,2.0,3.0,6.0,2.0,2.0,3.0,1.0,2.0,2.0,1.0,2.0,2.0,3.0,1.0,3.0,2.0,3.0,2.0,4.0,3.0,2.0,1.0,1.0,1.0,3.0,3.0,4.0,1.0,3.0,1.0,,2.0,2.0,1.0,1.0,1.0,2.0,3.0,1.0,1.0,1.0,2.0,2.0,2.0,2.0,3.0,2.0,2.0,2.0,1.0,3.0,2.0,1.0,,1.0,,,,,,1.0,65.0
205,1.0,192.0,206.0,2.0,2.0,2.0,5.0,6.0,1.0,3.0,5.0,2.0,3.0,5.0,2.0,2.0,2.0,2.0,2.0,2.0,1.0,2.0,3.0,3.0,1.0,3.0,1.0,4.0,2.0,1.0,1.0,2.0,2.0,1.0,2.0,3.0,1.0,3.0,2.0,2.0,1.0,,2.0,2.0,1.0,2.0,2.0,1.0,1.0,1.0,2.0,2.0,2.0,2.0,1.0,2.0,3.0,3.0,2.0,3.0,2.0,2.0,3.0,3.0,,5.0,,,,,,1.0,70.0
206,1.0,192.0,207.0,2.0,1.0,2.0,5.0,6.0,1.0,3.0,5.0,2.0,3.0,5.0,1.0,1.0,2.0,2.0,2.0,3.0,2.0,2.0,4.0,3.0,2.0,2.0,2.0,3.0,2.0,4.0,3.0,2.0,2.0,2.0,2.0,3.0,1.0,2.0,2.0,2.0,2.0,,2.0,2.0,1.0,1.0,1.0,2.0,2.0,1.0,1.0,2.0,2.0,1.0,2.0,2.0,3.0,3.0,2.0,3.0,3.0,3.0,2.0,2.0,,5.0,,,,,,1.0,38.0
207,1.0,192.0,208.0,2.0,1.0,3.0,5.0,6.0,1.0,3.0,5.0,2.0,3.0,5.0,2.0,2.0,2.0,1.0,2.0,2.0,1.0,2.0,3.0,1.0,2.0,1.0,1.0,4.0,2.0,2.0,1.0,2.0,3.0,1.0,1.0,2.0,1.0,4.0,1.0,2.0,1.0,,1.0,2.0,1.0,1.0,1.0,1.0,1.0,1.0,2.0,2.0,2.0,2.0,1.0,1.0,3.0,3.0,2.0,3.0,2.0,3.0,3.0,2.0,,5.0,,,,,,1.0,60.0
208,1.0,192.0,209.0,2.0,2.0,3.0,5.0,7.0,1.0,3.0,5.0,2.0,3.0,5.0,6.0,1.0,5.0,4.0,2.0,3.0,3.0,1.0,4.0,3.0,2.0,3.0,2.0,4.0,1.0,3.0,4.0,3.0,3.0,0.0,2.0,4.0,2.0,2.0,1.0,2.0,1.0,,2.0,0.0,1.0,2.0,2.0,1.0,1.0,1.0,1.0,3.0,1.0,4.0,1.0,2.0,3.0,3.0,2.0,3.0,3.0,3.0,3.0,3.0,,6.0,,,,,,1.0,14.0
209,1.0,192.0,210.0,2.0,1.0,3.0,5.0,6.0,1.0,3.0,5.0,2.0,3.0,5.0,2.0,2.0,2.0,2.0,2.0,3.0,2.0,2.0,3.0,3.0,2.0,2.0,1.0,4.0,1.0,3.0,3.0,3.0,3.0,1.0,2.0,3.0,1.0,2.0,2.0,3.0,1.0,,2.0,3.0,2.0,2.0,1.0,3.0,1.0,3.0,2.0,2.0,2.0,1.0,4.0,3.0,3.0,3.0,2.0,3.0,2.0,3.0,3.0,3.0,,5.0,,,,,,1.0,55.0
210,1.0,192.0,211.0,2.0,1.0,2.0,5.0,6.0,1.0,3.0,5.0,2.0,3.0,6.0,7.0,2.0,5.0,1.0,2.0,3.0,3.0,2.0,3.0,3.0,1.0,2.0,1.0,3.0,2.0,3.0,3.0,2.0,1.0,1.0,1.0,3.0,2.0,2.0,2.0,2.0,1.0,,3.0,0.0,2.0,2.0,2.0,1.0,1.0,1.0,1.0,2.0,2.0,4.0,1.0,2.0,3.0,3.0,2.0,3.0,2.0,2.0,3.0,2.0,,5.0,,,,,,1.0,37.0
211,1.0,192.0,212.0,2.0,1.0,3.0,5.0,7.0,1.0,3.0,5.0,2.0,3.0,5.0,6.0,4.0,5.0,3.0,2.0,3.0,3.0,1.0,4.0,3.0,2.0,3.0,2.0,4.0,2.0,3.0,3.0,2.0,3.0,2.0,2.0,0.0,2.0,2.0,1.0,2.0,1.0,,5.0,0.0,4.0,2.0,1.0,2.0,2.0,1.0,2.0,2.0,2.0,1.0,3.0,2.0,3.0,2.0,2.0,3.0,3.0,3.0,3.0,0.0,,5.0,,,,,,1.0,48.0
212,1.0,192.0,213.0,2.0,1.0,3.0,5.0,6.0,1.0,3.0,5.0,2.0,3.0,4.0,5.0,2.0,3.0,2.0,2.0,2.0,2.0,2.0,3.0,1.0,2.0,2.0,1.0,2.0,2.0,3.0,3.0,2.0,3.0,3.0,2.0,4.0,1.0,1.0,2.0,3.0,1.0,,2.0,2.0,1.0,2.0,2.0,1.0,2.0,1.0,0.0,2.0,2.0,1.0,3.0,1.0,3.0,2.0,2.0,2.0,3.0,3.0,3.0,2.0,,4.0,,,,,,5.0,39.0
213,1.0,192.0,214.0,2.0,2.0,2.0,5.0,6.0,1.0,3.0,5.0,2.0,3.0,5.0,2.0,1.0,1.0,1.0,2.0,2.0,1.0,2.0,2.0,1.0,1.0,1.0,1.0,4.0,2.0,1.0,1.0,3.0,3.0,2.0,2.0,3.0,1.0,2.0,2.0,2.0,2.0,,3.0,3.0,1.0,2.0,1.0,2.0,2.0,3.0,1.0,2.0,2.0,2.0,1.0,1.0,3.0,3.0,1.0,3.0,2.0,2.0,3.0,3.0,,4.0,,,,,,5.0,8.0
214,1.0,192.0,215.0,2.0,2.0,2.0,5.0,6.0,1.0,3.0,5.0,2.0,3.0,4.0,2.0,1.0,2.0,2.0,2.0,2.0,1.0,1.0,3.0,1.0,1.0,3.0,2.0,3.0,2.0,2.0,3.0,2.0,1.0,2.0,2.0,3.0,1.0,2.0,2.0,2.0,2.0,,3.0,3.0,2.0,1.0,1.0,1.0,2.0,3.0,1.0,1.0,2.0,3.0,2.0,1.0,3.0,2.0,1.0,3.0,1.0,3.0,2.0,1.0,,5.0,,,,,,5.0,43.0
215,1.0,192.0,216.0,2.0,2.0,2.0,5.0,6.0,1.0,3.0,5.0,2.0,3.0,6.0,2.0,1.0,2.0,2.0,2.0,1.0,1.0,2.0,3.0,1.0,1.0,1.0,2.0,3.0,2.0,1.0,1.0,2.0,3.0,1.0,1.0,2.0,1.0,2.0,2.0,2.0,1.0,,2.0,3.0,1.0,2.0,1.0,1.0,2.0,1.0,1.0,2.0,2.0,1.0,2.0,1.0,3.0,2.0,1.0,3.0,2.0,3.0,3.0,3.0,,5.0,,,,,,5.0,44.0
216,1.0,192.0,217.0,2.0,1.0,4.0,5.0,6.0,1.0,3.0,5.0,2.0,3.0,5.0,6.0,2.0,2.0,1.0,2.0,1.0,1.0,3.0,2.0,1.0,1.0,1.0,1.0,4.0,1.0,1.0,1.0,1.0,2.0,3.0,1.0,5.0,1.0,2.0,2.0,3.0,1.0,,2.0,3.0,1.0,1.0,1.0,1.0,1.0,2.0,1.0,2.0,2.0,2.0,1.0,2.0,3.0,2.0,2.0,2.0,2.0,2.0,2.0,2.0,,5.0,,,,,,5.0,46.0
217,1.0,192.0,218.0,2.0,1.0,3.0,5.0,7.0,1.0,3.0,5.0,2.0,3.0,5.0,6.0,6.0,2.0,1.0,2.0,2.0,1.0,2.0,2.0,1.0,1.0,1.0,1.0,4.0,1.0,1.0,3.0,2.0,1.0,1.0,1.0,2.0,3.0,2.0,2.0,2.0,3.0,,2.0,2.0,1.0,1.0,1.0,1.0,1.0,1.0,1.0,2.0,2.0,2.0,1.0,1.0,3.0,3.0,3.0,3.0,3.0,3.0,3.0,3.0,,5.0,,,,,,4.0,17.0
218,1.0,192.0,219.0,2.0,2.0,2.0,5.0,6.0,1.0,3.0,5.0,2.0,3.0,6.0,2.0,2.0,2.0,1.0,2.0,1.0,1.0,2.0,1.0,1.0,1.0,1.0,1.0,4.0,1.0,1.0,1.0,2.0,1.0,1.0,1.0,0.0,2.0,2.0,2.0,2.0,1.0,,2.0,2.0,2.0,1.0,1.0,1.0,1.0,1.0,1.0,2.0,1.0,3.0,1.0,1.0,3.0,3.0,2.0,3.0,3.0,3.0,3.0,3.0,,5.0,,,,,,2.0,52.0
219,1.0,192.0,220.0,2.0,1.0,2.0,5.0,6.0,1.0,3.0,5.0,2.0,3.0,5.0,6.0,6.0,5.0,1.0,2.0,1.0,1.0,4.0,1.0,1.0,1.0,1.0,1.0,4.0,1.0,1.0,1.0,1.0,2.0,3.0,2.0,3.0,1.0,2.0,2.0,2.0,3.0,,1.0,2.0,1.0,3.0,1.0,1.0,2.0,1.0,1.0,3.0,2.0,2.0,1.0,1.0,3.0,2.0,2.0,3.0,3.0,3.0,3.0,3.0,,1.0,,,,,,2.0,68.0
220,1.0,192.0,221.0,2.0,2.0,2.0,5.0,6.0,1.0,3.0,5.0,2.0,3.0,5.0,6.0,6.0,2.0,1.0,2.0,2.0,1.0,4.0,1.0,1.0,1.0,1.0,1.0,4.0,2.0,1.0,1.0,2.0,3.0,2.0,1.0,3.0,3.0,2.0,2.0,3.0,1.0,,2.0,2.0,1.0,3.0,1.0,1.0,2.0,1.0,1.0,2.0,2.0,4.0,1.0,2.0,3.0,3.0,2.0,3.0,2.0,3.0,3.0,3.0,,6.0,,,,,,2.0,4.0
221,1.0,192.0,222.0,2.0,1.0,3.0,5.0,7.0,1.0,3.0,5.0,2.0,3.0,5.0,6.0,1.0,2.0,2.0,2.0,1.0,1.0,3.0,2.0,3.0,1.0,1.0,1.0,4.0,1.0,4.0,2.0,3.0,1.0,2.0,2.0,3.0,1.0,1.0,1.0,2.0,1.0,,2.0,2.0,1.0,3.0,1.0,1.0,1.0,1.0,1.0,3.0,2.0,2.0,2.0,2.0,3.0,3.0,2.0,3.0,2.0,2.0,2.0,2.0,,2.0,,,,,,2.0,8.0
222,1.0,192.0,223.0,2.0,2.0,2.0,5.0,6.0,1.0,3.0,5.0,2.0,3.0,5.0,6.0,6.0,2.0,1.0,2.0,1.0,1.0,3.0,1.0,1.0,1.0,1.0,1.0,3.0,2.0,1.0,1.0,2.0,1.0,1.0,1.0,1.0,1.0,1.0,2.0,2.0,1.0,,2.0,2.0,1.0,3.0,1.0,1.0,2.0,1.0,1.0,2.0,2.0,2.0,2.0,1.0,2.0,0.0,2.0,2.0,2.0,2.0,3.0,2.0,,5.0,,,,,,2.0,48.0
223,1.0,192.0,224.0,2.0,1.0,4.0,5.0,6.0,1.0,3.0,5.0,2.0,1.0,5.0,6.0,6.0,4.0,2.0,2.0,2.0,2.0,2.0,3.0,3.0,2.0,2.0,1.0,4.0,1.0,1.0,4.0,1.0,2.0,3.0,2.0,5.0,2.0,2.0,2.0,2.0,2.0,,3.0,2.0,1.0,2.0,2.0,1.0,1.0,1.0,1.0,3.0,1.0,1.0,2.0,2.0,3.0,3.0,2.0,3.0,2.0,3.0,3.0,3.0,,5.0,,,,,,2.0,4.0
224,1.0,192.0,225.0,2.0,2.0,2.0,5.0,7.0,1.0,3.0,5.0,2.0,1.0,5.0,6.0,6.0,1.0,1.0,2.0,1.0,1.0,3.0,2.0,1.0,1.0,1.0,1.0,4.0,1.0,1.0,1.0,2.0,2.0,2.0,2.0,2.0,1.0,1.0,2.0,2.0,1.0,,2.0,2.0,1.0,3.0,1.0,2.0,1.0,3.0,1.0,2.0,2.0,1.0,2.0,1.0,3.0,3.0,1.0,3.0,2.0,3.0,2.0,2.0,,5.0,,,,,,2.0,78.0
225,1.0,192.0,226.0,2.0,1.0,2.0,5.0,6.0,1.0,3.0,5.0,2.0,1.0,1.0,2.0,2.0,1.0,1.0,2.0,1.0,1.0,2.0,1.0,3.0,1.0,3.0,2.0,3.0,2.0,2.0,2.0,2.0,1.0,1.0,1.0,1.0,2.0,1.0,2.0,2.0,2.0,,2.0,3.0,3.0,1.0,1.0,2.0,2.0,1.0,1.0,3.0,1.0,1.0,2.0,1.0,3.0,3.0,2.0,3.0,2.0,3.0,3.0,2.0,,6.0,,,,,,2.0,83.0
226,1.0,192.0,227.0,2.0,1.0,5.0,5.0,7.0,1.0,3.0,5.0,2.0,1.0,6.0,6.0,6.0,2.0,1.0,2.0,4.0,2.0,2.0,2.0,3.0,1.0,2.0,1.0,3.0,2.0,2.0,1.0,2.0,1.0,1.0,1.0,3.0,3.0,2.0,2.0,2.0,3.0,,2.0,2.0,2.0,3.0,3.0,1.0,2.0,1.0,3.0,3.0,2.0,4.0,2.0,1.0,3.0,3.0,2.0,2.0,2.0,3.0,3.0,2.0,,4.0,,,,,,2.0,21.0
227,1.0,192.0,228.0,2.0,2.0,2.0,5.0,6.0,1.0,3.0,5.0,2.0,1.0,6.0,2.0,2.0,5.0,3.0,2.0,3.0,2.0,1.0,4.0,3.0,2.0,3.0,3.0,4.0,3.0,4.0,5.0,2.0,3.0,2.0,2.0,3.0,3.0,2.0,1.0,1.0,3.0,,5.0,2.0,1.0,3.0,3.0,3.0,3.0,3.0,2.0,0.0,3.0,1.0,3.0,2.0,3.0,3.0,2.0,3.0,1.0,3.0,3.0,1.0,,6.0,,,,,,1.0,36.0
228,1.0,192.0,229.0,2.0,1.0,2.0,5.0,6.0,1.0,3.0,5.0,2.0,1.0,5.0,2.0,2.0,2.0,3.0,2.0,3.0,2.0,2.0,2.0,1.0,1.0,2.0,0.0,3.0,3.0,2.0,2.0,2.0,2.0,4.0,2.0,3.0,1.0,1.0,2.0,2.0,1.0,,2.0,2.0,1.0,1.0,1.0,1.0,2.0,1.0,2.0,1.0,2.0,2.0,1.0,2.0,2.0,3.0,2.0,3.0,2.0,1.0,2.0,3.0,,1.0,,,,,,1.0,7.0
229,1.0,192.0,230.0,2.0,2.0,2.0,5.0,6.0,1.0,3.0,5.0,2.0,1.0,4.0,5.0,2.0,5.0,1.0,2.0,1.0,1.0,3.0,1.0,3.0,1.0,2.0,1.0,2.0,2.0,3.0,2.0,2.0,3.0,3.0,2.0,4.0,1.0,2.0,2.0,2.0,1.0,,3.0,2.0,1.0,1.0,1.0,2.0,2.0,1.0,1.0,1.0,2.0,1.0,1.0,1.0,3.0,3.0,2.0,3.0,1.0,1.0,2.0,3.0,,5.0,,,,,,5.0,34.0
230,1.0,192.0,231.0,2.0,1.0,3.0,5.0,6.0,1.0,3.0,5.0,2.0,1.0,5.0,6.0,2.0,2.0,1.0,2.0,2.0,2.0,1.0,2.0,1.0,1.0,2.0,1.0,4.0,1.0,2.0,1.0,1.0,2.0,3.0,2.0,5.0,1.0,2.0,2.0,2.0,2.0,,2.0,2.0,2.0,2.0,1.0,1.0,1.0,1.0,2.0,2.0,2.0,1.0,1.0,1.0,3.0,3.0,3.0,3.0,2.0,3.0,3.0,2.0,,5.0,,,,,,5.0,38.0
231,1.0,192.0,232.0,2.0,2.0,2.0,6.0,7.0,1.0,3.0,5.0,1.0,3.0,5.0,7.0,7.0,5.0,2.0,2.0,2.0,2.0,1.0,2.0,1.0,3.0,1.0,2.0,4.0,2.0,1.0,2.0,2.0,2.0,3.0,2.0,3.0,1.0,1.0,2.0,2.0,1.0,,2.0,2.0,1.0,1.0,1.0,2.0,1.0,2.0,1.0,1.0,1.0,1.0,1.0,1.0,3.0,3.0,2.0,3.0,3.0,3.0,3.0,3.0,,5.0,,,,,,2.0,1.0
232,1.0,192.0,233.0,2.0,1.0,2.0,6.0,7.0,1.0,3.0,5.0,1.0,3.0,2.0,2.0,2.0,2.0,0.0,2.0,4.0,1.0,2.0,5.0,3.0,1.0,1.0,1.0,4.0,1.0,1.0,1.0,2.0,3.0,0.0,1.0,0.0,1.0,2.0,2.0,2.0,1.0,,2.0,2.0,1.0,1.0,1.0,1.0,1.0,1.0,1.0,2.0,2.0,4.0,2.0,1.0,3.0,3.0,2.0,3.0,2.0,3.0,3.0,3.0,,4.0,,,,,,2.0,56.0
233,1.0,192.0,234.0,2.0,1.0,3.0,6.0,6.0,1.0,3.0,5.0,1.0,3.0,5.0,6.0,6.0,5.0,1.0,2.0,1.0,1.0,3.0,2.0,1.0,2.0,1.0,2.0,3.0,1.0,1.0,1.0,2.0,1.0,1.0,1.0,5.0,2.0,2.0,2.0,3.0,1.0,,2.0,2.0,1.0,1.0,1.0,2.0,2.0,1.0,1.0,1.0,2.0,1.0,1.0,1.0,2.0,3.0,3.0,3.0,1.0,3.0,2.0,1.0,,5.0,,,,,,2.0,92.0
234,1.0,192.0,235.0,2.0,1.0,3.0,6.0,7.0,1.0,3.0,5.0,1.0,3.0,5.0,6.0,5.0,2.0,2.0,2.0,1.0,1.0,2.0,2.0,3.0,1.0,2.0,1.0,4.0,2.0,1.0,5.0,3.0,3.0,0.0,2.0,4.0,1.0,2.0,1.0,2.0,1.0,,2.0,2.0,1.0,1.0,1.0,2.0,1.0,1.0,1.0,2.0,2.0,1.0,2.0,1.0,3.0,3.0,2.0,3.0,1.0,3.0,3.0,0.0,,6.0,,,,,,2.0,0.0
235,1.0,192.0,236.0,2.0,2.0,2.0,7.0,7.0,1.0,3.0,5.0,1.0,3.0,5.0,6.0,4.0,2.0,2.0,1.0,2.0,1.0,4.0,1.0,3.0,1.0,1.0,1.0,4.0,1.0,2.0,1.0,2.0,1.0,1.0,1.0,3.0,2.0,2.0,2.0,2.0,2.0,,2.0,2.0,1.0,1.0,1.0,1.0,1.0,1.0,1.0,2.0,2.0,1.0,1.0,2.0,3.0,2.0,3.0,3.0,3.0,3.0,3.0,3.0,,6.0,,,,,,2.0,31.0
236,1.0,192.0,237.0,2.0,1.0,3.0,6.0,7.0,1.0,3.0,5.0,1.0,3.0,5.0,6.0,3.0,2.0,1.0,2.0,1.0,1.0,2.0,2.0,1.0,1.0,1.0,0.0,0.0,0.0,0.0,0.0,0.0,0.0,2.0,2.0,4.0,1.0,3.0,2.0,2.0,1.0,,3.0,2.0,1.0,1.0,1.0,1.0,1.0,1.0,1.0,3.0,1.0,3.0,1.0,2.0,3.0,3.0,2.0,3.0,2.0,3.0,2.0,2.0,,4.0,,,,,,1.0,39.0
237,1.0,192.0,238.0,2.0,2.0,2.0,6.0,6.0,1.0,3.0,5.0,2.0,1.0,5.0,7.0,2.0,1.0,1.0,2.0,1.0,1.0,3.0,1.0,1.0,1.0,1.0,1.0,3.0,1.0,1.0,1.0,2.0,1.0,1.0,2.0,2.0,1.0,2.0,2.0,2.0,1.0,,2.0,2.0,1.0,1.0,1.0,1.0,2.0,1.0,1.0,1.0,2.0,3.0,1.0,1.0,3.0,3.0,3.0,3.0,2.0,2.0,2.0,2.0,,5.0,,,,,,5.0,49.0
238,1.0,192.0,239.0,2.0,1.0,3.0,7.0,7.0,1.0,3.0,5.0,2.0,3.0,5.0,5.0,5.0,2.0,1.0,2.0,2.0,1.0,2.0,1.0,1.0,1.0,1.0,1.0,4.0,1.0,2.0,2.0,2.0,1.0,2.0,1.0,3.0,1.0,1.0,1.0,2.0,1.0,,1.0,2.0,1.0,1.0,1.0,1.0,2.0,1.0,1.0,2.0,1.0,3.0,1.0,1.0,3.0,2.0,2.0,3.0,3.0,2.0,3.0,3.0,,5.0,,,,,,4.0,14.0
239,1.0,192.0,240.0,2.0,3.0,3.0,7.0,7.0,1.0,3.0,5.0,2.0,3.0,5.0,6.0,6.0,2.0,1.0,1.0,1.0,1.0,2.0,2.0,1.0,2.0,1.0,2.0,3.0,1.0,1.0,4.0,0.0,0.0,0.0,0.0,2.0,1.0,2.0,2.0,2.0,1.0,,1.0,2.0,1.0,1.0,1.0,1.0,2.0,1.0,1.0,2.0,1.0,3.0,1.0,1.0,2.0,3.0,2.0,3.0,3.0,3.0,3.0,3.0,,5.0,,,,,,4.0,1.0
240,1.0,192.0,241.0,2.0,3.0,2.0,7.0,7.0,4.0,3.0,4.0,2.0,3.0,5.0,6.0,5.0,2.0,1.0,1.0,3.0,1.0,1.0,3.0,1.0,2.0,0.0,1.0,4.0,1.0,1.0,3.0,2.0,1.0,1.0,1.0,2.0,1.0,2.0,2.0,2.0,1.0,,1.0,2.0,1.0,1.0,3.0,1.0,2.0,1.0,1.0,2.0,2.0,3.0,1.0,1.0,3.0,3.0,2.0,3.0,2.0,3.0,3.0,3.0,,5.0,,,,,,4.0,10.0
241,1.0,192.0,242.0,2.0,2.0,2.0,7.0,7.0,1.0,3.0,5.0,2.0,3.0,5.0,6.0,4.0,1.0,1.0,2.0,3.0,3.0,1.0,1.0,3.0,1.0,1.0,2.0,4.0,2.0,3.0,1.0,2.0,3.0,1.0,1.0,4.0,1.0,4.0,2.0,2.0,1.0,,2.0,2.0,1.0,1.0,1.0,2.0,2.0,1.0,1.0,3.0,1.0,0.0,1.0,1.0,3.0,3.0,3.0,3.0,3.0,3.0,3.0,3.0,,4.0,,,,,,2.0,42.0
242,1.0,192.0,243.0,2.0,2.0,2.0,7.0,6.0,1.0,3.0,5.0,2.0,3.0,5.0,6.0,6.0,2.0,1.0,2.0,1.0,1.0,4.0,1.0,1.0,1.0,1.0,2.0,3.0,2.0,1.0,1.0,2.0,1.0,2.0,1.0,3.0,2.0,2.0,2.0,3.0,2.0,,2.0,2.0,1.0,1.0,1.0,1.0,1.0,2.0,1.0,2.0,2.0,1.0,1.0,1.0,3.0,3.0,3.0,2.0,3.0,3.0,3.0,3.0,,1.0,,,,,,2.0,37.0
243,1.0,192.0,244.0,2.0,1.0,2.0,7.0,7.0,1.0,3.0,5.0,2.0,3.0,5.0,6.0,6.0,3.0,1.0,2.0,2.0,1.0,2.0,2.0,1.0,1.0,2.0,1.0,4.0,2.0,1.0,1.0,2.0,2.0,2.0,1.0,3.0,1.0,1.0,2.0,2.0,1.0,,2.0,2.0,3.0,1.0,1.0,2.0,2.0,1.0,1.0,2.0,2.0,1.0,1.0,2.0,2.0,3.0,2.0,3.0,2.0,2.0,2.0,2.0,,5.0,,,,,,2.0,28.0
244,1.0,192.0,245.0,2.0,1.0,3.0,7.0,7.0,1.0,3.0,5.0,2.0,3.0,3.0,2.0,2.0,2.0,1.0,2.0,1.0,1.0,4.0,1.0,1.0,1.0,1.0,1.0,4.0,1.0,1.0,1.0,2.0,1.0,1.0,1.0,3.0,3.0,2.0,2.0,2.0,1.0,,2.0,2.0,1.0,3.0,1.0,1.0,2.0,1.0,1.0,2.0,2.0,2.0,1.0,1.0,3.0,3.0,2.0,3.0,1.0,3.0,3.0,2.0,,4.0,,,,,,2.0,88.0
245,1.0,192.0,246.0,2.0,1.0,3.0,7.0,6.0,1.0,3.0,5.0,2.0,3.0,4.0,6.0,5.0,2.0,2.0,2.0,2.0,1.0,2.0,3.0,3.0,1.0,2.0,2.0,4.0,2.0,2.0,1.0,3.0,3.0,4.0,2.0,4.0,2.0,3.0,2.0,2.0,2.0,,1.0,2.0,1.0,1.0,1.0,1.0,3.0,3.0,0.0,1.0,1.0,4.0,2.0,2.0,3.0,2.0,1.0,3.0,1.0,3.0,3.0,0.0,,5.0,,,,,,2.0,1.0
246,1.0,192.0,247.0,2.0,2.0,3.0,7.0,6.0,3.0,3.0,4.0,2.0,3.0,4.0,3.0,3.0,5.0,1.0,1.0,2.0,1.0,2.0,1.0,1.0,1.0,2.0,2.0,3.0,1.0,2.0,1.0,2.0,1.0,2.0,1.0,2.0,2.0,1.0,3.0,2.0,1.0,,2.0,2.0,1.0,1.0,1.0,1.0,2.0,1.0,0.0,2.0,2.0,1.0,1.0,1.0,3.0,3.0,2.0,3.0,2.0,3.0,3.0,2.0,,5.0,,,,,,3.0,12.0
247,1.0,192.0,248.0,2.0,1.0,3.0,7.0,8.0,1.0,3.0,5.0,2.0,3.0,5.0,2.0,2.0,2.0,2.0,2.0,3.0,1.0,2.0,2.0,1.0,1.0,2.0,2.0,3.0,2.0,3.0,2.0,2.0,2.0,4.0,2.0,3.0,3.0,3.0,2.0,3.0,1.0,,2.0,2.0,1.0,3.0,1.0,1.0,2.0,1.0,2.0,2.0,2.0,1.0,2.0,2.0,3.0,2.0,1.0,2.0,2.0,1.0,2.0,2.0,,5.0,,,,,,1.0,71.0
248,1.0,192.0,249.0,2.0,2.0,2.0,7.0,6.0,1.0,3.0,5.0,2.0,3.0,5.0,2.0,2.0,1.0,3.0,2.0,2.0,1.0,2.0,3.0,1.0,1.0,3.0,1.0,3.0,2.0,1.0,2.0,2.0,3.0,2.0,1.0,3.0,3.0,2.0,2.0,3.0,1.0,,2.0,2.0,1.0,1.0,1.0,2.0,2.0,2.0,1.0,2.0,2.0,4.0,2.0,2.0,3.0,3.0,2.0,3.0,2.0,3.0,2.0,2.0,,5.0,,,,,,1.0,40.0
249,1.0,192.0,250.0,2.0,2.0,3.0,7.0,6.0,1.0,3.0,5.0,2.0,3.0,5.0,2.0,2.0,2.0,3.0,2.0,3.0,2.0,3.0,3.0,1.0,2.0,1.0,2.0,3.0,2.0,3.0,2.0,2.0,3.0,1.0,1.0,3.0,1.0,3.0,2.0,2.0,2.0,,2.0,2.0,1.0,3.0,2.0,1.0,2.0,3.0,2.0,1.0,2.0,1.0,1.0,1.0,3.0,3.0,3.0,3.0,2.0,3.0,3.0,2.0,,4.0,,,,,,1.0,72.0
250,1.0,192.0,251.0,2.0,1.0,2.0,7.0,2.0,1.0,3.0,5.0,2.0,3.0,5.0,6.0,2.0,2.0,1.0,2.0,2.0,0.0,4.0,2.0,1.0,1.0,2.0,2.0,4.0,2.0,1.0,2.0,2.0,3.0,2.0,0.0,2.0,1.0,2.0,2.0,2.0,2.0,,2.0,2.0,1.0,1.0,1.0,2.0,2.0,0.0,1.0,2.0,2.0,4.0,2.0,2.0,3.0,3.0,2.0,3.0,2.0,3.0,3.0,3.0,,4.0,,,,,,5.0,18.0
251,1.0,192.0,252.0,2.0,1.0,4.0,7.0,7.0,1.0,3.0,5.0,2.0,3.0,2.0,2.0,2.0,3.0,1.0,2.0,2.0,1.0,2.0,1.0,1.0,1.0,1.0,1.0,4.0,1.0,2.0,1.0,1.0,3.0,3.0,2.0,5.0,1.0,2.0,2.0,3.0,1.0,,2.0,3.0,1.0,3.0,1.0,1.0,2.0,1.0,1.0,2.0,2.0,1.0,1.0,1.0,3.0,3.0,1.0,3.0,2.0,3.0,2.0,2.0,,4.0,,,,,,5.0,29.0
252,1.0,192.0,253.0,2.0,1.0,3.0,7.0,7.0,1.0,3.0,5.0,2.0,1.0,5.0,6.0,6.0,1.0,1.0,2.0,1.0,1.0,4.0,1.0,1.0,1.0,2.0,1.0,4.0,1.0,1.0,1.0,2.0,1.0,1.0,1.0,3.0,1.0,2.0,2.0,2.0,1.0,,1.0,2.0,1.0,1.0,1.0,1.0,1.0,1.0,1.0,2.0,1.0,3.0,1.0,1.0,3.0,3.0,0.0,3.0,2.0,2.0,3.0,3.0,,5.0,,,,,,1.0,85.0
253,1.0,192.0,254.0,2.0,1.0,2.0,7.0,7.0,4.0,3.0,1.0,2.0,1.0,5.0,5.0,1.0,1.0,1.0,2.0,3.0,1.0,2.0,3.0,3.0,1.0,2.0,1.0,4.0,1.0,3.0,1.0,2.0,2.0,4.0,2.0,4.0,1.0,1.0,2.0,2.0,1.0,,3.0,2.0,2.0,1.0,1.0,1.0,1.0,2.0,1.0,3.0,1.0,3.0,3.0,3.0,2.0,3.0,3.0,3.0,2.0,3.0,3.0,3.0,,4.0,,,,,,5.0,27.0
254,1.0,192.0,255.0,2.0,1.0,5.0,6.0,8.0,1.0,3.0,5.0,2.0,3.0,6.0,6.0,5.0,1.0,1.0,2.0,1.0,1.0,2.0,1.0,1.0,1.0,3.0,2.0,3.0,1.0,1.0,3.0,2.0,3.0,1.0,1.0,3.0,1.0,1.0,2.0,2.0,1.0,,2.0,2.0,1.0,2.0,1.0,2.0,2.0,1.0,1.0,3.0,2.0,4.0,1.0,2.0,3.0,2.0,2.0,3.0,2.0,3.0,3.0,1.0,,6.0,,,,,,4.0,21.0
255,1.0,192.0,256.0,2.0,1.0,3.0,6.0,7.0,1.0,3.0,5.0,2.0,3.0,5.0,6.0,5.0,2.0,3.0,2.0,3.0,2.0,1.0,3.0,3.0,3.0,2.0,1.0,3.0,2.0,2.0,3.0,2.0,3.0,2.0,1.0,3.0,1.0,2.0,1.0,2.0,1.0,,2.0,1.0,1.0,2.0,2.0,1.0,2.0,1.0,2.0,2.0,2.0,2.0,2.0,1.0,3.0,3.0,2.0,2.0,2.0,3.0,3.0,2.0,,6.0,,,,,,4.0,8.0
256,1.0,192.0,257.0,2.0,1.0,2.0,6.0,6.0,1.0,3.0,5.0,2.0,3.0,5.0,6.0,1.0,2.0,1.0,2.0,3.0,3.0,1.0,4.0,1.0,1.0,1.0,1.0,3.0,1.0,1.0,4.0,2.0,1.0,1.0,1.0,2.0,1.0,3.0,1.0,2.0,3.0,,1.0,2.0,1.0,2.0,2.0,1.0,1.0,1.0,1.0,2.0,2.0,2.0,1.0,1.0,3.0,3.0,1.0,3.0,3.0,3.0,3.0,3.0,,5.0,,,,,,4.0,2.0
257,1.0,192.0,258.0,2.0,1.0,2.0,6.0,7.0,1.0,3.0,5.0,2.0,3.0,5.0,6.0,6.0,2.0,2.0,2.0,3.0,1.0,2.0,2.0,3.0,1.0,3.0,1.0,4.0,1.0,2.0,1.0,2.0,2.0,2.0,2.0,2.0,1.0,1.0,2.0,2.0,1.0,,2.0,2.0,1.0,3.0,3.0,1.0,1.0,1.0,1.0,3.0,2.0,4.0,3.0,1.0,3.0,3.0,2.0,3.0,3.0,3.0,3.0,3.0,,4.0,,,,,,2.0,79.0
258,1.0,192.0,259.0,2.0,2.0,2.0,6.0,6.0,1.0,3.0,5.0,2.0,3.0,5.0,6.0,4.0,2.0,1.0,2.0,2.0,1.0,4.0,1.0,3.0,1.0,2.0,1.0,4.0,1.0,2.0,1.0,2.0,3.0,1.0,1.0,2.0,3.0,2.0,2.0,2.0,2.0,,2.0,2.0,1.0,1.0,1.0,1.0,1.0,1.0,1.0,2.0,2.0,3.0,1.0,2.0,2.0,3.0,1.0,3.0,3.0,2.0,3.0,3.0,,5.0,,,,,,2.0,57.0
259,1.0,192.0,260.0,2.0,2.0,2.0,6.0,8.0,1.0,3.0,5.0,2.0,3.0,5.0,6.0,6.0,1.0,1.0,4.0,1.0,1.0,3.0,1.0,1.0,1.0,1.0,1.0,4.0,1.0,1.0,1.0,2.0,1.0,1.0,1.0,3.0,1.0,1.0,2.0,2.0,1.0,,1.0,2.0,1.0,1.0,1.0,1.0,1.0,1.0,1.0,1.0,1.0,2.0,1.0,1.0,3.0,3.0,1.0,3.0,2.0,3.0,3.0,3.0,,2.0,,,,,,2.0,91.0
260,1.0,192.0,261.0,2.0,2.0,3.0,6.0,7.0,1.0,3.0,5.0,2.0,3.0,5.0,6.0,6.0,2.0,2.0,2.0,1.0,1.0,3.0,1.0,1.0,1.0,1.0,1.0,4.0,1.0,1.0,1.0,2.0,1.0,3.0,2.0,3.0,2.0,1.0,2.0,2.0,1.0,,1.0,2.0,1.0,1.0,1.0,1.0,2.0,1.0,1.0,3.0,1.0,2.0,1.0,1.0,3.0,3.0,2.0,3.0,1.0,3.0,3.0,3.0,,4.0,,,,,,2.0,93.0
261,1.0,192.0,262.0,2.0,1.0,2.0,6.0,7.0,1.0,3.0,5.0,2.0,3.0,5.0,6.0,6.0,2.0,1.0,2.0,1.0,1.0,4.0,1.0,3.0,1.0,2.0,1.0,2.0,1.0,1.0,1.0,2.0,1.0,1.0,1.0,3.0,2.0,1.0,2.0,2.0,1.0,,1.0,2.0,1.0,1.0,1.0,1.0,1.0,1.0,1.0,2.0,2.0,2.0,1.0,1.0,3.0,2.0,2.0,3.0,3.0,2.0,3.0,3.0,,5.0,,,,,,2.0,61.0
262,1.0,192.0,263.0,2.0,1.0,3.0,6.0,7.0,1.0,3.0,5.0,2.0,3.0,2.0,2.0,2.0,2.0,1.0,1.0,1.0,1.0,2.0,2.0,1.0,1.0,3.0,2.0,3.0,1.0,1.0,1.0,2.0,1.0,1.0,1.0,2.0,3.0,1.0,2.0,2.0,2.0,,2.0,2.0,1.0,1.0,1.0,1.0,1.0,1.0,1.0,2.0,1.0,3.0,1.0,1.0,2.0,3.0,2.0,2.0,2.0,2.0,2.0,2.0,,5.0,,,,,,2.0,14.0
263,1.0,192.0,264.0,2.0,2.0,2.0,6.0,6.0,1.0,3.0,5.0,2.0,3.0,6.0,4.0,4.0,3.0,1.0,1.0,2.0,1.0,4.0,1.0,1.0,1.0,1.0,1.0,3.0,1.0,2.0,1.0,2.0,3.0,1.0,1.0,3.0,2.0,2.0,3.0,2.0,2.0,,3.0,3.0,3.0,2.0,2.0,2.0,2.0,3.0,1.0,2.0,2.0,1.0,1.0,1.0,3.0,3.0,3.0,3.0,2.0,2.0,3.0,2.0,,6.0,,,,,,3.0,10.0
264,1.0,192.0,265.0,2.0,2.0,2.0,6.0,6.0,1.0,3.0,5.0,2.0,3.0,6.0,4.0,4.0,2.0,1.0,1.0,2.0,1.0,1.0,2.0,1.0,1.0,1.0,2.0,4.0,2.0,2.0,1.0,1.0,2.0,2.0,2.0,3.0,1.0,1.0,2.0,2.0,2.0,,3.0,2.0,1.0,2.0,1.0,2.0,2.0,1.0,1.0,3.0,1.0,2.0,1.0,2.0,3.0,3.0,3.0,2.0,3.0,2.0,2.0,1.0,,5.0,,,,,,3.0,17.0
265,1.0,192.0,266.0,2.0,1.0,3.0,6.0,7.0,1.0,3.0,5.0,2.0,3.0,4.0,3.0,3.0,2.0,1.0,2.0,1.0,1.0,2.0,1.0,1.0,1.0,1.0,1.0,4.0,1.0,2.0,1.0,1.0,2.0,3.0,2.0,3.0,1.0,1.0,2.0,2.0,1.0,,2.0,2.0,1.0,1.0,1.0,1.0,1.0,1.0,2.0,2.0,1.0,1.0,1.0,1.0,3.0,3.0,3.0,3.0,3.0,3.0,3.0,3.0,,5.0,,,,,,3.0,15.0
266,1.0,192.0,267.0,2.0,1.0,2.0,6.0,6.0,1.0,3.0,5.0,2.0,3.0,5.0,3.0,3.0,2.0,1.0,2.0,1.0,1.0,1.0,1.0,1.0,1.0,1.0,2.0,4.0,2.0,3.0,1.0,2.0,2.0,4.0,2.0,4.0,2.0,2.0,2.0,2.0,1.0,,2.0,2.0,1.0,1.0,1.0,2.0,1.0,1.0,1.0,2.0,2.0,1.0,2.0,3.0,3.0,2.0,1.0,3.0,3.0,3.0,3.0,3.0,,2.0,,,,,,3.0,2.0
267,1.0,192.0,268.0,2.0,1.0,2.0,6.0,7.0,1.0,3.0,5.0,2.0,3.0,5.0,4.0,4.0,2.0,1.0,2.0,2.0,1.0,1.0,1.0,3.0,1.0,2.0,1.0,4.0,1.0,2.0,2.0,1.0,1.0,1.0,1.0,2.0,1.0,2.0,2.0,3.0,2.0,,2.0,2.0,1.0,1.0,1.0,3.0,1.0,1.0,1.0,3.0,2.0,1.0,1.0,3.0,3.0,2.0,3.0,2.0,3.0,2.0,3.0,3.0,,5.0,,,,,,3.0,8.0
268,1.0,192.0,269.0,2.0,1.0,3.0,6.0,8.0,1.0,3.0,5.0,2.0,3.0,4.0,2.0,2.0,1.0,2.0,2.0,2.0,1.0,2.0,2.0,1.0,1.0,3.0,1.0,4.0,2.0,2.0,1.0,2.0,1.0,2.0,1.0,3.0,1.0,2.0,2.0,2.0,2.0,,2.0,3.0,1.0,2.0,1.0,1.0,1.0,2.0,1.0,2.0,2.0,4.0,2.0,1.0,3.0,3.0,2.0,3.0,2.0,2.0,2.0,3.0,,5.0,,,,,,1.0,10.0
269,1.0,192.0,270.0,2.0,1.0,3.0,6.0,7.0,1.0,3.0,5.0,2.0,3.0,6.0,6.0,1.0,2.0,3.0,2.0,2.0,1.0,1.0,2.0,1.0,1.0,3.0,2.0,2.0,2.0,2.0,2.0,2.0,1.0,1.0,1.0,2.0,3.0,2.0,1.0,2.0,1.0,,2.0,2.0,1.0,1.0,1.0,1.0,1.0,3.0,1.0,1.0,2.0,2.0,3.0,1.0,3.0,3.0,2.0,3.0,1.0,2.0,3.0,2.0,,5.0,,,,,,1.0,34.0
270,1.0,192.0,271.0,2.0,1.0,3.0,6.0,7.0,1.0,3.0,5.0,2.0,3.0,5.0,2.0,2.0,2.0,1.0,2.0,2.0,1.0,2.0,2.0,1.0,1.0,2.0,1.0,3.0,1.0,2.0,3.0,2.0,2.0,1.0,2.0,3.0,1.0,2.0,2.0,2.0,1.0,,1.0,2.0,1.0,1.0,1.0,2.0,2.0,3.0,0.0,1.0,2.0,1.0,1.0,1.0,3.0,2.0,1.0,3.0,2.0,2.0,1.0,2.0,,1.0,,,,,,1.0,23.0
271,1.0,192.0,272.0,2.0,1.0,2.0,6.0,6.0,1.0,3.0,5.0,2.0,3.0,5.0,2.0,2.0,2.0,2.0,2.0,2.0,1.0,4.0,3.0,3.0,1.0,2.0,2.0,4.0,1.0,1.0,2.0,2.0,1.0,1.0,1.0,3.0,1.0,2.0,2.0,2.0,1.0,,1.0,2.0,1.0,1.0,1.0,1.0,2.0,1.0,1.0,2.0,2.0,2.0,2.0,1.0,3.0,3.0,2.0,3.0,3.0,3.0,2.0,3.0,,6.0,,,,,,1.0,91.0
272,1.0,192.0,273.0,2.0,1.0,3.0,6.0,6.0,1.0,3.0,5.0,2.0,3.0,5.0,2.0,2.0,1.0,1.0,1.0,1.0,1.0,3.0,1.0,1.0,2.0,1.0,1.0,4.0,1.0,4.0,1.0,1.0,1.0,1.0,2.0,3.0,3.0,2.0,2.0,2.0,1.0,,1.0,1.0,1.0,3.0,1.0,1.0,1.0,1.0,1.0,2.0,2.0,2.0,2.0,1.0,2.0,2.0,2.0,2.0,2.0,3.0,3.0,2.0,,4.0,,,,,,1.0,19.0
273,1.0,192.0,274.0,2.0,1.0,2.0,6.0,6.0,1.0,3.0,5.0,2.0,3.0,5.0,7.0,2.0,2.0,1.0,0.0,2.0,2.0,1.0,1.0,1.0,1.0,2.0,2.0,4.0,1.0,1.0,1.0,1.0,2.0,3.0,2.0,2.0,1.0,2.0,2.0,3.0,2.0,,0.0,2.0,1.0,2.0,1.0,1.0,2.0,1.0,1.0,2.0,2.0,3.0,2.0,3.0,3.0,2.0,2.0,2.0,3.0,3.0,3.0,1.0,,2.0,,,,,,5.0,16.0
274,1.0,192.0,275.0,2.0,1.0,3.0,6.0,6.0,1.0,3.0,5.0,2.0,3.0,5.0,6.0,2.0,5.0,1.0,2.0,1.0,1.0,4.0,2.0,1.0,1.0,1.0,1.0,0.0,1.0,1.0,1.0,2.0,1.0,2.0,1.0,3.0,1.0,1.0,2.0,2.0,2.0,,1.0,2.0,1.0,1.0,1.0,1.0,1.0,1.0,1.0,2.0,2.0,4.0,1.0,1.0,3.0,3.0,1.0,3.0,2.0,2.0,3.0,2.0,,5.0,,,,,,5.0,2.0
275,1.0,192.0,276.0,2.0,1.0,2.0,6.0,8.0,1.0,3.0,5.0,2.0,3.0,5.0,6.0,2.0,2.0,1.0,3.0,2.0,1.0,2.0,1.0,1.0,1.0,2.0,1.0,0.0,2.0,1.0,1.0,0.0,3.0,2.0,2.0,4.0,1.0,1.0,3.0,2.0,1.0,,2.0,0.0,1.0,2.0,1.0,2.0,2.0,1.0,1.0,1.0,2.0,2.0,2.0,1.0,3.0,3.0,2.0,2.0,2.0,3.0,3.0,1.0,,3.0,,,,,,5.0,15.0
276,1.0,192.0,277.0,2.0,2.0,2.0,6.0,7.0,1.0,3.0,5.0,2.0,1.0,5.0,6.0,6.0,2.0,1.0,2.0,1.0,1.0,2.0,1.0,1.0,1.0,1.0,1.0,4.0,1.0,1.0,1.0,2.0,3.0,1.0,1.0,2.0,2.0,1.0,2.0,2.0,1.0,,2.0,3.0,2.0,1.0,1.0,1.0,1.0,1.0,1.0,3.0,1.0,2.0,1.0,2.0,3.0,3.0,3.0,3.0,3.0,3.0,3.0,3.0,,5.0,,,,,,2.0,86.0
277,1.0,192.0,278.0,2.0,1.0,3.0,6.0,6.0,1.0,3.0,5.0,2.0,1.0,4.0,2.0,2.0,2.0,1.0,2.0,1.0,1.0,2.0,1.0,3.0,1.0,3.0,1.0,4.0,2.0,4.0,1.0,2.0,3.0,0.0,2.0,3.0,2.0,2.0,2.0,2.0,1.0,,2.0,3.0,1.0,1.0,1.0,1.0,1.0,3.0,1.0,2.0,1.0,1.0,2.0,1.0,3.0,3.0,2.0,3.0,3.0,3.0,3.0,3.0,,5.0,,,,,,2.0,10.0
278,1.0,192.0,279.0,2.0,2.0,2.0,6.0,6.0,1.0,3.0,5.0,2.0,1.0,6.0,6.0,6.0,2.0,1.0,0.0,1.0,1.0,3.0,1.0,3.0,1.0,3.0,2.0,4.0,2.0,1.0,1.0,1.0,3.0,3.0,2.0,4.0,2.0,1.0,2.0,3.0,2.0,,1.0,2.0,1.0,1.0,1.0,2.0,2.0,1.0,1.0,2.0,2.0,3.0,3.0,1.0,1.0,2.0,3.0,3.0,2.0,2.0,3.0,3.0,,5.0,,,,,,2.0,41.0
279,1.0,192.0,280.0,2.0,1.0,2.0,6.0,6.0,1.0,3.0,5.0,2.0,1.0,5.0,6.0,4.0,1.0,2.0,2.0,1.0,1.0,2.0,1.0,1.0,1.0,2.0,2.0,4.0,2.0,2.0,1.0,2.0,1.0,1.0,1.0,2.0,1.0,2.0,2.0,2.0,2.0,,2.0,2.0,1.0,1.0,1.0,1.0,2.0,2.0,1.0,2.0,1.0,2.0,1.0,2.0,3.0,3.0,2.0,3.0,3.0,3.0,2.0,2.0,,5.0,,,,,,2.0,9.0
280,1.0,192.0,281.0,2.0,1.0,3.0,6.0,6.0,1.0,3.0,5.0,2.0,1.0,5.0,2.0,2.0,2.0,1.0,2.0,2.0,2.0,1.0,2.0,3.0,1.0,2.0,1.0,4.0,1.0,2.0,2.0,3.0,2.0,3.0,2.0,5.0,1.0,3.0,3.0,3.0,1.0,,3.0,3.0,2.0,2.0,2.0,2.0,2.0,1.0,1.0,3.0,2.0,1.0,2.0,2.0,3.0,3.0,2.0,3.0,2.0,3.0,2.0,2.0,,5.0,,,,,,1.0,98.0
281,1.0,192.0,282.0,2.0,2.0,2.0,4.0,6.0,1.0,3.0,5.0,1.0,2.0,5.0,6.0,6.0,2.0,1.0,2.0,1.0,1.0,4.0,1.0,1.0,2.0,1.0,2.0,2.0,1.0,1.0,1.0,2.0,1.0,2.0,2.0,2.0,2.0,2.0,2.0,2.0,2.0,,2.0,2.0,1.0,3.0,1.0,2.0,2.0,1.0,1.0,2.0,2.0,2.0,1.0,2.0,3.0,3.0,2.0,3.0,1.0,3.0,3.0,3.0,,5.0,,,,,,2.0,60.0
282,1.0,192.0,283.0,2.0,1.0,3.0,7.0,5.0,1.0,3.0,5.0,2.0,2.0,5.0,2.0,2.0,1.0,1.0,2.0,1.0,1.0,3.0,2.0,3.0,1.0,1.0,2.0,4.0,1.0,4.0,5.0,2.0,3.0,1.0,1.0,5.0,3.0,2.0,2.0,2.0,1.0,,2.0,2.0,1.0,1.0,1.0,1.0,1.0,1.0,2.0,3.0,1.0,3.0,1.0,1.0,3.0,3.0,2.0,3.0,3.0,3.0,3.0,3.0,,5.0,,,,,,1.0,95.0
283,1.0,192.0,284.0,2.0,1.0,2.0,7.0,8.0,1.0,3.0,5.0,2.0,2.0,5.0,2.0,2.0,2.0,1.0,3.0,2.0,1.0,3.0,1.0,2.0,1.0,1.0,1.0,3.0,1.0,2.0,2.0,2.0,1.0,1.0,1.0,2.0,1.0,2.0,2.0,2.0,2.0,,2.0,2.0,1.0,1.0,1.0,1.0,1.0,1.0,2.0,2.0,2.0,3.0,1.0,1.0,3.0,3.0,2.0,2.0,3.0,2.0,3.0,3.0,,4.0,,,,,,1.0,78.0
284,1.0,192.0,285.0,2.0,2.0,2.0,7.0,6.0,1.0,3.0,5.0,2.0,2.0,5.0,2.0,2.0,2.0,2.0,2.0,2.0,1.0,2.0,2.0,1.0,1.0,2.0,1.0,3.0,1.0,2.0,2.0,2.0,1.0,2.0,1.0,4.0,1.0,2.0,3.0,3.0,1.0,,1.0,2.0,1.0,1.0,1.0,1.0,2.0,2.0,1.0,1.0,2.0,1.0,2.0,3.0,3.0,2.0,2.0,3.0,2.0,2.0,2.0,3.0,,2.0,,,,,,1.0,69.0
285,1.0,192.0,286.0,2.0,2.0,2.0,7.0,6.0,1.0,3.0,5.0,2.0,2.0,5.0,2.0,2.0,5.0,1.0,2.0,2.0,1.0,3.0,2.0,3.0,1.0,3.0,1.0,4.0,2.0,1.0,1.0,2.0,1.0,2.0,1.0,3.0,1.0,2.0,2.0,3.0,1.0,,2.0,0.0,1.0,3.0,3.0,1.0,2.0,3.0,2.0,0.0,2.0,2.0,1.0,1.0,3.0,3.0,1.0,3.0,2.0,2.0,2.0,2.0,,5.0,,,,,,1.0,75.0
286,1.0,192.0,287.0,2.0,1.0,2.0,7.0,6.0,3.0,3.0,4.0,2.0,2.0,5.0,2.0,2.0,1.0,1.0,2.0,1.0,1.0,4.0,1.0,3.0,1.0,2.0,1.0,4.0,1.0,1.0,1.0,2.0,3.0,0.0,0.0,5.0,1.0,2.0,3.0,2.0,1.0,,1.0,1.0,1.0,1.0,1.0,1.0,1.0,1.0,1.0,1.0,2.0,3.0,1.0,1.0,3.0,3.0,1.0,3.0,3.0,1.0,3.0,3.0,,6.0,,,,,,1.0,26.0
287,1.0,192.0,288.0,2.0,1.0,3.0,7.0,8.0,1.0,3.0,5.0,2.0,2.0,5.0,4.0,1.0,2.0,1.0,2.0,3.0,1.0,2.0,1.0,1.0,1.0,2.0,1.0,3.0,1.0,1.0,1.0,1.0,3.0,3.0,0.0,3.0,1.0,1.0,2.0,2.0,1.0,,2.0,2.0,1.0,2.0,2.0,1.0,1.0,1.0,1.0,3.0,2.0,2.0,2.0,1.0,3.0,3.0,3.0,3.0,3.0,2.0,3.0,3.0,,5.0,,,,,,5.0,42.0
288,1.0,192.0,289.0,2.0,3.0,2.0,7.0,6.0,1.0,3.0,5.0,2.0,2.0,5.0,6.0,1.0,2.0,1.0,1.0,1.0,1.0,4.0,2.0,1.0,1.0,1.0,1.0,4.0,1.0,1.0,1.0,2.0,1.0,1.0,1.0,1.0,1.0,1.0,2.0,2.0,1.0,,1.0,2.0,1.0,1.0,1.0,1.0,1.0,1.0,1.0,2.0,3.0,3.0,1.0,1.0,3.0,3.0,2.0,3.0,3.0,3.0,2.0,3.0,,1.0,,,,,,5.0,32.0
289,1.0,192.0,290.0,2.0,1.0,4.0,7.0,6.0,1.0,3.0,5.0,2.0,2.0,5.0,1.0,1.0,3.0,1.0,2.0,2.0,1.0,4.0,1.0,1.0,1.0,1.0,3.0,4.0,1.0,3.0,2.0,3.0,2.0,0.0,2.0,5.0,1.0,2.0,2.0,2.0,3.0,,3.0,4.0,3.0,2.0,1.0,1.0,1.0,1.0,1.0,2.0,2.0,1.0,1.0,1.0,3.0,3.0,2.0,3.0,2.0,3.0,3.0,3.0,,6.0,,,,,,5.0,3.0
290,1.0,192.0,291.0,2.0,1.0,3.0,6.0,6.0,1.0,3.0,5.0,2.0,2.0,5.0,6.0,6.0,2.0,1.0,2.0,3.0,1.0,1.0,4.0,3.0,1.0,1.0,1.0,4.0,1.0,1.0,3.0,2.0,1.0,1.0,1.0,3.0,1.0,2.0,2.0,2.0,1.0,,1.0,2.0,1.0,1.0,1.0,1.0,1.0,1.0,1.0,2.0,2.0,2.0,3.0,1.0,3.0,3.0,1.0,3.0,3.0,3.0,3.0,3.0,,4.0,,,,,,4.0,22.0
291,1.0,192.0,292.0,2.0,1.0,3.0,6.0,6.0,1.0,3.0,5.0,2.0,2.0,5.0,6.0,6.0,2.0,2.0,2.0,2.0,1.0,2.0,3.0,3.0,1.0,2.0,2.0,4.0,1.0,1.0,2.0,2.0,1.0,2.0,2.0,3.0,1.0,1.0,2.0,2.0,2.0,,2.0,2.0,1.0,1.0,1.0,1.0,1.0,1.0,1.0,2.0,2.0,3.0,0.0,1.0,3.0,3.0,3.0,3.0,3.0,3.0,2.0,2.0,,4.0,,,,,,4.0,19.0
292,1.0,192.0,293.0,2.0,1.0,3.0,2.0,6.0,1.0,3.0,5.0,1.0,2.0,2.0,2.0,2.0,5.0,1.0,2.0,2.0,1.0,3.0,1.0,1.0,1.0,2.0,2.0,4.0,2.0,1.0,1.0,2.0,1.0,1.0,1.0,3.0,1.0,2.0,2.0,2.0,1.0,,2.0,2.0,1.0,1.0,1.0,1.0,2.0,1.0,1.0,1.0,1.0,4.0,1.0,1.0,2.0,2.0,1.0,3.0,1.0,2.0,2.0,3.0,,5.0,,,,,,2.0,22.0
293,1.0,192.0,294.0,2.0,1.0,3.0,2.0,7.0,1.0,3.0,5.0,1.0,2.0,2.0,2.0,2.0,3.0,1.0,2.0,3.0,1.0,4.0,1.0,1.0,1.0,1.0,1.0,4.0,1.0,1.0,1.0,2.0,1.0,1.0,1.0,0.0,2.0,2.0,2.0,2.0,1.0,,2.0,2.0,1.0,1.0,1.0,1.0,2.0,2.0,1.0,3.0,1.0,3.0,1.0,1.0,3.0,3.0,2.0,3.0,1.0,3.0,3.0,3.0,,5.0,,,,,,2.0,63.0
294,1.0,192.0,295.0,2.0,1.0,3.0,3.0,6.0,1.0,3.0,5.0,1.0,2.0,5.0,2.0,2.0,1.0,2.0,2.0,1.0,1.0,4.0,1.0,3.0,1.0,2.0,2.0,4.0,1.0,2.0,2.0,1.0,2.0,3.0,2.0,5.0,1.0,2.0,2.0,2.0,1.0,,2.0,3.0,1.0,3.0,1.0,1.0,1.0,1.0,1.0,2.0,2.0,2.0,1.0,1.0,3.0,3.0,3.0,3.0,3.0,2.0,3.0,3.0,,5.0,,,,,,1.0,21.0
295,1.0,192.0,296.0,2.0,1.0,3.0,3.0,7.0,1.0,3.0,5.0,1.0,2.0,5.0,6.0,1.0,5.0,3.0,2.0,1.0,1.0,2.0,3.0,1.0,1.0,1.0,1.0,4.0,1.0,1.0,1.0,2.0,1.0,1.0,1.0,2.0,1.0,2.0,1.0,2.0,1.0,,2.0,1.0,1.0,1.0,1.0,1.0,2.0,1.0,1.0,2.0,1.0,1.0,1.0,1.0,3.0,2.0,2.0,3.0,2.0,3.0,2.0,3.0,,4.0,,,,,,2.0,30.0
296,1.0,192.0,297.0,2.0,2.0,3.0,3.0,7.0,1.0,3.0,5.0,1.0,2.0,5.0,2.0,2.0,2.0,1.0,2.0,1.0,2.0,2.0,2.0,1.0,3.0,1.0,1.0,3.0,1.0,1.0,1.0,2.0,1.0,3.0,2.0,4.0,1.0,2.0,2.0,2.0,1.0,,2.0,2.0,1.0,3.0,3.0,2.0,2.0,1.0,1.0,2.0,2.0,2.0,2.0,1.0,2.0,3.0,2.0,3.0,1.0,3.0,2.0,1.0,,5.0,,,,,,1.0,64.0
297,1.0,192.0,298.0,2.0,1.0,2.0,3.0,6.0,1.0,3.0,5.0,1.0,2.0,5.0,2.0,2.0,3.0,1.0,2.0,1.0,1.0,1.0,2.0,3.0,1.0,2.0,1.0,4.0,1.0,2.0,2.0,2.0,1.0,2.0,2.0,3.0,2.0,4.0,3.0,2.0,2.0,,2.0,2.0,1.0,2.0,2.0,2.0,1.0,1.0,1.0,3.0,2.0,1.0,2.0,1.0,2.0,3.0,1.0,3.0,2.0,3.0,3.0,3.0,,5.0,,,,,,1.0,58.0
298,1.0,192.0,299.0,2.0,1.0,3.0,4.0,6.0,1.0,3.0,5.0,1.0,2.0,5.0,2.0,2.0,3.0,1.0,2.0,3.0,1.0,2.0,1.0,3.0,2.0,2.0,2.0,3.0,2.0,3.0,3.0,1.0,2.0,4.0,2.0,5.0,1.0,2.0,1.0,2.0,1.0,,4.0,2.0,2.0,2.0,0.0,3.0,3.0,1.0,1.0,1.0,3.0,3.0,1.0,1.0,3.0,3.0,1.0,3.0,2.0,1.0,3.0,2.0,,6.0,,,,,,1.0,9.0
299,1.0,192.0,300.0,2.0,1.0,5.0,4.0,8.0,1.0,3.0,5.0,1.0,2.0,4.0,2.0,2.0,2.0,1.0,4.0,1.0,1.0,3.0,1.0,1.0,1.0,3.0,1.0,3.0,2.0,2.0,1.0,2.0,1.0,1.0,1.0,2.0,1.0,1.0,2.0,2.0,1.0,,1.0,2.0,1.0,1.0,1.0,1.0,1.0,0.0,0.0,2.0,2.0,4.0,2.0,1.0,2.0,3.0,2.0,3.0,2.0,2.0,3.0,2.0,,2.0,,,,,,1.0,57.0
300,1.0,192.0,301.0,2.0,2.0,2.0,4.0,6.0,1.0,3.0,5.0,1.0,2.0,5.0,2.0,2.0,2.0,2.0,2.0,2.0,2.0,3.0,2.0,3.0,3.0,3.0,2.0,4.0,1.0,2.0,1.0,2.0,3.0,2.0,2.0,4.0,1.0,3.0,3.0,2.0,3.0,,2.0,3.0,2.0,3.0,1.0,1.0,2.0,1.0,2.0,2.0,2.0,1.0,2.0,1.0,1.0,3.0,2.0,3.0,2.0,3.0,3.0,2.0,,2.0,,,,,,1.0,46.0
301,1.0,192.0,302.0,2.0,1.0,3.0,3.0,6.0,1.0,3.0,5.0,1.0,2.0,4.0,2.0,2.0,5.0,4.0,2.0,4.0,2.0,2.0,3.0,3.0,2.0,2.0,2.0,2.0,4.0,2.0,2.0,2.0,3.0,2.0,2.0,4.0,3.0,1.0,1.0,2.0,1.0,,2.0,2.0,1.0,2.0,2.0,1.0,2.0,1.0,2.0,1.0,2.0,1.0,2.0,1.0,3.0,2.0,2.0,2.0,3.0,3.0,2.0,2.0,,4.0,,,,,,1.0,28.0
302,1.0,192.0,303.0,2.0,1.0,3.0,5.0,8.0,1.0,3.0,5.0,1.0,2.0,5.0,6.0,6.0,3.0,1.0,2.0,2.0,1.0,3.0,1.0,1.0,1.0,1.0,1.0,4.0,1.0,2.0,1.0,3.0,2.0,2.0,2.0,4.0,2.0,2.0,2.0,2.0,1.0,,2.0,2.0,1.0,1.0,1.0,1.0,2.0,1.0,1.0,3.0,1.0,1.0,1.0,1.0,3.0,2.0,2.0,3.0,2.0,3.0,3.0,2.0,,5.0,,,,,,2.0,11.0
303,1.0,192.0,304.0,2.0,1.0,3.0,5.0,6.0,4.0,3.0,4.0,1.0,2.0,2.0,2.0,2.0,2.0,2.0,2.0,1.0,1.0,3.0,1.0,1.0,1.0,1.0,2.0,3.0,2.0,1.0,1.0,2.0,1.0,1.0,2.0,5.0,1.0,1.0,2.0,3.0,3.0,,3.0,3.0,1.0,3.0,1.0,2.0,2.0,3.0,2.0,2.0,2.0,2.0,1.0,3.0,1.0,2.0,2.0,2.0,1.0,2.0,3.0,2.0,,2.0,,,,,,2.0,49.0
304,1.0,192.0,305.0,2.0,2.0,2.0,5.0,6.0,1.0,3.0,5.0,1.0,2.0,5.0,6.0,6.0,5.0,1.0,2.0,1.0,1.0,3.0,1.0,1.0,1.0,1.0,1.0,4.0,1.0,1.0,1.0,2.0,1.0,1.0,1.0,3.0,2.0,1.0,2.0,3.0,1.0,,5.0,3.0,2.0,1.0,1.0,1.0,2.0,3.0,2.0,1.0,1.0,4.0,1.0,3.0,3.0,1.0,2.0,3.0,3.0,3.0,3.0,2.0,,5.0,,,,,,2.0,62.0
305,1.0,192.0,306.0,2.0,2.0,2.0,5.0,6.0,1.0,3.0,5.0,1.0,2.0,5.0,2.0,2.0,4.0,4.0,2.0,3.0,2.0,4.0,3.0,1.0,0.0,1.0,2.0,3.0,1.0,3.0,3.0,2.0,2.0,3.0,2.0,2.0,2.0,4.0,2.0,2.0,1.0,,2.0,2.0,1.0,2.0,1.0,2.0,1.0,3.0,2.0,2.0,1.0,3.0,2.0,2.0,3.0,2.0,2.0,2.0,3.0,3.0,2.0,3.0,,4.0,,,,,,1.0,61.0
306,1.0,192.0,307.0,2.0,2.0,2.0,5.0,6.0,1.0,3.0,5.0,1.0,2.0,5.0,1.0,1.0,2.0,1.0,2.0,1.0,1.0,2.0,1.0,1.0,1.0,1.0,1.0,3.0,2.0,1.0,1.0,2.0,1.0,2.0,1.0,3.0,1.0,3.0,2.0,2.0,1.0,,2.0,2.0,1.0,1.0,1.0,2.0,2.0,1.0,2.0,2.0,2.0,2.0,2.0,1.0,2.0,3.0,3.0,3.0,2.0,3.0,2.0,2.0,,5.0,,,,,,1.0,47.0
307,1.0,192.0,308.0,2.0,2.0,2.0,5.0,6.0,1.0,3.0,5.0,1.0,2.0,5.0,2.0,2.0,2.0,2.0,2.0,2.0,1.0,3.0,2.0,1.0,1.0,3.0,1.0,3.0,1.0,1.0,1.0,3.0,2.0,2.0,1.0,3.0,1.0,2.0,2.0,2.0,1.0,,2.0,2.0,1.0,1.0,1.0,1.0,2.0,2.0,1.0,2.0,2.0,2.0,2.0,2.0,3.0,3.0,2.0,3.0,2.0,2.0,2.0,2.0,,5.0,,,,,,1.0,54.0
308,1.0,192.0,309.0,2.0,1.0,3.0,5.0,7.0,1.0,3.0,5.0,1.0,2.0,6.0,6.0,5.0,4.0,3.0,2.0,1.0,1.0,1.0,2.0,3.0,3.0,3.0,2.0,4.0,1.0,3.0,4.0,1.0,2.0,4.0,2.0,3.0,2.0,3.0,1.0,2.0,1.0,,3.0,3.0,2.0,2.0,1.0,1.0,1.0,1.0,1.0,3.0,2.0,3.0,3.0,3.0,3.0,3.0,3.0,3.0,2.0,3.0,3.0,3.0,,5.0,,,,,,1.0,32.0
309,1.0,192.0,310.0,2.0,1.0,3.0,5.0,7.0,1.0,3.0,5.0,1.0,2.0,2.0,2.0,2.0,5.0,2.0,2.0,2.0,1.0,1.0,2.0,3.0,1.0,1.0,1.0,4.0,1.0,2.0,2.0,2.0,1.0,3.0,2.0,3.0,1.0,1.0,1.0,2.0,1.0,,2.0,3.0,1.0,2.0,1.0,1.0,2.0,1.0,1.0,2.0,2.0,1.0,1.0,1.0,3.0,2.0,2.0,3.0,3.0,3.0,3.0,3.0,,5.0,,,,,,5.0,20.0
310,1.0,192.0,311.0,2.0,1.0,3.0,5.0,6.0,1.0,3.0,5.0,1.0,2.0,5.0,7.0,2.0,2.0,1.0,2.0,1.0,1.0,4.0,1.0,1.0,1.0,1.0,2.0,4.0,1.0,2.0,1.0,2.0,1.0,4.0,2.0,5.0,1.0,2.0,2.0,3.0,1.0,,2.0,3.0,1.0,0.0,1.0,2.0,1.0,1.0,1.0,3.0,1.0,3.0,1.0,1.0,2.0,3.0,2.0,3.0,3.0,3.0,3.0,0.0,,5.0,,,,,,5.0,30.0
311,1.0,192.0,312.0,2.0,1.0,3.0,5.0,6.0,1.0,3.0,5.0,1.0,2.0,5.0,6.0,6.0,2.0,2.0,2.0,1.0,1.0,4.0,2.0,1.0,1.0,2.0,1.0,2.0,1.0,1.0,2.0,2.0,2.0,3.0,2.0,3.0,1.0,1.0,2.0,2.0,1.0,,2.0,2.0,1.0,1.0,1.0,2.0,2.0,2.0,2.0,1.0,2.0,2.0,1.0,2.0,3.0,3.0,1.0,1.0,2.0,1.0,3.0,3.0,,4.0,,,,,,2.0,0.0
