,CARD,DECK,BALLOT,FORM,S198RO.Q1,S198RO.Q2,S198RO.Q3,S198RO.Q4,S198RO.Q5,S198RO.Q6A,S198RO.Q6B,S198RO.Q7,S198RO.Q8,S198RO.Q9A,S198RO.Q9B,S198RO.Q10,S198RO.Q11,S198RO.Q12,S198RO.Q13,S198RO.Q14,S198RO.Q15A.n,S198RO.Q15B.n,S198RO.Q16,S198RO.Q17,S198RO.Q18,S198RO.Q19,S198RO.Q20,S198RO.Q21,S198RO.Q22,S198RO.Q23A,S198RO.Q23B,S198RO.Q23C,S198RO.Q24A,S198RO.Q24B,S198RO.Q25A,S198RO.Q26,S198RO.Q27,S198RO.Q28,S198RO.Q29,S198RO.Q30,S198RO.Q31A,S198RO.Q31B,S198RO.Q32,S198RO.Q33,S198RO.Q34,S198RO.Q35,S198RO.Q36A,S198RO.Q36B,S198RO.Q37,S198RO.Q38,S198RO.Q39,S198RO.Q40A,S198RO.Q40B,S198RO.Q41,S198RO.Q42,S198RO.Q43,S198RO.Q44A,S198RO.Q44B,S198RO.Q44C,S198RO.Q45,S198RO.Q46.n,S198RO.Q47,S198RO.Q49,S198RO.Q50,S198RO.Q51,S198RO.Q52,S198RO.Q53,CARD..1,DECK..1,BALLOT..1,FORM..1,S198RO.Q54.1,S198RO.Q54.2,S198RO.Qii1A,S198RO.Qii1B,S198RO.Qii1C,S198RO.Qii1D,S198RO.Qii1E,S198RO.Qii1F,S198RO.Qii1G,S198RO.Qii1H,S198RO.Qii2A,S198RO.Qii2B,S198RO.Qii2C,S198RO.Qii2D,S198RO.Qii3,S198RO.Qii4,S198RO.Qii5.1,S198RO.Qii5.2,S198RO.Qii6,S198RO.Qii7A,S198RO.Qii7B,S198RO.Qii7C,S198RO.Qii7D,S198RO.Qii7E,S198RO.Qii8.n,S198RO.Qii9,S198RO.Vii10,S198RO.Vii12
0,1.0,198.0,1.0,4.0,3.0,4.0,5.0,1.0,3.0,4.0,3.0,6.0,26.0,2.0,3.0,8.0,6.0,2.0,1.0,3.0,,,2.0,3.0,4.0,2.0,3.0,1.0,2.0,1.0,0.0,9.0,1.0,3.0,2.0,9.0,4.0,3.0,3.0,3.0,20.0,3.0,2.0,0.0,0.0,3.0,3.0,9.0,2.0,2.0,2.0,6.0,5.0,1.0,1.0,3.0,1.0,4.0,1.0,1.0,,6.0,1.0,2.0,2.0,4.0,1.0,2.0,198.0,1.0,4.0,9.0,1.0,2.0,1.0,1.0,2.0,2.0,1.0,1.0,2.0,1.0,1.0,2.0,2.0,1.0,1.0,9.0,2.0,9.0,9.0,9.0,9.0,9.0,9.0,,9.0,0.0,77.0
1,1.0,198.0,2.0,4.0,3.0,2.0,3.0,5.0,4.0,3.0,3.0,5.0,24.0,1.0,1.0,8.0,1.0,4.0,1.0,3.0,,,2.0,2.0,4.0,1.0,1.0,2.0,4.0,2.0,0.0,9.0,2.0,3.0,4.0,2.0,99.0,9.0,9.0,9.0,99.0,9.0,9.0,0.0,0.0,2.0,4.0,9.0,3.0,4.0,4.0,5.0,3.0,1.0,1.0,3.0,1.0,4.0,2.0,1.0,,0.0,1.0,2.0,3.0,5.0,1.0,2.0,198.0,2.0,4.0,9.0,1.0,2.0,2.0,1.0,2.0,2.0,1.0,2.0,2.0,3.0,1.0,2.0,2.0,1.0,1.0,9.0,1.0,9.0,9.0,9.0,9.0,9.0,9.0,,9.0,0.0,77.0
2,1.0,198.0,3.0,4.0,4.0,3.0,5.0,1.0,3.0,4.0,3.0,6.0,30.0,2.0,3.0,9.0,4.0,3.0,1.0,3.0,,,2.0,2.0,2.0,2.0,2.0,3.0,4.0,1.0,0.0,9.0,2.0,4.0,2.0,9.0,1.0,4.0,2.0,4.0,1.0,2.0,3.0,0.0,0.0,2.0,4.0,9.0,3.0,1.0,1.0,1.0,5.0,1.0,1.0,2.0,1.0,4.0,2.0,1.0,,5.0,1.0,2.0,2.0,3.0,1.0,2.0,198.0,3.0,4.0,9.0,1.0,1.0,1.0,1.0,2.0,2.0,1.0,1.0,2.0,1.0,1.0,1.0,2.0,1.0,1.0,9.0,1.0,9.0,9.0,9.0,9.0,9.0,9.0,,9.0,0.0,77.0
3,1.0,198.0,4.0,4.0,3.0,3.0,4.0,6.0,4.0,3.0,1.0,5.0,24.0,1.0,1.0,9.0,6.0,1.0,1.0,3.0,,,2.0,2.0,4.0,6.0,6.0,2.0,2.0,1.0,5.0,9.0,1.0,2.0,1.0,9.0,10.0,4.0,1.0,2.0,13.0,1.0,1.0,0.0,0.0,1.0,1.0,2.0,1.0,17.0,17.0,6.0,4.0,1.0,1.0,3.0,1.0,5.0,3.0,1.0,,5.0,1.0,2.0,1.0,6.0,1.0,2.0,198.0,4.0,4.0,9.0,1.0,1.0,1.0,2.0,2.0,2.0,2.0,2.0,2.0,1.0,1.0,3.0,2.0,1.0,1.0,9.0,2.0,9.0,9.0,9.0,9.0,9.0,9.0,,9.0,0.0,77.0
4,1.0,198.0,5.0,4.0,3.0,3.0,4.0,1.0,3.0,4.0,3.0,5.0,26.0,2.0,2.0,8.0,6.0,1.0,1.0,3.0,,,2.0,1.0,2.0,1.0,4.0,2.0,2.0,1.0,0.0,9.0,2.0,3.0,3.0,3.0,99.0,9.0,9.0,9.0,99.0,9.0,9.0,0.0,0.0,2.0,2.0,3.0,3.0,16.0,16.0,5.0,4.0,1.0,1.0,3.0,1.0,4.0,1.0,1.0,,7.0,1.0,2.0,2.0,4.0,1.0,2.0,198.0,5.0,4.0,9.0,1.0,2.0,1.0,2.0,2.0,2.0,2.0,2.0,2.0,1.0,1.0,2.0,1.0,1.0,1.0,9.0,1.0,9.0,9.0,9.0,9.0,9.0,9.0,,9.0,0.0,77.0
5,1.0,198.0,6.0,4.0,2.0,4.0,3.0,6.0,4.0,7.0,1.0,3.0,26.0,2.0,2.0,9.0,5.0,1.0,1.0,2.0,,,2.0,1.0,3.0,1.0,3.0,4.0,3.0,2.0,5.0,9.0,1.0,2.0,2.0,9.0,8.0,3.0,1.0,2.0,4.0,2.0,2.0,0.0,0.0,2.0,3.0,9.0,2.0,4.0,4.0,7.0,3.0,1.0,1.0,3.0,1.0,3.0,3.0,3.0,,7.0,1.0,2.0,2.0,1.0,1.0,2.0,198.0,6.0,4.0,9.0,1.0,0.0,1.0,1.0,0.0,2.0,2.0,0.0,1.0,3.0,3.0,2.0,2.0,1.0,1.0,9.0,2.0,9.0,9.0,9.0,9.0,9.0,9.0,,9.0,0.0,77.0
6,1.0,198.0,7.0,4.0,3.0,4.0,5.0,1.0,3.0,4.0,0.0,6.0,26.0,2.0,3.0,7.0,5.0,1.0,1.0,2.0,,,2.0,1.0,1.0,2.0,2.0,2.0,2.0,1.0,2.0,9.0,1.0,3.0,2.0,9.0,9.0,3.0,2.0,3.0,1.0,3.0,2.0,0.0,0.0,2.0,3.0,9.0,2.0,1.0,1.0,6.0,5.0,1.0,1.0,2.0,1.0,3.0,1.0,1.0,,5.0,1.0,2.0,2.0,12.0,3.0,2.0,198.0,7.0,4.0,9.0,1.0,2.0,1.0,2.0,2.0,2.0,1.0,2.0,2.0,1.0,1.0,2.0,3.0,2.0,2.0,9.0,1.0,9.0,9.0,9.0,9.0,9.0,9.0,,9.0,0.0,77.0
7,1.0,198.0,8.0,4.0,6.0,2.0,5.0,1.0,3.0,4.0,4.0,6.0,42.0,2.0,3.0,9.0,6.0,3.0,1.0,2.0,,,2.0,1.0,1.0,1.0,1.0,4.0,2.0,1.0,5.0,9.0,2.0,6.0,4.0,3.0,99.0,9.0,9.0,9.0,99.0,9.0,9.0,0.0,0.0,2.0,1.0,4.0,1.0,4.0,4.0,1.0,5.0,1.0,1.0,3.0,1.0,4.0,1.0,1.0,,7.0,1.0,2.0,2.0,3.0,3.0,2.0,198.0,8.0,4.0,9.0,1.0,2.0,2.0,1.0,2.0,2.0,1.0,2.0,1.0,1.0,1.0,2.0,2.0,1.0,1.0,9.0,2.0,9.0,9.0,9.0,9.0,9.0,9.0,,9.0,0.0,77.0
8,1.0,198.0,9.0,4.0,4.0,4.0,6.0,1.0,4.0,6.0,1.0,4.0,30.0,2.0,5.0,8.0,4.0,1.0,1.0,2.0,,,1.0,1.0,5.0,2.0,3.0,4.0,4.0,3.0,99.0,2.0,1.0,3.0,3.0,3.0,99.0,9.0,9.0,9.0,99.0,9.0,9.0,0.0,0.0,1.0,1.0,1.0,1.0,4.0,4.0,0.0,6.0,1.0,0.0,3.0,1.0,5.0,3.0,1.0,,6.0,1.0,2.0,1.0,6.0,1.0,2.0,198.0,9.0,4.0,9.0,1.0,1.0,2.0,1.0,2.0,2.0,2.0,2.0,2.0,2.0,1.0,3.0,2.0,2.0,1.0,9.0,1.0,9.0,9.0,9.0,9.0,9.0,9.0,,9.0,0.0,77.0
9,1.0,198.0,10.0,4.0,5.0,2.0,5.0,1.0,3.0,4.0,3.0,6.0,28.0,1.0,1.0,4.0,3.0,1.0,1.0,2.0,,,2.0,2.0,0.0,4.0,4.0,2.0,2.0,1.0,8.0,9.0,1.0,4.0,3.0,3.0,99.0,9.0,9.0,9.0,99.0,9.0,9.0,0.0,0.0,1.0,1.0,3.0,1.0,1.0,1.0,1.0,5.0,1.0,1.0,3.0,1.0,5.0,3.0,1.0,,5.0,1.0,2.0,2.0,2.0,1.0,2.0,198.0,10.0,4.0,9.0,1.0,2.0,2.0,1.0,2.0,2.0,2.0,2.0,2.0,1.0,1.0,2.0,3.0,1.0,1.0,9.0,2.0,9.0,9.0,9.0,9.0,9.0,9.0,,9.0,0.0,77.0
10,1.0,198.0,11.0,4.0,5.0,3.0,5.0,1.0,3.0,4.0,3.0,6.0,31.0,2.0,3.0,9.0,4.0,4.0,1.0,2.0,,,2.0,2.0,1.0,1.0,3.0,4.0,2.0,2.0,5.0,9.0,2.0,5.0,3.0,1.0,99.0,9.0,9.0,9.0,99.0,9.0,9.0,0.0,0.0,2.0,3.0,9.0,6.0,1.0,1.0,1.0,5.0,1.0,1.0,2.0,1.0,4.0,1.0,1.0,,7.0,2.0,2.0,3.0,5.0,1.0,2.0,198.0,11.0,4.0,9.0,1.0,1.0,0.0,1.0,1.0,2.0,1.0,1.0,2.0,1.0,1.0,2.0,1.0,1.0,1.0,9.0,2.0,9.0,9.0,9.0,9.0,9.0,9.0,,9.0,0.0,77.0
11,1.0,198.0,12.0,4.0,4.0,3.0,6.0,7.0,2.0,6.0,1.0,4.0,31.0,2.0,2.0,9.0,6.0,1.0,1.0,2.0,,,2.0,1.0,1.0,1.0,2.0,2.0,2.0,1.0,6.0,9.0,1.0,3.0,2.0,9.0,5.0,4.0,3.0,3.0,19.0,3.0,2.0,0.0,0.0,2.0,1.0,2.0,1.0,4.0,4.0,0.0,6.0,2.0,1.0,3.0,1.0,4.0,2.0,1.0,,9.0,1.0,0.0,2.0,6.0,3.0,2.0,198.0,12.0,4.0,9.0,1.0,1.0,2.0,2.0,2.0,2.0,2.0,2.0,2.0,2.0,2.0,1.0,2.0,2.0,2.0,9.0,1.0,9.0,9.0,9.0,9.0,9.0,9.0,,9.0,0.0,77.0
12,1.0,198.0,13.0,4.0,2.0,4.0,4.0,1.0,4.0,9.0,1.0,6.0,29.0,1.0,1.0,4.0,4.0,4.0,1.0,2.0,,,1.0,1.0,5.0,1.0,4.0,4.0,2.0,1.0,0.0,9.0,1.0,2.0,1.0,9.0,0.0,4.0,1.0,2.0,9.0,0.0,1.0,0.0,0.0,1.0,1.0,1.0,9.0,9.0,9.0,0.0,4.0,1.0,0.0,3.0,1.0,3.0,2.0,1.0,,0.0,1.0,2.0,1.0,5.0,1.0,2.0,198.0,13.0,4.0,9.0,1.0,1.0,1.0,0.0,0.0,0.0,0.0,0.0,0.0,0.0,3.0,1.0,0.0,1.0,1.0,9.0,3.0,9.0,9.0,9.0,9.0,9.0,9.0,,9.0,0.0,77.0
13,1.0,198.0,14.0,4.0,3.0,2.0,3.0,5.0,4.0,3.0,1.0,5.0,28.0,2.0,2.0,9.0,6.0,1.0,1.0,2.0,,,2.0,1.0,3.0,1.0,4.0,3.0,3.0,2.0,2.0,9.0,3.0,3.0,2.0,9.0,3.0,4.0,3.0,3.0,4.0,3.0,2.0,0.0,0.0,2.0,2.0,2.0,1.0,4.0,4.0,4.0,3.0,1.0,2.0,3.0,1.0,4.0,3.0,1.0,,5.0,2.0,2.0,2.0,3.0,2.0,2.0,198.0,14.0,4.0,9.0,1.0,2.0,2.0,1.0,2.0,2.0,1.0,2.0,2.0,2.0,1.0,2.0,2.0,1.0,1.0,9.0,1.0,9.0,9.0,9.0,9.0,9.0,9.0,,9.0,0.0,77.0
14,1.0,198.0,15.0,4.0,1.0,4.0,4.0,5.0,4.0,8.0,1.0,4.0,29.0,2.0,2.0,8.0,4.0,4.0,1.0,2.0,,,2.0,1.0,1.0,1.0,1.0,4.0,2.0,1.0,2.0,9.0,1.0,1.0,2.0,9.0,0.0,4.0,1.0,1.0,15.0,1.0,2.0,0.0,0.0,1.0,3.0,9.0,2.0,19.0,21.0,7.0,4.0,1.0,1.0,3.0,1.0,4.0,2.0,1.0,,9.0,1.0,1.0,3.0,2.0,1.0,2.0,198.0,15.0,4.0,9.0,1.0,2.0,2.0,1.0,2.0,2.0,2.0,2.0,2.0,2.0,1.0,2.0,2.0,2.0,1.0,9.0,1.0,9.0,9.0,9.0,9.0,9.0,9.0,,9.0,0.0,77.0
15,1.0,198.0,16.0,4.0,1.0,1.0,3.0,7.0,4.0,8.0,1.0,3.0,0.0,2.0,5.0,8.0,4.0,2.0,1.0,1.0,,,1.0,0.0,5.0,6.0,6.0,4.0,2.0,1.0,5.0,9.0,1.0,4.0,1.0,9.0,2.0,4.0,2.0,4.0,18.0,1.0,1.0,0.0,0.0,1.0,1.0,1.0,1.0,19.0,20.0,7.0,3.0,1.0,2.0,3.0,1.0,4.0,2.0,3.0,,8.0,1.0,2.0,1.0,1.0,1.0,2.0,198.0,16.0,4.0,9.0,1.0,2.0,2.0,1.0,2.0,2.0,2.0,2.0,2.0,2.0,1.0,2.0,2.0,2.0,1.0,9.0,3.0,9.0,9.0,9.0,9.0,9.0,9.0,,9.0,0.0,77.0
16,1.0,198.0,17.0,4.0,4.0,4.0,6.0,1.0,3.0,9.0,1.0,7.0,33.0,2.0,3.0,9.0,4.0,3.0,1.0,5.0,,,2.0,1.0,4.0,5.0,5.0,1.0,4.0,4.0,99.0,1.0,2.0,8.0,4.0,2.0,99.0,9.0,9.0,9.0,99.0,9.0,9.0,0.0,0.0,1.0,4.0,9.0,5.0,8.0,8.0,0.0,6.0,1.0,1.0,2.0,1.0,3.0,1.0,1.0,,7.0,2.0,2.0,3.0,3.0,3.0,2.0,198.0,17.0,4.0,9.0,1.0,2.0,1.0,1.0,2.0,2.0,1.0,2.0,1.0,2.0,1.0,2.0,2.0,2.0,2.0,9.0,2.0,9.0,9.0,9.0,9.0,9.0,9.0,,9.0,0.0,77.0
17,1.0,198.0,18.0,4.0,3.0,2.0,3.0,4.0,4.0,3.0,3.0,6.0,30.0,1.0,1.0,8.0,4.0,4.0,3.0,5.0,,,2.0,1.0,3.0,5.0,5.0,3.0,3.0,1.0,1.0,9.0,2.0,3.0,2.0,9.0,11.0,4.0,2.0,3.0,1.0,3.0,2.0,0.0,0.0,2.0,2.0,2.0,3.0,1.0,1.0,0.0,3.0,1.0,2.0,2.0,1.0,4.0,2.0,1.0,,9.0,1.0,2.0,2.0,1.0,1.0,2.0,198.0,18.0,4.0,9.0,3.0,2.0,2.0,1.0,2.0,2.0,1.0,1.0,1.0,1.0,1.0,1.0,1.0,2.0,2.0,9.0,2.0,9.0,9.0,9.0,9.0,9.0,9.0,,9.0,0.0,77.0
18,1.0,198.0,19.0,4.0,5.0,4.0,6.0,1.0,3.0,4.0,2.0,6.0,34.0,2.0,3.0,7.0,5.0,1.0,1.0,2.0,,,2.0,2.0,5.0,1.0,2.0,3.0,4.0,1.0,5.0,9.0,2.0,6.0,1.0,9.0,11.0,4.0,2.0,5.0,1.0,1.0,2.0,0.0,0.0,1.0,2.0,2.0,2.0,2.0,2.0,1.0,6.0,2.0,1.0,3.0,1.0,5.0,3.0,1.0,,7.0,1.0,2.0,1.0,5.0,2.0,2.0,198.0,19.0,4.0,9.0,1.0,1.0,2.0,1.0,2.0,2.0,1.0,2.0,1.0,2.0,1.0,1.0,2.0,1.0,2.0,9.0,2.0,9.0,9.0,9.0,9.0,9.0,9.0,,9.0,0.0,77.0
19,1.0,198.0,20.0,4.0,3.0,3.0,3.0,4.0,4.0,3.0,1.0,4.0,24.0,2.0,3.0,7.0,4.0,4.0,1.0,6.0,,,2.0,3.0,6.0,5.0,5.0,2.0,4.0,3.0,99.0,1.0,2.0,3.0,4.0,6.0,99.0,9.0,9.0,9.0,99.0,9.0,9.0,0.0,0.0,1.0,2.0,3.0,5.0,4.0,4.0,5.0,3.0,1.0,1.0,3.0,1.0,3.0,3.0,1.0,,0.0,2.0,1.0,4.0,12.0,1.0,2.0,198.0,20.0,4.0,9.0,1.0,2.0,1.0,1.0,2.0,2.0,2.0,2.0,1.0,1.0,1.0,2.0,2.0,2.0,1.0,9.0,2.0,9.0,9.0,9.0,9.0,9.0,9.0,,9.0,0.0,77.0
20,1.0,198.0,21.0,4.0,4.0,2.0,4.0,6.0,4.0,8.0,1.0,4.0,28.0,2.0,2.0,8.0,5.0,4.0,1.0,2.0,,,2.0,1.0,3.0,2.0,4.0,4.0,3.0,1.0,0.0,9.0,1.0,3.0,2.0,9.0,11.0,4.0,1.0,3.0,12.0,0.0,2.0,0.0,0.0,1.0,1.0,1.0,2.0,2.0,2.0,6.0,4.0,1.0,2.0,3.0,1.0,5.0,3.0,1.0,,5.0,1.0,2.0,1.0,8.0,3.0,2.0,198.0,21.0,4.0,9.0,1.0,1.0,0.0,2.0,2.0,2.0,1.0,2.0,2.0,1.0,3.0,1.0,2.0,1.0,1.0,9.0,1.0,9.0,9.0,9.0,9.0,9.0,9.0,,9.0,0.0,77.0
21,1.0,198.0,22.0,4.0,5.0,2.0,5.0,1.0,3.0,4.0,3.0,6.0,32.0,2.0,4.0,9.0,6.0,1.0,1.0,2.0,,,2.0,1.0,1.0,1.0,1.0,4.0,2.0,2.0,5.0,9.0,2.0,5.0,4.0,2.0,99.0,9.0,9.0,9.0,99.0,9.0,9.0,0.0,0.0,2.0,2.0,3.0,3.0,4.0,4.0,0.0,5.0,1.0,0.0,3.0,1.0,4.0,1.0,1.0,,8.0,1.0,2.0,2.0,1.0,1.0,2.0,198.0,22.0,4.0,9.0,1.0,2.0,1.0,1.0,2.0,2.0,1.0,2.0,2.0,2.0,2.0,1.0,2.0,1.0,1.0,9.0,2.0,9.0,9.0,9.0,9.0,9.0,9.0,,9.0,0.0,77.0
22,1.0,198.0,23.0,4.0,3.0,3.0,5.0,1.0,3.0,4.0,3.0,6.0,26.0,2.0,2.0,9.0,6.0,4.0,1.0,2.0,,,2.0,1.0,1.0,1.0,1.0,4.0,2.0,5.0,0.0,9.0,2.0,3.0,3.0,6.0,99.0,9.0,9.0,9.0,99.0,9.0,9.0,0.0,0.0,2.0,4.0,9.0,3.0,4.0,15.0,0.0,4.0,2.0,1.0,2.0,1.0,4.0,2.0,1.0,,9.0,1.0,2.0,3.0,3.0,2.0,2.0,198.0,23.0,4.0,9.0,1.0,0.0,1.0,1.0,2.0,2.0,2.0,1.0,1.0,2.0,2.0,1.0,2.0,2.0,2.0,9.0,1.0,9.0,9.0,9.0,9.0,9.0,9.0,,9.0,0.0,77.0
23,1.0,198.0,24.0,4.0,4.0,3.0,5.0,1.0,3.0,4.0,4.0,5.0,26.0,2.0,2.0,9.0,5.0,4.0,1.0,3.0,,,2.0,1.0,4.0,6.0,6.0,1.0,0.0,1.0,5.0,9.0,1.0,3.0,2.0,9.0,8.0,2.0,1.0,3.0,13.0,3.0,4.0,0.0,0.0,1.0,2.0,2.0,3.0,4.0,13.0,0.0,4.0,2.0,1.0,2.0,1.0,4.0,1.0,1.0,,7.0,1.0,3.0,2.0,1.0,0.0,2.0,198.0,24.0,4.0,9.0,1.0,0.0,2.0,2.0,1.0,2.0,1.0,1.0,2.0,2.0,1.0,1.0,2.0,1.0,1.0,9.0,1.0,9.0,9.0,9.0,9.0,9.0,9.0,,9.0,0.0,77.0
24,1.0,198.0,25.0,4.0,4.0,3.0,4.0,1.0,4.0,10.0,3.0,7.0,38.0,2.0,2.0,8.0,4.0,1.0,2.0,5.0,,,2.0,1.0,3.0,1.0,1.0,3.0,1.0,4.0,99.0,1.0,2.0,8.0,4.0,0.0,99.0,9.0,9.0,9.0,99.0,9.0,9.0,0.0,0.0,3.0,4.0,9.0,5.0,8.0,8.0,0.0,4.0,1.0,1.0,2.0,1.0,4.0,1.0,1.0,,6.0,3.0,2.0,2.0,4.0,2.0,2.0,198.0,25.0,4.0,9.0,2.0,2.0,1.0,1.0,1.0,2.0,1.0,1.0,1.0,1.0,1.0,1.0,1.0,1.0,1.0,9.0,2.0,9.0,9.0,9.0,9.0,9.0,9.0,,9.0,0.0,77.0
25,1.0,198.0,26.0,4.0,2.0,4.0,4.0,3.0,4.0,3.0,1.0,4.0,24.0,2.0,3.0,4.0,3.0,4.0,1.0,2.0,,,1.0,2.0,1.0,1.0,2.0,4.0,2.0,1.0,5.0,9.0,3.0,3.0,2.0,9.0,8.0,4.0,3.0,3.0,5.0,3.0,2.0,0.0,0.0,1.0,2.0,1.0,1.0,5.0,5.0,3.0,4.0,1.0,1.0,3.0,1.0,3.0,3.0,2.0,,6.0,1.0,1.0,3.0,12.0,1.0,2.0,198.0,26.0,4.0,9.0,1.0,2.0,2.0,1.0,2.0,2.0,2.0,1.0,1.0,2.0,1.0,1.0,2.0,2.0,2.0,9.0,2.0,9.0,9.0,9.0,9.0,9.0,9.0,,9.0,0.0,77.0
26,1.0,198.0,27.0,4.0,3.0,3.0,4.0,1.0,3.0,4.0,4.0,6.0,26.0,2.0,4.0,8.0,3.0,3.0,1.0,2.0,,,2.0,3.0,4.0,4.0,4.0,2.0,3.0,4.0,99.0,5.0,2.0,5.0,4.0,7.0,99.0,9.0,9.0,9.0,99.0,9.0,9.0,0.0,0.0,1.0,4.0,9.0,5.0,2.0,2.0,1.0,4.0,1.0,1.0,3.0,1.0,4.0,3.0,1.0,,6.0,3.0,3.0,5.0,3.0,3.0,2.0,198.0,27.0,4.0,9.0,1.0,1.0,1.0,2.0,2.0,2.0,1.0,1.0,2.0,1.0,1.0,1.0,1.0,3.0,3.0,9.0,2.0,9.0,9.0,9.0,9.0,9.0,9.0,,9.0,0.0,77.0
27,1.0,198.0,28.0,4.0,4.0,2.0,4.0,3.0,4.0,3.0,3.0,6.0,26.0,2.0,2.0,9.0,4.0,2.0,1.0,2.0,,,2.0,2.0,4.0,1.0,4.0,2.0,4.0,1.0,1.0,9.0,1.0,3.0,1.0,9.0,10.0,4.0,1.0,3.0,2.0,1.0,1.0,0.0,0.0,1.0,1.0,1.0,1.0,2.0,2.0,3.0,4.0,1.0,1.0,3.0,1.0,2.0,3.0,2.0,,6.0,1.0,2.0,2.0,12.0,1.0,2.0,198.0,28.0,4.0,9.0,1.0,2.0,2.0,2.0,2.0,2.0,1.0,1.0,2.0,1.0,1.0,1.0,2.0,1.0,1.0,9.0,2.0,9.0,9.0,9.0,9.0,9.0,9.0,,9.0,0.0,77.0
28,1.0,198.0,29.0,4.0,4.0,4.0,6.0,1.0,3.0,4.0,3.0,5.0,29.0,2.0,2.0,7.0,6.0,4.0,1.0,3.0,,,2.0,3.0,6.0,1.0,3.0,2.0,4.0,1.0,2.0,9.0,1.0,4.0,1.0,9.0,9.0,2.0,2.0,4.0,2.0,1.0,2.0,0.0,0.0,2.0,2.0,2.0,2.0,2.0,2.0,0.0,6.0,1.0,1.0,3.0,1.0,5.0,3.0,1.0,,7.0,1.0,2.0,2.0,10.0,1.0,2.0,198.0,29.0,4.0,9.0,1.0,2.0,2.0,2.0,2.0,2.0,1.0,2.0,2.0,2.0,1.0,2.0,2.0,2.0,1.0,9.0,1.0,9.0,9.0,9.0,9.0,9.0,9.0,,9.0,0.0,77.0
29,1.0,198.0,30.0,4.0,3.0,3.0,3.0,5.0,4.0,3.0,1.0,5.0,27.0,1.0,1.0,9.0,5.0,2.0,1.0,2.0,,,2.0,2.0,2.0,1.0,4.0,4.0,2.0,1.0,5.0,9.0,1.0,2.0,1.0,9.0,3.0,4.0,3.0,2.0,10.0,2.0,1.0,0.0,0.0,1.0,1.0,1.0,2.0,10.0,10.0,5.0,3.0,1.0,1.0,3.0,1.0,4.0,2.0,1.0,,7.0,1.0,2.0,1.0,5.0,1.0,2.0,198.0,30.0,4.0,9.0,1.0,2.0,2.0,1.0,2.0,2.0,2.0,2.0,2.0,1.0,1.0,1.0,2.0,1.0,1.0,9.0,3.0,9.0,9.0,9.0,9.0,9.0,9.0,,9.0,0.0,77.0
30,1.0,198.0,31.0,4.0,4.0,3.0,6.0,1.0,3.0,9.0,1.0,7.0,36.0,2.0,2.0,9.0,6.0,1.0,1.0,5.0,,,2.0,1.0,3.0,5.0,5.0,3.0,3.0,2.0,5.0,9.0,2.0,4.0,4.0,2.0,99.0,9.0,9.0,9.0,99.0,9.0,9.0,0.0,0.0,2.0,4.0,9.0,3.0,7.0,7.0,0.0,6.0,1.0,1.0,2.0,1.0,4.0,1.0,1.0,,7.0,1.0,2.0,2.0,5.0,1.0,2.0,198.0,31.0,4.0,9.0,1.0,1.0,2.0,2.0,1.0,2.0,2.0,2.0,2.0,1.0,1.0,1.0,2.0,2.0,1.0,9.0,1.0,9.0,9.0,9.0,9.0,9.0,9.0,,9.0,0.0,77.0
31,1.0,198.0,32.0,4.0,3.0,2.0,3.0,6.0,4.0,3.0,3.0,5.0,25.0,1.0,1.0,9.0,3.0,4.0,1.0,3.0,,,2.0,1.0,4.0,1.0,3.0,1.0,2.0,1.0,1.0,9.0,2.0,3.0,2.0,9.0,1.0,4.0,2.0,3.0,3.0,3.0,3.0,0.0,0.0,2.0,2.0,2.0,4.0,2.0,3.0,4.0,4.0,1.0,2.0,3.0,1.0,4.0,3.0,1.0,,6.0,1.0,2.0,3.0,6.0,3.0,2.0,198.0,32.0,4.0,9.0,1.0,1.0,2.0,1.0,2.0,2.0,1.0,2.0,2.0,3.0,1.0,2.0,2.0,1.0,1.0,9.0,2.0,9.0,9.0,9.0,9.0,9.0,9.0,,9.0,0.0,77.0
32,1.0,198.0,33.0,4.0,3.0,4.0,5.0,1.0,3.0,4.0,4.0,6.0,25.0,1.0,1.0,9.0,4.0,1.0,1.0,3.0,,,2.0,1.0,4.0,6.0,6.0,1.0,2.0,2.0,1.0,9.0,2.0,4.0,4.0,2.0,99.0,9.0,9.0,9.0,99.0,9.0,9.0,0.0,0.0,2.0,4.0,9.0,3.0,12.0,12.0,1.0,5.0,1.0,1.0,2.0,1.0,4.0,2.0,1.0,,0.0,2.0,2.0,3.0,5.0,1.0,2.0,198.0,33.0,4.0,9.0,1.0,1.0,2.0,2.0,1.0,2.0,1.0,2.0,2.0,1.0,1.0,2.0,3.0,2.0,2.0,9.0,1.0,9.0,9.0,9.0,9.0,9.0,9.0,,9.0,0.0,77.0
33,1.0,198.0,34.0,4.0,3.0,2.0,3.0,6.0,4.0,3.0,1.0,4.0,26.0,2.0,3.0,9.0,4.0,3.0,1.0,2.0,,,2.0,2.0,2.0,1.0,3.0,4.0,2.0,2.0,5.0,9.0,1.0,2.0,2.0,9.0,8.0,2.0,3.0,2.0,1.0,1.0,3.0,0.0,0.0,2.0,4.0,9.0,3.0,4.0,4.0,6.0,3.0,1.0,1.0,3.0,1.0,4.0,3.0,1.0,,0.0,2.0,2.0,2.0,3.0,1.0,2.0,198.0,34.0,4.0,9.0,1.0,1.0,2.0,2.0,2.0,2.0,2.0,1.0,2.0,1.0,1.0,2.0,2.0,1.0,1.0,9.0,2.0,9.0,9.0,9.0,9.0,9.0,9.0,,9.0,0.0,77.0
34,1.0,198.0,35.0,4.0,4.0,2.0,6.0,1.0,3.0,4.0,3.0,6.0,26.0,2.0,3.0,9.0,4.0,3.0,1.0,2.0,,,2.0,1.0,3.0,2.0,3.0,4.0,3.0,1.0,1.0,9.0,1.0,3.0,3.0,1.0,99.0,9.0,9.0,9.0,99.0,9.0,9.0,0.0,0.0,1.0,4.0,9.0,3.0,2.0,2.0,1.0,6.0,1.0,1.0,3.0,1.0,5.0,3.0,2.0,,5.0,2.0,2.0,2.0,5.0,1.0,2.0,198.0,35.0,4.0,9.0,1.0,1.0,2.0,2.0,2.0,2.0,1.0,2.0,1.0,1.0,1.0,2.0,2.0,2.0,1.0,9.0,1.0,9.0,9.0,9.0,9.0,9.0,9.0,,9.0,0.0,77.0
35,1.0,198.0,36.0,4.0,4.0,4.0,4.0,1.0,4.0,10.0,1.0,6.0,48.0,2.0,5.0,9.0,6.0,1.0,1.0,5.0,,,2.0,1.0,3.0,5.0,5.0,4.0,1.0,0.0,99.0,9.0,0.0,0.0,0.0,9.0,99.0,9.0,9.0,9.0,99.0,9.0,9.0,0.0,0.0,0.0,0.0,0.0,0.0,15.0,15.0,1.0,4.0,1.0,1.0,2.0,1.0,4.0,1.0,1.0,,9.0,1.0,2.0,1.0,3.0,3.0,2.0,198.0,36.0,4.0,9.0,1.0,2.0,1.0,1.0,2.0,2.0,1.0,1.0,1.0,2.0,2.0,2.0,2.0,3.0,3.0,9.0,2.0,9.0,9.0,9.0,9.0,9.0,9.0,,9.0,0.0,77.0
36,1.0,198.0,37.0,4.0,3.0,3.0,5.0,1.0,3.0,4.0,4.0,5.0,28.0,1.0,1.0,8.0,5.0,1.0,1.0,2.0,,,2.0,1.0,1.0,1.0,1.0,4.0,1.0,1.0,3.0,9.0,1.0,2.0,2.0,9.0,5.0,4.0,2.0,2.0,4.0,2.0,2.0,0.0,0.0,1.0,2.0,2.0,2.0,4.0,4.0,0.0,5.0,1.0,1.0,3.0,1.0,4.0,3.0,1.0,,6.0,2.0,2.0,1.0,4.0,1.0,2.0,198.0,37.0,4.0,9.0,1.0,1.0,1.0,2.0,2.0,2.0,2.0,2.0,1.0,1.0,1.0,2.0,2.0,1.0,1.0,9.0,2.0,9.0,9.0,9.0,9.0,9.0,9.0,,9.0,0.0,77.0
37,1.0,198.0,38.0,4.0,4.0,3.0,6.0,3.0,4.0,8.0,3.0,5.0,27.0,2.0,4.0,9.0,5.0,1.0,1.0,2.0,,,2.0,1.0,4.0,1.0,4.0,1.0,2.0,1.0,0.0,9.0,2.0,4.0,2.0,9.0,11.0,4.0,3.0,4.0,20.0,1.0,2.0,0.0,0.0,1.0,1.0,4.0,1.0,4.0,4.0,0.0,5.0,1.0,2.0,3.0,1.0,4.0,3.0,1.0,,0.0,1.0,1.0,1.0,2.0,1.0,2.0,198.0,38.0,4.0,9.0,1.0,2.0,1.0,2.0,2.0,2.0,2.0,2.0,2.0,2.0,1.0,2.0,2.0,1.0,1.0,9.0,2.0,9.0,9.0,9.0,9.0,9.0,9.0,,9.0,0.0,77.0
38,1.0,198.0,39.0,4.0,2.0,3.0,3.0,5.0,4.0,3.0,1.0,4.0,23.0,1.0,1.0,8.0,4.0,1.0,1.0,5.0,,,2.0,3.0,4.0,5.0,5.0,2.0,4.0,2.0,5.0,9.0,3.0,2.0,2.0,9.0,1.0,4.0,3.0,2.0,12.0,3.0,4.0,0.0,0.0,2.0,3.0,9.0,2.0,4.0,4.0,5.0,3.0,1.0,1.0,3.0,1.0,4.0,3.0,1.0,,5.0,3.0,2.0,3.0,5.0,1.0,2.0,198.0,39.0,4.0,9.0,1.0,2.0,2.0,1.0,2.0,2.0,2.0,2.0,1.0,1.0,1.0,1.0,3.0,1.0,2.0,9.0,2.0,9.0,9.0,9.0,9.0,9.0,9.0,,9.0,0.0,77.0
39,1.0,198.0,40.0,4.0,4.0,3.0,4.0,7.0,4.0,8.0,1.0,3.0,40.0,2.0,2.0,7.0,6.0,4.0,1.0,1.0,,,1.0,1.0,5.0,6.0,6.0,3.0,2.0,3.0,99.0,5.0,3.0,5.0,2.0,9.0,10.0,4.0,2.0,5.0,20.0,2.0,0.0,0.0,0.0,9.0,3.0,9.0,2.0,19.0,20.0,7.0,3.0,1.0,2.0,2.0,1.0,5.0,1.0,1.0,,0.0,1.0,1.0,2.0,3.0,1.0,2.0,198.0,40.0,4.0,9.0,1.0,2.0,2.0,1.0,2.0,2.0,2.0,2.0,2.0,2.0,1.0,2.0,1.0,1.0,1.0,9.0,2.0,9.0,9.0,9.0,9.0,9.0,9.0,,9.0,0.0,77.0
40,1.0,198.0,41.0,4.0,5.0,4.0,5.0,1.0,3.0,4.0,3.0,6.0,32.0,2.0,3.0,4.0,6.0,3.0,1.0,2.0,,,2.0,2.0,2.0,1.0,4.0,3.0,3.0,3.0,99.0,1.0,2.0,5.0,2.0,9.0,0.0,0.0,2.0,5.0,9.0,2.0,2.0,0.0,0.0,1.0,3.0,9.0,5.0,9.0,9.0,6.0,5.0,1.0,0.0,2.0,1.0,4.0,1.0,1.0,,7.0,1.0,2.0,2.0,5.0,1.0,2.0,198.0,41.0,4.0,9.0,2.0,2.0,1.0,1.0,2.0,2.0,1.0,2.0,1.0,2.0,1.0,2.0,2.0,2.0,1.0,9.0,2.0,9.0,9.0,9.0,9.0,9.0,9.0,,9.0,0.0,77.0
41,1.0,198.0,42.0,4.0,3.0,2.0,4.0,4.0,4.0,3.0,1.0,4.0,32.0,2.0,2.0,9.0,6.0,1.0,1.0,2.0,,,2.0,1.0,3.0,1.0,4.0,4.0,3.0,1.0,5.0,9.0,1.0,2.0,2.0,9.0,8.0,3.0,1.0,2.0,4.0,2.0,2.0,0.0,0.0,2.0,2.0,2.0,2.0,4.0,4.0,0.0,4.0,1.0,2.0,3.0,1.0,2.0,3.0,1.0,,5.0,1.0,1.0,3.0,5.0,1.0,2.0,198.0,42.0,4.0,9.0,1.0,1.0,1.0,2.0,1.0,2.0,1.0,1.0,2.0,1.0,1.0,1.0,1.0,1.0,1.0,9.0,2.0,9.0,9.0,9.0,9.0,9.0,9.0,,9.0,0.0,77.0
42,1.0,198.0,43.0,3.0,7.0,2.0,6.0,2.0,1.0,10.0,1.0,6.0,49.0,2.0,3.0,7.0,5.0,1.0,1.0,1.0,,,1.0,1.0,5.0,0.0,1.0,4.0,2.0,0.0,99.0,9.0,0.0,0.0,0.0,9.0,99.0,9.0,9.0,9.0,99.0,9.0,9.0,0.0,0.0,0.0,0.0,0.0,0.0,2.0,2.0,0.0,6.0,1.0,1.0,3.0,1.0,4.0,3.0,1.0,,7.0,1.0,2.0,1.0,1.0,1.0,2.0,198.0,43.0,3.0,1.0,9.0,1.0,1.0,2.0,2.0,2.0,2.0,2.0,2.0,1.0,1.0,2.0,2.0,2.0,2.0,1.0,9.0,1.0,2.0,2.0,1.0,1.0,1.0,,3.0,0.0,77.0
43,1.0,198.0,44.0,3.0,2.0,3.0,3.0,1.0,4.0,9.0,1.0,4.0,30.0,2.0,4.0,9.0,6.0,1.0,1.0,2.0,,,2.0,1.0,1.0,1.0,1.0,4.0,2.0,4.0,99.0,1.0,2.0,8.0,4.0,1.0,99.0,9.0,9.0,9.0,99.0,9.0,9.0,0.0,0.0,3.0,4.0,9.0,5.0,15.0,15.0,4.0,3.0,1.0,1.0,2.0,1.0,3.0,2.0,1.0,,9.0,0.0,1.0,4.0,1.0,1.0,2.0,198.0,44.0,3.0,1.0,9.0,2.0,1.0,1.0,2.0,2.0,1.0,1.0,2.0,2.0,2.0,1.0,1.0,2.0,3.0,1.0,9.0,3.0,1.0,3.0,3.0,1.0,1.0,,3.0,0.0,77.0
44,1.0,198.0,45.0,3.0,3.0,1.0,3.0,5.0,4.0,3.0,1.0,5.0,28.0,2.0,2.0,9.0,6.0,1.0,1.0,2.0,,,2.0,1.0,3.0,1.0,4.0,1.0,2.0,1.0,2.0,9.0,1.0,2.0,4.0,2.0,99.0,9.0,9.0,9.0,99.0,9.0,9.0,0.0,0.0,9.0,9.0,8.0,9.0,14.0,14.0,5.0,3.0,1.0,2.0,2.0,1.0,4.0,1.0,1.0,,7.0,1.0,2.0,3.0,1.0,1.0,2.0,198.0,45.0,3.0,2.0,9.0,1.0,2.0,1.0,2.0,2.0,1.0,1.0,2.0,1.0,1.0,2.0,1.0,2.0,2.0,2.0,9.0,1.0,1.0,3.0,3.0,1.0,1.0,,2.0,0.0,77.0
45,1.0,198.0,46.0,3.0,4.0,3.0,4.0,4.0,4.0,3.0,3.0,5.0,25.0,2.0,3.0,9.0,6.0,4.0,1.0,3.0,,,2.0,1.0,4.0,6.0,6.0,1.0,2.0,1.0,2.0,9.0,3.0,2.0,2.0,9.0,6.0,4.0,3.0,2.0,2.0,2.0,1.0,0.0,0.0,1.0,2.0,2.0,2.0,2.0,2.0,4.0,4.0,1.0,1.0,3.0,1.0,3.0,2.0,1.0,,5.0,1.0,1.0,2.0,5.0,2.0,2.0,198.0,46.0,3.0,1.0,9.0,2.0,2.0,1.0,2.0,2.0,2.0,2.0,2.0,1.0,1.0,1.0,2.0,1.0,1.0,1.0,9.0,1.0,1.0,3.0,3.0,1.0,1.0,,1.0,0.0,77.0
46,1.0,198.0,47.0,3.0,3.0,3.0,4.0,4.0,4.0,3.0,1.0,5.0,33.0,2.0,2.0,9.0,4.0,1.0,1.0,2.0,,,2.0,1.0,1.0,1.0,1.0,4.0,2.0,4.0,99.0,1.0,2.0,8.0,3.0,1.0,99.0,9.0,9.0,9.0,99.0,9.0,9.0,0.0,0.0,1.0,3.0,9.0,5.0,2.0,2.0,2.0,2.0,2.0,2.0,3.0,1.0,4.0,1.0,1.0,,0.0,0.0,2.0,1.0,5.0,1.0,2.0,198.0,47.0,3.0,1.0,9.0,1.0,1.0,1.0,1.0,2.0,1.0,1.0,2.0,1.0,1.0,2.0,2.0,1.0,1.0,1.0,9.0,3.0,1.0,3.0,1.0,1.0,1.0,,3.0,0.0,77.0
47,1.0,198.0,48.0,3.0,1.0,3.0,3.0,5.0,4.0,8.0,3.0,6.0,37.0,2.0,2.0,8.0,4.0,1.0,1.0,2.0,,,2.0,1.0,3.0,1.0,4.0,4.0,3.0,1.0,5.0,9.0,1.0,1.0,1.0,9.0,5.0,4.0,1.0,1.0,6.0,2.0,3.0,0.0,0.0,2.0,3.0,9.0,2.0,6.0,6.0,5.0,3.0,1.0,1.0,2.0,1.0,4.0,1.0,1.0,,0.0,1.0,2.0,2.0,5.0,1.0,2.0,198.0,48.0,3.0,1.0,9.0,2.0,1.0,1.0,2.0,2.0,2.0,2.0,2.0,2.0,1.0,1.0,1.0,1.0,1.0,3.0,9.0,3.0,1.0,3.0,1.0,1.0,1.0,,3.0,0.0,77.0
48,1.0,198.0,49.0,3.0,3.0,1.0,4.0,1.0,3.0,4.0,3.0,6.0,26.0,1.0,1.0,8.0,2.0,1.0,1.0,3.0,,,2.0,1.0,2.0,6.0,6.0,2.0,2.0,1.0,2.0,9.0,1.0,3.0,2.0,9.0,5.0,2.0,2.0,3.0,1.0,2.0,3.0,0.0,0.0,2.0,2.0,3.0,3.0,4.0,1.0,5.0,4.0,1.0,1.0,2.0,1.0,4.0,1.0,1.0,,7.0,2.0,2.0,1.0,6.0,1.0,2.0,198.0,49.0,3.0,1.0,9.0,2.0,1.0,1.0,2.0,2.0,2.0,1.0,1.0,1.0,1.0,1.0,1.0,2.0,2.0,3.0,9.0,1.0,1.0,3.0,1.0,1.0,1.0,,4.0,0.0,77.0
49,1.0,198.0,50.0,3.0,1.0,3.0,3.0,5.0,4.0,8.0,1.0,4.0,27.0,1.0,1.0,3.0,6.0,1.0,1.0,2.0,,,2.0,2.0,4.0,3.0,4.0,2.0,2.0,3.0,99.0,5.0,2.0,1.0,3.0,7.0,99.0,9.0,9.0,9.0,99.0,9.0,9.0,0.0,0.0,2.0,3.0,9.0,5.0,19.0,20.0,1.0,0.0,1.0,2.0,3.0,1.0,4.0,1.0,1.0,,7.0,1.0,2.0,2.0,5.0,2.0,2.0,198.0,50.0,3.0,1.0,9.0,2.0,2.0,1.0,1.0,2.0,2.0,1.0,1.0,1.0,1.0,1.0,1.0,1.0,1.0,1.0,9.0,1.0,1.0,3.0,2.0,1.0,2.0,,3.0,0.0,77.0
50,1.0,198.0,51.0,3.0,3.0,3.0,4.0,7.0,4.0,3.0,1.0,4.0,30.0,1.0,1.0,9.0,6.0,1.0,1.0,1.0,,,1.0,3.0,6.0,2.0,4.0,3.0,2.0,1.0,8.0,9.0,2.0,4.0,4.0,3.0,99.0,9.0,9.0,9.0,99.0,9.0,9.0,0.0,0.0,1.0,1.0,4.0,1.0,4.0,4.0,4.0,4.0,1.0,2.0,3.0,1.0,4.0,3.0,1.0,,6.0,1.0,2.0,2.0,12.0,3.0,2.0,198.0,51.0,3.0,1.0,9.0,1.0,1.0,1.0,2.0,2.0,1.0,2.0,2.0,1.0,1.0,2.0,2.0,1.0,2.0,1.0,9.0,1.0,1.0,2.0,2.0,1.0,1.0,,2.0,0.0,77.0
51,1.0,198.0,52.0,3.0,1.0,4.0,3.0,6.0,4.0,8.0,1.0,5.0,28.0,2.0,2.0,8.0,3.0,1.0,1.0,2.0,,,2.0,1.0,2.0,1.0,1.0,2.0,2.0,2.0,0.0,9.0,2.0,1.0,3.0,5.0,99.0,9.0,9.0,9.0,99.0,9.0,9.0,0.0,0.0,3.0,2.0,1.0,3.0,19.0,20.0,6.0,3.0,1.0,2.0,2.0,1.0,5.0,1.0,4.0,,7.0,1.0,2.0,1.0,5.0,1.0,2.0,198.0,52.0,3.0,2.0,9.0,1.0,1.0,2.0,2.0,2.0,2.0,1.0,2.0,2.0,2.0,1.0,2.0,1.0,1.0,3.0,9.0,3.0,1.0,2.0,2.0,2.0,1.0,,1.0,0.0,77.0
52,1.0,198.0,53.0,3.0,6.0,2.0,6.0,1.0,3.0,4.0,4.0,5.0,33.0,2.0,2.0,9.0,6.0,3.0,2.0,2.0,,,2.0,3.0,2.0,4.0,4.0,4.0,4.0,1.0,5.0,9.0,1.0,4.0,2.0,9.0,1.0,4.0,2.0,6.0,4.0,3.0,3.0,0.0,0.0,1.0,2.0,3.0,3.0,4.0,4.0,0.0,6.0,1.0,1.0,3.0,1.0,4.0,3.0,3.0,,0.0,0.0,2.0,1.0,2.0,1.0,2.0,198.0,53.0,3.0,2.0,9.0,2.0,2.0,1.0,2.0,2.0,1.0,1.0,2.0,2.0,2.0,1.0,2.0,1.0,1.0,2.0,9.0,2.0,4.0,4.0,4.0,4.0,4.0,,1.0,0.0,77.0
53,1.0,198.0,54.0,3.0,5.0,3.0,6.0,1.0,2.0,6.0,1.0,4.0,36.0,2.0,2.0,9.0,6.0,4.0,1.0,2.0,,,2.0,2.0,3.0,1.0,3.0,4.0,4.0,1.0,5.0,9.0,2.0,5.0,3.0,3.0,99.0,9.0,9.0,9.0,99.0,9.0,9.0,0.0,0.0,2.0,2.0,9.0,1.0,6.0,6.0,0.0,6.0,1.0,1.0,2.0,1.0,4.0,3.0,2.0,,7.0,1.0,2.0,1.0,5.0,1.0,2.0,198.0,54.0,3.0,1.0,9.0,2.0,1.0,2.0,2.0,2.0,1.0,2.0,2.0,2.0,2.0,2.0,2.0,1.0,1.0,2.0,9.0,1.0,1.0,3.0,1.0,1.0,1.0,,3.0,0.0,77.0
54,1.0,198.0,55.0,3.0,5.0,3.0,5.0,1.0,3.0,4.0,3.0,5.0,26.0,2.0,3.0,2.0,0.0,4.0,1.0,3.0,,,2.0,0.0,4.0,6.0,6.0,1.0,0.0,1.0,5.0,9.0,1.0,4.0,3.0,3.0,99.0,9.0,9.0,9.0,99.0,9.0,9.0,0.0,0.0,1.0,1.0,3.0,1.0,4.0,20.0,0.0,5.0,2.0,1.0,2.0,1.0,5.0,2.0,1.0,,7.0,1.0,2.0,2.0,1.0,1.0,2.0,198.0,55.0,3.0,1.0,9.0,1.0,1.0,1.0,2.0,2.0,1.0,2.0,2.0,2.0,1.0,2.0,2.0,1.0,1.0,2.0,9.0,3.0,1.0,1.0,1.0,1.0,2.0,,3.0,0.0,77.0
55,1.0,198.0,56.0,3.0,3.0,3.0,3.0,3.0,4.0,8.0,1.0,7.0,35.0,1.0,1.0,9.0,6.0,2.0,1.0,2.0,,,2.0,2.0,1.0,1.0,2.0,3.0,4.0,2.0,5.0,9.0,2.0,4.0,4.0,2.0,99.0,9.0,9.0,9.0,99.0,9.0,9.0,0.0,0.0,3.0,4.0,9.0,3.0,15.0,15.0,3.0,3.0,1.0,1.0,2.0,1.0,4.0,1.0,1.0,,7.0,1.0,1.0,3.0,5.0,3.0,2.0,198.0,56.0,3.0,1.0,9.0,2.0,1.0,1.0,2.0,2.0,2.0,2.0,2.0,1.0,1.0,1.0,3.0,1.0,1.0,1.0,9.0,1.0,1.0,2.0,2.0,2.0,1.0,,3.0,0.0,77.0
56,1.0,198.0,57.0,3.0,5.0,2.0,5.0,7.0,4.0,3.0,1.0,2.0,39.0,2.0,4.0,7.0,1.0,1.0,1.0,1.0,,,1.0,1.0,5.0,0.0,0.0,0.0,0.0,1.0,0.0,9.0,1.0,4.0,1.0,9.0,10.0,4.0,1.0,4.0,20.0,1.0,1.0,0.0,0.0,1.0,9.0,8.0,2.0,4.0,20.0,4.0,3.0,2.0,2.0,3.0,1.0,4.0,1.0,1.0,,7.0,1.0,2.0,2.0,1.0,1.0,2.0,198.0,57.0,3.0,1.0,9.0,2.0,2.0,2.0,2.0,2.0,1.0,1.0,2.0,2.0,2.0,1.0,2.0,1.0,1.0,2.0,9.0,2.0,4.0,4.0,4.0,1.0,1.0,,3.0,0.0,77.0
57,1.0,198.0,58.0,3.0,1.0,4.0,6.0,1.0,2.0,6.0,1.0,4.0,48.0,2.0,5.0,9.0,5.0,4.0,1.0,5.0,,,2.0,1.0,3.0,5.0,5.0,3.0,1.0,1.0,6.0,9.0,2.0,1.0,1.0,9.0,10.0,4.0,2.0,1.0,4.0,1.0,1.0,0.0,0.0,1.0,2.0,2.0,2.0,4.0,4.0,0.0,5.0,1.0,1.0,3.0,1.0,4.0,1.0,1.0,,9.0,1.0,2.0,1.0,4.0,1.0,2.0,198.0,58.0,3.0,1.0,9.0,2.0,1.0,2.0,2.0,2.0,2.0,2.0,2.0,1.0,1.0,1.0,1.0,1.0,1.0,1.0,9.0,1.0,1.0,3.0,2.0,1.0,2.0,,1.0,0.0,77.0
58,1.0,198.0,59.0,3.0,3.0,3.0,4.0,6.0,4.0,3.0,1.0,3.0,26.0,3.0,2.0,9.0,6.0,4.0,1.0,2.0,,,1.0,1.0,5.0,1.0,4.0,4.0,2.0,1.0,8.0,9.0,3.0,3.0,1.0,9.0,5.0,4.0,3.0,3.0,13.0,1.0,1.0,0.0,0.0,1.0,1.0,1.0,1.0,13.0,13.0,2.0,4.0,1.0,2.0,2.0,1.0,4.0,1.0,1.0,,9.0,1.0,2.0,1.0,7.0,1.0,2.0,198.0,59.0,3.0,1.0,9.0,2.0,1.0,1.0,1.0,2.0,1.0,2.0,2.0,1.0,1.0,1.0,1.0,2.0,2.0,3.0,9.0,1.0,1.0,1.0,2.0,2.0,1.0,,1.0,0.0,77.0
59,1.0,198.0,60.0,3.0,3.0,4.0,6.0,6.0,2.0,6.0,1.0,4.0,34.0,2.0,5.0,9.0,6.0,2.0,1.0,2.0,,,2.0,1.0,1.0,1.0,1.0,3.0,2.0,3.0,99.0,5.0,2.0,4.0,3.0,6.0,99.0,9.0,9.0,9.0,99.0,9.0,9.0,0.0,0.0,2.0,3.0,9.0,5.0,2.0,2.0,7.0,6.0,1.0,1.0,3.0,1.0,4.0,3.0,1.0,,7.0,2.0,2.0,0.0,7.0,1.0,2.0,198.0,60.0,3.0,1.0,9.0,1.0,2.0,2.0,2.0,2.0,1.0,2.0,2.0,1.0,2.0,2.0,2.0,2.0,2.0,2.0,9.0,3.0,1.0,3.0,2.0,1.0,1.0,,2.0,0.0,77.0
60,1.0,198.0,61.0,3.0,4.0,2.0,6.0,1.0,3.0,9.0,2.0,5.0,39.0,2.0,4.0,9.0,4.0,1.0,1.0,2.0,,,2.0,1.0,1.0,1.0,1.0,3.0,2.0,1.0,5.0,9.0,1.0,3.0,1.0,9.0,5.0,4.0,2.0,4.0,12.0,2.0,1.0,0.0,0.0,2.0,1.0,1.0,1.0,6.0,6.0,0.0,5.0,2.0,1.0,2.0,1.0,3.0,1.0,1.0,,7.0,2.0,2.0,1.0,7.0,1.0,2.0,198.0,61.0,3.0,1.0,9.0,2.0,2.0,1.0,2.0,2.0,2.0,2.0,2.0,1.0,2.0,2.0,2.0,2.0,1.0,2.0,9.0,2.0,1.0,2.0,2.0,1.0,1.0,,1.0,0.0,77.0
61,1.0,198.0,62.0,3.0,3.0,4.0,4.0,3.0,4.0,3.0,1.0,7.0,27.0,2.0,2.0,8.0,5.0,1.0,1.0,3.0,,,2.0,2.0,4.0,3.0,3.0,2.0,2.0,2.0,5.0,9.0,1.0,2.0,3.0,2.0,99.0,9.0,9.0,9.0,99.0,9.0,9.0,0.0,0.0,2.0,3.0,9.0,3.0,1.0,1.0,3.0,4.0,1.0,1.0,2.0,1.0,4.0,1.0,1.0,,6.0,1.0,3.0,2.0,6.0,2.0,2.0,198.0,62.0,3.0,1.0,9.0,2.0,1.0,1.0,2.0,2.0,2.0,2.0,2.0,1.0,1.0,2.0,1.0,1.0,1.0,1.0,9.0,1.0,1.0,3.0,2.0,1.0,1.0,,1.0,0.0,77.0
62,1.0,198.0,63.0,3.0,3.0,3.0,3.0,1.0,4.0,9.0,1.0,7.0,0.0,2.0,3.0,4.0,4.0,1.0,3.0,3.0,,,2.0,1.0,1.0,1.0,1.0,1.0,2.0,2.0,2.0,9.0,2.0,4.0,4.0,7.0,99.0,9.0,9.0,9.0,99.0,9.0,9.0,0.0,0.0,2.0,4.0,9.0,6.0,8.0,8.0,4.0,3.0,1.0,1.0,2.0,1.0,2.0,1.0,1.0,,7.0,1.0,1.0,2.0,12.0,1.0,2.0,198.0,63.0,3.0,3.0,9.0,1.0,1.0,1.0,2.0,2.0,1.0,2.0,2.0,1.0,1.0,2.0,3.0,2.0,2.0,2.0,9.0,1.0,1.0,3.0,3.0,1.0,1.0,,3.0,0.0,77.0
63,1.0,198.0,64.0,3.0,3.0,3.0,4.0,0.0,4.0,9.0,3.0,5.0,38.0,2.0,3.0,9.0,6.0,2.0,1.0,2.0,,,2.0,1.0,1.0,1.0,1.0,4.0,2.0,1.0,4.0,9.0,1.0,2.0,1.0,9.0,9.0,4.0,1.0,2.0,15.0,1.0,1.0,0.0,0.0,1.0,1.0,1.0,1.0,15.0,15.0,5.0,4.0,1.0,1.0,2.0,1.0,3.0,1.0,1.0,,6.0,1.0,1.0,1.0,5.0,1.0,2.0,198.0,64.0,3.0,1.0,9.0,1.0,2.0,1.0,1.0,2.0,1.0,2.0,2.0,1.0,1.0,2.0,2.0,1.0,1.0,2.0,9.0,3.0,1.0,1.0,3.0,1.0,1.0,,2.0,0.0,77.0
64,1.0,198.0,65.0,3.0,4.0,3.0,6.0,1.0,3.0,4.0,3.0,5.0,29.0,2.0,2.0,8.0,6.0,3.0,1.0,3.0,,,1.0,1.0,5.0,6.0,6.0,4.0,2.0,1.0,2.0,9.0,1.0,4.0,1.0,9.0,2.0,4.0,1.0,4.0,2.0,1.0,1.0,0.0,0.0,1.0,1.0,4.0,1.0,2.0,2.0,7.0,6.0,1.0,1.0,3.0,1.0,5.0,3.0,1.0,,5.0,1.0,2.0,2.0,5.0,1.0,2.0,198.0,65.0,3.0,1.0,9.0,1.0,2.0,1.0,2.0,2.0,1.0,1.0,2.0,2.0,1.0,1.0,2.0,1.0,1.0,2.0,9.0,1.0,1.0,2.0,1.0,1.0,1.0,,9.0,0.0,77.0
65,1.0,198.0,66.0,3.0,4.0,3.0,5.0,1.0,3.0,4.0,3.0,5.0,33.0,2.0,4.0,9.0,4.0,3.0,1.0,5.0,,,2.0,3.0,6.0,1.0,4.0,4.0,4.0,1.0,5.0,9.0,1.0,4.0,2.0,9.0,9.0,0.0,2.0,4.0,19.0,2.0,4.0,0.0,0.0,1.0,1.0,3.0,1.0,4.0,4.0,1.0,5.0,1.0,1.0,3.0,1.0,4.0,3.0,1.0,,0.0,1.0,1.0,4.0,7.0,2.0,2.0,198.0,66.0,3.0,1.0,9.0,1.0,1.0,2.0,2.0,2.0,2.0,1.0,2.0,1.0,1.0,1.0,3.0,2.0,2.0,2.0,9.0,2.0,2.0,3.0,2.0,1.0,1.0,,1.0,0.0,77.0
66,1.0,198.0,67.0,3.0,3.0,3.0,4.0,3.0,4.0,3.0,1.0,4.0,28.0,1.0,1.0,2.0,3.0,2.0,1.0,2.0,,,2.0,2.0,4.0,1.0,3.0,2.0,2.0,1.0,2.0,9.0,2.0,3.0,2.0,9.0,9.0,2.0,2.0,3.0,20.0,3.0,3.0,0.0,0.0,2.0,2.0,2.0,3.0,4.0,4.0,6.0,4.0,1.0,1.0,3.0,1.0,1.0,3.0,2.0,,0.0,2.0,1.0,3.0,5.0,1.0,2.0,198.0,67.0,3.0,1.0,9.0,2.0,2.0,1.0,1.0,2.0,1.0,1.0,2.0,2.0,1.0,2.0,2.0,2.0,1.0,2.0,9.0,1.0,1.0,2.0,2.0,1.0,2.0,,2.0,0.0,77.0
67,1.0,198.0,68.0,3.0,6.0,4.0,6.0,1.0,3.0,4.0,3.0,6.0,45.0,2.0,2.0,9.0,6.0,1.0,1.0,2.0,,,2.0,2.0,2.0,2.0,3.0,2.0,2.0,1.0,0.0,9.0,1.0,5.0,1.0,9.0,8.0,4.0,1.0,5.0,16.0,1.0,1.0,0.0,0.0,1.0,1.0,1.0,1.0,16.0,16.0,1.0,6.0,1.0,1.0,0.0,1.0,4.0,2.0,1.0,,5.0,1.0,2.0,1.0,5.0,1.0,2.0,198.0,68.0,3.0,1.0,9.0,2.0,2.0,2.0,2.0,2.0,1.0,1.0,2.0,2.0,2.0,2.0,2.0,1.0,1.0,2.0,9.0,2.0,1.0,3.0,2.0,2.0,1.0,,3.0,0.0,77.0
68,1.0,198.0,69.0,3.0,3.0,3.0,4.0,4.0,4.0,3.0,1.0,3.0,27.0,2.0,2.0,8.0,1.0,1.0,1.0,2.0,,,1.0,2.0,3.0,3.0,4.0,4.0,4.0,1.0,7.0,9.0,1.0,2.0,1.0,9.0,3.0,4.0,1.0,3.0,4.0,1.0,1.0,0.0,0.0,1.0,1.0,1.0,1.0,4.0,4.0,4.0,4.0,1.0,1.0,3.0,1.0,4.0,1.0,1.0,,0.0,1.0,2.0,1.0,4.0,1.0,2.0,198.0,69.0,3.0,2.0,9.0,2.0,2.0,2.0,2.0,2.0,2.0,2.0,2.0,1.0,1.0,1.0,2.0,1.0,2.0,1.0,9.0,1.0,1.0,3.0,2.0,1.0,1.0,,3.0,0.0,77.0
69,1.0,198.0,70.0,3.0,3.0,3.0,4.0,3.0,4.0,3.0,4.0,5.0,22.0,2.0,2.0,7.0,6.0,4.0,1.0,3.0,,,1.0,2.0,5.0,1.0,3.0,4.0,2.0,1.0,8.0,9.0,1.0,2.0,1.0,9.0,2.0,4.0,1.0,2.0,4.0,1.0,1.0,0.0,0.0,1.0,1.0,1.0,1.0,4.0,4.0,3.0,4.0,1.0,1.0,3.0,1.0,3.0,3.0,2.0,,5.0,1.0,1.0,2.0,7.0,1.0,2.0,198.0,70.0,3.0,1.0,9.0,2.0,1.0,2.0,2.0,2.0,1.0,1.0,2.0,3.0,3.0,2.0,1.0,2.0,1.0,1.0,9.0,1.0,1.0,2.0,2.0,1.0,1.0,,4.0,0.0,77.0
70,1.0,198.0,71.0,3.0,3.0,2.0,4.0,4.0,4.0,3.0,1.0,5.0,28.0,1.0,1.0,9.0,5.0,1.0,1.0,2.0,,,2.0,1.0,1.0,1.0,1.0,4.0,2.0,2.0,2.0,9.0,1.0,2.0,3.0,2.0,99.0,9.0,9.0,9.0,99.0,9.0,9.0,0.0,0.0,2.0,2.0,3.0,3.0,6.0,6.0,0.0,4.0,1.0,2.0,2.0,1.0,4.0,1.0,1.0,,6.0,1.0,2.0,2.0,7.0,3.0,2.0,198.0,71.0,3.0,1.0,9.0,1.0,1.0,1.0,2.0,2.0,2.0,1.0,2.0,2.0,1.0,2.0,2.0,1.0,1.0,2.0,9.0,2.0,1.0,2.0,1.0,1.0,4.0,,3.0,0.0,77.0
71,1.0,198.0,72.0,3.0,2.0,2.0,3.0,6.0,4.0,3.0,1.0,4.0,23.0,2.0,2.0,9.0,1.0,4.0,1.0,2.0,,,1.0,2.0,3.0,1.0,2.0,4.0,3.0,3.0,99.0,2.0,1.0,2.0,1.0,9.0,3.0,4.0,2.0,2.0,4.0,1.0,2.0,0.0,0.0,1.0,1.0,1.0,1.0,4.0,4.0,6.0,3.0,1.0,1.0,3.0,1.0,4.0,2.0,1.0,,0.0,1.0,1.0,1.0,12.0,1.0,2.0,198.0,72.0,3.0,1.0,9.0,2.0,2.0,1.0,2.0,2.0,2.0,2.0,2.0,1.0,2.0,1.0,2.0,2.0,1.0,2.0,9.0,1.0,1.0,3.0,1.0,1.0,1.0,,3.0,0.0,77.0
72,1.0,198.0,73.0,3.0,5.0,3.0,6.0,1.0,3.0,4.0,3.0,6.0,28.0,2.0,3.0,8.0,3.0,2.0,1.0,2.0,,,2.0,2.0,1.0,2.0,2.0,4.0,2.0,1.0,5.0,9.0,1.0,4.0,2.0,9.0,8.0,3.0,3.0,4.0,21.0,3.0,2.0,0.0,0.0,3.0,2.0,2.0,2.0,2.0,20.0,0.0,2.0,2.0,1.0,3.0,1.0,4.0,1.0,1.0,,7.0,1.0,2.0,3.0,1.0,1.0,2.0,198.0,73.0,3.0,1.0,9.0,2.0,1.0,1.0,2.0,2.0,2.0,2.0,2.0,1.0,1.0,2.0,2.0,2.0,1.0,1.0,9.0,1.0,1.0,1.0,2.0,1.0,1.0,,2.0,0.0,77.0
73,1.0,198.0,74.0,3.0,4.0,2.0,4.0,1.0,4.0,10.0,3.0,6.0,35.0,2.0,2.0,3.0,5.0,4.0,1.0,2.0,,,2.0,2.0,2.0,1.0,3.0,3.0,2.0,2.0,2.0,9.0,2.0,4.0,2.0,9.0,9.0,4.0,2.0,4.0,1.0,3.0,2.0,0.0,0.0,2.0,1.0,4.0,1.0,1.0,1.0,1.0,4.0,1.0,1.0,2.0,1.0,4.0,1.0,1.0,,9.0,1.0,2.0,2.0,5.0,1.0,2.0,198.0,74.0,3.0,1.0,9.0,0.0,0.0,0.0,0.0,0.0,0.0,0.0,0.0,0.0,0.0,2.0,1.0,1.0,1.0,1.0,9.0,1.0,4.0,4.0,4.0,4.0,4.0,,4.0,0.0,77.0
74,1.0,198.0,75.0,3.0,4.0,3.0,5.0,7.0,2.0,6.0,0.0,4.0,27.0,2.0,3.0,4.0,4.0,1.0,1.0,2.0,,,2.0,1.0,3.0,1.0,3.0,2.0,3.0,3.0,99.0,3.0,3.0,3.0,2.0,9.0,9.0,3.0,2.0,3.0,2.0,3.0,4.0,0.0,0.0,3.0,2.0,2.0,2.0,2.0,2.0,7.0,5.0,1.0,1.0,3.0,1.0,4.0,3.0,1.0,,5.0,1.0,2.0,2.0,6.0,1.0,2.0,198.0,75.0,3.0,1.0,9.0,1.0,1.0,1.0,2.0,2.0,2.0,2.0,2.0,1.0,1.0,2.0,2.0,1.0,1.0,1.0,9.0,1.0,1.0,3.0,2.0,1.0,1.0,,3.0,0.0,77.0
75,1.0,198.0,76.0,3.0,4.0,1.0,5.0,3.0,4.0,8.0,1.0,6.0,31.0,2.0,2.0,9.0,4.0,1.0,1.0,3.0,,,2.0,1.0,2.0,1.0,3.0,3.0,3.0,1.0,6.0,9.0,1.0,3.0,1.0,9.0,9.0,4.0,2.0,3.0,4.0,1.0,2.0,0.0,0.0,1.0,2.0,2.0,2.0,4.0,4.0,3.0,5.0,2.0,1.0,3.0,1.0,4.0,2.0,1.0,,5.0,1.0,1.0,3.0,5.0,1.0,2.0,198.0,76.0,3.0,1.0,9.0,2.0,2.0,2.0,2.0,2.0,2.0,2.0,2.0,1.0,1.0,2.0,2.0,1.0,1.0,1.0,9.0,1.0,1.0,2.0,1.0,1.0,1.0,,2.0,0.0,77.0
76,1.0,198.0,77.0,3.0,3.0,1.0,4.0,5.0,4.0,3.0,1.0,5.0,23.0,2.0,2.0,9.0,5.0,2.0,1.0,3.0,,,2.0,1.0,4.0,6.0,6.0,1.0,0.0,2.0,6.0,9.0,2.0,8.0,3.0,0.0,99.0,9.0,9.0,9.0,99.0,9.0,9.0,0.0,0.0,1.0,4.0,9.0,3.0,4.0,4.0,7.0,4.0,1.0,1.0,3.0,1.0,3.0,3.0,2.0,,0.0,0.0,1.0,4.0,6.0,1.0,2.0,198.0,77.0,3.0,1.0,9.0,2.0,1.0,2.0,2.0,2.0,1.0,1.0,1.0,1.0,2.0,2.0,2.0,2.0,1.0,1.0,9.0,1.0,1.0,3.0,2.0,1.0,1.0,,3.0,0.0,77.0
77,1.0,198.0,78.0,3.0,4.0,3.0,3.0,0.0,4.0,9.0,3.0,7.0,32.0,2.0,3.0,9.0,4.0,1.0,1.0,2.0,,,2.0,1.0,1.0,1.0,1.0,2.0,0.0,1.0,1.0,9.0,3.0,3.0,4.0,7.0,99.0,9.0,9.0,9.0,99.0,9.0,9.0,0.0,0.0,2.0,2.0,2.0,2.0,19.0,20.0,0.0,3.0,1.0,1.0,3.0,1.0,1.0,1.0,1.0,,9.0,1.0,2.0,1.0,5.0,3.0,2.0,198.0,78.0,3.0,3.0,9.0,1.0,1.0,1.0,2.0,2.0,1.0,0.0,2.0,1.0,1.0,2.0,3.0,2.0,1.0,1.0,9.0,1.0,4.0,4.0,4.0,4.0,4.0,,3.0,0.0,77.0
78,1.0,198.0,79.0,3.0,3.0,3.0,4.0,3.0,4.0,3.0,3.0,6.0,29.0,1.0,1.0,9.0,6.0,1.0,1.0,5.0,,,1.0,1.0,5.0,1.0,5.0,4.0,2.0,1.0,8.0,9.0,1.0,2.0,1.0,9.0,10.0,4.0,1.0,2.0,4.0,1.0,1.0,0.0,0.0,1.0,1.0,4.0,1.0,4.0,4.0,0.0,4.0,1.0,2.0,3.0,1.0,3.0,2.0,1.0,,7.0,1.0,2.0,1.0,6.0,2.0,2.0,198.0,79.0,3.0,1.0,9.0,2.0,1.0,2.0,2.0,2.0,2.0,2.0,2.0,1.0,1.0,2.0,2.0,1.0,2.0,2.0,9.0,2.0,3.0,2.0,3.0,1.0,1.0,,4.0,0.0,77.0
79,1.0,198.0,80.0,3.0,3.0,3.0,5.0,3.0,4.0,3.0,1.0,5.0,26.0,2.0,3.0,3.0,5.0,2.0,1.0,1.0,,,2.0,1.0,2.0,1.0,4.0,3.0,2.0,3.0,99.0,1.0,2.0,4.0,4.0,7.0,99.0,9.0,9.0,9.0,99.0,9.0,9.0,0.0,0.0,1.0,4.0,9.0,3.0,4.0,4.0,4.0,5.0,1.0,1.0,3.0,1.0,3.0,3.0,0.0,,0.0,3.0,1.0,3.0,3.0,2.0,2.0,198.0,80.0,3.0,1.0,9.0,1.0,1.0,1.0,1.0,2.0,1.0,1.0,1.0,1.0,1.0,1.0,2.0,2.0,2.0,1.0,9.0,1.0,1.0,2.0,2.0,2.0,1.0,,4.0,0.0,77.0
80,1.0,198.0,81.0,3.0,3.0,3.0,4.0,4.0,4.0,8.0,3.0,5.0,23.0,1.0,1.0,9.0,6.0,1.0,1.0,3.0,,,2.0,1.0,4.0,0.0,0.0,1.0,2.0,1.0,2.0,9.0,2.0,3.0,4.0,3.0,99.0,9.0,9.0,9.0,99.0,9.0,9.0,0.0,0.0,1.0,1.0,4.0,1.0,17.0,2.0,1.0,2.0,2.0,2.0,3.0,1.0,4.0,3.0,0.0,,5.0,1.0,2.0,2.0,12.0,2.0,2.0,198.0,81.0,3.0,1.0,9.0,1.0,1.0,1.0,2.0,2.0,1.0,2.0,2.0,2.0,2.0,3.0,2.0,2.0,1.0,1.0,9.0,1.0,1.0,2.0,2.0,1.0,1.0,,1.0,0.0,77.0
81,1.0,198.0,82.0,3.0,3.0,2.0,3.0,5.0,4.0,8.0,1.0,7.0,27.0,2.0,2.0,9.0,6.0,1.0,3.0,2.0,,,2.0,1.0,1.0,1.0,1.0,3.0,2.0,2.0,5.0,9.0,2.0,4.0,4.0,2.0,99.0,9.0,9.0,9.0,99.0,9.0,9.0,0.0,0.0,1.0,3.0,9.0,6.0,4.0,4.0,0.0,3.0,1.0,1.0,3.0,1.0,4.0,3.0,1.0,,7.0,1.0,2.0,1.0,3.0,3.0,2.0,198.0,82.0,3.0,3.0,9.0,1.0,2.0,1.0,2.0,2.0,1.0,2.0,2.0,1.0,1.0,1.0,3.0,1.0,1.0,1.0,9.0,1.0,1.0,3.0,1.0,1.0,1.0,,3.0,0.0,77.0
82,1.0,198.0,83.0,4.0,4.0,3.0,4.0,1.0,3.0,4.0,3.0,6.0,40.0,2.0,4.0,9.0,1.0,4.0,1.0,2.0,,,2.0,2.0,3.0,1.0,3.0,4.0,4.0,1.0,0.0,0.0,4.0,4.0,1.0,9.0,3.0,4.0,3.0,4.0,20.0,1.0,2.0,0.0,0.0,2.0,3.0,9.0,2.0,4.0,4.0,0.0,4.0,2.0,1.0,2.0,2.0,0.0,0.0,1.0,,5.0,2.0,2.0,4.0,12.0,1.0,2.0,198.0,83.0,4.0,9.0,1.0,1.0,1.0,1.0,2.0,2.0,1.0,2.0,2.0,1.0,1.0,2.0,2.0,2.0,1.0,9.0,1.0,9.0,9.0,9.0,9.0,9.0,9.0,,9.0,1.0,77.0
83,1.0,198.0,84.0,3.0,3.0,1.0,1.0,4.0,4.0,8.0,1.0,7.0,22.0,2.0,2.0,3.0,6.0,1.0,2.0,3.0,,,2.0,1.0,3.0,1.0,4.0,4.0,1.0,4.0,99.0,1.0,2.0,7.0,4.0,1.0,99.0,9.0,9.0,9.0,99.0,9.0,9.0,0.0,0.0,1.0,4.0,9.0,5.0,7.0,7.0,0.0,1.0,1.0,2.0,2.0,2.0,0.0,0.0,1.0,,9.0,1.0,2.0,2.0,5.0,0.0,2.0,198.0,84.0,3.0,2.0,9.0,1.0,1.0,1.0,2.0,2.0,1.0,1.0,2.0,1.0,1.0,1.0,1.0,2.0,1.0,1.0,9.0,2.0,1.0,3.0,2.0,1.0,1.0,,2.0,6.0,77.0
84,1.0,198.0,85.0,4.0,5.0,3.0,5.0,1.0,2.0,0.0,0.0,0.0,0.0,0.0,0.0,0.0,0.0,5.0,0.0,0.0,,,2.0,1.0,4.0,3.0,4.0,2.0,3.0,4.0,99.0,1.0,2.0,5.0,2.0,9.0,11.0,4.0,3.0,5.0,8.0,3.0,4.0,0.0,0.0,1.0,2.0,2.0,1.0,8.0,8.0,0.0,6.0,1.0,1.0,2.0,1.0,5.0,3.0,1.0,,9.0,1.0,2.0,1.0,5.0,3.0,2.0,198.0,85.0,4.0,9.0,2.0,1.0,1.0,2.0,2.0,2.0,1.0,2.0,2.0,1.0,1.0,1.0,3.0,2.0,2.0,9.0,1.0,9.0,9.0,9.0,9.0,9.0,9.0,,9.0,6.0,77.0
85,1.0,198.0,86.0,4.0,4.0,1.0,5.0,1.0,3.0,4.0,3.0,6.0,31.0,2.0,3.0,5.0,4.0,3.0,1.0,2.0,,,1.0,2.0,5.0,1.0,4.0,4.0,2.0,3.0,99.0,2.0,3.0,4.0,3.0,3.0,99.0,9.0,9.0,9.0,99.0,9.0,9.0,0.0,0.0,1.0,1.0,3.0,1.0,2.0,2.0,0.0,5.0,1.0,1.0,2.0,1.0,2.0,3.0,1.0,,7.0,1.0,1.0,2.0,4.0,1.0,2.0,198.0,86.0,4.0,9.0,1.0,2.0,1.0,2.0,2.0,2.0,2.0,2.0,2.0,1.0,1.0,1.0,2.0,1.0,1.0,9.0,2.0,9.0,9.0,9.0,9.0,9.0,9.0,,9.0,6.0,77.0
86,1.0,198.0,87.0,3.0,4.0,4.0,6.0,1.0,3.0,9.0,3.0,6.0,34.0,2.0,5.0,4.0,6.0,3.0,1.0,5.0,,,2.0,1.0,3.0,5.0,5.0,3.0,1.0,2.0,2.0,9.0,2.0,5.0,4.0,2.0,99.0,9.0,9.0,9.0,99.0,9.0,9.0,0.0,0.0,3.0,4.0,9.0,3.0,8.0,8.0,1.0,6.0,1.0,1.0,2.0,1.0,3.0,3.0,1.0,,7.0,3.0,1.0,3.0,1.0,3.0,2.0,198.0,87.0,3.0,1.0,9.0,2.0,1.0,2.0,2.0,2.0,1.0,1.0,2.0,1.0,1.0,2.0,1.0,2.0,2.0,3.0,9.0,3.0,1.0,3.0,2.0,1.0,1.0,,3.0,5.0,77.0
87,1.0,198.0,88.0,4.0,3.0,3.0,5.0,1.0,3.0,4.0,3.0,6.0,26.0,1.0,1.0,9.0,6.0,4.0,1.0,3.0,,,2.0,1.0,4.0,1.0,4.0,1.0,3.0,1.0,9.0,9.0,1.0,2.0,4.0,1.0,99.0,9.0,9.0,9.0,99.0,9.0,9.0,0.0,0.0,1.0,4.0,9.0,3.0,16.0,16.0,6.0,5.0,1.0,1.0,3.0,1.0,4.0,1.0,1.0,,7.0,1.0,2.0,2.0,4.0,2.0,2.0,198.0,88.0,4.0,9.0,1.0,0.0,1.0,1.0,2.0,2.0,1.0,1.0,1.0,1.0,1.0,2.0,2.0,2.0,2.0,9.0,1.0,9.0,9.0,9.0,9.0,9.0,9.0,,9.0,3.0,77.0
88,1.0,198.0,89.0,4.0,6.0,3.0,6.0,1.0,3.0,4.0,4.0,7.0,36.0,2.0,4.0,8.0,6.0,2.0,1.0,5.0,,,2.0,2.0,5.0,5.0,5.0,4.0,4.0,1.0,8.0,9.0,1.0,5.0,2.0,0.0,2.0,4.0,1.0,5.0,2.0,1.0,1.0,0.0,0.0,1.0,1.0,2.0,1.0,2.0,2.0,0.0,6.0,1.0,0.0,2.0,2.0,0.0,0.0,1.0,,7.0,1.0,2.0,1.0,3.0,2.0,2.0,198.0,89.0,4.0,9.0,1.0,2.0,1.0,1.0,2.0,2.0,2.0,1.0,2.0,1.0,1.0,1.0,2.0,1.0,1.0,9.0,1.0,9.0,9.0,9.0,9.0,9.0,9.0,,9.0,2.0,77.0
89,1.0,198.0,90.0,4.0,3.0,1.0,3.0,2.0,4.0,3.0,2.0,4.0,25.0,2.0,3.0,6.0,6.0,4.0,1.0,2.0,,,2.0,1.0,2.0,1.0,3.0,4.0,2.0,1.0,1.0,9.0,2.0,3.0,4.0,1.0,99.0,9.0,9.0,9.0,99.0,9.0,9.0,0.0,0.0,1.0,1.0,4.0,3.0,12.0,12.0,2.0,3.0,1.0,1.0,2.0,1.0,1.0,1.0,1.0,,6.0,1.0,2.0,2.0,8.0,1.0,2.0,198.0,90.0,4.0,9.0,3.0,2.0,2.0,2.0,2.0,2.0,2.0,2.0,2.0,2.0,1.0,2.0,2.0,1.0,1.0,9.0,1.0,9.0,9.0,9.0,9.0,9.0,9.0,,9.0,3.0,77.0
90,1.0,198.0,91.0,4.0,3.0,4.0,4.0,1.0,4.0,9.0,1.0,4.0,38.0,2.0,3.0,9.0,6.0,3.0,2.0,5.0,,,2.0,2.0,6.0,5.0,5.0,4.0,4.0,2.0,4.0,9.0,3.0,4.0,2.0,9.0,9.0,1.0,2.0,4.0,6.0,3.0,3.0,0.0,0.0,2.0,2.0,2.0,3.0,6.0,6.0,5.0,4.0,1.0,1.0,2.0,1.0,3.0,1.0,1.0,,7.0,1.0,2.0,2.0,12.0,1.0,2.0,198.0,91.0,4.0,9.0,3.0,1.0,1.0,2.0,2.0,2.0,2.0,2.0,2.0,1.0,1.0,2.0,2.0,2.0,2.0,9.0,1.0,9.0,9.0,9.0,9.0,9.0,9.0,,9.0,4.0,77.0
91,1.0,198.0,92.0,4.0,3.0,3.0,6.0,1.0,3.0,0.0,0.0,0.0,0.0,0.0,0.0,0.0,0.0,5.0,0.0,0.0,,,2.0,1.0,2.0,1.0,4.0,4.0,2.0,1.0,2.0,9.0,2.0,3.0,4.0,2.0,99.0,9.0,9.0,9.0,99.0,9.0,9.0,0.0,0.0,1.0,3.0,9.0,3.0,4.0,4.0,0.0,5.0,1.0,2.0,2.0,1.0,4.0,1.0,1.0,,6.0,1.0,1.0,3.0,3.0,1.0,2.0,198.0,92.0,4.0,9.0,1.0,2.0,1.0,2.0,1.0,2.0,2.0,1.0,1.0,1.0,1.0,1.0,1.0,2.0,2.0,9.0,2.0,9.0,9.0,9.0,9.0,9.0,9.0,,9.0,3.0,77.0
92,1.0,198.0,93.0,4.0,5.0,3.0,5.0,1.0,3.0,4.0,4.0,7.0,30.0,1.0,1.0,9.0,6.0,1.0,1.0,2.0,,,2.0,2.0,1.0,1.0,2.0,3.0,4.0,1.0,5.0,9.0,1.0,4.0,1.0,9.0,3.0,4.0,1.0,4.0,20.0,1.0,1.0,0.0,0.0,2.0,1.0,1.0,1.0,4.0,20.0,0.0,5.0,1.0,1.0,2.0,1.0,4.0,1.0,1.0,,7.0,1.0,2.0,1.0,3.0,1.0,2.0,198.0,93.0,4.0,9.0,1.0,2.0,1.0,2.0,2.0,2.0,1.0,2.0,2.0,2.0,1.0,2.0,2.0,1.0,1.0,9.0,2.0,9.0,9.0,9.0,9.0,9.0,9.0,,9.0,1.0,77.0
93,1.0,198.0,94.0,4.0,4.0,1.0,4.0,1.0,4.0,9.0,1.0,7.0,32.0,2.0,3.0,9.0,5.0,3.0,1.0,3.0,,,2.0,2.0,3.0,3.0,4.0,2.0,4.0,4.0,99.0,1.0,2.0,8.0,4.0,5.0,99.0,9.0,9.0,9.0,99.0,9.0,9.0,0.0,0.0,2.0,4.0,9.0,5.0,8.0,8.0,0.0,4.0,1.0,1.0,2.0,1.0,3.0,1.0,1.0,,7.0,0.0,1.0,0.0,4.0,2.0,2.0,198.0,94.0,4.0,9.0,2.0,1.0,1.0,1.0,2.0,2.0,2.0,1.0,1.0,1.0,1.0,3.0,3.0,2.0,3.0,9.0,1.0,9.0,9.0,9.0,9.0,9.0,9.0,,9.0,6.0,77.0
94,1.0,198.0,95.0,3.0,7.0,4.0,6.0,1.0,1.0,10.0,3.0,6.0,49.0,2.0,2.0,5.0,4.0,2.0,1.0,1.0,,,1.0,1.0,5.0,6.0,6.0,4.0,2.0,0.0,99.0,9.0,0.0,0.0,0.0,9.0,99.0,9.0,9.0,9.0,99.0,9.0,9.0,0.0,0.0,0.0,0.0,0.0,0.0,2.0,2.0,0.0,6.0,2.0,1.0,2.0,1.0,3.0,1.0,1.0,,9.0,1.0,2.0,2.0,1.0,1.0,2.0,198.0,95.0,3.0,1.0,9.0,2.0,1.0,1.0,2.0,2.0,1.0,2.0,2.0,2.0,1.0,1.0,2.0,1.0,1.0,1.0,9.0,1.0,1.0,2.0,1.0,1.0,1.0,,3.0,6.0,77.0
95,1.0,198.0,96.0,4.0,4.0,3.0,4.0,1.0,4.0,9.0,1.0,7.0,35.0,2.0,3.0,8.0,4.0,3.0,2.0,5.0,,,2.0,3.0,3.0,5.0,5.0,4.0,1.0,4.0,99.0,1.0,2.0,7.0,4.0,1.0,99.0,9.0,9.0,9.0,99.0,9.0,9.0,0.0,0.0,3.0,4.0,9.0,5.0,7.0,7.0,0.0,4.0,1.0,1.0,2.0,2.0,0.0,0.0,1.0,,9.0,2.0,2.0,4.0,1.0,2.0,2.0,198.0,96.0,4.0,9.0,2.0,1.0,1.0,1.0,1.0,1.0,1.0,1.0,1.0,1.0,1.0,1.0,1.0,2.0,2.0,9.0,2.0,9.0,9.0,9.0,9.0,9.0,9.0,,9.0,6.0,77.0
96,1.0,198.0,97.0,4.0,4.0,3.0,4.0,1.0,3.0,10.0,2.0,5.0,39.0,2.0,2.0,9.0,6.0,1.0,1.0,2.0,,,2.0,1.0,2.0,1.0,4.0,3.0,2.0,1.0,4.0,9.0,2.0,4.0,2.0,9.0,3.0,4.0,2.0,4.0,20.0,2.0,2.0,0.0,0.0,3.0,1.0,3.0,1.0,19.0,20.0,0.0,4.0,1.0,1.0,2.0,2.0,0.0,0.0,1.0,,1.0,1.0,2.0,1.0,5.0,1.0,2.0,198.0,97.0,4.0,9.0,1.0,2.0,1.0,2.0,2.0,2.0,1.0,1.0,0.0,1.0,1.0,1.0,1.0,2.0,1.0,9.0,2.0,9.0,9.0,9.0,9.0,9.0,9.0,,9.0,2.0,77.0
97,1.0,198.0,98.0,4.0,4.0,4.0,5.0,0.0,3.0,10.0,1.0,5.0,24.0,0.0,5.0,4.0,6.0,3.0,1.0,2.0,,,2.0,1.0,3.0,1.0,4.0,4.0,2.0,4.0,99.0,5.0,2.0,8.0,4.0,2.0,99.0,9.0,9.0,9.0,99.0,9.0,9.0,0.0,0.0,1.0,4.0,9.0,5.0,6.0,6.0,6.0,0.0,2.0,1.0,2.0,2.0,0.0,0.0,1.0,,7.0,1.0,2.0,1.0,4.0,1.0,2.0,198.0,98.0,4.0,9.0,1.0,2.0,1.0,2.0,2.0,2.0,1.0,1.0,2.0,2.0,1.0,2.0,1.0,2.0,2.0,9.0,1.0,9.0,9.0,9.0,9.0,9.0,9.0,,9.0,6.0,77.0
98,1.0,198.0,99.0,4.0,3.0,1.0,3.0,5.0,4.0,3.0,1.0,6.0,38.0,2.0,2.0,5.0,5.0,3.0,3.0,5.0,,,2.0,1.0,3.0,5.0,5.0,2.0,3.0,3.0,99.0,1.0,2.0,8.0,3.0,1.0,99.0,9.0,9.0,9.0,99.0,9.0,9.0,0.0,0.0,2.0,2.0,3.0,5.0,19.0,20.0,5.0,3.0,1.0,1.0,2.0,2.0,0.0,0.0,1.0,,7.0,1.0,2.0,4.0,5.0,1.0,2.0,198.0,99.0,4.0,9.0,3.0,1.0,1.0,2.0,2.0,2.0,1.0,1.0,2.0,1.0,1.0,2.0,1.0,1.0,1.0,9.0,1.0,9.0,9.0,9.0,9.0,9.0,9.0,,9.0,6.0,77.0
99,1.0,198.0,100.0,4.0,3.0,1.0,3.0,2.0,4.0,3.0,1.0,5.0,30.0,2.0,3.0,9.0,6.0,1.0,1.0,5.0,,,2.0,1.0,3.0,5.0,5.0,4.0,3.0,2.0,0.0,9.0,1.0,3.0,4.0,2.0,99.0,9.0,9.0,9.0,99.0,9.0,9.0,0.0,0.0,2.0,3.0,9.0,5.0,19.0,20.0,2.0,3.0,1.0,1.0,2.0,2.0,0.0,0.0,1.0,,7.0,1.0,1.0,3.0,6.0,1.0,2.0,198.0,100.0,4.0,9.0,1.0,2.0,1.0,2.0,2.0,2.0,1.0,1.0,2.0,2.0,1.0,2.0,1.0,2.0,1.0,9.0,3.0,9.0,9.0,9.0,9.0,9.0,9.0,,9.0,5.0,77.0
100,1.0,198.0,101.0,4.0,3.0,1.0,3.0,3.0,4.0,3.0,1.0,4.0,24.0,2.0,3.0,9.0,5.0,4.0,1.0,2.0,,,2.0,2.0,1.0,2.0,3.0,4.0,4.0,4.0,99.0,4.0,2.0,4.0,2.0,9.0,8.0,2.0,3.0,3.0,15.0,3.0,3.0,0.0,0.0,2.0,3.0,9.0,3.0,19.0,20.0,1.0,3.0,1.0,2.0,2.0,2.0,0.0,0.0,1.0,,7.0,1.0,1.0,1.0,5.0,1.0,2.0,198.0,101.0,4.0,9.0,1.0,2.0,1.0,2.0,1.0,2.0,1.0,1.0,2.0,3.0,2.0,2.0,3.0,2.0,1.0,9.0,2.0,9.0,9.0,9.0,9.0,9.0,9.0,,9.0,6.0,77.0
101,1.0,198.0,102.0,3.0,4.0,2.0,4.0,1.0,4.0,9.0,3.0,5.0,41.0,2.0,2.0,9.0,6.0,1.0,1.0,2.0,,,2.0,1.0,1.0,1.0,1.0,4.0,4.0,3.0,99.0,3.0,2.0,4.0,3.0,5.0,99.0,9.0,9.0,9.0,99.0,9.0,9.0,0.0,0.0,1.0,3.0,9.0,5.0,1.0,1.0,0.0,4.0,1.0,1.0,2.0,2.0,0.0,0.0,1.0,,7.0,1.0,2.0,2.0,12.0,1.0,2.0,198.0,102.0,3.0,1.0,9.0,2.0,2.0,1.0,2.0,2.0,2.0,0.0,2.0,3.0,2.0,2.0,3.0,2.0,1.0,1.0,9.0,1.0,4.0,4.0,4.0,4.0,4.0,,3.0,6.0,77.0
102,1.0,198.0,103.0,4.0,4.0,3.0,5.0,1.0,3.0,4.0,3.0,6.0,30.0,2.0,2.0,5.0,5.0,1.0,1.0,5.0,,,2.0,1.0,3.0,1.0,1.0,4.0,1.0,1.0,0.0,9.0,1.0,3.0,3.0,2.0,99.0,9.0,9.0,9.0,99.0,9.0,9.0,0.0,0.0,2.0,3.0,9.0,3.0,2.0,12.0,0.0,5.0,1.0,1.0,2.0,2.0,0.0,0.0,1.0,,7.0,1.0,1.0,2.0,5.0,1.0,2.0,198.0,103.0,4.0,9.0,1.0,2.0,1.0,2.0,2.0,2.0,2.0,2.0,1.0,2.0,1.0,2.0,2.0,2.0,1.0,9.0,2.0,9.0,9.0,9.0,9.0,9.0,9.0,,9.0,3.0,77.0
103,1.0,198.0,104.0,3.0,4.0,3.0,3.0,1.0,4.0,9.0,4.0,7.0,44.0,2.0,2.0,2.0,6.0,1.0,1.0,2.0,,,2.0,2.0,3.0,1.0,3.0,4.0,3.0,1.0,5.0,9.0,3.0,5.0,2.0,9.0,8.0,2.0,2.0,5.0,8.0,2.0,2.0,0.0,0.0,2.0,3.0,9.0,3.0,8.0,8.0,0.0,3.0,1.0,1.0,2.0,2.0,0.0,0.0,1.0,,7.0,1.0,2.0,2.0,4.0,1.0,2.0,198.0,104.0,3.0,1.0,9.0,0.0,0.0,1.0,2.0,2.0,2.0,2.0,2.0,3.0,1.0,2.0,3.0,1.0,1.0,1.0,9.0,3.0,1.0,2.0,2.0,1.0,1.0,,3.0,2.0,77.0
104,1.0,198.0,105.0,4.0,5.0,3.0,4.0,1.0,4.0,10.0,3.0,5.0,36.0,2.0,2.0,9.0,6.0,2.0,1.0,2.0,,,2.0,1.0,2.0,1.0,3.0,4.0,2.0,2.0,5.0,9.0,2.0,4.0,3.0,2.0,99.0,9.0,9.0,9.0,99.0,9.0,9.0,0.0,0.0,3.0,4.0,9.0,3.0,6.0,15.0,0.0,4.0,2.0,1.0,2.0,2.0,0.0,0.0,1.0,,7.0,1.0,2.0,1.0,4.0,1.0,2.0,198.0,105.0,4.0,9.0,1.0,2.0,1.0,2.0,2.0,2.0,1.0,2.0,2.0,1.0,1.0,2.0,2.0,1.0,1.0,9.0,2.0,9.0,9.0,9.0,9.0,9.0,9.0,,9.0,5.0,77.0
105,1.0,198.0,106.0,4.0,5.0,3.0,6.0,1.0,3.0,10.0,3.0,6.0,40.0,2.0,5.0,8.0,6.0,1.0,1.0,2.0,,,2.0,1.0,1.0,2.0,2.0,4.0,2.0,2.0,5.0,9.0,3.0,4.0,3.0,2.0,99.0,9.0,9.0,9.0,99.0,9.0,9.0,0.0,0.0,2.0,1.0,3.0,1.0,6.0,20.0,0.0,5.0,1.0,1.0,2.0,2.0,0.0,0.0,1.0,,7.0,1.0,2.0,1.0,1.0,1.0,2.0,198.0,106.0,4.0,9.0,1.0,2.0,1.0,1.0,2.0,2.0,2.0,2.0,2.0,1.0,1.0,2.0,2.0,2.0,1.0,9.0,1.0,9.0,9.0,9.0,9.0,9.0,9.0,,9.0,5.0,77.0
106,1.0,198.0,107.0,4.0,1.0,4.0,4.0,4.0,4.0,8.0,1.0,4.0,25.0,2.0,3.0,9.0,6.0,1.0,1.0,2.0,,,2.0,1.0,4.0,1.0,4.0,0.0,2.0,3.0,99.0,1.0,2.0,8.0,2.0,9.0,9.0,1.0,2.0,4.0,11.0,2.0,3.0,0.0,0.0,2.0,3.0,9.0,9.0,19.0,20.0,1.0,4.0,1.0,2.0,2.0,1.0,3.0,1.0,1.0,,7.0,1.0,2.0,2.0,1.0,3.0,2.0,198.0,107.0,4.0,9.0,1.0,1.0,1.0,2.0,1.0,2.0,1.0,2.0,1.0,1.0,1.0,1.0,2.0,1.0,2.0,9.0,3.0,9.0,9.0,9.0,9.0,9.0,9.0,,9.0,6.0,77.0
107,1.0,198.0,108.0,3.0,4.0,4.0,5.0,1.0,3.0,4.0,3.0,6.0,31.0,2.0,4.0,4.0,4.0,3.0,1.0,2.0,,,2.0,2.0,6.0,1.0,4.0,2.0,4.0,1.0,0.0,9.0,1.0,3.0,1.0,9.0,0.0,4.0,1.0,3.0,4.0,1.0,2.0,0.0,0.0,1.0,1.0,1.0,1.0,4.0,4.0,0.0,5.0,1.0,1.0,2.0,1.0,4.0,1.0,1.0,,5.0,1.0,1.0,3.0,5.0,3.0,2.0,198.0,108.0,3.0,1.0,9.0,2.0,1.0,2.0,2.0,2.0,2.0,2.0,2.0,1.0,1.0,1.0,2.0,1.0,1.0,1.0,9.0,1.0,1.0,1.0,2.0,1.0,1.0,,1.0,1.0,77.0
108,1.0,198.0,109.0,4.0,3.0,3.0,3.0,1.0,4.0,9.0,3.0,7.0,33.0,2.0,4.0,2.0,6.0,3.0,2.0,5.0,,,2.0,1.0,3.0,5.0,5.0,4.0,1.0,4.0,99.0,1.0,2.0,8.0,4.0,1.0,99.0,9.0,9.0,9.0,99.0,9.0,9.0,0.0,0.0,3.0,4.0,9.0,5.0,7.0,7.0,0.0,3.0,1.0,1.0,2.0,2.0,0.0,0.0,1.0,,9.0,3.0,2.0,1.0,7.0,2.0,2.0,198.0,109.0,4.0,9.0,2.0,1.0,1.0,1.0,1.0,1.0,2.0,1.0,2.0,3.0,3.0,1.0,3.0,3.0,2.0,9.0,1.0,9.0,9.0,9.0,9.0,9.0,9.0,,9.0,6.0,77.0
109,1.0,198.0,110.0,4.0,6.0,4.0,6.0,1.0,4.0,9.0,1.0,6.0,42.0,2.0,5.0,9.0,5.0,1.0,1.0,5.0,,,2.0,1.0,3.0,5.0,5.0,2.0,3.0,1.0,0.0,9.0,2.0,7.0,2.0,9.0,8.0,4.0,2.0,7.0,7.0,2.0,2.0,0.0,0.0,3.0,4.0,9.0,5.0,7.0,7.0,1.0,6.0,1.0,1.0,2.0,2.0,0.0,0.0,1.0,,7.0,0.0,0.0,0.0,12.0,0.0,2.0,198.0,110.0,4.0,9.0,0.0,2.0,1.0,2.0,2.0,2.0,2.0,0.0,2.0,1.0,1.0,2.0,2.0,3.0,1.0,9.0,2.0,9.0,9.0,9.0,9.0,9.0,9.0,,9.0,2.0,77.0
110,1.0,198.0,111.0,4.0,3.0,3.0,4.0,4.0,4.0,3.0,1.0,5.0,30.0,2.0,2.0,3.0,5.0,1.0,1.0,2.0,,,2.0,1.0,2.0,1.0,4.0,4.0,2.0,1.0,2.0,9.0,1.0,2.0,2.0,9.0,1.0,2.0,1.0,2.0,11.0,2.0,3.0,0.0,0.0,2.0,4.0,9.0,3.0,19.0,20.0,1.0,4.0,2.0,2.0,2.0,2.0,0.0,0.0,1.0,,9.0,1.0,1.0,2.0,5.0,3.0,2.0,198.0,111.0,4.0,9.0,1.0,1.0,1.0,1.0,2.0,2.0,2.0,2.0,1.0,2.0,2.0,2.0,2.0,1.0,1.0,9.0,2.0,9.0,9.0,9.0,9.0,9.0,9.0,,9.0,2.0,77.0
111,1.0,198.0,112.0,4.0,3.0,1.0,3.0,3.0,4.0,3.0,1.0,4.0,26.0,2.0,3.0,8.0,1.0,1.0,1.0,2.0,,,2.0,1.0,3.0,1.0,4.0,3.0,3.0,1.0,2.0,9.0,1.0,2.0,1.0,9.0,2.0,4.0,1.0,2.0,6.0,1.0,1.0,0.0,0.0,1.0,1.0,1.0,1.0,19.0,20.0,1.0,3.0,2.0,2.0,2.0,2.0,0.0,0.0,1.0,,0.0,2.0,1.0,1.0,5.0,2.0,2.0,198.0,112.0,4.0,9.0,1.0,2.0,1.0,2.0,2.0,2.0,1.0,2.0,2.0,1.0,2.0,2.0,2.0,2.0,2.0,9.0,1.0,9.0,9.0,9.0,9.0,9.0,9.0,,9.0,1.0,77.0
112,1.0,198.0,113.0,4.0,3.0,4.0,4.0,1.0,4.0,10.0,3.0,5.0,45.0,2.0,2.0,9.0,6.0,1.0,1.0,2.0,,,2.0,1.0,1.0,1.0,1.0,4.0,2.0,1.0,5.0,9.0,1.0,3.0,1.0,9.0,5.0,4.0,1.0,2.0,6.0,1.0,1.0,0.0,0.0,1.0,1.0,1.0,1.0,6.0,6.0,1.0,4.0,1.0,2.0,2.0,2.0,0.0,0.0,1.0,,7.0,1.0,2.0,1.0,5.0,1.0,2.0,198.0,113.0,4.0,9.0,1.0,2.0,1.0,2.0,2.0,2.0,2.0,2.0,2.0,2.0,2.0,2.0,1.0,2.0,1.0,9.0,1.0,9.0,9.0,9.0,9.0,9.0,9.0,,9.0,1.0,77.0
113,1.0,198.0,114.0,4.0,5.0,4.0,6.0,1.0,3.0,10.0,1.0,3.0,50.0,2.0,4.0,9.0,6.0,4.0,1.0,2.0,,,2.0,2.0,6.0,3.0,4.0,4.0,4.0,1.0,0.0,9.0,2.0,5.0,3.0,4.0,99.0,9.0,9.0,9.0,99.0,9.0,9.0,0.0,0.0,3.0,3.0,9.0,3.0,6.0,6.0,1.0,6.0,1.0,1.0,3.0,2.0,0.0,0.0,1.0,,7.0,1.0,2.0,2.0,3.0,1.0,2.0,198.0,114.0,4.0,9.0,1.0,2.0,1.0,2.0,2.0,2.0,2.0,2.0,2.0,1.0,1.0,2.0,2.0,2.0,2.0,9.0,2.0,9.0,9.0,9.0,9.0,9.0,9.0,,9.0,3.0,77.0
114,1.0,198.0,115.0,4.0,5.0,1.0,5.0,1.0,3.0,4.0,3.0,7.0,34.0,2.0,2.0,3.0,6.0,2.0,2.0,2.0,,,2.0,2.0,1.0,2.0,2.0,4.0,2.0,4.0,99.0,5.0,2.0,6.0,4.0,7.0,99.0,9.0,9.0,9.0,99.0,9.0,9.0,0.0,0.0,3.0,1.0,4.0,1.0,4.0,20.0,5.0,4.0,2.0,1.0,3.0,2.0,0.0,0.0,1.0,,7.0,1.0,2.0,1.0,1.0,1.0,2.0,198.0,115.0,4.0,9.0,2.0,2.0,2.0,2.0,2.0,2.0,2.0,2.0,2.0,2.0,1.0,1.0,2.0,2.0,1.0,9.0,2.0,9.0,9.0,9.0,9.0,9.0,9.0,,9.0,6.0,77.0
115,1.0,198.0,116.0,4.0,5.0,3.0,5.0,1.0,3.0,10.0,1.0,6.0,46.0,2.0,3.0,9.0,4.0,4.0,1.0,5.0,,,2.0,1.0,1.0,1.0,1.0,4.0,1.0,2.0,0.0,9.0,2.0,6.0,4.0,2.0,99.0,9.0,9.0,9.0,99.0,9.0,9.0,0.0,0.0,3.0,4.0,9.0,5.0,8.0,8.0,0.0,5.0,1.0,2.0,2.0,1.0,4.0,2.0,1.0,,7.0,1.0,2.0,2.0,3.0,1.0,2.0,198.0,116.0,4.0,9.0,1.0,2.0,2.0,2.0,2.0,2.0,1.0,1.0,2.0,2.0,2.0,1.0,2.0,2.0,1.0,9.0,2.0,9.0,9.0,9.0,9.0,9.0,9.0,,9.0,5.0,77.0
116,1.0,198.0,117.0,4.0,5.0,4.0,6.0,1.0,3.0,10.0,1.0,7.0,43.0,2.0,5.0,9.0,5.0,3.0,1.0,2.0,,,2.0,1.0,1.0,1.0,1.0,4.0,2.0,1.0,0.0,9.0,1.0,5.0,1.0,9.0,9.0,4.0,2.0,5.0,20.0,2.0,2.0,0.0,0.0,1.0,3.0,9.0,2.0,19.0,20.0,7.0,6.0,1.0,2.0,2.0,1.0,2.0,2.0,1.0,,1.0,1.0,1.0,2.0,5.0,1.0,2.0,198.0,117.0,4.0,9.0,1.0,1.0,1.0,2.0,2.0,2.0,1.0,2.0,2.0,1.0,1.0,2.0,2.0,1.0,1.0,9.0,2.0,9.0,9.0,9.0,9.0,9.0,9.0,,9.0,1.0,77.0
117,1.0,198.0,118.0,4.0,4.0,4.0,5.0,1.0,3.0,4.0,3.0,7.0,44.0,2.0,4.0,8.0,0.0,3.0,1.0,2.0,,,2.0,1.0,5.0,1.0,2.0,1.0,2.0,1.0,2.0,9.0,2.0,5.0,2.0,9.0,2.0,4.0,2.0,5.0,8.0,2.0,2.0,0.0,0.0,1.0,1.0,2.0,1.0,8.0,8.0,0.0,5.0,2.0,2.0,2.0,1.0,4.0,2.0,1.0,,7.0,1.0,1.0,1.0,5.0,1.0,2.0,198.0,118.0,4.0,9.0,1.0,1.0,1.0,1.0,2.0,2.0,1.0,1.0,2.0,2.0,2.0,2.0,2.0,1.0,1.0,9.0,1.0,9.0,9.0,9.0,9.0,9.0,9.0,,9.0,2.0,77.0
118,1.0,198.0,119.0,4.0,4.0,4.0,6.0,1.0,3.0,4.0,3.0,6.0,35.0,2.0,2.0,4.0,4.0,2.0,2.0,2.0,,,2.0,2.0,1.0,1.0,2.0,4.0,4.0,1.0,1.0,9.0,2.0,5.0,2.0,9.0,3.0,4.0,2.0,5.0,20.0,2.0,2.0,0.0,0.0,2.0,2.0,2.0,1.0,4.0,20.0,0.0,3.0,2.0,1.0,2.0,1.0,5.0,2.0,1.0,,7.0,1.0,2.0,1.0,2.0,1.0,2.0,198.0,119.0,4.0,9.0,2.0,1.0,1.0,2.0,2.0,2.0,2.0,2.0,2.0,2.0,1.0,1.0,1.0,2.0,1.0,9.0,2.0,9.0,9.0,9.0,9.0,9.0,9.0,,9.0,2.0,77.0
119,1.0,198.0,120.0,4.0,4.0,3.0,6.0,7.0,3.0,11.0,1.0,5.0,36.0,2.0,2.0,9.0,4.0,2.0,1.0,1.0,,,1.0,1.0,5.0,1.0,1.0,3.0,2.0,1.0,5.0,9.0,1.0,3.0,1.0,9.0,8.0,4.0,1.0,2.0,20.0,1.0,1.0,0.0,0.0,1.0,1.0,1.0,1.0,19.0,12.0,0.0,4.0,2.0,2.0,2.0,1.0,5.0,2.0,1.0,,9.0,1.0,2.0,1.0,5.0,1.0,2.0,198.0,120.0,4.0,9.0,1.0,2.0,1.0,2.0,2.0,2.0,2.0,1.0,2.0,1.0,1.0,1.0,1.0,2.0,1.0,9.0,1.0,9.0,9.0,9.0,9.0,9.0,9.0,,9.0,1.0,77.0
120,1.0,198.0,121.0,4.0,4.0,4.0,6.0,1.0,3.0,4.0,3.0,5.0,29.0,2.0,2.0,4.0,6.0,3.0,1.0,2.0,,,1.0,1.0,5.0,1.0,1.0,2.0,4.0,1.0,2.0,9.0,1.0,3.0,4.0,3.0,99.0,9.0,9.0,9.0,99.0,9.0,9.0,0.0,0.0,2.0,2.0,4.0,2.0,4.0,4.0,1.0,6.0,1.0,1.0,2.0,1.0,4.0,2.0,1.0,,7.0,1.0,1.0,3.0,5.0,2.0,2.0,198.0,121.0,4.0,9.0,1.0,2.0,1.0,1.0,1.0,2.0,1.0,1.0,2.0,1.0,1.0,1.0,2.0,2.0,1.0,9.0,1.0,9.0,9.0,9.0,9.0,9.0,9.0,,9.0,3.0,77.0
121,1.0,198.0,122.0,4.0,3.0,3.0,4.0,4.0,4.0,3.0,1.0,4.0,26.0,2.0,3.0,5.0,6.0,4.0,1.0,2.0,,,1.0,1.0,3.0,1.0,4.0,3.0,3.0,1.0,5.0,9.0,3.0,3.0,1.0,9.0,9.0,4.0,3.0,3.0,4.0,1.0,1.0,0.0,0.0,1.0,1.0,3.0,1.0,4.0,4.0,4.0,4.0,1.0,1.0,2.0,1.0,2.0,3.0,2.0,,0.0,1.0,1.0,3.0,4.0,1.0,2.0,198.0,122.0,4.0,9.0,1.0,2.0,1.0,2.0,2.0,2.0,1.0,1.0,2.0,2.0,1.0,2.0,3.0,2.0,2.0,9.0,2.0,9.0,9.0,9.0,9.0,9.0,9.0,,9.0,1.0,77.0
122,1.0,198.0,123.0,4.0,4.0,1.0,6.0,1.0,2.0,0.0,2.0,4.0,33.0,2.0,4.0,3.0,4.0,5.0,1.0,2.0,,,2.0,1.0,5.0,2.0,4.0,4.0,4.0,2.0,9.0,9.0,1.0,3.0,1.0,9.0,11.0,0.0,1.0,3.0,20.0,1.0,1.0,0.0,0.0,1.0,4.0,9.0,9.0,20.0,2.0,0.0,6.0,1.0,1.0,2.0,1.0,2.0,1.0,1.0,,7.0,1.0,1.0,3.0,7.0,1.0,2.0,198.0,123.0,4.0,9.0,1.0,2.0,2.0,2.0,2.0,1.0,1.0,1.0,2.0,2.0,1.0,2.0,3.0,1.0,2.0,9.0,1.0,9.0,9.0,9.0,9.0,9.0,9.0,,9.0,4.0,77.0
123,1.0,198.0,124.0,3.0,3.0,3.0,4.0,7.0,4.0,7.0,1.0,5.0,28.0,2.0,2.0,3.0,5.0,3.0,3.0,5.0,,,2.0,1.0,3.0,5.0,5.0,3.0,4.0,4.0,99.0,5.0,2.0,8.0,4.0,7.0,99.0,9.0,9.0,9.0,99.0,9.0,9.0,0.0,0.0,1.0,4.0,9.0,5.0,2.0,2.0,7.0,4.0,1.0,1.0,3.0,1.0,4.0,2.0,1.0,,7.0,1.0,3.0,2.0,3.0,1.0,2.0,198.0,124.0,3.0,3.0,9.0,1.0,1.0,1.0,2.0,2.0,2.0,2.0,2.0,3.0,1.0,2.0,2.0,1.0,1.0,1.0,9.0,3.0,1.0,3.0,2.0,1.0,1.0,,2.0,6.0,77.0
124,1.0,198.0,125.0,4.0,3.0,4.0,4.0,7.0,4.0,3.0,1.0,4.0,26.0,2.0,4.0,2.0,4.0,1.0,1.0,1.0,,,2.0,1.0,3.0,0.0,4.0,3.0,3.0,3.0,99.0,0.0,2.0,8.0,2.0,9.0,3.0,3.0,2.0,3.0,16.0,2.0,1.0,0.0,0.0,1.0,1.0,1.0,2.0,17.0,17.0,5.0,4.0,1.0,2.0,2.0,1.0,3.0,2.0,1.0,,6.0,1.0,2.0,3.0,5.0,1.0,2.0,198.0,125.0,4.0,9.0,1.0,1.0,1.0,1.0,2.0,2.0,1.0,2.0,2.0,1.0,1.0,1.0,1.0,1.0,1.0,9.0,2.0,9.0,9.0,9.0,9.0,9.0,9.0,,9.0,6.0,77.0
125,1.0,198.0,126.0,4.0,1.0,3.0,3.0,5.0,4.0,11.0,1.0,4.0,36.0,2.0,2.0,9.0,6.0,4.0,1.0,2.0,,,2.0,2.0,2.0,1.0,4.0,4.0,4.0,3.0,99.0,1.0,2.0,8.0,3.0,1.0,99.0,9.0,9.0,9.0,99.0,9.0,9.0,0.0,0.0,2.0,4.0,9.0,5.0,19.0,20.0,4.0,3.0,1.0,2.0,2.0,1.0,4.0,2.0,1.0,,9.0,1.0,2.0,2.0,7.0,1.0,2.0,198.0,126.0,4.0,9.0,1.0,2.0,1.0,2.0,2.0,2.0,1.0,2.0,2.0,2.0,2.0,2.0,2.0,1.0,1.0,9.0,2.0,9.0,9.0,9.0,9.0,9.0,9.0,,9.0,6.0,77.0
126,1.0,198.0,127.0,4.0,4.0,3.0,5.0,1.0,3.0,9.0,1.0,7.0,31.0,2.0,4.0,8.0,4.0,1.0,1.0,5.0,,,2.0,1.0,3.0,5.0,5.0,2.0,1.0,4.0,99.0,1.0,2.0,6.0,4.0,1.0,99.0,9.0,9.0,9.0,99.0,9.0,9.0,0.0,0.0,1.0,4.0,9.0,5.0,7.0,7.0,0.0,5.0,1.0,0.0,2.0,1.0,4.0,2.0,1.0,,9.0,1.0,2.0,1.0,4.0,2.0,2.0,198.0,127.0,4.0,9.0,1.0,1.0,1.0,1.0,2.0,2.0,2.0,1.0,2.0,2.0,2.0,1.0,2.0,3.0,3.0,9.0,1.0,9.0,9.0,9.0,9.0,9.0,9.0,,9.0,6.0,77.0
127,1.0,198.0,128.0,3.0,5.0,2.0,6.0,1.0,3.0,9.0,1.0,7.0,42.0,1.0,1.0,9.0,6.0,2.0,3.0,2.0,,,2.0,1.0,1.0,1.0,1.0,4.0,2.0,1.0,2.0,9.0,1.0,5.0,4.0,7.0,99.0,9.0,9.0,9.0,99.0,9.0,9.0,0.0,0.0,1.0,4.0,9.0,3.0,19.0,20.0,0.0,6.0,1.0,1.0,2.0,1.0,4.0,2.0,1.0,,7.0,1.0,1.0,1.0,1.0,1.0,2.0,198.0,128.0,3.0,3.0,9.0,1.0,1.0,2.0,1.0,1.0,2.0,2.0,2.0,1.0,1.0,1.0,1.0,1.0,2.0,1.0,9.0,1.0,2.0,2.0,2.0,1.0,1.0,,2.0,3.0,77.0
128,1.0,198.0,129.0,4.0,4.0,3.0,4.0,4.0,4.0,3.0,1.0,5.0,28.0,3.0,2.0,7.0,5.0,1.0,1.0,2.0,,,1.0,1.0,5.0,1.0,4.0,4.0,2.0,1.0,2.0,9.0,1.0,3.0,1.0,9.0,2.0,4.0,1.0,3.0,20.0,1.0,1.0,0.0,0.0,1.0,1.0,1.0,1.0,17.0,20.0,0.0,4.0,2.0,2.0,2.0,1.0,3.0,2.0,0.0,,7.0,3.0,1.0,1.0,3.0,3.0,2.0,198.0,129.0,4.0,9.0,1.0,2.0,1.0,2.0,2.0,2.0,1.0,2.0,2.0,2.0,2.0,2.0,2.0,1.0,1.0,9.0,1.0,9.0,9.0,9.0,9.0,9.0,9.0,,9.0,1.0,77.0
129,1.0,198.0,130.0,4.0,5.0,3.0,6.0,1.0,3.0,4.0,3.0,6.0,27.0,2.0,2.0,3.0,6.0,1.0,1.0,2.0,,,2.0,3.0,2.0,1.0,4.0,3.0,4.0,1.0,5.0,9.0,3.0,4.0,2.0,9.0,8.0,3.0,2.0,5.0,1.0,1.0,3.0,0.0,0.0,2.0,2.0,2.0,9.0,1.0,1.0,6.0,5.0,2.0,1.0,2.0,1.0,5.0,2.0,1.0,,7.0,1.0,1.0,1.0,1.0,1.0,2.0,198.0,130.0,4.0,9.0,1.0,2.0,1.0,2.0,2.0,2.0,1.0,1.0,2.0,3.0,1.0,1.0,1.0,1.0,1.0,9.0,1.0,9.0,9.0,9.0,9.0,9.0,9.0,,9.0,2.0,77.0
130,1.0,198.0,131.0,4.0,2.0,4.0,4.0,3.0,4.0,3.0,1.0,6.0,26.0,1.0,1.0,2.0,4.0,1.0,1.0,2.0,,,2.0,1.0,2.0,1.0,4.0,4.0,2.0,1.0,5.0,9.0,2.0,2.0,3.0,2.0,99.0,9.0,9.0,9.0,99.0,9.0,9.0,0.0,0.0,3.0,4.0,9.0,3.0,17.0,20.0,0.0,2.0,1.0,2.0,2.0,1.0,2.0,3.0,1.0,,7.0,1.0,1.0,2.0,7.0,1.0,2.0,198.0,131.0,4.0,9.0,1.0,2.0,1.0,2.0,2.0,2.0,2.0,2.0,2.0,3.0,1.0,1.0,2.0,1.0,1.0,9.0,1.0,9.0,9.0,9.0,9.0,9.0,9.0,,9.0,3.0,77.0
131,1.0,198.0,132.0,4.0,3.0,4.0,5.0,1.0,3.0,4.0,0.0,3.0,2.0,2.0,0.0,1.0,3.0,1.0,2.0,0.0,,,0.0,1.0,1.0,1.0,4.0,3.0,1.0,5.0,99.0,9.0,2.0,4.0,1.0,9.0,10.0,4.0,2.0,4.0,6.0,3.0,1.0,0.0,0.0,3.0,2.0,2.0,2.0,4.0,20.0,1.0,5.0,1.0,0.0,2.0,1.0,3.0,3.0,2.0,,5.0,1.0,1.0,3.0,3.0,1.0,2.0,198.0,132.0,4.0,9.0,1.0,2.0,2.0,2.0,2.0,2.0,2.0,2.0,2.0,1.0,1.0,1.0,2.0,1.0,1.0,9.0,2.0,9.0,9.0,9.0,9.0,9.0,9.0,,9.0,6.0,77.0
132,1.0,198.0,133.0,4.0,5.0,2.0,6.0,1.0,3.0,4.0,4.0,7.0,38.0,2.0,4.0,9.0,6.0,3.0,1.0,5.0,,,2.0,1.0,3.0,5.0,5.0,4.0,1.0,4.0,99.0,1.0,2.0,8.0,4.0,1.0,99.0,9.0,9.0,9.0,99.0,9.0,9.0,0.0,0.0,3.0,4.0,9.0,5.0,8.0,8.0,0.0,6.0,1.0,1.0,2.0,1.0,4.0,3.0,3.0,,7.0,2.0,2.0,1.0,5.0,3.0,2.0,198.0,133.0,4.0,9.0,1.0,1.0,1.0,1.0,2.0,2.0,1.0,2.0,1.0,2.0,1.0,1.0,2.0,2.0,2.0,9.0,1.0,9.0,9.0,9.0,9.0,9.0,9.0,,9.0,6.0,77.0
133,1.0,198.0,134.0,3.0,1.0,4.0,4.0,7.0,4.0,8.0,1.0,3.0,43.0,2.0,4.0,2.0,6.0,2.0,1.0,1.0,,,1.0,1.0,5.0,6.0,6.0,3.0,2.0,4.0,99.0,5.0,2.0,8.0,5.0,0.0,0.0,0.0,0.0,0.0,21.0,0.0,0.0,0.0,0.0,1.0,1.0,3.0,1.0,19.0,20.0,1.0,0.0,2.0,2.0,2.0,2.0,0.0,1.0,1.0,,8.0,1.0,1.0,2.0,4.0,2.0,2.0,198.0,134.0,3.0,1.0,9.0,2.0,2.0,1.0,2.0,2.0,1.0,2.0,1.0,2.0,2.0,1.0,2.0,2.0,1.0,1.0,9.0,1.0,1.0,1.0,2.0,1.0,1.0,,2.0,6.0,77.0
134,1.0,198.0,135.0,3.0,4.0,3.0,6.0,2.0,2.0,6.0,1.0,4.0,32.0,2.0,4.0,9.0,6.0,1.0,1.0,2.0,,,2.0,2.0,2.0,1.0,3.0,4.0,4.0,1.0,5.0,9.0,1.0,8.0,2.0,9.0,5.0,4.0,2.0,4.0,20.0,3.0,2.0,0.0,0.0,1.0,2.0,2.0,2.0,17.0,17.0,0.0,6.0,1.0,1.0,2.0,1.0,4.0,1.0,0.0,,7.0,1.0,2.0,1.0,3.0,1.0,2.0,198.0,135.0,3.0,1.0,9.0,2.0,1.0,2.0,2.0,2.0,2.0,2.0,2.0,1.0,1.0,1.0,1.0,2.0,1.0,1.0,9.0,1.0,1.0,3.0,2.0,1.0,1.0,,2.0,2.0,77.0
135,1.0,198.0,136.0,3.0,4.0,1.0,4.0,1.0,4.0,9.0,1.0,7.0,32.0,2.0,2.0,9.0,4.0,3.0,1.0,5.0,,,2.0,1.0,3.0,5.0,5.0,3.0,1.0,4.0,99.0,1.0,2.0,8.0,4.0,1.0,99.0,9.0,9.0,9.0,99.0,9.0,9.0,0.0,0.0,3.0,4.0,9.0,5.0,7.0,7.0,0.0,4.0,1.0,1.0,2.0,2.0,0.0,0.0,1.0,,6.0,1.0,3.0,3.0,5.0,1.0,2.0,198.0,136.0,3.0,1.0,9.0,1.0,1.0,1.0,2.0,2.0,2.0,2.0,2.0,1.0,2.0,1.0,2.0,1.0,2.0,2.0,9.0,1.0,1.0,3.0,2.0,1.0,1.0,,3.0,6.0,77.0
136,1.0,198.0,137.0,3.0,4.0,4.0,4.0,1.0,4.0,10.0,1.0,5.0,39.0,2.0,5.0,8.0,4.0,1.0,1.0,5.0,,,2.0,1.0,3.0,1.0,1.0,4.0,1.0,2.0,0.0,9.0,2.0,4.0,2.0,9.0,0.0,0.0,0.0,0.0,21.0,0.0,0.0,0.0,0.0,3.0,3.0,9.0,3.0,2.0,20.0,5.0,4.0,2.0,1.0,2.0,2.0,0.0,1.0,1.0,,9.0,1.0,2.0,3.0,1.0,1.0,2.0,198.0,137.0,3.0,1.0,9.0,2.0,1.0,2.0,2.0,2.0,1.0,2.0,2.0,1.0,1.0,3.0,1.0,2.0,2.0,2.0,9.0,2.0,1.0,4.0,2.0,1.0,1.0,,3.0,4.0,77.0
137,1.0,198.0,138.0,3.0,4.0,3.0,5.0,1.0,3.0,11.0,1.0,5.0,38.0,2.0,3.0,9.0,5.0,3.0,1.0,2.0,,,2.0,1.0,1.0,1.0,1.0,4.0,1.0,1.0,2.0,9.0,2.0,6.0,4.0,1.0,99.0,9.0,9.0,9.0,99.0,9.0,9.0,0.0,0.0,3.0,4.0,9.0,6.0,6.0,6.0,6.0,5.0,1.0,1.0,2.0,2.0,0.0,1.0,1.0,,7.0,1.0,2.0,1.0,1.0,1.0,2.0,198.0,138.0,3.0,2.0,9.0,2.0,1.0,1.0,1.0,2.0,2.0,1.0,2.0,1.0,1.0,2.0,2.0,2.0,2.0,1.0,9.0,1.0,1.0,3.0,2.0,1.0,1.0,,2.0,3.0,77.0
138,1.0,198.0,139.0,3.0,5.0,3.0,6.0,5.0,3.0,5.0,1.0,7.0,44.0,2.0,5.0,5.0,5.0,3.0,1.0,2.0,,,2.0,2.0,5.0,3.0,4.0,3.0,2.0,1.0,6.0,9.0,1.0,4.0,1.0,9.0,10.0,4.0,1.0,4.0,20.0,1.0,1.0,0.0,0.0,1.0,1.0,1.0,9.0,19.0,20.0,0.0,6.0,2.0,2.0,2.0,1.0,3.0,1.0,1.0,,7.0,1.0,2.0,2.0,12.0,1.0,2.0,198.0,139.0,3.0,1.0,9.0,1.0,1.0,1.0,1.0,2.0,2.0,2.0,2.0,1.0,1.0,2.0,1.0,1.0,1.0,1.0,9.0,3.0,1.0,1.0,2.0,1.0,1.0,,3.0,1.0,77.0
139,1.0,198.0,140.0,3.0,4.0,4.0,4.0,1.0,4.0,9.0,1.0,7.0,46.0,2.0,4.0,9.0,6.0,4.0,1.0,5.0,,,2.0,1.0,3.0,5.0,5.0,4.0,3.0,3.0,99.0,5.0,2.0,5.0,3.0,6.0,99.0,9.0,9.0,9.0,99.0,9.0,9.0,0.0,0.0,3.0,3.0,9.0,6.0,7.0,7.0,0.0,4.0,1.0,1.0,2.0,1.0,3.0,1.0,1.0,,7.0,1.0,2.0,3.0,5.0,1.0,2.0,198.0,140.0,3.0,1.0,9.0,2.0,1.0,1.0,2.0,2.0,1.0,1.0,2.0,2.0,2.0,3.0,1.0,1.0,2.0,1.0,9.0,1.0,1.0,3.0,1.0,1.0,1.0,,3.0,6.0,77.0
140,1.0,198.0,141.0,3.0,4.0,2.0,3.0,0.0,4.0,9.0,1.0,6.0,39.0,2.0,3.0,9.0,6.0,3.0,1.0,5.0,,,2.0,1.0,3.0,5.0,5.0,3.0,1.0,3.0,99.0,5.0,2.0,7.0,4.0,7.0,99.0,9.0,9.0,9.0,99.0,9.0,9.0,0.0,0.0,3.0,4.0,9.0,5.0,7.0,7.0,0.0,3.0,1.0,1.0,2.0,1.0,2.0,1.0,1.0,,6.0,1.0,1.0,2.0,5.0,3.0,2.0,198.0,141.0,3.0,1.0,9.0,1.0,1.0,1.0,1.0,2.0,1.0,1.0,1.0,2.0,2.0,2.0,3.0,2.0,3.0,1.0,9.0,1.0,4.0,4.0,4.0,1.0,1.0,,3.0,6.0,77.0
141,1.0,198.0,142.0,3.0,4.0,3.0,5.0,1.0,3.0,9.0,1.0,7.0,31.0,2.0,2.0,2.0,6.0,4.0,1.0,2.0,,,2.0,1.0,6.0,1.0,3.0,2.0,4.0,1.0,5.0,9.0,1.0,3.0,1.0,9.0,2.0,4.0,2.0,4.0,2.0,1.0,2.0,0.0,0.0,2.0,1.0,3.0,3.0,9.0,9.0,0.0,5.0,1.0,1.0,2.0,1.0,2.0,1.0,1.0,,0.0,1.0,2.0,1.0,12.0,2.0,2.0,198.0,142.0,3.0,1.0,9.0,2.0,1.0,2.0,2.0,2.0,2.0,2.0,2.0,1.0,1.0,2.0,2.0,1.0,2.0,3.0,9.0,1.0,1.0,2.0,1.0,1.0,1.0,,2.0,1.0,77.0
142,1.0,198.0,143.0,3.0,4.0,2.0,4.0,1.0,4.0,10.0,3.0,6.0,46.0,2.0,2.0,9.0,5.0,2.0,3.0,7.0,,,2.0,3.0,0.0,6.0,6.0,4.0,2.0,4.0,99.0,5.0,2.0,6.0,4.0,7.0,99.0,9.0,9.0,9.0,99.0,9.0,9.0,0.0,0.0,3.0,4.0,9.0,5.0,13.0,13.0,0.0,4.0,1.0,1.0,2.0,2.0,0.0,0.0,1.0,,7.0,1.0,2.0,1.0,3.0,2.0,2.0,198.0,143.0,3.0,3.0,9.0,1.0,1.0,1.0,1.0,2.0,1.0,1.0,1.0,1.0,1.0,1.0,2.0,1.0,1.0,1.0,9.0,1.0,1.0,4.0,4.0,4.0,4.0,,1.0,6.0,77.0
143,1.0,198.0,144.0,3.0,4.0,2.0,4.0,1.0,4.0,10.0,1.0,4.0,44.0,2.0,4.0,9.0,6.0,3.0,1.0,2.0,,,2.0,1.0,1.0,2.0,2.0,4.0,2.0,3.0,99.0,1.0,2.0,8.0,3.0,1.0,99.0,9.0,9.0,9.0,99.0,9.0,9.0,0.0,0.0,3.0,4.0,9.0,5.0,15.0,15.0,5.0,4.0,1.0,1.0,2.0,2.0,0.0,0.0,1.0,,9.0,1.0,2.0,2.0,1.0,1.0,2.0,198.0,144.0,3.0,1.0,9.0,0.0,0.0,0.0,0.0,0.0,0.0,0.0,0.0,2.0,1.0,2.0,2.0,2.0,2.0,1.0,9.0,1.0,1.0,3.0,2.0,1.0,1.0,,3.0,6.0,77.0
144,1.0,198.0,145.0,3.0,3.0,4.0,4.0,1.0,3.0,4.0,3.0,6.0,24.0,2.0,3.0,8.0,4.0,2.0,1.0,3.0,,,2.0,1.0,4.0,0.0,0.0,1.0,2.0,1.0,2.0,9.0,2.0,3.0,2.0,9.0,3.0,4.0,2.0,3.0,1.0,2.0,2.0,0.0,0.0,2.0,2.0,2.0,2.0,1.0,1.0,0.0,4.0,1.0,1.0,2.0,1.0,3.0,3.0,2.0,,7.0,1.0,2.0,3.0,2.0,1.0,2.0,198.0,145.0,3.0,1.0,9.0,2.0,2.0,2.0,2.0,2.0,1.0,2.0,1.0,2.0,1.0,2.0,2.0,2.0,1.0,1.0,9.0,1.0,1.0,1.0,1.0,1.0,1.0,,2.0,2.0,77.0
145,1.0,198.0,146.0,3.0,3.0,2.0,4.0,3.0,4.0,3.0,2.0,5.0,35.0,2.0,3.0,9.0,6.0,3.0,1.0,2.0,,,2.0,2.0,2.0,1.0,4.0,3.0,4.0,1.0,5.0,9.0,1.0,2.0,3.0,4.0,99.0,9.0,9.0,9.0,99.0,9.0,9.0,0.0,0.0,1.0,1.0,3.0,1.0,14.0,14.0,1.0,4.0,1.0,2.0,2.0,1.0,2.0,3.0,1.0,,7.0,1.0,1.0,3.0,4.0,1.0,2.0,198.0,146.0,3.0,3.0,9.0,1.0,1.0,2.0,2.0,2.0,2.0,2.0,2.0,1.0,1.0,1.0,1.0,1.0,1.0,1.0,9.0,1.0,1.0,1.0,1.0,1.0,2.0,,2.0,3.0,77.0
146,1.0,198.0,147.0,3.0,2.0,1.0,1.0,6.0,4.0,3.0,3.0,5.0,29.0,1.0,1.0,8.0,5.0,1.0,1.0,3.0,,,2.0,1.0,2.0,1.0,4.0,3.0,2.0,5.0,0.0,0.0,4.0,8.0,5.0,0.0,0.0,0.0,0.0,0.0,21.0,0.0,0.0,0.0,0.0,9.0,9.0,8.0,9.0,19.0,20.0,0.0,1.0,1.0,1.0,2.0,1.0,4.0,3.0,1.0,,7.0,1.0,1.0,2.0,11.0,1.0,2.0,198.0,147.0,3.0,1.0,9.0,2.0,2.0,2.0,1.0,2.0,1.0,1.0,2.0,1.0,1.0,2.0,1.0,1.0,1.0,1.0,9.0,3.0,1.0,3.0,2.0,1.0,1.0,,2.0,6.0,77.0
147,1.0,198.0,148.0,3.0,3.0,3.0,3.0,3.0,4.0,3.0,1.0,7.0,26.0,2.0,2.0,2.0,4.0,3.0,3.0,6.0,,,2.0,3.0,2.0,6.0,6.0,2.0,2.0,4.0,99.0,5.0,2.0,8.0,2.0,9.0,10.0,2.0,1.0,2.0,15.0,1.0,3.0,0.0,0.0,2.0,3.0,9.0,2.0,19.0,15.0,1.0,2.0,2.0,2.0,2.0,2.0,0.0,0.0,1.0,,7.0,1.0,1.0,3.0,5.0,1.0,2.0,198.0,148.0,3.0,2.0,9.0,1.0,1.0,2.0,2.0,2.0,2.0,1.0,2.0,1.0,1.0,1.0,1.0,2.0,1.0,1.0,9.0,1.0,1.0,3.0,2.0,1.0,1.0,,1.0,6.0,77.0
148,1.0,198.0,149.0,3.0,3.0,4.0,4.0,3.0,4.0,3.0,1.0,6.0,28.0,2.0,3.0,3.0,6.0,2.0,0.0,3.0,,,2.0,2.0,2.0,6.0,6.0,1.0,2.0,4.0,99.0,1.0,2.0,8.0,4.0,1.0,99.0,9.0,9.0,9.0,99.0,9.0,9.0,0.0,0.0,1.0,4.0,9.0,5.0,10.0,10.0,3.0,4.0,1.0,1.0,2.0,2.0,0.0,0.0,1.0,,7.0,1.0,2.0,1.0,6.0,1.0,2.0,198.0,149.0,3.0,2.0,9.0,1.0,1.0,1.0,1.0,2.0,1.0,1.0,2.0,1.0,1.0,1.0,1.0,1.0,1.0,2.0,9.0,1.0,1.0,3.0,2.0,1.0,1.0,,1.0,6.0,77.0
149,1.0,198.0,150.0,3.0,3.0,3.0,4.0,5.0,4.0,3.0,1.0,4.0,26.0,2.0,3.0,2.0,4.0,4.0,1.0,1.0,,,1.0,1.0,5.0,1.0,4.0,3.0,2.0,1.0,5.0,9.0,1.0,3.0,1.0,9.0,2.0,1.0,1.0,3.0,20.0,1.0,1.0,0.0,0.0,1.0,1.0,4.0,1.0,19.0,20.0,0.0,4.0,1.0,2.0,2.0,2.0,0.0,0.0,1.0,,1.0,1.0,1.0,1.0,4.0,1.0,2.0,198.0,150.0,3.0,1.0,9.0,1.0,1.0,2.0,2.0,2.0,1.0,2.0,2.0,2.0,1.0,2.0,2.0,1.0,1.0,1.0,9.0,1.0,1.0,3.0,2.0,1.0,1.0,,1.0,1.0,77.0
150,1.0,198.0,151.0,3.0,3.0,3.0,4.0,3.0,4.0,3.0,1.0,4.0,38.0,2.0,3.0,3.0,4.0,3.0,1.0,5.0,,,2.0,2.0,2.0,5.0,5.0,3.0,2.0,1.0,5.0,9.0,1.0,3.0,3.0,4.0,99.0,9.0,9.0,9.0,99.0,9.0,9.0,0.0,0.0,1.0,3.0,9.0,3.0,6.0,6.0,3.0,4.0,1.0,1.0,2.0,2.0,0.0,0.0,0.0,,9.0,1.0,2.0,3.0,5.0,1.0,2.0,198.0,151.0,3.0,1.0,9.0,2.0,1.0,1.0,2.0,2.0,1.0,1.0,1.0,1.0,1.0,1.0,1.0,1.0,1.0,2.0,9.0,1.0,1.0,1.0,1.0,1.0,1.0,,3.0,3.0,77.0
151,1.0,198.0,152.0,3.0,3.0,3.0,4.0,3.0,4.0,3.0,3.0,7.0,29.0,2.0,4.0,9.0,6.0,1.0,2.0,5.0,,,2.0,1.0,3.0,5.0,5.0,3.0,1.0,3.0,99.0,1.0,2.0,7.0,3.0,1.0,99.0,9.0,9.0,9.0,99.0,9.0,9.0,0.0,0.0,2.0,4.0,9.0,5.0,9.0,9.0,1.0,4.0,1.0,2.0,2.0,1.0,3.0,1.0,1.0,,9.0,2.0,2.0,2.0,5.0,1.0,2.0,198.0,152.0,3.0,2.0,9.0,1.0,1.0,2.0,1.0,2.0,2.0,1.0,2.0,1.0,1.0,2.0,1.0,2.0,2.0,1.0,9.0,1.0,1.0,3.0,2.0,1.0,1.0,,1.0,6.0,77.0
152,1.0,198.0,153.0,3.0,3.0,3.0,3.0,0.0,4.0,7.0,1.0,3.0,25.0,2.0,2.0,9.0,6.0,1.0,1.0,1.0,,,2.0,3.0,6.0,1.0,4.0,4.0,4.0,2.0,0.0,9.0,3.0,8.0,4.0,0.0,99.0,9.0,9.0,9.0,99.0,9.0,9.0,0.0,0.0,1.0,2.0,3.0,6.0,4.0,4.0,7.0,3.0,1.0,1.0,3.0,1.0,3.0,3.0,2.0,,0.0,1.0,2.0,3.0,3.0,1.0,2.0,198.0,153.0,3.0,1.0,9.0,1.0,2.0,1.0,2.0,2.0,1.0,2.0,2.0,1.0,1.0,1.0,1.0,2.0,2.0,3.0,9.0,3.0,2.0,3.0,2.0,2.0,1.0,,2.0,5.0,77.0
153,1.0,198.0,154.0,3.0,4.0,3.0,6.0,5.0,2.0,6.0,2.0,5.0,28.0,1.0,1.0,3.0,6.0,2.0,1.0,2.0,,,1.0,1.0,5.0,2.0,2.0,3.0,2.0,3.0,99.0,2.0,2.0,3.0,1.0,9.0,2.0,4.0,1.0,3.0,4.0,1.0,1.0,0.0,0.0,1.0,1.0,1.0,1.0,4.0,4.0,5.0,5.0,1.0,1.0,3.0,1.0,4.0,3.0,1.0,,7.0,1.0,1.0,2.0,5.0,1.0,2.0,198.0,154.0,3.0,1.0,9.0,2.0,1.0,1.0,2.0,2.0,2.0,2.0,2.0,1.0,1.0,1.0,1.0,2.0,1.0,1.0,9.0,3.0,1.0,3.0,1.0,1.0,1.0,,3.0,6.0,77.0
154,1.0,198.0,155.0,3.0,4.0,4.0,6.0,1.0,3.0,4.0,3.0,6.0,30.0,2.0,3.0,9.0,6.0,4.0,1.0,2.0,,,2.0,1.0,3.0,1.0,3.0,4.0,4.0,2.0,5.0,9.0,2.0,5.0,3.0,3.0,99.0,9.0,9.0,9.0,99.0,9.0,9.0,0.0,0.0,2.0,2.0,3.0,1.0,4.0,4.0,0.0,6.0,1.0,0.0,3.0,1.0,3.0,3.0,2.0,,5.0,1.0,2.0,2.0,5.0,1.0,2.0,198.0,155.0,3.0,1.0,9.0,2.0,1.0,1.0,2.0,2.0,2.0,2.0,1.0,1.0,1.0,1.0,1.0,2.0,2.0,1.0,9.0,1.0,1.0,3.0,2.0,1.0,1.0,,2.0,5.0,77.0
155,1.0,198.0,156.0,3.0,4.0,4.0,6.0,1.0,3.0,9.0,3.0,7.0,28.0,2.0,2.0,4.0,6.0,1.0,1.0,3.0,,,2.0,1.0,3.0,5.0,5.0,3.0,3.0,4.0,99.0,0.0,2.0,8.0,4.0,0.0,99.0,9.0,9.0,9.0,99.0,9.0,9.0,0.0,0.0,2.0,4.0,9.0,5.0,7.0,7.0,0.0,6.0,1.0,0.0,2.0,1.0,5.0,2.0,1.0,,0.0,3.0,2.0,1.0,5.0,1.0,2.0,198.0,156.0,3.0,1.0,9.0,2.0,1.0,1.0,2.0,2.0,1.0,2.0,2.0,1.0,1.0,1.0,2.0,2.0,3.0,3.0,9.0,1.0,1.0,3.0,2.0,1.0,1.0,,3.0,6.0,77.0
156,1.0,198.0,157.0,3.0,3.0,2.0,3.0,6.0,4.0,3.0,1.0,5.0,50.0,2.0,3.0,9.0,6.0,4.0,1.0,5.0,,,2.0,1.0,3.0,1.0,1.0,4.0,3.0,1.0,6.0,9.0,1.0,4.0,1.0,9.0,0.0,4.0,3.0,3.0,6.0,1.0,1.0,0.0,0.0,1.0,1.0,1.0,1.0,0.0,6.0,6.0,3.0,1.0,2.0,2.0,1.0,4.0,2.0,1.0,,7.0,1.0,2.0,2.0,1.0,1.0,2.0,198.0,157.0,3.0,2.0,9.0,2.0,1.0,2.0,2.0,2.0,2.0,2.0,2.0,2.0,1.0,2.0,1.0,1.0,2.0,1.0,9.0,1.0,1.0,2.0,1.0,1.0,1.0,,3.0,1.0,77.0
157,1.0,198.0,158.0,3.0,1.0,4.0,4.0,7.0,4.0,8.0,2.0,4.0,42.0,2.0,4.0,9.0,4.0,2.0,1.0,1.0,,,1.0,1.0,5.0,6.0,6.0,4.0,2.0,1.0,5.0,9.0,1.0,1.0,1.0,9.0,8.0,4.0,1.0,1.0,5.0,1.0,1.0,0.0,0.0,1.0,1.0,1.0,1.0,19.0,20.0,1.0,4.0,1.0,2.0,2.0,1.0,4.0,2.0,1.0,,7.0,1.0,1.0,1.0,3.0,1.0,2.0,198.0,158.0,3.0,2.0,9.0,2.0,1.0,1.0,2.0,2.0,1.0,2.0,2.0,2.0,1.0,2.0,2.0,2.0,1.0,1.0,9.0,3.0,1.0,3.0,1.0,1.0,1.0,,3.0,1.0,77.0
158,1.0,198.0,159.0,3.0,4.0,3.0,4.0,7.0,4.0,8.0,1.0,3.0,37.0,2.0,2.0,9.0,6.0,1.0,1.0,1.0,,,1.0,1.0,5.0,2.0,4.0,4.0,2.0,1.0,5.0,9.0,1.0,3.0,1.0,9.0,3.0,4.0,1.0,3.0,6.0,1.0,1.0,0.0,0.0,1.0,1.0,1.0,1.0,6.0,6.0,7.0,4.0,1.0,2.0,2.0,1.0,5.0,2.0,1.0,,8.0,1.0,2.0,2.0,5.0,1.0,2.0,198.0,159.0,3.0,1.0,9.0,2.0,1.0,1.0,2.0,2.0,2.0,2.0,2.0,1.0,1.0,2.0,2.0,2.0,1.0,1.0,9.0,3.0,1.0,3.0,2.0,2.0,3.0,,2.0,1.0,77.0
159,1.0,198.0,160.0,3.0,4.0,4.0,4.0,1.0,4.0,9.0,3.0,7.0,40.0,2.0,5.0,10.0,6.0,1.0,1.0,2.0,,,2.0,1.0,1.0,1.0,2.0,2.0,4.0,1.0,5.0,9.0,2.0,4.0,2.0,9.0,8.0,4.0,2.0,5.0,20.0,3.0,2.0,0.0,0.0,3.0,3.0,9.0,3.0,19.0,15.0,0.0,3.0,2.0,1.0,2.0,1.0,3.0,2.0,1.0,,7.0,1.0,2.0,2.0,2.0,1.0,2.0,198.0,160.0,3.0,1.0,9.0,1.0,1.0,1.0,2.0,1.0,2.0,0.0,2.0,1.0,1.0,1.0,1.0,2.0,2.0,1.0,9.0,3.0,1.0,2.0,2.0,1.0,1.0,,4.0,2.0,77.0
160,1.0,198.0,161.0,3.0,4.0,4.0,4.0,1.0,4.0,9.0,1.0,7.0,30.0,2.0,2.0,4.0,4.0,2.0,1.0,3.0,,,2.0,1.0,3.0,1.0,4.0,2.0,3.0,3.0,99.0,1.0,2.0,5.0,3.0,2.0,99.0,9.0,9.0,9.0,99.0,9.0,9.0,0.0,0.0,2.0,3.0,9.0,5.0,8.0,8.0,0.0,4.0,1.0,1.0,2.0,1.0,4.0,2.0,1.0,,7.0,1.0,2.0,2.0,5.0,3.0,2.0,198.0,161.0,3.0,1.0,9.0,2.0,1.0,2.0,1.0,2.0,2.0,2.0,2.0,2.0,1.0,3.0,1.0,2.0,2.0,3.0,9.0,1.0,1.0,2.0,1.0,1.0,1.0,,3.0,6.0,77.0
161,1.0,198.0,162.0,3.0,4.0,4.0,5.0,1.0,3.0,9.0,1.0,7.0,33.0,2.0,3.0,9.0,6.0,2.0,1.0,5.0,,,2.0,1.0,3.0,5.0,5.0,4.0,1.0,4.0,99.0,5.0,2.0,8.0,4.0,7.0,99.0,9.0,9.0,9.0,99.0,9.0,9.0,0.0,0.0,1.0,4.0,9.0,5.0,8.0,8.0,0.0,5.0,1.0,1.0,2.0,1.0,4.0,2.0,1.0,,7.0,2.0,2.0,3.0,1.0,1.0,2.0,198.0,162.0,3.0,1.0,9.0,2.0,1.0,1.0,1.0,2.0,2.0,1.0,2.0,1.0,1.0,1.0,2.0,2.0,1.0,3.0,9.0,1.0,1.0,2.0,1.0,1.0,1.0,,3.0,6.0,77.0
162,1.0,198.0,163.0,3.0,5.0,3.0,5.0,1.0,3.0,5.0,1.0,5.0,32.0,2.0,3.0,9.0,5.0,1.0,1.0,2.0,,,2.0,1.0,1.0,1.0,2.0,4.0,3.0,1.0,0.0,9.0,2.0,5.0,1.0,9.0,2.0,4.0,2.0,5.0,20.0,1.0,1.0,0.0,0.0,1.0,1.0,1.0,1.0,4.0,20.0,5.0,4.0,2.0,1.0,2.0,1.0,4.0,2.0,1.0,,7.0,1.0,2.0,2.0,3.0,1.0,2.0,198.0,163.0,3.0,1.0,9.0,2.0,1.0,2.0,1.0,2.0,2.0,1.0,2.0,1.0,1.0,1.0,1.0,1.0,1.0,1.0,9.0,1.0,1.0,3.0,2.0,1.0,1.0,,2.0,1.0,77.0
163,1.0,198.0,164.0,3.0,3.0,3.0,4.0,3.0,4.0,3.0,1.0,4.0,32.0,2.0,2.0,4.0,6.0,1.0,1.0,2.0,,,2.0,2.0,3.0,2.0,4.0,4.0,4.0,4.0,99.0,1.0,2.0,8.0,4.0,1.0,99.0,9.0,9.0,9.0,99.0,9.0,9.0,0.0,0.0,3.0,4.0,9.0,5.0,4.0,4.0,3.0,4.0,1.0,1.0,2.0,1.0,3.0,3.0,1.0,,0.0,1.0,1.0,4.0,3.0,1.0,2.0,198.0,164.0,3.0,2.0,9.0,2.0,1.0,1.0,2.0,2.0,1.0,2.0,2.0,2.0,2.0,2.0,2.0,1.0,1.0,1.0,9.0,3.0,1.0,3.0,2.0,1.0,1.0,,3.0,6.0,77.0
164,1.0,198.0,165.0,3.0,6.0,3.0,6.0,1.0,2.0,6.0,1.0,7.0,34.0,2.0,3.0,9.0,5.0,3.0,1.0,2.0,,,2.0,1.0,3.0,1.0,4.0,1.0,3.0,3.0,99.0,0.0,2.0,6.0,4.0,7.0,99.0,9.0,9.0,9.0,99.0,9.0,9.0,0.0,0.0,1.0,3.0,9.0,5.0,8.0,8.0,7.0,6.0,1.0,1.0,2.0,1.0,4.0,3.0,1.0,,7.0,1.0,2.0,1.0,4.0,1.0,2.0,198.0,165.0,3.0,1.0,9.0,2.0,1.0,1.0,2.0,2.0,2.0,2.0,2.0,2.0,1.0,1.0,1.0,1.0,1.0,1.0,9.0,1.0,1.0,4.0,1.0,1.0,1.0,,2.0,6.0,77.0
165,1.0,198.0,166.0,3.0,4.0,4.0,5.0,1.0,3.0,9.0,2.0,6.0,33.0,1.0,1.0,9.0,6.0,3.0,2.0,2.0,,,2.0,2.0,1.0,1.0,1.0,2.0,4.0,1.0,5.0,9.0,2.0,4.0,1.0,9.0,3.0,4.0,2.0,5.0,21.0,2.0,2.0,0.0,0.0,2.0,2.0,4.0,2.0,9.0,9.0,6.0,5.0,1.0,1.0,2.0,1.0,3.0,3.0,1.0,,7.0,2.0,2.0,1.0,1.0,1.0,2.0,198.0,166.0,3.0,1.0,9.0,2.0,1.0,1.0,2.0,2.0,2.0,1.0,1.0,2.0,2.0,1.0,2.0,2.0,2.0,2.0,9.0,1.0,1.0,3.0,3.0,1.0,1.0,,1.0,1.0,77.0
166,1.0,198.0,167.0,3.0,4.0,3.0,4.0,1.0,4.0,9.0,1.0,7.0,28.0,2.0,3.0,4.0,3.0,3.0,1.0,5.0,,,2.0,1.0,3.0,5.0,5.0,4.0,1.0,4.0,99.0,1.0,2.0,8.0,4.0,1.0,99.0,9.0,9.0,9.0,99.0,9.0,9.0,0.0,0.0,3.0,4.0,9.0,5.0,8.0,8.0,0.0,4.0,1.0,1.0,2.0,1.0,3.0,3.0,1.0,,9.0,3.0,1.0,1.0,5.0,3.0,2.0,198.0,167.0,3.0,1.0,9.0,2.0,1.0,2.0,2.0,2.0,1.0,2.0,2.0,2.0,2.0,2.0,2.0,1.0,3.0,3.0,9.0,3.0,1.0,3.0,2.0,3.0,3.0,,3.0,6.0,77.0
167,1.0,198.0,168.0,3.0,3.0,3.0,4.0,4.0,4.0,3.0,1.0,4.0,26.0,1.0,1.0,9.0,4.0,1.0,3.0,2.0,,,2.0,1.0,2.0,1.0,3.0,4.0,2.0,1.0,2.0,9.0,2.0,3.0,4.0,2.0,99.0,9.0,9.0,9.0,99.0,9.0,9.0,0.0,0.0,1.0,4.0,9.0,3.0,6.0,6.0,4.0,4.0,1.0,2.0,2.0,2.0,0.0,0.0,1.0,,7.0,1.0,2.0,1.0,4.0,1.0,2.0,198.0,168.0,3.0,2.0,9.0,2.0,1.0,1.0,2.0,2.0,2.0,2.0,2.0,2.0,2.0,2.0,1.0,1.0,1.0,3.0,9.0,1.0,1.0,2.0,1.0,1.0,1.0,,2.0,3.0,77.0
