CARD.,DECK.,BALLOT.,Q.1.,Q.2.,Q.3.,Q.4.,Q.5.,Q.6.,Q.8.,Q.9.,Q.10.,Q.11.,Q.12.,Q.13.,Q.14.,Q.15.,Q.17.,Q.18.,Q.19.,Q.20.,Q.21.,Q.22.,Q.23.,Q.24.,Q.25.,Q.26.,Q.27.,Q.29.,Q.30A.,Q.30B.,Q.30C.,Q.30D.,Q.30E.,Q.30F.,Q.30G.,Q.30H.,Q.30I.,Q.30J.,Q.32.,Q.33.,Q.34.,Q.35.,Q.36.,Q.37.,Q.38.,Q.39.,Q.40.,Q.41.,Q.42A.,Q.42B.,Q.42C.,Q.42D.,Q.42E.,Q.42F.,Q.42G.,Q.42H.,Q.42I.,Q.42J.,Q.42K.,Q.42L.,Q.44.,Q.45.,Q.46.,V.48.,V.49.,V.50.
1,175,1,2,11,4,7,1,2,1,2,4,2,1,1,2,2,4,5,2,2,2,1,2,2,3,2,3,3,1,1,1,1,1,1,1,1,1,1,2,1,2,1,3,0,0,0,0,0,0,0,0,0,0,0,0,0,0,0,0,0,0,0,0,0,6,91
1,175,2,1,7,2,9,1,4,1,5,5,4,3,2,1,1,2,2,3,3,3,1,2,2,2,1,2,3,3,3,3,2,1,2,3,1,3,3,4,1,3,2,0,3,6,3,2,2,4,1,2,4,4,2,4,2,2,3,4,4,4,4,4,0,6,69
1,175,3,1,5,5,5,1,1,1,4,5,3,4,3,2,1,2,2,2,2,3,1,2,1,2,3,5,3,2,1,1,1,2,1,1,1,1,2,4,1,2,1,2,2,7,4,1,2,1,1,3,4,3,2,4,2,2,4,4,4,2,4,3,2,3,69
1,175,4,1,8,4,5,1,1,1,3,5,3,4,3,1,1,2,3,2,2,2,1,2,2,2,2,5,3,1,1,1,1,1,1,1,1,1,2,2,1,1,2,2,1,5,1,2,2,1,2,3,4,4,2,4,1,2,4,4,2,1,1,2,0,6,62
1,175,5,3,10,3,1,1,3,1,1,5,3,4,3,2,1,1,2,3,3,3,1,2,1,1,2,3,3,2,2,2,2,2,1,1,1,1,1,3,1,2,1,1,3,4,1,1,3,4,2,4,4,4,1,2,1,4,4,4,4,1,1,2,0,8,46
1,175,6,4,9,4,9,1,4,1,1,5,2,1,2,1,1,1,3,2,2,2,3,2,2,3,3,4,3,1,1,2,3,2,3,3,3,3,3,3,1,1,2,5,3,6,3,1,3,3,1,3,3,3,2,4,1,2,2,4,4,1,4,2,0,6,82
1,175,7,1,4,4,4,1,3,1,1,4,1,1,2,1,2,1,3,2,2,2,1,2,1,2,2,4,3,2,1,1,1,1,2,1,1,1,1,2,1,4,1,3,2,7,4,2,3,1,1,3,1,3,1,1,1,2,1,1,1,2,2,3,0,8,4
1,175,8,4,11,4,4,1,4,1,1,5,2,1,1,1,1,1,1,3,3,3,1,2,1,1,2,2,3,1,1,1,1,1,1,1,1,1,1,3,2,5,2,4,3,0,0,1,3,3,1,2,3,3,1,3,1,1,2,3,3,3,0,0,0,8,21
1,175,9,3,6,3,9,1,4,1,1,4,1,2,1,1,1,1,1,2,2,2,1,2,2,1,4,5,3,1,1,1,3,1,1,1,1,1,2,2,1,1,1,1,1,4,1,1,3,3,1,2,2,2,1,1,1,1,2,2,2,2,2,2,2,2,31
1,175,10,2,8,2,7,1,2,1,1,3,3,2,2,1,1,4,1,3,3,3,1,2,2,2,4,4,3,1,1,2,1,3,3,1,1,1,1,3,1,2,1,2,2,7,4,3,2,2,1,3,0,2,1,3,1,2,2,3,3,3,2,2,0,6,4
1,175,11,1,3,4,1,1,3,1,3,4,2,3,2,2,1,2,4,2,2,2,1,2,1,3,2,2,3,1,1,1,1,1,1,1,1,1,1,2,2,2,1,3,3,0,0,1,2,3,2,2,3,4,2,4,2,2,3,3,3,3,4,4,2,2,95
1,175,12,1,9,4,3,1,4,1,3,5,3,3,1,1,1,2,2,2,3,3,1,3,2,3,1,2,3,1,1,1,1,1,1,1,1,1,1,1,1,2,2,2,1,5,1,1,3,4,1,3,4,4,1,4,1,2,1,4,4,1,2,2,0,5,43
1,175,13,1,9,2,9,1,1,1,4,5,3,4,3,2,0,2,3,2,2,2,1,3,2,3,3,4,3,1,1,1,3,1,2,2,2,2,2,3,1,3,0,0,3,0,0,0,3,4,2,2,4,4,4,4,2,2,4,4,4,2,1,2,0,5,70
1,175,14,2,10,3,7,1,4,1,4,4,4,1,4,1,1,2,4,2,2,2,1,3,3,1,1,4,3,1,1,1,1,1,1,1,1,1,1,3,1,3,1,1,2,1,2,1,3,4,1,3,4,4,4,4,2,2,3,4,4,2,3,2,3,2,88
1,175,15,2,7,5,6,1,2,1,2,4,4,1,2,1,1,1,1,2,2,2,1,3,1,3,2,4,3,1,1,1,1,1,1,1,1,1,1,3,1,2,2,5,1,6,3,1,3,4,1,4,3,4,2,4,2,2,2,4,4,1,4,2,2,3,4
1,175,16,3,10,4,7,2,2,1,1,4,4,1,2,1,1,2,3,2,3,3,3,3,2,2,3,4,3,1,1,1,1,1,1,1,1,1,1,2,1,2,1,2,1,3,1,1,3,4,1,3,4,4,2,4,2,3,2,4,4,5,5,3,2,3,34
1,175,17,3,7,5,7,1,2,1,4,5,3,1,1,1,1,4,2,1,2,3,1,3,2,2,4,5,3,1,1,1,1,1,1,1,1,1,1,2,1,1,2,2,2,5,1,2,3,4,1,4,4,4,4,4,4,1,1,4,4,1,2,2,0,6,42
1,175,18,2,11,4,7,1,1,1,1,1,3,1,2,1,1,2,3,2,2,2,1,3,2,3,3,5,3,1,1,1,1,1,1,1,1,1,1,4,1,2,1,3,3,0,0,1,3,4,2,2,4,4,4,3,2,2,2,4,4,1,2,2,0,6,35
1,175,19,3,10,4,7,1,2,1,4,5,3,1,1,2,1,2,3,2,3,3,3,3,2,3,4,4,3,1,1,1,1,1,2,1,1,2,2,3,1,4,1,3,1,6,0,2,3,4,2,3,4,4,2,3,2,2,2,4,4,2,4,3,0,6,64
1,175,20,4,11,4,7,2,1,1,3,4,3,1,2,1,1,1,2,1,3,3,1,3,1,1,2,4,3,1,1,1,1,1,1,2,1,2,1,3,1,3,1,3,1,3,2,1,3,4,3,4,4,4,3,2,2,2,2,4,4,2,2,1,0,6,88
1,175,21,1,7,2,4,1,4,1,4,4,2,4,2,2,1,1,2,3,3,3,1,3,1,3,2,5,3,2,1,2,1,2,2,2,2,1,2,3,1,4,1,5,1,1,3,3,3,3,2,3,3,4,2,2,2,2,2,3,3,5,5,5,2,2,104
1,175,22,3,10,5,7,2,4,1,2,4,4,4,1,1,1,4,2,2,2,2,1,3,1,3,3,5,3,1,1,1,1,1,1,1,1,1,2,3,2,2,1,5,1,6,3,1,2,2,1,2,3,4,1,3,1,1,2,3,3,2,4,3,2,3,9
1,175,23,1,5,5,5,1,2,1,3,4,1,4,2,2,2,2,3,2,2,2,1,3,2,3,2,5,3,2,1,1,1,2,2,1,1,1,2,3,1,3,2,5,1,2,2,1,1,4,1,4,2,3,2,4,2,2,3,4,4,2,5,3,2,3,7
1,175,24,4,11,5,4,1,1,1,3,5,4,4,4,2,1,2,3,2,2,2,1,3,1,1,2,3,3,1,1,1,2,1,1,1,1,1,1,2,2,5,2,4,2,7,4,1,3,4,1,3,4,4,4,4,1,3,4,4,4,2,2,2,0,8,32
1,175,25,3,11,3,7,1,3,1,3,1,4,1,2,1,1,2,2,2,2,2,1,3,2,0,0,4,3,0,0,0,0,0,0,0,0,0,0,3,0,0,0,0,2,7,4,3,3,4,1,4,3,4,1,2,1,1,1,4,4,5,5,5,0,7,5
1,175,26,1,5,3,5,1,3,1,3,3,4,1,2,1,1,4,2,3,1,3,1,3,1,2,3,4,3,1,1,1,3,2,1,1,2,1,2,1,1,3,2,2,2,7,4,1,3,1,2,0,3,4,2,4,1,1,1,3,4,2,2,2,0,7,80
1,175,27,3,9,3,4,1,2,1,2,4,4,1,4,1,1,1,2,3,3,3,1,3,2,2,3,4,3,1,2,1,1,2,1,1,2,1,2,2,2,3,2,3,1,5,2,2,2,3,1,2,3,3,2,4,2,2,3,4,4,2,5,2,0,7,18
1,175,28,4,10,4,9,1,1,1,3,2,3,1,2,1,1,2,5,2,2,2,1,3,2,3,3,5,3,1,1,1,1,2,1,2,2,1,1,3,1,2,1,3,1,2,2,1,3,3,2,3,3,3,2,1,1,2,2,3,3,2,2,2,0,6,75
1,175,29,4,9,4,2,1,4,1,1,5,4,1,1,1,2,2,1,2,3,3,3,3,2,3,4,5,3,1,1,2,1,1,0,1,1,2,2,3,1,4,1,2,1,2,1,2,2,3,1,0,0,4,1,4,1,1,1,3,2,3,3,3,0,6,87
1,175,30,2,10,2,7,1,2,1,1,3,2,1,0,1,1,2,3,2,2,2,1,3,2,2,3,4,3,2,2,2,2,2,1,1,1,2,1,3,1,3,1,3,2,7,4,1,3,4,1,3,2,4,2,3,1,2,3,4,4,3,3,4,0,6,36
1,175,31,3,9,5,4,1,1,1,2,1,4,1,2,1,2,2,2,2,2,2,1,3,1,1,2,3,3,2,1,3,1,1,3,2,1,2,2,3,2,3,2,3,2,7,4,1,3,4,2,3,3,4,2,2,2,1,2,3,4,2,3,1,0,8,8
1,175,32,2,6,3,7,1,4,1,3,5,3,2,1,1,1,1,1,1,3,3,1,3,2,2,2,3,3,1,1,2,1,1,2,1,1,1,1,2,1,2,2,2,1,4,2,3,3,3,1,2,4,4,1,4,1,2,2,4,4,0,5,4,0,6,38
1,175,33,4,9,3,7,1,4,1,1,4,2,3,2,1,1,1,1,2,2,2,1,3,1,1,3,4,3,1,1,1,1,1,1,1,1,1,1,3,1,2,2,3,1,4,1,2,2,3,1,4,2,4,2,4,1,2,2,4,4,2,3,3,2,3,61
1,175,34,2,9,3,6,1,4,1,2,4,1,3,1,1,1,1,2,2,2,2,1,3,1,3,4,5,3,1,1,1,1,1,1,1,1,1,1,3,1,3,1,2,1,5,1,1,3,3,1,3,2,4,0,0,1,1,1,4,3,1,2,2,2,3,59
1,175,35,1,11,3,7,1,1,1,4,4,4,2,4,1,1,2,4,2,2,2,3,4,2,1,2,4,3,3,3,3,3,3,3,3,3,3,3,4,1,4,1,3,3,6,0,1,3,4,4,4,4,4,1,4,1,4,4,4,4,1,4,2,2,1,49
1,175,36,4,7,5,3,0,0,1,4,4,3,2,3,1,1,1,1,2,2,3,1,4,2,3,3,4,3,1,1,2,1,2,3,1,2,3,1,3,2,2,2,2,2,7,4,1,1,4,2,4,4,4,2,4,1,2,4,4,4,2,2,3,1,4,48
1,175,37,1,10,4,5,1,3,1,3,3,4,2,3,2,2,4,5,2,2,2,3,4,4,3,3,5,3,1,2,3,2,2,3,1,1,1,1,1,2,5,1,4,2,7,4,2,3,4,4,4,4,4,4,4,2,2,3,3,4,2,5,4,1,4,38
1,175,38,0,10,4,7,0,4,1,3,0,3,2,2,1,1,2,5,3,3,3,3,4,2,3,2,4,3,1,1,3,1,3,3,1,1,1,1,3,1,4,1,3,1,3,1,2,3,4,1,4,4,4,4,4,1,1,3,4,4,1,2,3,0,5,56
1,175,39,3,10,4,7,1,2,1,4,5,4,2,1,1,1,2,1,2,2,2,1,4,2,3,1,3,3,3,1,2,1,3,2,1,1,3,3,2,1,3,2,2,1,2,1,1,3,4,1,4,4,4,4,4,3,4,2,4,4,1,3,2,0,5,28
1,175,40,1,5,4,6,1,3,1,3,4,2,2,2,2,2,2,3,2,2,2,1,4,2,1,4,5,3,1,1,1,1,3,1,2,2,1,2,1,2,5,2,4,2,7,4,2,2,1,1,4,2,4,3,4,1,1,2,2,4,1,4,2,0,7,2
1,175,41,2,7,4,7,1,1,1,3,5,3,3,1,2,1,1,1,2,2,2,1,4,2,2,4,4,3,1,1,1,1,2,3,1,2,1,3,2,1,3,1,2,1,5,1,1,0,4,1,4,4,4,1,4,1,1,2,4,4,2,2,3,0,5,12
1,175,42,2,5,4,4,1,2,1,1,4,2,3,1,1,1,2,3,2,2,2,1,4,2,1,2,5,3,2,2,2,1,1,1,2,2,2,1,3,1,3,1,3,1,5,2,2,2,2,1,3,2,4,1,4,1,2,2,4,3,2,2,2,0,5,67
1,175,43,3,3,2,1,1,4,1,5,5,3,3,2,4,1,1,1,1,1,2,2,4,2,2,4,4,3,1,1,1,1,2,2,2,2,2,1,4,1,1,1,2,1,6,3,1,3,4,1,4,4,4,4,4,4,4,4,4,4,1,1,1,0,5,75
1,175,44,1,11,3,5,1,1,1,1,4,1,3,1,1,1,1,1,2,1,1,1,4,4,3,4,5,3,1,1,1,1,1,0,1,1,1,0,3,1,1,1,3,1,5,2,1,3,1,1,0,0,1,1,0,1,1,1,0,0,3,2,4,0,5,14
1,175,45,3,7,5,5,1,4,1,1,0,3,3,1,1,1,2,5,2,3,3,1,4,3,0,4,4,3,1,1,1,1,2,3,1,2,1,2,4,2,5,2,4,2,7,4,2,0,3,1,4,4,4,1,2,1,1,1,2,4,3,4,3,0,7,78
1,175,46,1,6,3,8,1,4,1,2,2,3,3,1,1,1,1,1,2,1,2,1,4,2,2,3,4,3,2,2,1,3,1,2,2,2,1,2,3,2,3,2,3,3,6,0,1,2,4,3,4,4,4,2,4,1,1,1,4,4,4,3,5,0,7,77
1,175,47,3,3,4,6,1,3,1,3,5,3,4,3,1,1,2,2,2,2,2,1,4,4,2,2,3,3,1,1,1,1,1,2,1,1,1,1,2,1,2,2,2,2,7,4,1,3,4,2,4,4,4,2,4,2,2,3,4,4,1,2,2,1,4,42
1,175,48,4,7,4,3,1,3,1,2,4,2,4,4,1,1,2,1,1,1,3,1,4,2,2,2,4,3,1,1,1,1,2,2,1,1,2,2,3,1,2,2,3,1,5,1,1,1,3,2,2,4,4,1,2,1,1,2,1,1,2,2,3,1,4,49
1,175,49,3,8,4,7,1,2,1,5,4,3,1,3,1,1,3,3,0,2,2,1,4,2,1,4,5,3,1,1,1,3,3,3,2,2,2,2,3,1,3,2,5,1,5,1,2,0,4,3,4,4,4,1,4,1,3,3,4,4,2,3,2,2,2,11
1,175,50,3,5,4,7,2,1,1,4,4,4,1,1,3,1,2,2,2,2,2,1,4,4,1,2,5,3,1,1,1,1,3,3,3,3,1,3,3,1,3,2,3,1,4,2,1,3,3,4,4,3,4,2,4,1,1,2,4,4,3,4,1,2,3,8
1,175,51,2,6,4,5,1,4,1,4,4,1,1,1,1,1,2,2,2,3,3,1,4,2,3,2,4,3,2,1,1,1,3,3,2,1,2,1,2,1,4,1,3,1,2,2,1,2,3,2,3,2,4,3,4,1,1,2,4,3,2,3,2,2,3,32
1,175,52,1,5,4,5,1,3,1,2,4,4,1,2,1,1,2,5,2,2,2,1,4,2,3,4,5,3,2,1,1,3,1,1,2,2,1,3,4,1,4,2,5,2,7,4,1,3,3,1,4,4,3,1,4,1,1,4,4,4,2,3,2,2,3,66
1,175,53,1,10,4,6,1,1,1,1,4,2,1,3,2,1,1,2,2,2,2,1,4,1,3,3,4,3,1,2,3,1,1,1,1,1,3,3,3,2,4,1,2,1,1,1,1,2,4,3,4,2,4,1,3,1,1,3,2,4,4,4,3,2,3,49
1,175,54,1,6,3,6,1,4,1,5,5,3,1,3,3,4,1,4,3,3,3,3,4,4,3,4,5,3,1,1,1,1,1,3,1,1,1,3,1,2,4,1,4,3,6,2,3,3,3,1,4,3,4,2,4,1,2,3,4,4,5,4,5,2,3,27
1,175,55,2,5,2,9,1,2,1,2,4,4,4,1,1,4,2,5,3,3,3,3,4,3,3,3,3,3,1,1,2,1,1,1,1,1,2,1,3,1,1,1,1,3,2,1,2,2,2,1,3,3,4,1,1,1,1,1,1,3,1,5,2,2,2,21
1,175,56,2,11,2,4,1,3,1,2,4,4,4,1,1,1,2,3,2,2,2,1,4,2,3,3,5,3,1,1,1,1,1,1,1,1,1,1,3,1,4,2,3,1,5,1,1,3,4,1,4,4,4,4,4,1,1,1,4,4,5,5,2,2,2,87
1,175,57,3,7,3,7,1,3,1,3,4,3,4,2,1,2,2,3,2,2,2,1,4,4,3,3,5,3,3,3,3,3,3,3,3,3,3,3,4,1,3,1,3,3,6,3,1,3,4,1,4,4,4,4,4,1,2,3,4,4,1,5,2,2,2,49
1,175,58,1,9,3,9,1,1,1,1,3,1,4,1,1,1,2,3,2,2,2,1,4,2,3,3,5,3,1,1,1,1,1,3,1,1,0,1,2,1,4,1,1,1,4,1,1,2,4,1,4,1,4,1,1,1,1,1,1,4,3,2,3,2,2,102
1,175,59,2,8,3,5,1,1,1,4,5,2,4,2,2,1,1,1,3,3,3,3,4,4,1,3,0,3,1,1,1,1,1,1,1,1,1,1,4,0,0,0,0,2,7,4,1,1,3,1,4,3,4,2,1,1,1,3,4,2,5,5,5,2,2,103
1,175,60,1,6,5,6,1,2,1,4,4,4,4,4,1,1,1,3,2,2,2,1,4,2,3,2,5,3,1,1,1,1,1,1,1,1,1,1,4,1,4,2,3,1,2,3,1,3,4,2,4,3,4,1,4,1,2,3,4,4,1,3,2,2,3,3
1,175,61,3,9,4,6,1,4,1,1,4,1,4,1,2,2,1,1,3,3,3,1,4,1,2,2,4,3,1,1,1,1,1,1,1,1,1,1,3,1,2,1,3,1,4,2,1,1,4,1,4,1,2,1,2,1,1,1,1,1,1,2,2,2,3,24
1,175,62,3,9,3,7,1,2,1,1,5,2,4,1,1,1,1,1,3,3,3,1,4,1,3,3,5,3,1,1,1,1,1,1,1,1,1,1,1,1,3,1,3,1,5,1,1,2,2,1,2,1,2,3,3,1,1,1,4,4,2,3,3,2,3,57
1,175,63,1,9,3,5,2,1,1,1,4,1,4,1,2,4,2,1,3,3,3,1,4,1,3,4,5,3,1,1,1,1,1,1,1,1,1,1,1,1,4,1,3,1,4,1,1,1,1,1,4,1,4,2,4,1,1,1,4,4,2,2,3,2,3,19
1,175,64,1,5,4,1,1,4,1,5,4,2,4,1,1,1,1,1,3,3,3,1,4,2,3,3,5,3,3,1,3,3,3,3,3,3,1,3,4,2,3,2,4,3,7,4,2,3,4,4,4,2,4,4,4,4,1,1,4,4,5,4,4,0,6,14
1,175,65,2,7,5,4,2,1,1,3,4,3,1,2,1,1,1,2,2,2,2,1,4,2,1,3,5,3,1,1,1,1,1,1,1,1,1,1,4,2,5,1,4,1,5,2,1,2,4,1,4,4,2,1,3,1,0,3,4,4,3,4,2,2,1,14
1,175,66,1,3,4,4,1,4,1,4,3,3,1,2,1,1,2,1,2,2,3,1,4,1,2,2,5,3,1,1,1,2,3,3,2,2,1,1,2,2,4,2,2,2,7,4,1,3,3,3,3,4,4,2,4,2,3,4,4,4,2,5,4,1,4,37
1,175,67,1,6,3,6,1,4,1,5,4,4,1,1,1,1,2,5,2,2,2,2,4,4,2,3,4,3,1,1,1,1,3,1,2,2,1,1,4,1,4,2,2,1,5,1,2,3,3,2,4,2,1,0,0,1,3,3,4,1,1,1,1,1,4,55
1,175,68,2,8,4,9,2,4,1,4,5,3,1,1,3,1,2,4,2,2,2,2,4,3,2,2,4,3,1,1,1,1,1,1,1,1,1,1,4,1,3,1,3,2,7,4,3,3,3,1,2,4,4,0,4,2,1,2,4,4,5,5,5,0,7,48
1,175,69,3,11,4,9,2,2,2,4,5,3,1,2,1,1,1,4,2,2,2,1,4,2,2,4,5,3,1,1,1,1,2,2,1,2,2,1,4,2,5,2,2,2,7,4,2,2,1,2,4,4,1,1,2,1,1,4,2,3,4,3,3,0,7,17
1,175,70,2,11,2,6,1,3,1,2,4,2,1,2,1,1,2,5,2,3,3,3,4,2,3,4,5,3,3,3,3,3,3,3,3,3,3,3,3,2,5,2,4,2,7,4,3,3,2,2,4,2,4,2,4,2,2,2,4,4,2,3,3,0,7,61
1,175,71,2,7,3,2,1,1,1,2,4,1,1,1,1,1,2,4,2,2,2,2,4,1,3,1,2,3,1,1,1,1,1,1,1,1,1,1,2,1,2,1,3,1,4,1,1,2,4,1,1,1,2,2,2,1,1,1,2,2,2,3,4,0,7,52
1,175,72,2,10,2,7,1,4,1,3,5,4,1,1,2,1,1,2,2,2,2,1,4,2,3,3,5,3,2,1,1,1,1,1,1,2,1,1,3,1,2,1,2,3,0,0,2,3,2,1,4,3,4,1,4,1,1,1,2,4,2,4,3,0,6,40
1,175,73,3,7,3,7,1,4,1,2,4,2,1,1,1,1,2,2,2,3,2,1,4,1,3,2,2,3,1,1,1,1,1,2,1,1,2,1,1,1,3,1,3,2,5,1,1,3,3,1,2,2,4,2,4,1,1,1,4,4,2,2,3,0,6,63
1,175,74,1,3,3,5,1,4,1,1,5,1,1,1,2,2,4,3,3,3,3,3,4,2,3,3,5,3,1,1,3,3,3,2,1,2,0,2,1,1,4,0,3,1,6,3,1,3,3,1,3,1,4,1,3,2,1,1,4,4,5,5,5,0,6,84
1,175,75,3,9,5,4,1,1,1,5,5,4,1,1,1,1,3,0,2,2,2,1,4,1,3,2,5,3,1,1,1,1,1,1,1,1,1,2,2,1,1,1,1,2,7,4,1,3,1,2,4,4,4,4,4,1,2,1,3,4,5,5,2,0,8,10
1,175,76,5,6,5,4,1,3,1,4,1,4,1,4,1,1,4,5,2,2,2,1,4,1,3,2,2,3,1,1,1,2,1,1,1,1,1,1,3,2,5,2,4,2,7,4,1,3,4,2,4,4,4,2,4,4,2,4,4,4,5,5,5,0,8,43
1,175,77,5,9,5,4,1,2,1,2,5,2,1,2,1,1,1,3,3,3,3,1,4,1,1,3,5,3,1,1,2,3,2,2,3,3,2,3,3,1,4,2,5,2,7,4,1,1,1,2,3,3,1,2,1,1,2,3,1,1,2,3,2,0,8,42
1,175,78,2,4,4,4,1,4,1,1,5,3,1,1,2,1,2,0,2,2,2,1,4,1,3,3,5,3,1,1,1,1,1,1,1,1,1,1,3,2,5,2,4,2,7,4,1,3,4,1,3,4,4,4,4,2,2,3,4,4,4,3,3,0,8,1
1,175,79,3,9,4,4,1,1,1,1,4,4,1,1,1,1,1,1,2,2,2,1,4,1,3,3,5,3,1,1,1,1,1,1,1,1,0,1,0,2,5,2,4,2,7,4,1,3,3,1,1,3,3,1,3,1,1,1,3,3,2,4,2,0,8,29
1,175,80,2,11,5,3,2,3,1,2,5,2,2,1,1,1,1,1,1,1,1,1,4,2,2,3,4,3,1,1,1,1,2,1,1,1,2,2,1,1,2,1,3,2,7,4,2,3,1,1,2,3,4,2,4,1,1,1,2,3,3,3,2,0,6,37
1,175,81,2,10,4,7,1,3,1,3,4,4,2,2,1,1,2,1,3,3,3,1,4,2,3,3,5,3,1,1,1,1,2,2,1,1,2,2,3,1,3,2,3,1,5,1,1,3,4,1,4,3,4,2,4,1,2,1,4,4,2,2,2,0,6,17
1,175,82,3,11,3,1,1,4,1,1,4,2,2,3,1,1,2,4,2,3,3,1,4,2,3,2,2,3,1,1,1,1,1,1,1,1,2,1,3,1,4,1,2,3,0,0,2,0,4,1,4,3,2,2,4,2,1,3,4,4,2,3,2,0,6,33
1,175,83,4,10,3,7,1,4,1,2,4,1,3,2,1,1,1,1,2,2,2,1,4,2,3,4,5,3,1,1,0,1,1,1,1,1,1,1,4,2,4,2,2,1,6,1,1,3,4,1,4,1,4,1,4,1,1,2,4,4,2,5,5,2,3,67
1,175,84,2,10,5,1,1,4,1,4,2,2,3,2,1,1,1,1,1,1,3,1,4,2,1,3,4,3,1,2,2,1,1,1,1,2,2,1,3,1,1,2,2,1,4,1,2,2,2,3,3,1,4,3,3,2,1,2,3,2,1,4,1,0,6,25
1,175,85,1,5,4,1,1,4,1,5,4,1,3,1,1,4,1,1,1,3,1,1,4,2,3,3,5,3,3,2,2,1,3,2,1,1,1,3,3,1,3,2,2,3,6,4,3,3,2,2,4,1,4,1,4,1,1,1,2,2,3,4,3,0,6,13
1,175,86,3,11,2,2,2,4,1,2,5,2,2,2,1,1,4,4,3,2,3,1,5,1,1,3,4,3,1,1,1,1,2,2,1,2,1,1,2,1,3,2,1,3,7,4,3,2,3,1,3,2,4,1,4,1,1,2,4,4,4,3,4,1,4,7
1,175,87,1,7,4,6,1,3,1,3,4,4,1,2,1,1,1,2,2,3,3,1,5,2,3,2,4,3,1,1,1,1,1,1,1,1,1,1,2,1,2,1,3,1,5,1,3,3,3,3,0,4,4,4,4,1,2,2,4,4,0,0,0,2,2,53
1,175,88,1,10,5,6,2,2,1,1,2,1,1,1,1,1,1,1,1,3,3,1,5,2,3,3,4,3,2,1,1,1,1,1,1,1,1,1,3,1,4,1,5,1,2,2,1,3,3,2,3,1,4,1,3,1,1,1,3,3,3,4,2,2,3,26
1,175,89,1,10,3,5,1,2,1,3,4,4,1,2,1,1,2,3,2,2,3,1,5,1,3,2,4,3,1,1,1,1,2,2,1,1,1,2,2,1,2,2,3,1,4,1,1,2,4,1,2,4,3,1,4,1,1,1,4,4,2,3,0,2,3,64
1,175,90,2,9,4,2,1,4,1,3,4,3,1,2,1,1,2,1,2,2,2,1,5,2,2,2,4,3,0,1,0,0,0,0,0,0,0,0,3,1,3,1,2,1,2,1,1,3,0,1,0,0,0,0,0,0,0,0,0,0,1,2,2,2,1,37
1,175,91,1,7,3,6,1,4,1,3,2,4,1,4,2,1,2,1,2,2,2,1,5,1,3,3,5,3,3,2,3,1,2,2,1,1,2,2,3,1,4,1,5,2,7,4,1,3,1,2,4,4,4,1,4,1,2,4,4,4,2,4,3,1,4,59
1,175,92,2,6,2,6,1,3,1,3,5,3,1,2,1,1,4,5,3,3,3,3,5,2,3,2,4,3,2,2,2,2,2,2,1,1,1,3,3,2,4,1,5,2,7,4,3,0,3,1,3,3,3,2,4,1,1,3,4,4,5,5,5,0,7,55
1,175,93,2,7,1,7,1,2,1,2,2,2,1,1,1,4,2,1,3,3,3,1,5,2,1,3,3,3,1,2,2,1,2,2,2,2,2,2,3,1,3,0,1,3,6,0,3,3,3,2,3,3,3,2,3,2,2,2,3,3,2,5,5,0,6,66
1,175,94,1,7,4,4,1,4,1,4,5,3,1,2,1,1,1,4,2,2,2,1,5,1,3,3,5,3,1,1,1,1,3,3,1,1,1,2,4,2,0,2,4,2,7,4,1,3,2,1,3,4,4,2,3,1,1,2,3,3,3,3,2,0,8,3
1,175,95,1,6,4,5,1,2,1,3,4,4,2,2,2,1,1,3,2,2,2,2,5,2,3,2,4,3,1,1,2,1,1,1,1,1,1,1,2,1,4,1,3,1,2,2,1,3,4,1,3,3,4,2,4,1,2,2,3,4,3,4,3,2,2,90
1,175,96,5,7,4,7,2,2,1,2,0,4,3,1,1,1,4,3,2,1,1,1,1,2,3,1,1,1,1,1,1,1,1,1,1,1,1,1,1,1,1,1,3,1,5,1,1,3,2,1,2,3,3,2,2,2,1,2,3,4,2,3,2,0,5,31
1,175,97,2,9,4,7,2,1,1,1,1,4,3,1,1,1,4,2,2,3,3,1,1,2,2,2,1,1,1,1,1,1,1,1,1,2,1,1,2,1,2,1,3,3,0,0,1,3,2,2,1,3,3,1,3,1,1,1,4,4,5,4,3,0,5,64
1,175,98,2,9,4,5,1,2,1,4,1,4,3,1,1,1,3,4,2,2,2,1,1,2,1,1,1,1,1,1,1,1,1,1,1,1,1,1,1,1,1,1,3,1,5,1,1,2,4,1,1,4,4,1,4,1,3,1,4,4,2,3,2,0,5,48
1,175,99,1,4,4,4,1,2,1,4,4,3,3,1,1,1,2,1,2,2,2,2,1,2,2,1,1,1,1,1,1,1,1,1,1,1,1,1,1,1,3,2,2,1,4,1,2,3,4,2,1,4,4,4,4,2,4,4,4,4,2,2,1,0,5,39
1,175,100,1,5,1,6,1,2,1,4,4,2,3,1,1,1,2,1,1,2,1,3,1,2,1,2,1,1,1,1,1,1,1,1,1,1,1,1,2,1,2,1,1,1,5,1,2,2,4,1,1,4,4,3,4,1,1,1,4,4,1,5,2,0,5,5
1,175,101,1,2,3,4,1,4,1,1,1,1,3,2,1,1,4,1,1,3,2,1,1,2,2,2,1,1,1,1,1,1,1,1,1,1,1,1,1,1,2,1,3,1,5,1,1,1,3,1,2,1,3,1,3,1,1,1,3,3,2,2,2,0,5,78
1,175,102,1,7,3,9,2,1,1,0,5,4,3,1,1,1,2,2,2,2,2,1,1,2,3,3,1,1,2,1,1,1,2,2,2,2,1,2,2,2,1,1,2,1,6,3,1,3,3,1,2,3,2,1,2,1,1,1,2,1,1,2,3,0,7,66
1,175,103,1,10,2,2,1,1,1,1,5,1,4,1,1,1,2,1,2,2,2,1,1,3,1,1,1,1,1,1,1,1,1,1,1,1,1,1,1,1,1,1,3,1,5,1,1,2,1,1,1,1,1,1,1,1,1,1,1,0,1,1,3,2,1,20
1,175,104,1,5,2,2,1,3,1,1,4,2,4,1,1,1,2,5,2,2,2,1,1,2,1,2,2,1,2,1,1,1,2,2,1,1,2,1,1,1,2,1,3,1,4,1,2,1,2,1,1,2,4,2,1,1,2,1,4,4,2,4,3,2,1,24
1,175,105,2,7,4,7,1,3,1,3,5,2,4,1,1,1,2,2,2,2,2,1,1,1,3,2,4,1,2,1,1,1,1,2,2,2,2,1,2,1,2,1,3,1,5,1,1,3,3,3,2,3,3,3,3,2,3,2,3,3,1,2,2,1,4,47
1,175,106,2,10,1,6,2,0,1,2,1,1,4,1,1,1,1,1,2,3,3,1,1,2,2,2,2,1,1,1,1,1,1,1,1,1,1,1,3,1,2,2,3,3,1,1,3,3,0,1,0,2,3,2,3,1,1,2,2,2,1,1,2,1,4,1
1,175,107,1,10,2,7,2,4,1,2,5,2,4,2,1,2,4,5,2,2,2,1,1,1,1,2,1,1,3,1,1,1,1,1,1,1,1,1,3,1,3,2,3,3,7,4,3,3,2,1,1,2,4,2,4,2,2,2,4,3,1,3,2,1,4,8
1,175,108,1,8,4,6,1,2,1,1,3,1,1,1,1,1,2,3,2,2,2,1,1,2,0,2,1,1,1,1,1,1,1,1,1,1,1,1,2,1,1,1,1,1,5,1,1,2,1,1,1,2,2,1,2,1,1,2,2,2,2,3,1,2,2,4
1,175,109,1,8,1,6,2,3,1,2,5,3,1,1,1,1,2,1,2,3,2,1,1,2,1,4,1,1,1,1,1,1,2,1,1,1,1,1,0,0,0,0,0,0,0,0,0,2,2,1,2,3,1,4,2,1,1,2,4,2,2,4,3,2,2,8
1,175,110,0,10,1,6,1,3,1,2,0,4,1,1,2,1,0,0,3,3,3,1,1,0,3,0,2,1,1,0,0,0,0,0,0,0,0,0,4,1,2,0,0,0,0,0,0,0,0,1,0,1,0,0,0,0,0,1,0,0,5,5,1,2,2,61
1,175,111,1,9,2,6,1,4,1,4,1,4,1,1,1,1,1,1,3,1,3,1,1,3,1,1,1,1,1,1,1,2,1,1,1,1,1,1,1,1,2,1,5,3,5,1,1,1,0,1,1,4,4,1,4,1,1,1,4,1,1,1,1,2,2,9
1,175,112,1,10,2,1,1,4,1,1,5,1,1,1,1,1,1,1,2,2,2,1,1,1,1,1,1,1,0,0,0,0,0,0,0,0,0,0,1,1,4,1,0,3,3,2,2,3,0,0,0,0,0,0,0,0,0,0,0,0,1,1,1,2,2,51
1,175,113,2,11,3,4,1,4,1,1,4,3,1,1,1,1,2,5,3,3,3,3,1,3,3,2,3,1,1,1,1,1,1,1,1,1,1,1,3,1,2,1,3,1,2,3,1,3,2,2,1,3,4,2,3,1,1,1,4,3,2,3,2,2,2,70
1,175,114,2,9,3,7,2,1,1,1,5,1,1,1,1,1,2,3,2,3,3,1,1,2,1,2,2,1,1,1,1,1,1,1,1,3,1,2,2,1,3,1,3,1,2,1,1,3,4,1,1,1,2,1,1,1,1,1,4,4,1,2,2,2,2,6
1,175,115,1,8,3,5,2,1,1,1,4,1,1,2,2,1,2,2,2,2,2,1,1,3,1,2,1,1,1,1,1,1,1,1,1,1,1,1,3,0,2,1,1,1,4,2,2,2,2,1,1,1,3,1,2,1,1,1,3,2,2,2,1,3,2,32
1,175,116,1,9,3,6,1,3,1,1,4,4,1,1,1,1,1,1,3,1,3,1,1,2,2,1,1,1,1,1,1,1,1,1,1,1,1,1,1,1,4,1,1,1,3,1,1,1,1,1,1,0,0,1,1,1,1,1,0,1,1,1,1,2,2,63
1,175,117,3,9,3,6,1,1,1,2,3,1,1,1,1,1,2,1,1,1,3,1,1,2,1,2,1,1,1,1,1,1,1,1,1,1,1,1,2,0,0,1,0,1,5,1,1,2,1,1,1,1,1,1,1,1,1,1,0,1,2,2,1,2,2,12
1,175,118,1,2,3,4,1,2,1,2,2,1,1,2,1,2,2,2,2,2,2,1,1,2,2,2,2,1,2,1,2,1,1,1,1,1,1,2,2,1,2,2,3,1,4,1,1,2,1,1,2,1,3,1,2,1,1,1,3,3,1,2,2,2,2,45
1,175,119,1,4,3,4,1,2,1,1,3,1,1,1,1,2,2,1,3,3,3,1,1,2,3,2,1,1,1,2,1,1,1,1,1,1,1,1,2,2,2,1,3,1,4,1,1,2,3,2,1,1,3,1,4,1,1,1,4,3,2,3,4,2,2,47
1,175,120,3,9,4,7,1,2,1,4,2,4,1,1,1,1,2,2,2,2,2,1,1,2,2,2,2,1,1,1,1,1,2,1,1,1,1,2,3,1,1,2,3,1,4,1,1,3,3,1,2,3,4,1,3,1,1,2,4,4,2,3,3,2,3,21
1,175,121,1,11,2,7,1,2,1,2,4,4,1,1,1,1,2,1,3,3,3,1,2,1,2,2,3,2,1,1,1,1,1,2,1,1,1,1,2,1,2,1,5,1,4,1,2,3,1,1,2,3,2,1,2,1,1,2,1,2,2,3,3,4,2,35
1,175,122,1,7,3,9,1,3,1,2,4,1,1,1,1,1,1,1,3,3,3,1,2,2,3,2,3,2,1,1,1,1,1,1,1,1,1,1,3,1,3,1,3,1,5,3,1,3,4,1,2,1,3,1,1,1,1,1,4,2,3,4,4,2,2,54
1,175,123,3,9,3,6,1,4,1,2,4,3,2,1,1,1,4,3,2,2,2,1,2,3,3,2,2,2,1,1,1,1,1,2,1,1,1,1,2,0,0,0,4,3,0,0,1,3,1,1,3,4,2,1,3,1,1,1,1,1,1,2,1,0,7,21
1,175,124,2,10,5,7,1,2,1,3,5,4,3,2,1,1,1,2,2,2,2,1,2,3,1,2,2,2,1,1,1,1,1,1,1,1,1,1,2,1,1,1,3,1,5,1,1,3,4,2,2,4,3,2,4,2,2,2,4,3,2,2,2,0,5,3
1,175,125,5,7,4,7,1,2,1,1,5,4,3,1,3,1,2,1,3,3,3,1,2,2,2,2,2,2,1,1,1,1,1,1,1,1,1,1,2,1,2,1,2,1,3,2,1,2,2,1,2,2,2,1,2,2,2,2,2,2,3,2,2,0,5,24
1,175,126,3,11,4,7,1,3,1,2,4,1,3,1,2,1,2,2,2,2,2,1,2,2,1,2,3,2,1,1,1,1,1,1,1,1,1,1,3,1,4,1,5,1,3,2,1,3,4,2,2,2,4,2,3,2,2,2,4,3,2,2,1,0,5,26
1,175,127,3,9,1,7,2,1,1,3,5,3,3,1,1,1,2,4,3,3,3,1,2,2,1,2,2,2,2,1,1,1,2,1,1,1,1,1,2,1,3,2,1,2,7,4,1,3,3,1,3,4,3,2,3,1,1,1,4,4,4,4,2,0,5,63
1,175,128,3,10,3,7,2,3,1,1,3,2,3,1,1,1,1,1,1,1,2,1,2,2,1,1,2,2,1,1,1,1,2,1,1,1,1,1,1,1,1,1,1,1,4,1,1,2,2,1,2,1,4,3,2,1,1,2,4,4,1,1,1,0,5,71
1,175,129,1,8,1,7,1,3,1,2,1,2,4,2,2,2,2,2,3,3,3,3,2,1,3,2,2,2,0,0,0,0,0,0,0,0,0,0,2,1,3,2,3,1,2,2,1,3,2,1,3,0,3,0,0,1,2,2,4,4,1,2,2,1,4,56
1,175,130,2,7,2,1,1,4,1,2,1,1,4,1,1,1,1,2,2,2,2,1,2,4,1,2,2,2,1,1,3,1,1,2,2,1,1,1,2,1,1,1,3,1,0,1,1,0,0,0,0,0,0,0,0,0,0,0,0,0,1,4,2,0,7,16
1,175,131,1,10,4,9,1,2,1,1,3,4,1,4,2,1,1,1,2,2,2,1,2,2,1,2,3,2,1,1,1,1,1,2,1,1,1,1,2,1,2,1,3,1,4,2,1,3,3,1,2,3,3,1,2,1,1,3,3,2,2,2,3,2,2,76
1,175,132,2,8,4,4,1,3,1,3,4,4,1,2,1,2,2,3,2,2,2,3,2,2,3,2,2,2,1,1,1,1,1,1,1,1,1,1,2,1,2,1,3,3,4,1,1,3,2,1,1,3,3,1,2,2,1,2,3,4,2,2,1,2,2,44
1,175,133,2,5,4,4,1,3,1,3,4,4,1,4,1,1,2,1,2,2,2,1,2,2,3,3,4,2,1,1,1,1,2,2,1,1,2,1,2,1,2,1,2,1,3,2,1,2,2,1,3,3,3,3,3,2,2,3,3,3,2,2,2,2,2,85
1,175,134,3,10,4,9,1,3,1,1,3,2,1,2,1,1,2,2,2,2,2,1,1,1,3,2,1,1,1,1,1,1,1,0,1,1,1,1,2,1,2,0,3,1,2,1,1,2,3,1,2,3,3,1,3,0,0,3,2,2,2,3,3,2,3,30
1,175,135,4,11,2,2,1,3,1,2,2,1,1,1,1,1,1,5,2,3,3,1,1,2,3,2,3,1,1,1,1,1,2,1,1,1,1,1,2,1,2,1,2,3,6,1,1,3,3,1,1,1,4,1,4,2,1,1,4,3,2,3,2,2,3,35
1,175,136,4,11,4,7,2,1,1,1,1,2,1,2,1,1,2,3,2,2,2,3,1,3,2,2,2,1,1,1,2,1,1,1,2,1,2,2,2,1,1,1,3,1,5,1,1,3,3,1,1,2,3,2,4,1,1,2,3,4,2,4,2,0,6,89
1,175,137,4,10,1,9,1,4,1,1,4,1,1,1,1,1,2,1,2,2,2,1,1,2,1,1,1,1,2,1,1,1,1,1,1,1,1,1,3,1,1,1,1,1,4,1,1,2,1,1,1,1,2,1,1,1,1,1,1,1,5,5,1,2,3,42
1,175,138,1,2,1,4,1,4,1,1,4,1,4,1,1,1,1,1,3,3,3,3,1,3,1,1,1,1,2,2,2,1,3,1,3,0,1,3,4,1,4,1,1,3,2,1,2,1,0,1,3,1,4,4,4,4,1,4,4,4,0,0,0,2,2,80
1,175,139,2,5,2,9,2,1,1,1,4,1,4,1,1,1,2,1,1,3,3,1,1,2,1,2,2,1,1,1,1,1,1,1,1,1,1,1,2,1,2,1,5,1,4,1,1,3,3,1,1,1,2,1,3,1,1,1,2,2,1,2,1,2,2,73
1,175,140,2,8,2,2,2,1,1,1,5,1,4,1,1,1,2,1,3,3,3,1,1,2,1,1,2,1,1,1,1,1,1,1,1,1,1,1,1,1,2,1,3,1,2,1,2,2,2,1,1,2,3,1,2,1,1,2,3,2,5,2,1,2,2,43
1,175,141,1,11,0,2,1,3,1,1,4,1,4,1,1,1,1,5,2,1,2,1,1,2,2,2,2,1,1,1,1,1,1,1,1,1,1,1,0,0,0,0,0,0,0,0,0,0,3,1,2,1,0,1,1,0,1,2,0,3,2,4,1,2,2,29
1,175,142,4,5,4,9,1,3,1,3,4,4,4,2,1,2,2,2,3,3,3,0,1,2,0,2,2,1,1,1,2,1,1,1,1,1,2,1,2,1,2,1,2,2,7,4,1,2,4,1,2,3,3,2,3,2,2,2,4,4,2,3,3,2,2,22
1,175,143,1,11,1,1,2,4,0,0,4,0,4,1,0,0,0,0,3,3,3,3,1,0,0,0,0,1,1,1,1,1,1,1,1,1,1,1,0,0,0,0,0,0,0,0,0,0,0,0,0,0,0,0,0,0,0,0,0,0,1,1,1,2,2,71
1,175,144,3,9,3,7,1,2,1,2,4,1,4,3,1,1,1,3,2,2,2,1,1,2,1,2,2,1,1,1,1,1,1,1,1,1,1,1,2,1,2,2,3,1,4,1,1,1,1,1,1,1,0,1,1,1,1,3,3,3,5,3,2,2,2,57
1,175,145,1,4,3,5,1,1,1,1,4,1,3,1,1,1,4,4,2,3,2,2,1,2,3,1,1,1,1,1,2,1,2,2,1,1,1,1,1,1,1,1,1,1,3,1,2,2,2,1,1,1,4,2,4,1,1,1,4,2,2,3,1,0,6,23
1,175,146,2,9,4,8,2,4,1,2,2,2,1,1,1,1,2,3,3,3,3,3,1,1,1,2,1,1,2,1,1,3,1,2,1,1,2,1,1,1,2,1,1,2,7,4,1,2,3,1,2,2,3,1,2,1,1,1,3,3,5,4,2,0,6,55
1,175,147,0,10,4,4,2,1,1,1,4,2,2,2,1,1,2,2,2,2,2,1,1,2,3,2,1,3,1,1,1,1,1,1,1,1,1,1,3,1,2,1,3,1,5,1,1,2,2,1,3,2,4,4,4,2,2,3,4,4,1,1,1,0,5,20
1,175,148,1,10,2,7,1,2,1,3,2,2,2,4,2,2,2,1,2,3,3,1,1,2,3,2,5,3,3,0,0,0,0,0,0,0,0,0,1,1,4,1,3,1,0,2,2,3,0,1,0,0,0,0,0,0,0,0,0,0,1,2,2,0,5,11
1,175,149,3,9,3,7,2,2,1,2,4,2,3,1,1,1,2,2,2,2,2,1,1,2,1,1,1,3,1,1,0,1,1,0,0,0,0,0,2,1,2,2,3,1,4,1,2,0,3,1,1,0,0,1,0,1,0,1,0,0,5,5,5,0,5,4
1,175,150,4,9,4,9,1,4,1,3,5,3,1,1,0,1,2,3,2,2,2,1,1,1,1,4,5,3,3,3,3,3,3,3,3,3,3,3,4,2,4,2,2,1,3,3,1,3,3,3,3,4,4,3,4,1,2,1,4,4,3,4,4,2,2,98
1,175,151,1,6,4,9,1,2,1,3,5,4,1,2,2,1,3,4,2,2,2,3,1,2,1,2,2,3,1,1,2,1,2,2,1,1,3,3,2,1,3,1,3,1,5,2,1,1,3,3,3,3,4,2,4,1,3,4,4,3,2,4,2,2,2,36
1,175,152,2,8,5,5,1,2,1,4,4,3,4,4,1,1,3,3,2,2,2,1,1,1,1,3,4,3,1,1,1,1,2,2,2,2,1,2,1,1,2,1,2,1,2,1,1,1,4,1,3,4,4,4,4,2,3,4,4,4,2,4,1,2,3,13
1,175,153,1,10,4,4,1,1,1,1,1,4,4,2,1,1,2,2,3,3,3,3,1,1,1,3,4,3,1,1,1,3,1,1,1,1,1,2,3,2,4,2,5,2,7,4,1,3,3,3,1,3,3,2,4,1,1,2,3,3,2,2,2,0,8,12
1,175,154,1,3,3,4,1,4,1,5,5,3,1,2,1,1,1,1,1,1,2,1,1,3,2,4,5,3,1,1,1,1,2,2,1,1,1,1,4,1,1,1,2,1,5,2,1,2,4,1,4,4,4,4,4,4,4,4,4,4,1,1,1,0,5,74
1,175,155,1,10,2,4,1,1,1,5,4,2,1,2,1,1,1,2,3,3,3,1,1,2,3,2,4,3,1,1,1,1,1,1,1,1,1,1,3,2,4,2,4,2,7,4,3,3,0,1,3,2,4,4,4,1,1,2,4,4,2,5,3,0,7,39
1,175,156,3,9,5,7,2,2,1,1,5,4,2,4,1,1,2,3,2,2,2,1,1,2,2,4,5,3,1,1,1,2,3,2,1,1,2,2,4,1,2,2,3,1,3,1,1,2,3,4,4,4,3,1,2,1,1,3,4,4,3,3,3,2,1,42
1,175,157,1,10,1,6,1,3,1,3,5,3,2,1,2,3,2,1,3,3,3,3,1,2,3,1,4,3,1,1,1,1,1,1,1,1,1,1,4,2,3,1,5,3,5,3,3,3,1,4,1,4,4,3,2,1,4,1,4,1,4,4,1,3,1,34
1,175,158,1,9,3,5,1,2,1,4,5,3,1,2,1,1,1,2,2,3,3,1,1,2,3,4,3,3,1,1,0,1,0,0,1,1,0,0,2,1,2,0,3,2,7,4,1,3,4,1,3,4,4,2,4,2,2,2,4,4,1,2,3,0,6,41
1,175,159,2,9,5,5,1,3,1,2,3,4,2,3,2,1,2,3,2,2,2,1,1,1,3,2,3,3,1,1,1,1,2,2,2,2,1,2,2,2,3,1,3,1,3,3,1,2,4,1,2,4,3,1,4,1,1,4,1,4,1,1,2,2,2,16
1,175,160,5,5,4,8,1,4,1,2,2,4,2,1,1,1,2,1,1,3,3,1,1,2,1,3,3,3,1,2,0,2,1,2,1,1,2,1,1,1,3,2,0,1,6,3,1,3,3,1,1,4,2,1,3,1,2,2,1,1,1,2,1,2,2,41
1,175,161,1,5,3,4,1,4,1,1,2,1,2,1,1,1,2,1,2,2,2,2,1,2,2,2,2,3,1,1,1,1,1,1,1,1,1,2,1,1,1,1,3,1,4,1,2,3,4,1,2,4,4,4,4,1,1,1,4,4,5,5,5,2,2,86
1,175,162,4,9,5,7,1,3,1,5,4,4,2,4,1,1,4,3,2,2,2,1,1,1,1,3,4,3,1,1,1,1,2,1,2,2,1,2,3,1,1,1,3,2,7,4,1,1,3,1,2,4,4,2,4,1,1,3,3,2,2,3,3,2,3,33
1,175,163,1,10,1,7,1,3,1,2,4,1,3,1,1,1,2,1,3,3,3,3,1,2,2,3,4,3,1,1,0,1,3,1,0,0,1,0,1,1,0,1,1,1,3,2,1,1,0,1,0,1,4,1,4,1,1,2,4,4,1,1,1,2,2,77
1,175,164,2,6,5,6,1,3,1,3,5,2,2,2,1,2,2,2,2,2,2,2,2,2,1,2,3,3,1,1,1,1,2,2,1,1,1,1,4,2,2,1,3,1,5,1,2,3,4,3,3,2,4,1,1,1,1,2,3,4,2,2,3,0,5,23
1,175,165,3,9,4,6,1,2,1,1,4,1,2,2,1,2,1,2,2,2,2,1,2,2,1,2,3,3,2,1,1,1,2,2,2,2,2,2,3,1,3,1,3,1,4,2,1,3,3,1,2,1,3,2,2,2,2,2,3,3,2,2,2,0,5,68
1,175,166,1,2,4,4,1,2,1,4,4,4,2,2,2,4,1,3,2,3,3,3,2,2,1,2,4,3,1,1,2,1,2,2,1,2,1,1,3,1,3,2,2,2,7,4,1,3,3,1,2,3,4,3,4,2,2,2,4,4,2,2,3,0,5,41
1,175,167,1,9,3,6,1,2,1,3,5,4,2,1,1,1,2,3,2,2,2,1,2,2,3,2,3,3,1,3,3,1,3,3,2,2,3,2,3,1,3,2,3,2,7,4,2,3,4,1,3,3,4,2,4,1,2,1,4,4,2,1,4,0,5,77
1,175,168,1,3,3,4,1,2,1,3,5,3,2,1,2,1,1,1,3,3,3,1,2,2,3,1,2,3,1,1,2,1,2,2,1,1,2,3,2,1,2,2,2,1,4,2,1,2,3,1,3,4,3,1,2,1,1,3,4,2,2,4,4,0,5,38
1,175,169,3,6,1,6,2,3,1,1,1,1,4,1,2,1,2,3,3,3,3,3,2,1,1,2,4,3,1,1,2,3,2,3,3,3,1,2,4,1,4,2,3,3,6,1,3,3,2,1,2,2,3,2,3,1,1,1,2,3,5,5,5,1,4,23
1,175,170,1,5,5,3,2,2,1,3,4,2,1,4,2,1,1,3,2,2,2,1,2,2,1,2,2,3,1,1,1,2,2,2,1,2,1,2,3,2,5,1,4,1,5,1,1,2,3,1,3,3,4,2,3,1,1,4,4,4,2,3,2,2,2,67
1,175,171,3,11,3,8,1,4,1,3,4,2,1,1,1,2,2,3,2,2,2,1,2,2,3,3,5,3,1,1,1,2,2,2,1,1,1,3,3,1,4,2,1,1,5,1,2,3,4,2,2,3,4,1,3,2,2,2,4,4,2,3,3,2,2,27
1,175,172,3,7,4,7,1,2,1,2,4,4,1,2,1,1,2,1,3,3,3,1,2,2,1,2,3,3,1,1,1,1,2,2,1,1,1,1,3,1,1,1,2,1,6,3,1,2,3,1,3,3,4,1,1,1,1,1,4,4,4,4,1,2,3,65
1,175,173,4,10,5,7,1,3,1,4,4,3,1,1,1,1,1,1,3,3,3,1,2,2,3,3,3,3,1,1,3,1,2,2,1,1,3,3,3,1,2,1,3,3,3,2,1,3,2,1,3,3,3,3,2,2,2,1,3,3,2,1,2,0,6,80
1,175,174,1,9,5,8,1,1,1,1,5,2,1,1,1,1,1,3,2,2,2,1,2,2,2,3,2,3,1,1,1,1,1,1,1,1,1,1,2,1,1,1,3,1,4,1,1,3,2,1,2,2,3,1,1,1,1,1,2,2,1,1,1,0,6,60
1,175,175,3,10,5,3,1,3,1,2,5,2,1,2,1,1,0,1,2,2,2,1,1,2,2,2,3,2,1,1,1,1,1,1,1,1,1,1,1,1,2,2,2,1,3,1,1,2,4,1,2,3,4,1,1,1,1,1,1,1,2,2,3,0,6,67
1,175,176,3,10,4,7,1,2,1,3,5,4,1,1,1,1,2,3,2,2,2,1,1,2,3,2,2,2,1,1,1,1,1,1,1,1,1,1,1,1,1,1,2,1,4,1,1,3,3,1,1,3,3,1,2,1,1,1,3,4,2,3,3,0,6,68
1,175,177,5,10,4,7,1,1,1,2,4,4,1,4,1,1,2,3,2,2,2,1,1,2,3,3,3,2,1,2,2,2,2,1,1,2,1,1,2,1,1,1,3,1,4,1,1,3,3,1,3,4,2,3,3,1,2,3,4,4,1,2,3,0,6,70
1,175,178,3,6,2,7,1,3,1,2,5,3,3,2,2,1,2,2,2,3,2,1,1,2,2,2,1,2,1,1,1,1,1,2,1,1,1,2,1,1,1,2,1,1,5,1,1,2,2,1,1,4,4,1,4,4,1,4,4,4,1,2,1,0,6,43
1,175,179,1,9,4,4,1,1,1,1,1,1,3,1,2,2,1,3,2,2,2,1,1,1,2,2,5,2,1,1,3,1,3,2,1,3,1,1,0,0,0,0,0,2,7,4,1,3,4,1,0,4,4,1,3,1,1,1,4,4,1,1,3,0,8,92
1,175,180,1,5,4,4,1,1,1,2,4,2,4,2,1,2,2,1,1,3,3,1,1,1,1,2,2,2,1,1,1,1,1,1,1,1,1,2,3,2,2,2,3,2,7,4,2,2,2,1,2,2,3,1,4,1,1,1,3,2,2,3,1,1,2,69
1,175,181,1,11,1,5,1,1,1,3,4,4,4,2,2,2,2,5,3,3,3,3,1,1,3,2,4,2,1,1,1,1,1,1,1,1,1,1,4,1,4,2,3,3,0,0,0,2,2,1,1,3,3,3,4,3,2,3,4,4,0,1,1,2,3,31
1,175,182,4,9,4,9,1,3,1,2,5,2,4,2,1,1,4,3,2,2,2,1,1,2,2,2,3,2,1,1,1,1,1,1,1,1,1,1,2,2,2,2,3,2,7,4,2,3,1,1,2,3,3,1,1,1,1,2,3,1,2,2,1,0,6,21
1,175,183,2,9,5,4,2,3,1,1,5,4,4,2,1,1,2,2,2,3,3,1,1,1,3,3,4,2,1,1,1,1,2,2,1,1,2,2,3,2,3,2,4,2,7,4,1,2,3,1,3,3,4,3,0,2,3,2,3,3,3,2,2,0,8,24
1,175,184,1,6,5,4,1,2,1,2,4,2,4,2,0,0,0,0,2,3,3,1,1,1,3,2,3,2,1,1,1,1,2,2,1,1,2,1,2,2,2,2,3,1,3,2,1,2,3,1,2,2,3,2,3,1,2,2,3,3,2,3,2,0,8,45
1,175,185,1,3,5,4,1,3,1,3,1,4,4,4,2,1,2,4,2,2,2,1,1,1,1,2,4,2,1,2,3,1,1,2,1,2,2,3,2,2,2,1,3,1,4,1,1,1,3,1,2,4,4,4,4,4,4,4,4,4,1,2,1,0,8,23
1,175,186,2,7,4,4,2,2,1,2,4,2,4,1,1,2,2,1,2,3,2,1,1,1,3,2,2,2,1,1,1,1,2,1,1,1,1,2,2,0,2,1,3,1,2,2,1,2,3,2,3,2,3,1,2,1,2,2,3,3,2,3,2,0,8,87
1,175,187,2,4,4,4,1,3,1,2,4,1,4,2,2,1,2,2,2,2,2,1,1,1,1,2,4,2,1,1,1,1,1,1,1,1,1,1,3,1,2,1,3,2,7,4,1,3,2,1,2,2,3,2,3,2,3,2,4,4,2,3,2,0,8,44
1,175,188,3,10,4,4,1,4,1,3,5,4,4,4,1,1,2,1,3,3,3,1,1,2,1,2,1,2,1,1,1,1,2,2,1,2,2,2,2,2,5,2,4,3,4,2,2,3,4,3,3,2,2,4,4,4,2,1,1,2,3,3,2,0,8,48
1,175,189,1,3,3,4,1,4,1,2,3,1,4,1,2,1,2,1,2,3,3,1,1,1,1,2,2,2,1,1,1,1,2,1,1,1,1,1,2,1,3,1,3,1,5,1,1,1,3,1,2,1,2,1,1,1,2,2,3,4,2,2,2,0,8,72
1,175,190,1,3,3,4,1,3,1,1,1,4,1,1,1,2,4,5,2,2,2,1,1,2,2,1,2,2,1,1,1,1,2,2,1,1,1,1,2,1,2,1,2,1,4,1,1,3,1,1,2,3,4,1,3,1,1,1,4,2,2,2,5,3,1,36
1,175,191,2,9,2,7,2,3,1,2,1,2,1,2,3,2,2,3,2,2,3,1,1,1,1,2,2,2,1,1,2,1,2,1,2,1,1,1,3,1,2,1,3,3,4,2,1,2,2,1,1,1,2,2,3,2,1,1,2,1,2,1,2,1,4,4
1,175,192,1,3,5,3,1,2,1,2,5,1,1,2,1,1,1,1,2,2,2,1,1,2,3,3,2,2,1,1,1,1,1,1,1,1,1,1,2,1,1,1,3,1,4,1,2,2,1,1,1,1,4,3,4,4,2,2,4,4,3,4,3,0,5,69
1,175,193,3,10,5,4,1,2,1,3,2,4,2,2,1,1,2,3,2,2,2,1,1,2,3,2,2,2,1,1,1,1,1,1,1,1,0,1,2,1,2,1,2,1,3,1,1,3,4,2,2,4,4,2,4,2,2,3,4,4,2,2,2,3,1,2
1,175,194,2,7,4,5,1,2,1,1,5,4,1,1,1,1,2,3,2,2,2,2,1,2,2,2,4,2,1,1,2,1,1,1,1,1,2,1,3,1,1,2,3,1,4,1,1,2,1,1,2,3,3,2,2,1,1,1,2,2,2,1,2,0,6,22
1,175,195,1,7,1,1,1,3,1,2,2,2,1,2,1,2,2,2,3,3,3,3,1,2,3,2,2,2,1,1,2,1,2,1,1,1,1,2,2,1,2,1,3,2,7,4,1,2,2,1,2,2,3,2,4,1,1,2,2,2,1,5,1,0,6,24
1,175,196,2,10,3,7,1,1,1,1,4,3,1,1,1,1,2,1,2,2,2,1,1,2,3,2,4,2,1,1,1,1,1,2,1,1,1,1,3,1,2,1,2,3,6,0,1,3,3,1,2,4,4,1,3,1,1,2,4,4,2,3,2,0,6,52
1,175,197,4,9,3,7,1,1,0,0,4,2,1,1,1,1,2,2,2,2,2,1,1,2,2,1,4,2,1,1,1,1,2,2,1,1,1,1,1,1,4,1,2,1,5,1,1,3,4,2,4,4,3,1,1,1,1,1,3,3,3,4,3,0,6,31
1,175,198,1,3,4,1,1,4,1,1,5,1,1,1,1,1,2,3,3,3,3,1,1,4,2,3,4,2,1,1,1,1,2,1,1,1,1,1,2,2,2,2,2,2,7,4,2,2,3,1,2,1,4,1,4,1,1,1,4,4,1,2,2,0,8,47
1,175,199,2,5,4,4,1,3,1,1,4,1,1,1,1,2,2,1,3,3,2,1,1,1,1,2,3,2,1,1,1,1,1,2,1,1,1,2,2,2,5,0,4,2,5,1,2,1,3,1,1,1,1,1,2,2,2,1,1,2,2,3,1,0,8,13
1,175,200,1,4,4,4,1,2,1,1,5,2,1,1,1,2,1,1,3,3,3,3,1,1,1,1,1,2,1,1,1,1,1,2,1,1,2,2,3,2,4,2,0,2,7,4,2,3,2,1,2,2,4,2,4,1,2,3,4,1,1,5,5,0,8,39
1,175,201,2,9,4,4,1,3,1,1,5,2,1,1,1,2,2,2,3,3,3,1,1,1,3,2,2,2,1,1,1,1,1,1,1,1,1,1,2,0,2,0,2,2,7,4,1,3,2,1,1,2,3,2,2,1,1,1,2,2,2,2,1,0,8,16
1,175,202,2,10,3,4,1,3,1,2,5,4,1,1,2,1,2,3,2,2,2,1,1,1,3,2,3,2,1,1,1,1,1,1,1,1,1,1,3,2,3,2,3,1,2,1,1,1,1,2,2,2,3,2,3,2,2,2,3,3,1,3,3,0,8,49
1,175,203,0,9,1,6,0,3,1,1,4,2,2,1,1,2,2,3,2,2,1,2,1,2,3,2,2,2,1,1,1,1,1,1,1,1,1,1,2,1,2,1,1,1,5,2,1,0,3,1,1,1,2,2,3,2,1,1,3,3,1,0,0,2,2,2
1,175,204,4,9,5,1,0,0,1,2,5,1,2,1,1,1,2,2,3,3,3,1,1,2,1,4,4,2,1,1,2,1,1,2,1,0,2,2,3,2,3,2,5,3,0,0,2,0,2,1,3,1,3,1,2,1,1,1,3,2,3,3,3,0,6,1
1,175,205,1,10,2,4,1,3,1,2,3,2,2,2,1,1,2,1,2,2,2,3,1,2,2,1,2,2,1,1,2,1,2,2,1,1,1,1,2,1,2,2,2,1,3,1,2,2,2,1,2,2,3,1,2,1,1,2,4,4,2,3,2,0,6,12
1,175,206,1,10,5,6,2,1,1,2,2,1,3,1,1,1,2,2,2,2,2,1,1,2,3,2,2,2,1,1,1,1,1,1,1,1,1,1,2,1,2,1,3,1,5,1,1,3,0,2,2,2,3,3,3,3,3,3,3,3,2,2,2,0,2,68
1,175,207,1,9,5,3,2,2,1,1,4,1,3,1,1,1,2,0,3,3,3,1,1,2,1,2,0,2,1,1,1,1,1,1,1,1,1,1,4,1,0,1,3,1,5,1,1,1,1,1,1,1,1,1,1,1,1,1,1,1,3,4,2,2,2,93
1,175,208,2,10,3,7,1,2,1,3,0,2,3,1,1,2,1,2,2,2,2,1,1,2,3,1,2,2,1,1,1,1,1,1,1,1,1,1,2,2,2,1,1,1,4,2,1,2,3,3,2,1,4,4,4,4,2,1,2,4,2,2,1,2,2,24
1,175,209,1,3,1,1,1,4,1,2,4,3,3,3,1,2,2,4,3,3,3,3,1,2,2,3,2,2,1,3,3,1,2,1,1,1,2,0,3,1,2,1,1,1,5,1,1,2,0,0,0,0,0,0,0,0,0,0,0,0,2,2,4,0,6,93
1,175,210,2,10,1,4,2,3,1,1,2,2,2,2,2,1,2,2,2,2,2,1,2,2,2,1,2,2,1,1,1,1,2,1,2,2,2,1,4,1,2,1,1,2,4,1,1,1,1,1,1,3,3,3,3,1,1,1,3,3,1,2,1,2,1,1
1,175,211,4,7,4,7,1,3,1,3,4,2,2,1,1,1,2,2,2,2,2,1,2,2,1,2,3,2,1,1,1,1,1,1,1,1,1,1,1,1,4,1,3,1,4,1,3,2,3,1,2,2,2,1,2,1,1,1,2,2,3,2,2,0,5,53
1,175,212,4,5,4,7,1,3,1,3,5,4,2,2,1,1,2,1,2,2,2,1,2,2,3,2,3,2,1,1,2,2,2,2,1,1,2,2,3,1,3,2,3,1,4,2,1,2,4,1,2,3,4,2,3,2,2,3,3,4,1,3,2,0,5,17
1,175,213,1,0,3,5,2,1,1,3,5,2,2,2,3,1,2,1,3,3,3,1,2,2,3,2,4,2,3,3,3,3,3,1,3,3,1,3,1,1,2,2,1,3,2,1,2,2,0,0,0,0,0,0,0,0,0,0,0,0,2,2,3,0,5,7
1,175,214,3,5,3,5,1,4,1,2,5,2,2,1,2,2,2,3,3,3,3,3,2,2,1,2,2,2,1,1,1,1,1,1,1,1,1,1,2,1,4,1,3,2,2,2,1,3,2,1,2,2,2,1,2,1,2,2,2,2,1,2,2,0,5,10
1,175,215,4,10,4,1,2,1,0,0,5,4,2,4,0,0,0,0,3,3,3,1,2,0,0,0,0,2,1,1,1,1,1,1,1,1,1,1,0,0,0,0,0,2,7,4,1,0,0,0,0,0,0,0,0,0,0,0,0,0,1,2,2,0,7,79
1,175,216,1,11,5,5,1,1,1,3,4,2,1,2,1,2,4,1,3,3,3,1,2,4,3,3,5,2,2,1,3,1,1,1,1,1,2,2,3,1,4,1,3,3,2,2,1,2,1,1,3,2,3,3,3,2,3,3,1,4,2,3,3,2,3,41
1,175,217,3,11,5,6,1,1,1,1,4,4,1,4,1,1,2,3,2,2,2,1,2,1,1,2,2,2,2,2,1,1,1,2,1,1,1,1,3,1,3,2,3,1,3,1,1,3,1,1,2,3,4,1,2,1,1,3,3,3,1,2,2,2,3,63
1,175,218,1,9,5,1,1,1,1,1,1,1,1,2,1,1,2,1,3,3,3,1,2,1,3,2,3,2,1,1,1,1,1,1,1,1,1,1,3,1,4,2,5,3,2,2,2,1,2,1,2,1,4,1,3,2,1,2,4,3,1,1,1,2,3,47
1,175,219,1,5,4,6,1,2,1,3,4,4,1,2,1,4,2,2,2,2,2,3,2,2,1,2,2,2,1,1,2,1,1,2,1,1,2,1,2,1,3,1,3,1,2,2,1,1,2,1,2,3,3,1,3,1,2,2,4,4,2,2,5,2,3,38
1,175,220,3,11,3,7,1,3,1,1,4,1,1,1,1,1,2,2,2,3,3,1,2,2,1,2,2,2,1,1,1,1,1,1,1,1,1,1,1,1,1,2,3,2,7,4,1,3,3,1,1,1,3,0,0,2,1,1,4,4,1,1,1,2,3,6
1,175,221,2,10,3,7,2,2,1,3,4,2,1,4,2,1,2,2,3,3,3,1,2,1,3,2,3,2,1,0,3,3,1,1,1,1,2,2,2,1,3,1,3,1,4,1,1,3,2,1,2,3,4,4,4,2,2,4,4,4,2,2,2,2,3,53
1,175,222,2,9,3,6,1,4,1,4,3,2,1,2,1,1,2,1,2,2,2,1,2,1,3,2,2,2,1,2,2,1,2,2,2,2,1,1,2,1,2,2,1,1,4,2,1,3,3,2,2,3,3,2,3,2,2,2,4,4,2,2,2,2,3,56
1,175,223,2,5,5,5,1,1,1,4,5,4,1,4,1,1,2,2,2,2,3,1,2,2,3,2,3,2,1,2,1,1,1,1,1,1,3,2,3,1,3,2,3,3,0,0,2,3,2,1,2,4,4,2,4,1,2,3,4,4,1,4,1,0,6,45
1,175,224,2,7,4,7,2,2,1,2,4,4,1,1,1,1,2,3,2,3,3,3,2,2,3,2,4,2,1,1,1,1,1,2,1,1,1,1,3,1,2,1,3,1,3,2,3,3,2,1,3,2,3,2,2,2,1,2,3,3,2,2,2,0,6,44
1,175,225,4,9,4,7,1,2,1,3,2,2,1,2,1,1,2,3,3,3,3,1,2,2,2,3,3,2,1,1,1,2,2,2,1,1,2,3,2,1,3,1,3,1,3,2,1,3,3,2,2,3,4,1,4,2,2,3,4,4,3,3,2,0,6,39
1,175,226,2,9,4,5,2,2,1,2,4,1,4,2,2,2,2,2,2,2,2,2,2,2,2,3,3,2,1,1,2,1,2,1,1,0,1,2,2,1,2,1,2,1,3,2,1,3,3,1,2,1,3,2,2,1,1,2,3,3,1,2,2,3,2,46
1,175,227,1,5,3,2,1,2,1,1,1,1,4,1,1,1,2,1,2,2,2,1,1,2,1,2,2,1,1,0,1,1,1,1,1,1,1,1,3,1,2,1,3,1,4,1,1,2,2,1,2,1,3,1,2,1,1,2,3,2,1,2,1,2,2,99
1,175,228,2,8,3,2,1,3,1,1,4,1,4,1,1,1,4,1,2,3,3,2,1,2,1,1,1,1,1,1,1,1,2,1,1,1,1,1,4,1,3,1,1,1,4,1,2,2,1,1,1,1,1,1,1,1,1,1,2,2,2,2,2,2,2,25
1,175,229,1,11,3,2,1,3,1,1,4,1,4,1,1,1,2,2,3,3,3,1,1,1,2,1,1,1,1,1,1,1,1,1,1,1,1,1,1,1,2,1,3,1,5,1,1,2,1,1,1,1,3,1,1,1,1,1,1,1,3,3,2,2,2,26
1,175,230,1,10,3,4,1,3,1,0,4,1,4,1,0,2,2,2,2,2,2,1,1,2,1,0,2,1,1,1,1,1,1,1,1,1,1,1,2,1,1,2,3,1,5,1,1,1,3,1,1,1,2,1,2,1,1,1,3,4,3,1,2,2,2,52
1,175,231,1,6,4,5,2,3,1,1,2,1,4,1,1,1,2,3,3,3,3,1,1,4,3,3,5,1,1,1,1,1,1,1,1,1,1,1,2,2,3,2,5,1,3,1,1,3,2,1,2,2,3,1,4,1,1,2,4,4,5,5,2,2,3,51
1,175,232,2,5,4,2,1,2,1,3,4,4,4,2,1,2,2,3,3,3,3,3,1,2,3,2,1,1,1,1,2,1,1,1,1,1,1,1,2,1,1,1,3,1,5,1,1,3,2,1,2,3,2,2,3,1,1,2,3,3,2,3,2,2,3,68
1,175,233,2,7,3,8,1,2,0,0,2,2,4,1,0,0,0,0,2,2,2,1,1,0,0,0,0,1,1,1,1,1,1,1,1,1,1,1,0,0,0,0,0,1,3,2,3,0,0,0,0,0,0,0,0,0,0,0,0,0,2,3,3,0,6,20
1,175,234,1,4,4,4,1,4,1,2,4,1,4,1,1,2,2,1,3,3,3,3,1,1,3,1,2,1,1,1,1,1,1,2,1,1,1,2,2,1,1,2,3,1,2,1,1,2,2,2,2,1,3,1,3,1,2,1,3,2,1,3,4,0,8,69
1,175,235,4,6,4,4,1,3,1,3,5,2,4,2,2,2,2,1,3,3,3,3,1,1,1,1,2,1,1,1,1,1,1,1,1,1,1,1,2,1,3,2,5,2,7,4,1,2,3,1,2,3,3,1,3,1,2,3,4,3,1,5,3,0,8,38
1,175,236,2,9,4,4,2,2,1,1,4,2,4,1,1,1,2,2,3,3,3,1,1,1,3,2,1,1,1,1,1,1,1,2,1,1,1,1,2,1,2,1,2,1,4,1,1,3,4,1,2,4,4,1,1,1,2,2,3,4,1,2,1,0,8,28
1,175,237,1,5,3,8,1,3,1,2,4,1,4,1,1,1,2,1,2,2,2,2,1,1,3,1,3,1,2,1,1,1,1,1,1,1,1,1,3,1,1,2,1,2,7,4,1,2,2,1,1,1,2,1,3,1,1,1,2,2,2,2,2,0,8,53
1,175,238,3,10,3,4,2,3,1,1,4,4,4,1,2,2,1,1,3,3,3,1,1,1,1,1,1,1,2,1,1,1,1,1,1,1,1,1,1,1,2,1,1,1,4,1,1,2,1,1,1,1,2,1,2,1,1,1,2,2,2,3,1,0,8,14
1,175,239,2,5,3,4,1,3,1,1,4,1,4,1,1,1,2,5,2,2,2,2,1,2,1,1,1,1,1,1,1,1,1,1,1,1,1,1,1,1,1,1,3,2,7,4,1,2,1,1,2,1,2,1,2,1,1,1,2,3,1,5,5,0,8,31
1,175,240,4,9,5,2,1,1,1,1,5,3,1,1,1,1,2,3,2,2,2,1,1,2,3,1,2,1,1,1,1,1,1,1,1,1,1,1,1,1,1,1,3,1,4,1,1,1,1,1,1,3,3,1,2,1,1,1,3,3,3,3,2,2,1,22
1,175,241,4,10,5,2,1,4,1,1,3,1,1,1,1,1,2,1,3,3,3,3,1,2,1,1,1,1,1,1,1,1,1,1,1,1,1,1,1,1,1,1,1,1,5,1,1,2,1,1,1,1,2,1,2,1,1,1,2,2,5,5,1,2,1,25
1,175,242,3,11,4,5,1,2,1,1,4,3,1,2,2,1,2,2,3,3,3,1,1,2,2,2,2,1,1,1,2,1,1,2,1,1,1,1,3,1,1,1,3,3,5,1,1,2,3,1,1,3,4,1,2,1,1,3,4,4,2,3,1,2,1,54
1,175,243,3,9,4,2,1,3,1,1,3,1,1,1,1,1,2,1,2,2,2,1,1,2,1,2,2,1,1,1,2,1,1,1,1,1,2,1,2,1,2,1,1,1,3,1,1,2,1,1,2,1,3,1,1,1,1,1,2,1,0,1,1,2,1,10
1,175,244,3,10,4,2,1,4,1,1,5,1,1,1,1,1,2,5,2,3,3,1,1,2,1,1,1,1,1,1,1,1,1,1,1,1,1,1,2,1,2,1,3,1,5,2,1,2,1,1,1,1,4,1,1,1,1,1,4,2,2,5,2,2,1,15
1,175,245,2,1,4,4,1,3,1,1,1,4,1,1,1,2,2,1,2,2,2,1,1,2,2,1,1,1,1,1,1,1,1,1,1,1,1,1,2,1,2,1,3,1,5,1,1,0,1,1,2,3,2,1,1,1,1,2,1,1,3,3,3,3,1,35
1,175,246,3,9,1,6,2,3,1,1,4,1,1,1,1,1,1,1,3,3,3,1,1,2,1,1,1,1,1,1,1,1,1,1,1,1,1,1,1,1,1,1,1,0,0,0,0,2,1,1,1,1,1,1,1,1,1,1,1,1,1,2,1,2,1,7
1,175,247,4,10,3,6,2,4,1,1,3,4,1,1,1,1,2,2,2,3,3,1,1,3,1,1,1,1,1,1,1,1,1,1,1,1,1,1,1,1,1,1,3,1,5,1,1,1,2,1,1,3,1,1,1,1,1,1,1,4,3,4,2,2,1,6
1,175,248,2,10,3,2,1,3,1,2,4,1,1,1,1,1,1,1,3,3,2,3,1,2,1,1,1,1,1,1,2,1,1,1,1,1,1,1,1,1,1,1,3,1,5,1,1,2,2,1,1,1,1,1,1,1,1,1,1,2,3,5,1,2,1,16
1,175,249,1,10,1,7,2,4,1,1,1,1,1,1,1,1,1,1,3,3,3,1,1,2,2,2,4,1,1,1,1,1,2,2,2,1,1,1,3,2,4,2,3,3,2,1,2,3,4,1,3,1,4,4,4,2,1,0,2,4,0,0,2,1,4,3
1,175,250,1,6,1,6,1,4,1,2,4,1,1,1,1,1,2,1,2,2,2,1,1,4,1,1,1,1,1,1,1,1,3,1,1,1,1,1,1,2,2,1,1,3,5,1,1,2,1,1,1,1,1,1,3,1,1,1,1,1,1,1,1,1,4,9
1,175,251,1,11,2,6,1,3,1,2,4,2,1,4,1,1,2,1,2,2,2,1,1,2,1,1,2,1,1,1,1,1,3,3,1,1,1,1,1,1,4,1,1,1,6,3,3,3,4,4,4,2,4,1,4,1,1,2,4,4,2,2,2,1,4,14
1,175,252,3,6,3,6,1,4,1,2,4,1,1,1,1,1,2,5,2,3,3,1,1,1,3,2,2,1,1,1,1,1,1,1,1,1,1,1,1,1,2,1,0,1,5,1,1,3,1,1,1,1,2,1,1,1,1,1,1,1,2,3,4,1,4,21
1,175,253,2,5,3,6,1,4,1,1,5,3,1,2,1,1,2,3,2,3,3,1,1,2,1,2,2,1,1,1,1,1,1,1,1,1,1,1,2,1,2,1,3,1,5,1,1,3,3,1,1,4,4,1,4,1,1,2,4,4,5,1,4,0,5,50
1,175,254,1,5,3,1,2,1,1,5,5,3,1,3,1,1,2,5,1,3,3,1,1,2,3,2,2,1,1,1,1,1,1,1,1,1,1,1,1,1,4,1,3,1,3,1,2,2,4,2,1,4,4,3,4,2,1,4,4,4,2,4,2,0,5,51
1,175,255,1,3,3,2,2,3,1,2,1,3,1,1,1,2,2,1,2,3,3,1,1,2,1,2,1,1,1,1,1,1,1,1,1,1,1,1,3,1,2,2,3,1,5,1,2,3,4,1,2,3,4,3,3,1,1,1,4,4,1,3,5,0,5,27
1,175,256,5,10,4,7,2,2,1,2,4,1,1,1,1,1,2,1,3,3,3,1,1,2,1,1,1,1,2,1,1,1,1,1,1,1,1,1,2,1,2,1,3,3,0,0,1,2,1,1,1,1,2,2,1,1,1,1,1,3,1,1,1,0,7,56
1,175,257,4,5,4,9,1,2,1,1,0,2,1,1,1,1,2,3,2,2,2,1,1,2,3,0,2,1,1,1,1,1,1,1,1,1,1,1,2,0,0,1,3,1,4,1,1,2,2,2,2,3,3,2,3,2,1,1,3,3,5,5,1,0,7,65
1,175,258,2,6,4,5,1,3,1,1,4,2,1,1,1,1,2,2,3,3,3,3,1,2,1,2,2,1,1,1,1,1,1,1,1,1,1,1,2,2,2,2,1,2,7,4,1,2,3,1,1,1,3,1,2,1,1,1,2,3,3,2,2,0,7,7
1,175,259,3,9,4,5,1,3,1,1,5,3,1,1,1,1,1,1,2,2,2,1,1,2,2,2,4,1,1,2,1,1,2,2,1,1,1,1,1,2,3,1,2,1,3,1,1,3,1,1,1,1,4,1,4,1,2,1,4,4,1,1,1,0,7,71
1,175,260,1,6,4,5,1,1,1,4,5,4,1,3,1,1,2,2,2,2,2,1,1,1,3,2,2,1,1,1,1,1,1,1,1,1,1,1,2,2,2,1,3,2,7,4,1,3,2,1,2,3,3,3,4,3,3,4,4,4,2,2,2,0,7,57
1,175,261,1,9,4,6,1,2,1,1,3,4,1,1,1,1,2,1,2,2,2,1,1,2,2,2,2,1,1,1,1,1,1,1,1,1,1,1,1,1,1,1,3,1,4,1,1,3,2,1,1,1,4,1,4,1,1,1,4,4,1,3,2,0,7,43
1,175,262,2,9,1,7,1,4,1,1,3,3,1,1,1,1,2,5,2,3,2,1,1,2,3,3,2,1,1,1,2,2,1,1,1,1,2,1,3,2,4,1,4,3,5,1,1,3,1,1,1,4,4,1,3,1,1,1,4,1,2,1,3,0,7,6
1,175,263,2,7,1,1,2,4,0,0,1,3,1,1,0,0,0,0,3,3,3,3,1,0,0,0,0,1,1,1,1,1,1,1,1,1,1,1,0,0,0,0,0,1,3,1,1,0,0,0,0,0,0,0,0,0,0,0,0,0,1,1,1,0,7,15
1,175,264,5,10,2,9,2,1,1,1,2,2,1,1,1,1,2,2,3,3,3,1,1,1,1,2,2,1,1,1,1,2,1,1,1,1,1,1,3,2,4,2,3,2,7,4,1,3,3,1,1,1,3,1,3,1,1,1,3,3,1,2,2,0,7,75
1,175,265,1,5,3,1,1,4,1,1,4,1,1,1,1,1,1,1,3,3,3,3,1,3,3,1,1,1,1,1,1,1,1,1,1,1,1,1,1,1,2,2,2,3,6,1,1,1,1,1,1,1,3,1,1,1,1,1,4,3,5,5,5,0,7,20
1,175,266,1,7,3,1,1,3,1,1,5,1,1,1,2,1,1,1,2,3,1,2,1,3,3,1,3,1,1,1,2,1,1,1,1,1,1,1,1,1,1,1,1,1,1,1,2,1,1,1,1,1,2,1,1,1,1,1,3,1,2,2,2,0,7,24
1,175,267,1,4,3,2,1,3,1,1,1,1,1,1,1,1,1,1,2,2,2,1,1,2,2,1,2,1,1,1,1,1,1,1,1,1,1,1,1,1,2,1,1,1,4,1,1,2,1,1,1,1,1,1,1,1,1,1,1,1,2,1,1,0,7,13
1,175,268,1,8,4,9,2,2,1,1,5,2,2,2,1,1,1,2,2,2,2,3,1,1,3,2,1,1,1,1,1,1,2,1,1,2,1,1,2,2,1,1,2,1,5,1,1,2,2,2,2,3,2,1,2,1,1,2,3,3,2,4,2,1,1,3
1,175,269,1,9,4,5,1,1,1,2,1,2,2,2,1,1,2,2,3,3,3,3,1,2,2,2,2,1,1,1,1,1,1,1,1,1,1,1,2,1,2,1,5,1,3,1,1,1,1,2,1,2,3,2,3,2,2,2,2,3,2,3,2,2,1,39
1,175,270,3,7,4,6,1,4,1,4,4,4,2,1,1,1,2,0,2,2,2,1,1,1,1,2,2,1,2,1,1,1,1,1,1,1,1,1,2,1,1,2,3,1,2,1,2,2,2,1,1,3,3,1,3,1,1,1,4,3,2,2,2,1,1,4
1,175,271,5,9,4,9,2,1,1,1,2,1,1,1,1,1,2,2,2,2,2,1,1,2,2,2,2,1,2,1,1,1,1,1,1,1,1,1,2,1,1,1,3,1,5,1,1,1,2,2,2,2,3,3,1,1,1,1,3,3,1,1,1,0,6,58
1,175,272,2,11,4,5,2,2,1,2,3,1,1,1,1,1,2,1,2,2,2,1,1,2,1,2,2,1,1,1,1,1,1,1,1,1,1,1,2,1,3,1,3,1,2,1,1,3,1,1,2,2,4,1,1,1,2,1,1,4,2,4,2,0,6,81
1,175,273,1,3,4,6,1,1,1,1,4,1,1,1,1,1,2,1,2,2,2,1,1,3,3,1,2,1,1,1,1,1,1,1,1,1,1,1,4,1,2,1,3,1,5,1,1,2,1,1,3,1,3,1,1,1,1,1,1,1,1,2,1,0,6,53
1,175,274,1,4,4,4,1,3,1,1,3,4,1,2,1,2,2,2,3,3,3,3,1,1,3,2,1,1,1,1,2,1,1,1,1,1,1,2,2,1,3,0,3,3,1,1,3,2,3,1,1,2,4,1,3,1,1,3,4,4,2,5,5,0,6,16
1,175,275,1,2,1,1,1,4,1,2,5,2,1,2,1,2,3,2,3,3,3,1,1,2,2,1,1,1,1,1,1,1,2,2,1,1,1,2,2,1,2,2,2,1,2,1,1,3,3,3,2,2,4,3,4,2,2,3,4,4,2,4,3,0,6,18
1,175,276,2,10,2,7,1,2,1,1,2,1,1,2,1,2,2,5,2,2,2,1,1,2,3,2,2,1,1,1,1,1,2,2,1,1,2,1,2,1,2,1,3,1,4,1,1,2,3,2,1,1,3,2,3,2,2,2,3,3,3,4,3,0,6,29
1,175,277,2,9,2,1,1,2,1,3,4,1,1,3,1,1,2,2,3,3,2,1,1,2,3,1,1,1,1,1,1,1,1,1,1,1,1,1,2,1,2,2,2,3,5,1,1,2,4,2,1,1,4,1,1,1,1,3,4,4,2,4,2,0,6,51
1,175,278,3,9,2,3,1,2,1,1,4,1,1,1,1,1,2,1,2,2,2,1,1,2,3,2,2,1,1,1,1,1,1,1,1,1,1,1,1,1,2,1,3,1,2,2,2,3,1,1,1,1,1,1,1,1,1,1,2,2,1,1,1,0,6,7
1,175,279,3,5,3,7,1,4,1,2,4,2,1,1,1,1,2,1,2,2,2,1,1,2,3,2,3,1,2,1,1,1,1,1,1,1,1,1,1,1,2,1,3,1,2,2,1,3,3,2,2,2,3,2,1,1,1,1,3,3,2,2,2,0,6,26
1,175,280,2,5,3,7,1,3,1,3,1,3,1,3,1,1,2,4,2,2,2,1,1,2,2,2,1,1,1,1,1,1,1,1,1,1,1,1,2,1,1,1,2,1,3,2,1,2,4,1,2,4,4,1,4,1,1,4,4,2,2,4,3,0,6,83
1,175,281,5,4,3,8,1,2,1,1,5,1,1,2,1,1,2,3,2,2,2,1,1,2,2,1,2,1,1,1,1,0,1,1,1,1,1,1,3,1,3,2,3,2,7,4,2,0,2,1,1,1,4,1,1,1,1,1,4,2,1,3,5,0,6,71
1,175,282,2,11,4,4,1,3,1,2,4,1,1,2,1,1,2,3,2,2,2,1,1,1,1,2,2,1,2,1,1,1,1,2,1,1,1,1,2,1,2,1,2,3,0,0,1,3,2,1,1,1,3,1,3,1,1,2,3,3,2,3,3,0,8,61
1,175,283,1,9,4,4,1,3,1,1,4,4,1,4,1,1,1,1,3,3,3,3,1,1,1,3,3,1,1,1,1,1,1,1,1,1,1,1,2,2,5,2,4,2,7,4,1,3,1,1,2,4,4,4,4,2,1,4,3,4,2,4,2,0,8,55
1,175,284,1,9,2,4,1,3,1,1,2,1,1,1,1,1,1,1,3,3,3,1,1,1,2,2,2,1,1,1,1,1,1,1,1,1,1,1,1,1,2,1,2,1,4,1,1,2,2,2,2,1,2,2,3,1,1,1,2,2,2,2,2,0,8,5
1,175,285,1,4,4,4,1,2,1,2,4,1,2,1,1,1,2,2,2,2,2,1,1,2,3,2,2,1,1,1,1,1,1,1,1,1,0,1,1,1,2,1,3,1,5,1,1,2,1,1,2,1,2,1,1,1,1,1,2,2,2,2,2,2,2,75
1,175,286,1,11,1,7,1,3,1,2,4,1,2,1,1,1,4,1,1,2,2,1,1,2,1,1,1,1,1,1,1,1,1,1,1,1,1,1,1,1,4,1,1,1,5,1,0,1,1,1,1,1,1,1,1,1,1,1,1,1,1,4,1,2,2,83
1,175,287,1,11,1,4,1,1,1,1,4,2,2,2,1,1,2,5,3,3,3,1,1,2,1,1,2,1,1,1,1,1,2,1,1,1,1,1,1,1,1,1,5,1,2,1,3,2,0,0,1,1,0,1,0,1,1,1,0,0,5,5,1,2,2,74
1,175,288,1,8,2,8,2,3,1,2,4,2,2,2,1,1,2,3,2,2,2,1,1,2,3,1,1,1,2,1,3,1,2,3,1,1,1,1,1,1,2,1,2,1,4,1,2,3,4,1,2,1,3,3,4,1,2,1,4,4,1,4,3,2,2,33
1,175,289,1,7,2,6,1,4,1,1,4,2,2,2,1,1,1,1,3,3,3,3,1,2,1,2,2,1,1,1,1,1,1,1,1,1,1,1,1,1,1,1,3,1,5,1,1,1,2,1,1,2,1,1,3,1,1,2,1,1,5,1,1,2,2,65
1,175,290,1,3,3,3,2,2,1,1,3,1,2,1,1,1,2,5,2,3,3,1,1,2,1,2,2,1,1,1,1,1,1,1,1,1,1,1,3,1,2,1,1,1,4,1,1,1,1,2,1,1,3,1,3,1,1,1,3,3,2,2,1,2,2,97
1,175,291,5,9,4,9,1,1,1,1,4,1,2,1,1,1,2,2,2,2,2,1,1,4,3,1,4,1,1,1,1,1,1,1,1,1,1,1,0,1,1,0,0,1,5,1,1,2,1,0,1,1,2,2,4,2,1,2,3,4,2,2,2,2,3,16
1,175,292,1,1,4,1,2,1,1,1,2,2,2,1,1,1,2,1,2,2,2,1,1,2,1,2,2,1,1,1,1,1,1,2,1,1,2,1,3,1,3,1,3,2,7,4,1,2,1,1,1,1,2,1,4,1,2,1,1,1,1,2,4,2,3,46
1,175,293,1,9,3,8,2,2,1,2,3,2,2,1,1,1,2,3,2,2,2,1,1,2,3,2,1,1,1,1,1,1,1,1,1,1,1,1,2,1,1,2,0,1,5,1,1,2,3,1,1,2,3,1,2,1,1,1,2,1,1,2,2,2,3,52
1,175,294,3,9,4,9,2,2,1,1,2,3,2,3,1,1,1,1,3,3,3,1,1,2,2,2,4,1,1,1,1,1,1,1,1,1,1,1,1,1,2,1,3,1,5,1,1,2,2,1,1,4,4,2,4,1,1,3,4,4,3,1,2,0,6,79
1,175,295,2,6,2,9,2,2,1,1,4,1,2,1,1,1,2,1,3,3,3,1,1,2,2,1,1,1,1,1,1,1,1,1,1,1,1,1,1,1,1,1,3,2,7,4,3,3,3,1,2,1,2,1,1,1,1,1,2,2,2,4,3,0,6,57
1,175,296,5,10,5,9,2,1,1,2,4,1,3,1,1,1,2,3,2,2,2,1,1,2,2,2,2,1,1,1,1,1,2,1,1,1,2,1,1,1,1,1,1,1,2,2,3,1,2,1,2,2,2,1,1,1,1,2,3,3,1,5,1,2,2,108
1,175,297,1,9,4,4,2,1,1,1,5,2,3,1,1,2,2,4,2,2,2,1,1,2,3,1,2,1,1,1,1,1,1,1,1,1,1,1,1,1,1,1,3,1,4,1,1,1,4,1,1,2,4,1,1,1,1,1,3,4,2,3,2,2,2,109
1,175,298,1,11,1,7,1,3,1,1,4,1,3,1,1,2,1,1,2,2,2,1,1,2,3,1,2,1,0,1,1,1,2,1,3,1,0,1,2,1,4,2,2,1,5,2,1,2,2,1,2,1,2,1,1,1,1,2,4,4,2,1,1,2,2,14
1,175,299,1,11,1,7,2,3,1,1,1,1,3,1,1,1,1,5,3,3,3,3,1,3,1,1,1,1,1,1,1,1,1,1,1,1,1,1,1,1,2,1,2,2,7,4,2,2,0,0,1,0,0,0,0,1,0,0,0,0,2,2,1,3,2,78
1,175,300,1,9,1,6,1,1,1,3,5,1,3,1,1,1,2,5,2,2,3,3,1,2,3,2,2,1,1,1,1,1,1,1,1,1,1,1,2,1,2,1,3,2,7,4,1,1,0,1,1,1,1,1,2,1,1,1,2,2,5,5,5,2,2,64
1,175,301,4,8,2,6,1,2,1,1,4,3,3,1,1,1,2,2,2,2,2,1,1,2,3,1,1,1,1,1,1,1,1,1,1,1,1,1,1,1,1,1,3,1,5,1,1,1,2,1,1,4,3,2,2,1,1,1,4,4,2,2,1,2,2,3
1,175,302,1,8,2,6,1,4,1,3,4,4,3,1,2,1,2,2,2,3,3,1,1,2,2,2,1,1,1,1,1,1,1,1,1,1,1,1,2,2,1,1,2,1,5,1,1,3,2,1,1,3,3,3,3,1,1,3,2,2,0,1,2,2,2,5
1,175,303,0,9,0,6,2,3,1,1,4,1,3,1,1,1,2,1,2,3,3,1,1,2,2,2,2,1,1,1,1,1,1,1,1,1,1,1,1,1,2,1,3,2,7,4,1,1,1,1,1,1,1,1,1,1,1,1,1,1,1,1,1,2,2,10
1,175,304,3,10,3,6,1,4,1,2,4,1,3,1,1,1,1,5,3,2,2,1,1,2,0,1,1,1,1,1,1,1,1,1,1,1,1,1,1,1,1,1,1,1,5,1,1,1,1,1,1,1,1,1,1,1,1,1,1,1,1,1,1,2,2,1
1,175,305,1,11,3,1,1,2,1,2,5,2,3,1,3,1,1,4,2,2,1,1,1,1,3,2,1,1,1,1,1,1,1,1,1,1,1,1,2,1,2,1,3,1,4,1,2,3,2,2,3,2,4,2,4,1,1,1,2,3,2,2,2,2,2,96
1,175,306,1,11,2,6,1,1,1,1,5,2,2,1,1,1,2,2,2,2,2,3,2,1,3,2,5,1,1,1,1,1,1,1,1,1,2,2,4,1,4,2,5,1,1,3,1,2,4,1,4,2,4,1,4,1,1,1,0,0,1,4,4,1,1,13
1,175,307,2,11,4,5,1,3,1,1,5,4,2,4,1,1,2,1,2,2,2,1,2,2,1,2,2,1,1,1,1,1,1,1,1,1,1,1,2,1,2,1,3,1,4,1,1,3,3,1,2,3,4,2,2,1,1,3,4,4,2,4,3,0,5,59
1,175,308,1,4,1,3,2,3,1,4,5,2,2,4,1,1,2,2,2,2,2,2,2,4,1,4,5,1,2,1,1,1,3,2,3,3,1,1,0,0,0,0,0,2,7,4,1,2,2,1,2,3,4,2,4,2,2,2,4,4,1,1,1,0,7,34
1,175,309,2,5,1,6,1,2,1,3,5,4,3,2,1,1,4,1,2,2,2,1,2,2,3,2,3,1,1,1,1,1,1,1,1,1,2,1,3,1,2,1,3,1,4,1,3,3,4,1,1,4,4,2,4,2,2,2,4,4,2,3,1,0,5,32
1,175,310,1,10,1,5,1,3,1,2,5,2,3,1,1,1,2,2,2,3,3,1,2,1,2,1,1,1,0,0,0,0,0,0,0,0,0,0,1,2,2,1,5,3,0,3,1,3,0,0,0,0,0,0,0,0,0,0,0,0,1,3,1,0,7,3
1,175,311,2,10,1,7,1,2,1,1,5,2,1,1,1,3,2,1,2,3,3,1,2,2,3,2,2,1,1,1,1,1,2,2,1,1,1,1,2,1,3,1,3,1,6,1,1,3,3,1,1,2,4,4,2,1,1,1,4,4,5,4,3,2,2,15
1,175,312,1,11,2,7,1,2,1,3,4,2,1,2,1,1,2,2,1,2,2,1,2,2,2,2,2,1,1,1,1,1,1,1,1,1,1,1,2,1,2,1,2,1,3,1,1,3,3,1,2,4,3,2,4,2,0,2,4,4,2,4,3,2,2,91
1,175,313,1,10,2,6,1,3,1,1,4,2,1,1,1,1,2,2,2,2,2,1,2,1,3,2,2,1,1,1,1,1,1,1,1,1,1,1,1,1,2,1,3,1,4,1,1,3,2,1,1,1,2,1,1,1,1,1,2,3,1,1,2,2,3,40
1,175,314,3,7,4,7,2,1,1,2,4,4,1,2,1,1,2,3,2,2,2,1,2,2,3,2,2,1,1,1,2,1,2,1,1,2,2,2,3,1,4,2,2,1,1,1,1,2,4,1,2,4,3,3,4,2,1,2,4,3,2,3,4,0,6,19
1,175,315,2,8,4,7,1,3,1,4,3,2,1,2,1,1,4,3,1,3,3,1,2,2,3,1,2,1,1,1,1,1,1,1,1,1,1,1,2,1,2,1,3,3,5,2,1,2,2,1,2,3,4,2,0,2,2,2,3,4,2,2,2,0,6,56
1,175,316,3,9,5,7,1,2,1,3,4,2,4,2,2,1,2,3,2,2,2,1,2,2,0,0,3,1,1,1,1,1,1,1,1,1,1,1,2,0,0,1,3,3,5,0,2,2,1,1,1,1,1,1,1,1,1,2,4,4,2,2,3,0,2,13
1,175,317,1,8,1,1,1,4,1,4,5,4,4,2,1,1,2,4,2,2,2,1,2,2,2,1,2,1,0,0,0,0,0,0,0,0,0,0,2,1,4,1,1,3,4,1,0,0,0,0,0,0,0,0,0,0,0,0,0,0,0,0,0,2,2,39
1,175,318,3,11,5,7,1,1,1,3,1,4,4,2,1,1,2,3,2,2,2,1,2,1,3,2,3,1,1,1,1,1,2,2,2,1,1,2,2,1,2,1,2,1,1,1,1,2,2,1,2,3,3,1,3,1,1,3,4,3,1,2,2,2,3,23
1,175,319,1,4,1,4,1,1,1,2,5,1,4,1,1,1,1,1,2,2,2,2,2,4,3,2,0,1,1,1,1,1,1,1,1,1,1,1,1,1,2,1,3,1,3,1,1,3,1,1,2,1,4,4,4,1,1,1,1,1,4,3,1,2,3,14
1,175,320,2,7,4,4,1,1,2,5,4,2,4,2,1,1,2,1,3,3,3,1,2,1,3,2,2,1,1,1,1,1,1,1,1,1,1,1,3,1,2,1,3,1,4,1,1,2,3,1,1,3,4,3,4,4,3,4,4,4,1,2,1,0,8,91
1,175,321,2,4,3,9,1,1,1,4,5,4,1,3,2,1,2,5,3,3,3,1,2,2,2,2,1,1,0,0,0,0,1,1,1,1,0,1,1,1,2,2,0,1,3,1,1,3,3,2,3,3,2,1,4,2,1,4,4,4,4,3,2,2,1,32
1,175,322,2,5,3,6,2,2,1,2,3,1,1,1,1,1,1,2,3,3,3,1,2,2,2,2,3,1,1,1,1,1,2,1,1,1,2,1,2,1,2,1,3,1,3,2,1,3,3,1,1,3,2,1,2,1,1,2,3,3,3,2,1,2,1,53
1,175,323,2,10,1,7,1,3,1,1,3,2,4,2,1,1,2,2,2,3,3,3,2,2,1,2,3,2,1,2,2,2,2,2,2,2,1,2,2,1,2,2,3,1,4,1,1,3,3,3,3,3,3,3,3,2,3,3,3,3,3,4,3,2,2,84
1,175,324,2,9,1,2,1,3,1,2,2,1,4,1,1,2,2,1,3,3,3,1,2,2,3,2,2,2,1,1,1,1,1,1,1,1,1,1,1,1,2,1,3,1,4,2,1,2,2,1,2,1,2,1,2,1,1,1,2,2,3,4,2,3,2,19
1,175,325,1,7,3,9,1,1,2,2,4,2,4,2,1,2,2,3,2,2,2,1,2,1,2,2,3,2,1,1,1,1,1,1,2,1,2,2,2,2,0,0,2,2,7,4,1,2,2,1,2,2,2,1,2,2,2,2,2,2,2,3,2,2,2,92
1,175,326,1,3,5,4,1,2,1,3,5,3,4,2,1,1,2,1,3,3,3,1,2,1,1,2,4,2,1,1,1,1,2,1,1,2,1,1,2,2,2,2,2,3,6,2,1,2,3,2,4,3,4,4,4,2,1,3,4,4,1,2,2,2,3,50
1,175,327,3,9,4,7,1,2,1,1,4,2,4,2,2,1,1,3,2,2,2,1,2,2,3,3,4,2,1,1,1,1,2,1,1,1,0,1,2,1,2,1,0,1,5,2,1,2,4,1,2,2,4,1,3,1,0,2,2,2,2,5,5,2,3,36
1,175,328,3,9,4,8,1,3,1,5,3,4,4,4,1,1,1,1,2,2,2,1,2,1,3,2,3,2,2,1,1,1,2,2,2,2,1,2,2,1,2,1,3,2,7,4,1,0,3,1,2,4,4,2,4,2,2,3,3,2,2,2,3,2,3,25
1,175,329,2,7,3,7,1,1,1,3,3,2,4,4,2,1,2,2,3,3,3,1,2,2,1,2,2,2,1,1,1,1,1,1,1,1,1,1,2,1,3,1,1,1,5,1,1,1,1,1,2,2,2,2,3,2,2,3,3,3,2,3,2,2,3,29
1,175,330,1,7,5,7,2,2,1,3,5,4,4,4,2,2,2,3,2,2,2,1,2,1,3,2,3,2,1,1,1,1,2,2,1,1,3,2,3,1,2,1,1,1,3,1,1,3,1,1,2,3,4,3,2,1,1,4,2,2,0,0,0,0,6,59
1,175,331,3,11,4,4,2,3,1,2,4,4,4,4,1,1,2,3,2,2,2,1,2,1,1,2,2,2,1,1,1,1,1,1,1,1,1,1,2,1,3,1,3,2,7,4,1,3,3,1,3,4,4,2,4,2,2,4,4,4,2,2,2,0,8,52
1,175,332,2,3,4,4,1,3,1,2,4,4,4,1,1,1,2,3,2,3,3,1,2,1,1,2,3,2,1,1,1,1,1,0,2,1,2,2,3,2,2,2,5,3,3,2,1,1,3,1,3,4,4,2,4,1,3,2,3,3,2,3,2,0,8,71
1,175,333,2,5,4,4,1,3,1,3,4,2,4,4,1,1,1,2,2,2,2,1,2,4,2,2,4,2,1,2,1,1,1,1,1,1,1,1,2,1,2,2,1,2,7,4,3,3,2,1,2,2,4,4,4,1,1,3,3,4,1,3,2,0,8,9
1,175,334,2,5,4,4,1,2,1,3,4,4,4,2,1,1,2,2,2,2,2,1,2,1,3,2,3,2,1,2,1,1,1,2,1,1,2,1,2,1,3,2,1,2,7,4,1,2,2,1,3,4,2,1,4,1,2,3,4,4,2,2,2,0,8,88
1,175,335,2,8,3,4,2,2,1,1,5,2,4,3,1,1,2,4,2,3,3,1,2,1,2,2,3,2,1,1,1,1,2,3,1,1,1,2,1,2,4,2,2,2,7,4,3,3,2,2,3,2,4,2,2,1,1,4,4,4,2,3,4,0,8,18
1,175,336,3,9,3,4,1,4,1,1,4,4,4,4,1,1,2,1,2,2,2,3,2,3,3,2,2,2,1,1,1,1,1,1,1,1,1,1,1,2,5,2,4,2,7,4,1,3,3,2,2,4,4,1,1,1,2,4,4,4,3,3,3,0,8,30
1,175,337,1,5,5,5,2,2,1,1,1,2,1,2,1,1,2,1,2,3,3,1,2,2,3,2,1,2,1,1,2,2,1,1,1,1,2,1,2,1,3,1,3,1,5,1,1,3,4,1,3,2,4,1,3,2,2,2,4,4,2,2,3,2,1,17
1,175,338,1,11,5,4,2,3,1,1,5,4,1,4,1,1,1,4,2,2,2,1,2,2,1,2,1,2,1,1,1,1,1,2,1,1,2,1,3,1,2,1,1,1,5,1,1,2,4,1,2,4,4,1,4,1,1,3,4,4,3,4,3,2,1,41
1,175,339,5,7,4,9,1,3,1,2,5,4,1,2,1,1,2,2,2,2,2,1,2,1,1,2,3,2,2,1,3,2,1,1,1,2,2,2,3,1,4,1,3,2,7,4,1,1,3,1,2,4,4,2,3,1,2,3,3,3,2,5,2,2,1,51
1,175,340,3,10,4,2,1,3,1,2,1,1,1,1,1,2,4,2,3,3,3,1,2,2,1,2,2,2,1,1,1,1,1,1,1,1,1,1,2,1,2,2,3,1,4,2,1,2,2,1,2,1,2,1,1,1,1,1,3,2,5,3,2,2,1,18
1,175,341,1,8,1,6,2,4,1,5,4,3,1,3,2,1,2,1,3,3,3,1,2,1,2,2,2,2,1,0,0,1,0,0,1,1,0,0,2,1,3,1,3,3,7,4,3,3,4,2,4,4,4,4,4,1,1,4,4,4,2,4,2,2,1,38
1,175,342,2,10,3,4,1,2,1,1,3,4,1,1,1,2,2,1,2,2,2,2,2,2,1,2,3,2,1,1,1,1,1,1,1,1,1,1,3,1,3,2,1,1,5,2,2,3,1,1,2,2,3,1,3,1,1,1,2,3,3,2,2,3,1,43
1,175,343,3,11,5,4,1,4,1,2,5,4,1,4,1,1,2,2,3,3,3,1,2,1,1,2,3,2,1,1,1,1,1,2,1,1,2,1,2,2,4,2,4,2,7,4,1,3,3,2,4,4,4,2,4,2,2,4,4,4,3,4,2,1,4,57
1,175,344,2,6,4,2,1,3,1,2,5,4,1,2,1,1,2,2,2,3,3,1,2,1,3,2,3,2,1,1,1,1,1,2,1,1,2,2,2,1,2,1,5,2,7,4,2,2,3,2,2,3,4,2,3,2,1,3,3,3,2,2,3,1,4,54
1,175,345,1,6,2,6,1,3,1,2,5,3,1,2,2,1,2,2,2,2,2,1,2,2,3,2,3,2,1,1,1,1,1,1,1,0,0,1,2,1,3,1,3,1,4,2,1,3,4,1,3,4,4,2,4,1,2,2,4,4,1,2,2,0,5,29
1,175,346,1,5,3,6,0,3,1,2,4,4,1,1,1,1,2,5,3,3,3,1,2,3,3,2,2,2,1,1,2,1,1,1,1,1,1,2,2,1,2,1,3,1,5,2,2,2,4,2,2,3,2,2,4,2,2,4,4,4,5,4,2,0,5,49
1,175,347,1,11,3,4,2,2,1,1,4,4,1,2,1,1,2,2,2,2,2,1,2,2,3,2,3,2,2,2,2,1,3,2,1,1,2,2,2,1,3,2,5,1,5,2,2,0,4,2,3,3,4,2,2,2,2,2,4,4,3,2,3,0,5,76
1,175,348,1,3,3,4,1,2,1,2,5,2,1,1,1,1,2,2,2,1,1,1,2,2,3,2,3,2,2,2,1,1,2,2,1,2,1,3,3,1,2,1,2,1,4,2,1,2,2,2,2,3,4,2,4,2,2,3,4,4,2,3,3,0,5,65
1,175,349,2,9,4,3,1,4,1,1,5,2,1,2,2,1,2,4,3,3,2,3,2,4,3,2,4,2,1,1,1,1,1,2,1,2,1,2,3,1,2,1,3,2,7,4,2,2,3,2,3,2,4,2,3,1,1,2,4,4,5,5,5,0,7,73
1,175,350,2,10,3,7,1,3,1,2,4,2,1,1,1,1,2,2,2,2,2,1,2,2,3,2,2,2,1,1,1,1,1,1,1,1,1,1,3,1,2,2,2,2,7,4,2,2,3,2,3,3,4,2,2,1,1,2,4,3,2,3,2,0,7,35
1,175,351,3,10,3,9,1,3,1,1,5,4,1,2,1,1,2,1,2,3,3,1,2,2,3,2,3,2,1,1,1,1,1,1,1,1,1,1,2,2,4,1,2,2,7,4,2,3,2,1,2,3,3,1,2,1,1,2,2,3,1,3,2,0,7,1
1,175,352,1,10,3,5,1,4,1,3,4,2,1,2,1,1,2,2,2,2,2,1,2,2,1,2,4,2,1,1,1,1,1,1,1,1,1,1,2,1,2,1,2,2,7,4,2,2,1,1,1,2,4,3,4,1,1,2,4,4,2,2,1,0,7,29
1,175,353,3,10,3,6,1,4,1,1,5,2,1,1,1,1,2,1,3,3,3,1,2,1,3,2,2,2,2,2,2,2,1,1,1,2,2,2,3,2,4,2,5,2,7,4,2,2,3,1,2,2,3,1,2,1,1,2,3,3,2,3,3,0,7,23
1,175,354,1,10,4,7,1,1,1,1,5,1,2,2,1,1,2,4,2,2,2,2,2,2,1,2,1,2,2,1,2,1,1,2,1,1,2,1,2,1,4,1,3,1,3,1,1,3,3,1,2,2,4,1,1,1,1,3,2,2,1,2,3,2,1,33
1,175,355,4,10,4,3,1,3,1,1,3,1,2,1,1,1,2,1,2,2,2,1,2,2,2,2,3,2,1,1,2,1,1,1,1,1,2,1,3,2,5,1,4,1,4,1,1,3,3,1,3,1,4,1,4,1,1,1,3,4,3,4,2,2,1,9
1,175,356,3,10,1,7,1,3,1,1,4,2,1,1,1,2,2,2,2,2,2,1,2,4,1,2,5,2,1,1,1,1,1,1,1,1,1,1,2,1,3,1,3,2,7,4,3,3,4,0,1,1,4,1,3,1,1,1,3,3,5,4,5,0,6,54
1,175,357,1,5,1,1,1,4,1,1,4,2,1,1,1,1,2,3,3,3,3,3,2,2,3,2,4,2,1,1,2,1,1,1,1,1,2,2,3,1,3,2,3,3,6,3,1,2,1,1,2,2,3,1,4,1,1,1,2,2,1,3,2,0,6,65
1,175,358,1,11,2,7,2,1,1,4,5,4,1,2,1,2,2,3,2,2,2,1,2,2,3,3,2,2,1,1,1,1,1,1,1,1,1,1,3,1,4,2,2,1,1,2,1,3,2,2,2,4,4,2,2,2,2,3,3,3,1,4,2,0,6,34
1,175,359,3,10,2,7,1,2,1,1,3,4,1,2,1,1,4,3,2,3,3,1,2,2,1,2,2,2,1,1,1,1,1,1,1,1,1,2,3,1,4,2,3,2,7,4,2,3,2,1,2,3,3,1,3,1,2,2,3,3,2,5,5,0,6,27
1,175,360,1,11,3,7,1,2,1,3,3,2,1,1,1,1,2,1,2,2,2,1,2,2,3,1,2,2,1,1,1,1,1,1,1,1,1,1,2,1,2,1,3,1,5,1,1,3,3,2,1,1,3,2,3,1,1,1,4,4,1,4,2,0,6,28
1,175,361,2,4,3,7,1,2,1,3,3,2,1,2,1,1,2,3,3,3,2,1,2,2,2,2,2,2,1,2,2,1,2,2,2,2,1,1,2,1,3,2,2,1,3,2,2,2,2,1,3,2,3,3,3,2,3,3,3,3,4,2,3,0,6,9
1,175,362,2,7,3,7,1,4,1,3,3,1,1,1,1,1,2,4,2,2,2,1,2,2,3,2,2,2,1,1,1,1,1,1,1,1,1,1,3,1,2,1,3,1,3,2,1,2,3,1,2,2,3,1,2,1,1,2,3,3,1,2,1,0,6,85
1,175,363,2,10,3,7,1,1,1,1,4,1,1,1,2,1,2,5,2,2,2,1,2,2,3,2,2,2,1,1,1,1,1,1,1,1,1,1,2,1,2,1,3,1,3,1,1,3,1,1,0,1,3,2,4,1,1,1,3,4,2,2,2,0,6,78
1,175,364,4,9,3,9,1,3,1,1,3,1,1,1,1,1,2,2,2,2,2,3,2,2,3,2,2,2,1,1,1,1,1,1,1,1,1,2,1,1,3,1,3,3,6,0,3,3,2,1,2,1,2,1,2,2,2,2,3,2,2,4,2,0,6,90
1,175,365,5,9,3,9,1,4,1,1,4,3,1,1,1,1,1,1,2,2,2,1,2,2,1,2,3,2,1,1,1,2,0,0,1,1,2,1,2,1,2,2,3,2,7,4,2,3,2,1,2,4,4,2,2,2,2,2,3,3,2,4,3,0,6,30
1,175,366,4,9,3,5,1,3,1,3,1,4,1,2,1,1,2,1,1,2,2,1,2,2,2,3,3,2,1,1,2,1,2,2,1,2,2,2,2,1,2,1,1,2,7,4,2,3,3,1,2,4,4,4,4,4,4,4,4,4,2,2,3,0,6,46
1,175,367,3,7,3,5,1,2,1,1,4,3,1,1,1,1,2,2,3,3,3,1,2,2,3,3,3,2,1,1,2,1,1,1,1,1,1,1,2,1,2,2,3,1,3,1,3,2,3,2,3,4,3,1,2,1,1,1,3,3,5,3,2,0,6,32
1,175,368,2,5,5,4,1,2,1,3,5,3,1,2,1,2,2,2,2,2,2,1,2,1,3,2,2,2,1,1,1,1,1,2,1,1,1,2,2,2,5,2,4,2,7,4,2,2,3,2,2,3,4,2,3,1,2,2,3,3,2,5,2,0,8,2
1,175,369,2,4,4,1,2,2,1,2,5,2,1,1,1,1,2,2,2,2,2,1,2,1,3,2,2,2,1,1,2,1,3,3,1,1,2,2,2,1,2,1,3,1,5,2,2,2,3,1,3,2,4,1,3,1,1,3,3,4,2,3,2,0,8,96
1,175,370,2,7,4,4,2,2,1,2,5,2,1,2,1,1,2,3,3,2,3,1,2,1,1,2,1,2,1,1,1,1,2,1,2,2,2,1,2,1,3,1,3,3,1,2,1,3,3,1,2,2,3,2,3,2,2,2,3,3,1,2,2,0,8,17
1,175,371,2,11,5,5,1,3,1,2,1,4,2,1,1,2,3,3,2,2,2,2,2,2,1,2,3,2,1,1,1,2,1,1,1,1,1,1,3,2,5,1,4,1,4,1,2,3,2,3,2,3,2,1,3,2,1,1,3,3,2,3,2,2,2,60
1,175,372,0,6,4,9,2,1,1,1,3,1,2,2,1,1,2,1,2,2,2,1,2,2,3,2,3,2,1,1,1,1,1,1,1,2,1,1,2,2,0,1,4,1,2,2,1,2,2,1,3,2,1,1,2,1,1,2,3,3,2,0,3,2,2,59
1,175,373,1,0,4,5,1,2,1,1,4,1,2,1,1,1,2,2,2,2,2,1,2,2,1,1,2,2,1,1,1,1,1,1,1,1,1,1,2,1,3,1,3,1,4,1,1,3,2,1,2,1,3,1,2,1,2,1,3,2,1,2,3,2,2,72
1,175,374,2,10,4,6,1,1,1,1,4,2,2,2,1,1,1,1,2,2,2,1,2,1,2,3,3,2,1,1,2,1,3,2,1,2,3,1,3,2,4,2,2,1,1,2,1,3,1,0,4,4,2,1,3,1,1,4,4,4,2,5,4,1,2,37
1,175,375,1,6,4,1,1,2,1,4,5,2,2,4,1,1,2,3,2,2,2,1,2,2,3,2,3,2,1,1,1,1,1,1,1,1,1,1,2,2,3,2,2,1,4,2,2,2,3,1,2,3,4,1,3,1,1,1,3,3,2,3,2,2,2,18
1,175,376,1,9,1,1,1,1,1,4,4,2,2,2,1,1,4,1,2,2,2,1,2,1,1,3,3,2,1,2,2,1,1,2,1,1,1,1,2,1,3,1,3,1,4,2,1,3,3,1,2,2,4,3,4,3,3,2,4,4,1,5,3,1,2,23
1,175,377,1,8,2,5,1,1,1,3,2,3,2,2,2,1,2,2,1,3,3,1,2,2,3,2,2,2,1,1,1,1,1,1,1,1,1,1,2,1,2,1,3,1,5,1,1,2,2,2,2,2,3,2,3,2,2,3,3,3,2,2,2,2,2,89
1,175,378,1,4,3,4,2,4,1,1,4,2,2,1,1,1,4,5,1,3,1,1,2,3,1,1,2,2,1,1,0,0,0,0,0,0,0,0,2,1,2,1,5,1,2,1,1,3,2,1,0,0,0,0,0,0,0,0,0,0,5,5,5,2,2,81
1,175,379,4,5,4,9,2,4,1,1,3,4,2,2,1,1,2,3,2,2,2,1,2,1,1,2,2,2,1,1,1,2,2,1,2,2,1,2,2,1,2,1,3,1,2,1,1,3,0,1,2,2,2,1,2,1,1,3,2,2,2,1,2,2,3,17
1,175,380,1,2,4,1,2,1,1,3,2,2,2,2,1,1,2,3,2,2,2,1,2,2,3,2,2,2,1,1,2,1,2,2,1,1,2,2,3,1,2,1,3,3,6,2,1,2,4,1,2,3,4,3,4,2,2,3,4,4,2,3,2,2,3,45
1,175,381,1,7,2,6,1,4,1,1,4,2,2,4,1,1,2,1,2,2,2,1,2,1,3,2,3,2,1,1,1,1,1,1,1,1,1,1,2,1,2,1,3,1,5,1,1,3,3,1,2,3,3,1,4,1,1,4,3,1,1,4,2,2,3,20
1,175,382,2,10,4,7,1,1,1,3,5,2,2,1,1,1,2,3,2,2,2,3,2,2,3,3,4,2,1,1,1,1,2,2,1,1,1,1,1,2,4,1,2,2,7,4,1,2,3,1,1,2,3,2,2,1,1,1,2,4,2,3,3,0,6,77
1,175,383,1,3,4,1,1,4,1,1,5,2,2,4,1,1,1,1,3,3,3,1,2,2,3,2,3,2,1,1,1,1,1,1,1,1,1,1,3,1,1,2,3,1,5,1,2,2,1,1,1,2,2,2,2,1,0,2,2,2,5,5,2,0,6,50
1,175,384,3,8,2,8,1,2,1,1,4,2,3,1,1,1,1,1,2,2,2,1,2,2,1,2,3,2,2,1,1,1,1,1,1,1,1,1,1,1,3,1,2,1,5,1,1,2,3,1,2,1,3,2,3,2,1,1,3,3,1,2,2,2,3,18
1,175,385,3,7,4,1,1,3,1,2,5,2,3,2,1,1,1,1,1,2,2,1,2,2,1,2,3,2,1,1,2,1,1,1,1,1,2,2,3,1,2,2,2,1,4,1,2,2,2,1,3,2,3,1,3,2,1,2,3,4,1,2,3,0,6,2
1,175,386,1,10,5,4,2,3,1,2,1,3,2,2,1,1,2,3,2,2,2,1,3,2,3,2,3,2,1,1,1,1,2,2,1,1,2,2,3,1,4,1,3,1,1,2,2,2,2,1,3,3,4,1,4,1,1,4,4,4,3,3,2,0,5,52
1,175,387,3,8,2,7,1,1,1,1,5,2,2,2,1,1,2,2,2,2,2,1,3,2,1,2,3,2,1,1,1,1,1,2,1,1,1,1,2,1,2,1,3,1,5,1,1,2,3,1,3,2,4,2,3,1,1,2,4,3,1,3,2,0,5,15
1,175,388,1,4,4,6,1,2,1,2,1,2,3,1,1,2,1,2,3,3,3,1,3,1,1,3,4,2,1,1,1,1,1,1,1,1,1,1,2,2,2,2,2,2,7,4,1,2,2,1,2,2,3,2,3,2,2,2,3,3,1,4,5,1,4,53
1,175,389,2,4,4,4,1,2,1,4,4,3,3,4,1,1,2,2,2,2,2,1,3,2,2,3,4,2,2,1,1,1,2,2,2,2,2,2,4,1,4,1,2,1,1,3,2,3,2,2,3,4,4,3,4,2,2,3,4,4,2,4,3,0,5,18
1,175,390,3,11,3,7,1,4,1,2,5,4,3,1,1,2,4,3,3,3,3,1,3,0,0,0,0,2,1,2,2,1,1,2,1,1,2,2,3,1,3,1,1,1,3,2,1,3,3,2,2,2,4,1,3,1,2,1,4,4,2,4,2,0,5,19
1,175,391,1,10,2,7,1,3,1,3,2,2,1,2,1,2,2,3,2,2,2,3,3,2,3,2,4,2,1,1,1,1,1,1,1,1,1,1,3,1,3,1,3,1,2,2,3,3,3,2,3,3,3,1,1,1,2,2,4,4,5,3,3,2,2,42
1,175,392,3,10,5,1,2,2,1,3,2,2,1,3,1,1,2,3,2,2,2,1,3,2,3,3,3,2,2,1,1,1,2,2,1,1,2,2,3,2,5,1,4,1,3,1,1,1,2,1,3,2,4,4,4,2,3,4,2,3,2,3,2,2,3,1
1,175,393,1,10,3,6,1,4,1,1,2,2,1,4,2,1,2,1,2,2,2,1,3,1,3,2,4,2,1,2,2,1,1,2,1,1,2,1,2,1,2,2,3,1,3,1,1,3,3,1,2,2,4,1,3,1,1,3,3,2,1,2,1,2,3,55
1,175,394,2,3,5,6,1,1,1,4,4,2,1,1,1,1,2,3,2,3,3,3,3,2,3,2,3,2,1,1,1,1,1,2,1,1,1,1,2,1,1,2,3,2,7,4,2,2,4,2,3,3,4,3,4,4,3,3,4,4,1,3,2,0,6,11
1,175,395,2,10,4,4,2,3,1,2,3,4,4,2,1,1,2,2,2,3,3,1,3,1,1,2,3,2,1,1,1,1,2,2,1,1,1,1,2,1,2,1,2,3,0,0,1,3,3,1,3,3,4,1,3,1,1,1,3,4,1,2,2,0,8,41
1,175,396,2,11,3,7,1,3,1,2,3,2,1,4,1,1,2,3,2,2,2,1,3,1,3,2,3,2,1,1,1,1,1,1,1,1,1,1,3,1,3,2,5,2,7,4,3,3,3,2,3,3,4,2,3,2,2,3,4,4,2,3,2,1,4,41
1,175,397,2,5,4,6,1,2,1,3,5,3,1,2,1,1,2,1,2,2,2,1,3,2,1,2,3,2,1,1,1,1,1,1,1,1,1,1,2,1,2,1,3,1,4,1,2,2,4,2,2,3,4,3,4,1,2,2,4,4,2,2,1,0,5,22
1,175,398,1,3,4,5,1,1,1,3,3,3,1,1,1,1,1,1,2,2,2,1,3,2,2,2,3,2,2,1,1,1,2,2,1,1,1,1,3,2,1,2,5,2,7,4,2,2,4,2,2,3,4,2,4,2,3,3,3,3,2,2,1,0,6,10
1,175,399,1,9,2,6,1,3,1,2,4,1,1,1,1,1,2,2,2,3,3,1,3,2,2,2,4,2,1,1,1,1,1,1,1,1,1,1,2,1,2,1,2,1,2,2,2,2,3,1,2,2,3,2,4,1,0,1,4,2,1,2,2,0,6,6
1,175,400,2,8,3,7,1,2,1,3,4,4,1,1,1,1,2,3,2,2,2,1,3,2,1,3,3,2,1,1,1,1,1,2,2,2,1,1,3,1,2,0,3,2,7,4,2,3,3,2,3,4,4,2,2,0,2,1,4,4,1,1,2,0,6,72
1,175,401,2,3,5,1,1,2,1,3,1,4,1,3,2,2,2,1,2,3,3,1,1,5,2,5,6,4,1,1,3,1,1,2,1,1,1,1,5,0,5,0,4,2,7,4,2,2,3,1,3,3,4,2,2,2,1,4,4,4,5,1,1,0,8,7
1,175,402,3,9,5,1,1,3,1,4,5,2,1,2,1,1,2,3,2,2,2,1,1,5,1,5,6,4,1,1,1,1,1,1,1,1,1,1,5,0,5,0,4,2,7,4,2,3,2,1,1,4,4,3,3,2,1,4,3,3,5,3,1,0,8,33
1,175,403,4,8,4,5,2,4,1,2,5,2,1,1,1,1,4,3,2,2,2,1,1,5,3,5,6,4,1,1,1,1,1,2,1,1,1,2,5,0,5,0,4,2,7,4,2,2,2,2,1,3,3,2,3,3,2,1,4,2,2,3,2,0,8,50
1,175,404,3,4,1,1,1,3,1,3,5,4,1,1,1,1,2,3,2,2,2,2,1,5,1,5,6,4,1,1,2,1,3,3,1,1,1,1,5,0,5,0,4,2,7,4,1,3,3,1,3,4,1,1,1,1,1,2,4,4,2,1,1,0,8,82
1,175,405,1,9,3,1,2,4,1,1,5,1,1,1,1,1,2,2,2,2,2,1,1,5,3,5,6,4,1,1,1,1,2,0,1,1,1,1,5,0,5,1,4,2,7,4,2,2,1,2,2,1,2,1,1,1,1,1,2,2,1,2,2,0,8,89
1,175,406,4,11,3,7,1,2,1,1,4,0,1,2,1,1,1,2,2,2,2,3,3,2,3,3,3,2,2,1,1,1,2,1,1,1,1,1,1,1,3,2,2,1,3,1,2,0,2,2,3,3,4,2,2,2,2,3,1,4,2,3,4,0,6,74
1,175,407,5,11,3,4,2,3,1,1,5,4,1,1,1,1,2,4,2,2,2,1,3,4,1,3,3,2,1,1,1,1,2,2,1,1,2,2,3,1,3,2,3,2,7,4,1,3,1,1,3,3,2,1,2,1,1,1,4,3,1,2,2,0,8,6
1,175,408,1,10,3,6,1,1,1,2,1,2,2,2,1,1,2,1,2,2,2,1,4,2,2,3,4,2,1,1,1,1,1,1,1,1,1,1,3,2,5,2,4,1,4,2,1,2,3,0,0,0,4,1,0,1,1,2,4,4,1,4,3,0,7,81
1,175,409,1,4,3,4,1,3,1,3,4,2,2,2,1,1,2,3,3,3,3,1,4,2,3,1,5,2,1,1,1,1,3,3,3,3,1,3,3,1,4,1,2,2,7,4,1,3,4,3,4,3,4,4,4,3,2,3,4,4,3,4,2,0,7,68
1,175,410,1,5,3,2,1,2,1,2,4,3,1,1,1,1,2,1,2,2,2,1,4,2,3,2,4,2,1,1,1,1,1,1,1,1,1,1,4,1,2,1,1,1,3,2,1,3,1,1,2,3,4,1,3,1,1,1,4,3,2,5,2,2,2,62
1,175,411,1,11,1,2,2,3,1,2,4,1,1,1,1,1,2,5,3,2,2,2,4,4,1,1,1,2,1,1,1,1,1,1,1,1,1,1,1,1,1,1,1,1,5,1,2,2,1,1,1,1,1,1,1,1,1,1,1,1,1,1,1,2,3,12
1,175,412,4,9,4,5,1,4,1,3,5,2,4,2,2,1,2,1,3,3,3,1,4,2,3,3,5,2,2,2,2,1,3,3,1,2,1,1,1,1,4,2,3,2,7,4,1,3,3,1,4,2,3,2,4,4,4,2,4,4,2,4,3,2,3,54
1,175,413,2,9,3,8,1,3,1,3,2,2,4,2,1,1,1,3,2,3,2,3,4,1,3,3,5,2,1,1,2,1,3,2,1,1,1,1,2,1,4,2,3,1,2,2,1,3,4,2,4,3,0,2,2,1,3,4,3,3,2,3,3,2,3,10
1,175,414,1,3,3,1,1,4,1,2,4,1,4,2,2,2,1,1,2,3,3,3,4,5,2,5,6,2,1,2,1,3,3,3,2,2,1,1,5,2,5,2,4,2,7,4,2,2,0,1,1,1,4,2,2,1,1,2,4,4,2,4,1,0,8,59
1,175,415,1,9,4,6,1,3,1,2,1,2,1,2,1,1,2,2,2,3,2,1,4,4,3,2,4,2,1,1,1,1,2,0,1,1,1,1,2,2,3,1,2,2,7,4,1,3,3,1,3,1,3,1,3,1,1,1,4,3,2,3,5,1,4,13
1,175,416,2,3,4,2,1,1,1,3,1,4,1,2,2,1,1,1,2,2,2,1,4,1,2,2,4,2,1,2,2,1,3,3,0,2,2,1,4,1,3,0,2,1,3,2,2,3,3,1,4,3,4,2,2,1,1,2,4,3,2,3,1,1,4,17
1,175,417,3,5,4,7,1,2,1,1,5,4,1,1,1,1,2,5,2,2,2,1,4,2,3,2,5,2,1,1,1,1,2,2,1,1,1,2,0,1,3,1,3,1,3,1,1,3,4,1,4,4,4,1,2,2,1,2,4,4,2,2,2,0,5,16
1,175,418,2,10,3,7,2,1,1,3,3,4,1,1,1,1,2,1,3,3,3,1,4,2,1,3,3,2,1,1,1,1,2,1,1,1,1,1,1,1,2,2,2,1,3,2,1,3,3,1,2,3,4,2,4,3,2,1,4,4,2,3,2,0,7,37
1,175,419,4,10,3,9,1,2,1,2,5,2,1,1,2,1,2,4,3,3,3,1,4,1,3,2,4,2,2,1,2,1,2,1,1,2,2,1,2,0,4,1,3,3,1,2,1,3,2,1,2,2,4,1,4,1,1,1,4,3,2,3,2,0,7,14
1,175,420,2,9,3,7,1,1,1,1,5,1,1,1,1,1,2,2,2,2,2,3,4,2,2,1,1,2,1,1,1,1,1,1,1,1,1,1,4,1,4,2,3,2,7,4,1,1,4,1,2,1,3,1,4,1,1,1,2,3,1,2,3,0,6,61
1,175,421,3,8,4,9,1,2,1,5,5,3,3,4,2,1,1,4,2,2,2,1,5,1,3,3,5,2,1,1,1,1,1,1,1,1,1,1,4,2,5,1,4,1,1,2,1,3,4,1,3,4,4,4,4,4,4,4,4,4,4,4,4,2,1,45
1,175,422,2,10,2,6,2,4,0,0,4,2,3,2,0,0,0,0,2,2,2,1,5,0,0,0,0,2,1,1,3,1,1,1,1,1,1,1,0,0,0,0,0,2,7,4,2,0,0,0,0,0,0,0,0,0,0,0,0,0,5,2,3,0,5,58
1,175,423,1,11,1,4,1,2,1,1,4,3,1,4,1,1,3,1,1,1,1,1,5,1,1,3,4,2,1,2,1,1,3,3,0,0,3,2,3,1,1,2,3,1,5,1,2,2,3,3,4,4,2,2,4,1,1,4,4,4,2,2,1,2,2,105
1,175,424,2,6,5,5,1,2,1,4,4,3,1,2,1,1,4,5,3,3,3,1,5,2,3,3,3,2,1,2,2,2,1,1,1,1,2,2,3,1,2,1,5,1,3,2,1,3,2,1,3,4,3,1,2,2,1,3,3,3,2,2,2,0,6,8
1,175,425,2,7,2,2,2,3,1,1,4,2,4,4,1,1,4,1,2,3,3,1,5,1,2,2,5,2,1,1,1,1,2,2,1,2,1,1,1,1,3,1,5,1,2,1,1,3,3,1,2,3,4,2,2,1,1,2,4,2,1,5,5,2,3,43
1,175,426,3,10,3,9,1,2,1,2,4,4,4,1,1,1,2,1,2,2,2,1,5,2,1,2,2,2,1,1,1,1,1,1,1,1,1,1,2,1,2,1,3,1,4,2,1,2,2,1,2,2,3,1,3,1,1,1,3,3,1,2,2,2,3,39
1,175,427,1,5,3,6,0,4,1,2,5,1,1,1,1,2,4,5,3,3,3,1,5,2,3,3,5,2,1,1,1,1,3,3,1,1,1,1,2,1,4,1,3,3,7,4,3,3,3,2,3,2,4,1,3,2,2,2,4,4,5,5,5,1,4,10
1,175,428,1,10,2,3,1,1,1,2,5,2,1,2,1,1,2,1,3,3,3,1,5,2,3,2,3,2,1,1,1,1,1,1,1,1,1,1,2,1,3,0,5,3,5,2,2,2,3,1,1,2,3,1,2,1,1,2,3,3,5,5,5,0,7,41
1,175,429,1,3,4,6,1,4,1,4,5,3,2,2,1,1,1,1,2,2,2,1,5,2,3,2,2,2,1,2,1,1,2,2,1,1,1,1,3,1,2,1,3,3,6,2,1,2,4,1,2,3,4,1,3,2,1,3,4,4,0,0,0,2,1,48
1,175,430,2,5,4,4,1,3,1,2,1,2,2,1,1,1,2,2,3,3,3,1,5,1,3,2,2,2,1,1,1,1,1,1,1,1,1,1,2,1,1,1,3,1,2,1,1,2,2,1,1,2,3,1,2,1,1,1,4,2,1,0,2,2,1,21
1,175,431,3,7,2,9,1,3,1,2,1,2,3,1,1,1,1,2,3,3,3,1,5,2,1,2,4,2,1,1,1,1,1,1,1,1,1,2,3,1,3,2,5,1,2,2,2,2,0,1,2,2,1,1,2,1,1,1,1,2,5,5,5,2,2,17
1,175,432,2,7,3,5,1,2,1,3,4,3,1,3,0,0,0,0,0,0,0,0,0,1,3,2,4,2,1,1,1,1,2,2,1,1,1,1,3,1,1,2,1,1,4,1,3,2,4,1,2,4,3,2,4,1,2,2,4,4,3,3,2,2,2,58
1,175,433,1,10,5,6,1,2,1,2,5,2,2,2,2,1,2,3,0,0,0,0,0,2,1,2,2,2,1,1,1,2,1,1,2,2,2,2,3,2,4,1,2,1,4,1,1,2,4,2,4,2,4,4,4,2,2,2,4,4,2,5,3,2,1,44
1,175,434,1,9,1,5,1,2,1,4,5,3,2,2,1,2,2,2,0,0,0,0,0,2,3,2,2,2,2,1,2,1,1,1,1,1,1,1,2,1,3,2,3,1,3,2,3,3,3,1,2,4,4,1,4,1,1,3,4,4,2,2,1,2,2,38
1,175,435,1,4,3,7,1,2,1,3,5,4,2,4,1,1,1,3,2,3,3,1,1,2,3,2,2,1,1,1,1,1,1,1,1,1,1,1,2,1,3,1,3,1,3,2,1,3,3,1,2,4,3,2,4,1,1,3,4,4,2,3,2,1,1,11
1,175,436,4,9,5,9,1,4,1,5,5,2,2,2,2,1,2,2,2,2,2,1,1,5,3,5,6,4,1,1,1,1,2,1,1,1,1,2,5,0,5,0,4,1,2,2,3,3,2,1,2,3,4,2,4,2,1,3,3,3,4,3,5,1,4,31
1,175,437,5,11,4,9,2,1,1,2,5,2,2,2,1,2,4,5,1,2,2,1,1,5,3,5,6,4,1,1,1,1,1,1,1,1,1,1,5,2,5,1,4,2,7,4,3,3,1,1,3,3,2,1,1,1,1,2,3,1,2,5,5,0,7,76
1,175,438,2,11,3,7,1,2,1,1,5,3,2,2,1,1,1,1,2,3,3,1,1,5,1,5,6,4,3,1,1,1,1,1,1,1,1,3,5,0,5,0,4,2,7,4,1,3,3,1,1,4,4,2,4,2,2,2,4,4,3,3,2,0,7,33
1,175,439,3,6,4,9,2,3,1,2,5,3,4,1,1,1,2,1,2,2,2,1,1,5,2,5,6,4,1,1,1,1,1,2,1,1,1,1,5,0,5,0,0,3,7,4,1,2,3,1,2,4,4,2,4,2,3,1,4,4,2,2,1,1,4,20
1,175,440,1,10,4,5,1,4,1,1,5,2,4,2,2,1,1,3,3,3,3,1,1,5,1,5,6,4,1,3,3,1,3,3,1,1,3,1,5,0,5,0,4,2,7,4,1,1,2,1,1,3,4,1,1,1,1,1,3,3,2,3,1,1,4,28
1,175,441,2,10,2,7,1,4,1,2,3,2,4,2,4,1,1,1,3,3,3,1,1,5,3,5,6,4,0,0,0,1,0,0,0,0,0,1,5,0,5,0,4,1,3,1,3,0,4,1,2,4,4,1,4,1,1,3,4,4,2,4,1,1,4,62
1,175,442,3,8,3,7,1,2,1,1,5,1,4,1,1,2,2,2,2,2,2,3,1,5,3,5,6,4,1,1,1,1,1,1,1,1,1,1,5,0,5,0,0,3,7,4,3,0,1,1,1,1,2,1,1,1,1,1,1,1,2,2,2,1,4,15
1,175,443,3,3,3,6,2,1,1,3,2,1,4,1,1,2,2,1,3,3,3,2,1,5,3,5,6,4,1,1,1,1,2,2,1,2,1,1,5,0,5,0,4,2,7,4,2,2,2,1,2,1,4,2,1,1,1,1,4,2,2,2,1,1,4,22
1,175,444,4,6,4,9,2,1,1,1,1,1,4,2,1,1,4,5,2,2,2,1,1,5,2,5,6,4,1,1,1,1,2,2,1,1,1,2,5,0,5,0,4,2,7,4,1,2,0,1,2,1,3,2,4,0,1,2,3,3,5,5,5,0,7,69
1,175,445,1,6,1,6,1,4,1,2,4,1,1,2,1,1,2,1,2,2,2,3,1,5,3,5,6,4,2,0,2,0,1,1,1,1,3,1,5,0,5,0,4,1,4,1,1,3,4,1,2,1,3,1,4,1,1,2,2,2,3,4,3,4,2,101
1,175,446,2,9,3,9,1,1,1,1,4,1,1,1,1,1,2,5,2,2,2,1,1,5,3,5,6,4,1,1,1,1,1,1,1,1,1,1,5,0,5,0,4,1,5,2,2,2,2,1,2,1,1,1,3,1,1,1,1,2,1,2,2,4,2,79
1,175,447,4,7,5,1,1,3,1,1,5,2,3,2,2,2,2,1,1,3,3,1,1,5,1,5,6,4,1,2,1,1,2,2,1,1,1,2,5,0,5,0,4,3,0,0,1,2,1,2,1,1,3,1,1,1,1,1,2,3,2,4,2,0,8,22
1,175,448,4,7,5,9,1,1,1,1,1,3,4,2,1,1,2,3,2,2,2,1,1,5,1,5,6,4,1,1,1,1,1,1,1,1,1,1,5,0,5,0,4,1,3,2,1,2,1,1,2,4,2,1,3,1,1,2,1,1,3,3,2,2,3,11
1,175,449,2,10,4,7,1,2,1,1,1,4,4,2,1,1,2,1,3,3,3,3,1,5,0,5,6,4,1,1,2,1,1,2,1,2,1,1,5,0,5,0,4,2,7,4,1,3,3,1,1,4,4,1,2,2,1,1,4,4,2,3,1,2,3,60
1,175,450,1,8,5,4,1,1,1,2,5,2,4,2,1,1,2,2,2,2,2,1,1,5,3,5,6,4,1,1,1,1,1,1,1,1,1,1,5,0,5,0,4,1,5,1,1,2,2,1,2,2,3,2,2,2,1,2,2,2,1,2,2,0,8,79
1,175,451,3,6,4,4,2,3,1,3,4,2,4,1,1,1,2,3,2,2,2,1,1,5,3,5,6,4,1,1,1,1,1,1,1,1,1,1,5,0,5,0,4,1,2,1,1,2,3,1,1,2,4,2,3,2,1,2,4,4,1,2,1,0,8,36
1,175,452,1,9,4,4,1,3,1,3,4,2,4,3,1,1,2,3,2,2,2,1,1,5,3,5,6,4,1,1,1,1,1,1,1,1,1,1,5,0,5,0,4,2,7,4,1,3,3,2,1,3,3,3,3,1,2,3,4,4,2,2,2,0,8,37
1,175,453,3,5,4,4,1,4,1,3,5,2,4,1,2,2,2,4,2,2,2,1,1,5,3,5,6,4,1,1,1,1,2,2,1,1,2,1,5,1,5,1,4,1,2,2,1,1,1,1,2,2,3,3,4,1,2,1,1,2,1,2,2,0,8,62
1,175,454,2,5,4,4,1,4,1,2,4,1,4,1,1,1,2,4,3,3,3,1,1,5,3,5,6,4,1,1,1,1,3,3,1,1,1,3,1,2,2,1,3,1,5,1,1,3,4,1,2,2,4,1,4,1,1,2,4,4,2,2,2,0,8,56
1,175,455,3,9,4,4,1,3,1,1,4,2,4,2,1,1,1,1,2,2,2,1,1,5,1,5,6,4,1,1,1,1,1,1,1,1,1,1,5,0,5,0,4,3,0,0,1,2,3,1,1,3,4,4,4,2,1,3,4,4,0,0,0,0,8,95
1,175,456,2,6,4,4,1,4,1,3,4,1,4,4,1,1,1,1,2,2,1,1,1,5,1,5,6,4,1,1,1,1,1,2,1,2,1,2,5,0,5,0,4,1,5,1,1,0,0,0,0,0,0,0,0,0,0,0,0,0,1,2,3,0,8,90
1,175,457,1,3,4,4,1,2,1,2,4,2,4,1,1,2,2,5,3,3,3,1,1,5,1,5,6,4,1,1,1,1,3,2,2,2,2,2,5,0,5,0,4,1,3,1,1,1,1,1,2,2,3,2,3,1,2,2,1,1,5,5,5,0,8,34
1,175,458,1,2,1,1,1,1,1,1,5,1,4,1,1,1,1,1,2,3,3,3,1,4,2,1,2,4,1,1,1,1,3,2,1,1,1,1,1,1,2,1,3,2,7,4,2,1,4,2,4,4,4,4,4,4,4,4,4,4,1,1,1,0,8,58
1,175,459,1,9,2,1,2,4,1,1,5,3,4,4,1,1,2,2,2,2,2,1,1,5,3,5,6,4,1,1,1,1,1,1,1,1,1,1,5,1,5,1,4,1,5,1,1,2,3,2,2,4,4,1,3,1,1,3,3,3,2,3,3,0,8,11
1,175,460,3,6,2,4,1,3,1,3,4,4,4,4,2,1,2,2,3,3,3,3,1,5,3,5,6,4,1,1,1,1,1,1,1,1,1,1,5,0,5,0,4,2,7,4,1,3,3,2,1,3,4,2,4,1,2,3,4,4,3,2,2,0,8,66
1,175,461,2,8,3,1,2,2,1,1,4,1,4,1,1,1,2,1,2,2,2,1,1,5,3,5,6,4,1,1,1,1,1,2,1,1,1,1,5,0,5,0,4,2,7,4,2,2,1,1,1,1,2,1,1,1,1,1,2,2,3,3,2,0,8,27
1,175,462,1,4,3,1,1,3,1,3,5,3,4,2,2,1,4,1,1,3,3,1,1,5,1,5,6,4,1,1,1,1,1,1,1,1,1,1,5,2,5,2,4,2,7,4,2,2,4,2,3,4,4,3,4,2,1,2,4,4,5,2,1,0,8,77
1,175,463,2,2,3,1,2,3,1,1,4,2,4,2,1,1,2,1,2,2,2,1,1,5,2,5,6,4,1,1,1,1,1,1,1,1,1,1,5,0,5,0,4,1,5,1,2,2,0,1,1,2,3,1,1,1,1,2,3,2,3,2,1,0,8,25
1,175,464,1,4,3,4,2,2,1,3,4,2,4,2,2,2,2,2,3,3,3,1,1,5,3,5,6,4,1,1,1,1,1,1,1,1,1,1,5,0,5,0,4,1,2,1,1,3,2,1,3,2,4,2,3,3,2,3,3,4,1,2,2,0,8,73
1,175,465,1,4,3,4,2,2,1,1,4,1,4,2,2,2,2,1,1,3,3,1,1,5,3,5,6,4,1,1,1,1,1,1,3,1,1,1,5,1,5,0,4,1,4,2,2,2,1,1,1,1,1,1,1,1,1,1,1,1,2,0,1,0,8,60
1,175,466,3,6,3,4,1,4,1,3,5,4,4,2,2,2,4,2,2,2,2,1,1,5,1,5,6,4,1,1,1,1,1,2,1,1,1,1,5,0,5,0,4,1,6,0,1,3,2,1,2,4,4,2,2,1,2,2,3,3,3,3,2,0,8,68
1,175,467,1,9,1,9,1,1,1,2,4,2,1,1,1,1,1,2,2,3,2,1,1,5,2,5,6,4,1,1,1,1,1,1,1,1,1,1,5,0,0,0,0,1,2,1,2,2,3,1,1,2,4,1,3,1,1,1,4,2,5,5,5,4,1,23
1,175,468,3,3,5,6,1,3,1,2,1,2,1,2,1,1,4,3,2,2,2,3,1,5,1,5,6,4,1,1,1,1,2,1,1,1,1,1,5,1,5,2,4,2,7,4,2,3,1,1,1,2,3,1,3,2,1,1,2,2,2,4,2,1,4,40
1,175,469,1,2,5,3,1,4,1,2,5,2,1,2,1,1,2,4,2,2,2,1,1,5,3,5,6,4,1,1,1,1,1,1,1,1,1,1,5,0,5,0,4,1,6,2,1,1,3,1,1,2,3,2,3,1,2,2,3,3,2,4,2,1,4,30
1,175,470,3,7,4,7,2,1,1,2,5,2,1,1,1,1,2,2,2,2,2,1,1,5,3,5,6,4,1,1,2,1,2,2,1,1,1,2,5,0,5,0,4,2,7,4,1,1,3,1,3,2,3,3,3,2,2,2,3,3,1,2,2,1,4,12
1,175,471,4,5,4,9,1,2,1,3,5,2,1,2,2,1,2,1,2,2,2,1,1,5,3,5,6,4,1,1,1,1,1,1,1,1,1,1,5,0,5,0,4,2,7,4,1,2,1,1,1,2,4,2,3,1,1,2,2,1,2,5,2,1,4,34
1,175,472,1,9,4,2,2,2,1,3,4,3,1,4,1,1,1,3,2,2,2,1,1,5,1,5,6,4,2,1,1,1,1,1,1,1,1,1,5,1,5,0,0,1,3,1,1,0,3,1,2,4,4,2,2,1,1,4,4,4,3,4,2,1,4,19
1,175,473,2,9,2,5,1,3,1,2,5,4,1,1,1,1,1,1,3,3,3,1,1,5,3,5,6,4,1,1,1,1,1,1,1,1,1,1,5,0,5,0,4,2,7,4,3,2,3,1,1,1,3,1,1,1,1,1,3,3,2,4,2,1,4,16
1,175,474,1,7,3,5,2,2,1,1,5,1,1,1,1,1,1,1,2,1,1,1,1,5,1,5,6,4,1,1,1,1,1,1,1,1,2,2,5,1,5,1,4,2,7,4,1,0,1,1,1,1,4,1,4,1,1,1,4,4,2,2,3,1,4,32
1,175,475,2,10,5,5,1,3,1,2,5,3,1,1,1,2,2,1,2,2,2,1,1,5,2,5,6,4,1,1,1,1,1,1,1,1,1,1,5,0,5,0,4,2,7,4,2,3,4,1,1,4,4,2,4,1,1,1,4,4,2,2,2,0,7,27
1,175,476,2,9,4,7,2,3,1,3,4,1,1,1,1,1,2,1,2,2,2,1,1,5,1,5,6,4,1,1,1,1,1,1,1,1,1,1,5,0,5,0,4,2,7,4,2,0,2,1,2,1,3,1,1,1,1,1,3,1,1,2,2,0,7,50
1,175,477,2,8,1,1,1,4,3,1,3,1,1,1,1,1,1,0,2,2,2,1,1,5,3,5,6,4,1,1,1,1,1,0,1,0,1,0,5,0,5,0,4,0,0,0,0,0,0,0,0,0,0,0,0,0,0,0,0,0,0,0,0,0,7,9
1,175,478,1,10,1,1,1,3,1,1,4,1,1,1,1,2,2,1,3,3,3,3,1,5,3,5,6,4,1,2,1,1,1,1,1,1,1,1,1,1,4,1,3,2,7,4,2,2,1,1,3,1,3,1,3,1,1,1,3,3,1,1,1,0,7,12
1,175,479,1,4,1,1,1,4,1,2,4,1,1,3,1,1,1,4,3,3,3,3,1,5,2,5,6,4,1,3,1,2,3,1,1,1,1,1,5,2,5,1,4,2,7,4,2,2,3,1,1,1,3,1,4,1,1,4,4,3,2,2,2,0,7,19
1,175,480,3,7,3,7,2,1,1,2,4,1,1,1,1,1,2,1,2,2,2,1,1,5,0,5,6,4,1,1,1,1,1,1,1,1,1,1,5,1,5,1,4,2,7,4,2,2,1,1,0,1,1,1,0,1,1,1,0,1,2,2,5,0,7,38
1,175,481,2,10,3,6,1,2,1,2,2,2,1,2,1,1,2,2,2,2,2,1,1,5,3,5,6,4,1,1,1,1,1,1,1,1,1,1,5,0,5,0,4,2,7,4,3,3,2,1,3,2,3,1,2,1,1,2,4,2,1,2,2,0,7,26
1,175,482,0,10,3,1,2,1,1,1,5,1,1,1,1,1,4,5,3,3,3,3,1,5,3,5,6,4,1,1,2,1,1,1,1,1,1,1,5,0,5,0,4,3,6,2,1,3,2,1,2,1,3,4,0,1,1,1,4,3,5,5,5,0,7,4
1,175,483,1,4,3,3,1,2,1,2,3,1,1,1,1,1,2,2,3,3,3,1,1,5,2,5,6,4,1,1,1,1,1,2,1,1,1,1,5,1,5,0,4,2,7,4,1,3,2,1,2,1,3,2,3,1,2,2,4,3,1,1,2,0,7,59
1,175,484,1,4,3,1,2,4,1,2,5,1,2,1,1,2,2,1,3,3,3,1,1,5,3,5,6,4,1,1,1,1,1,1,1,1,1,1,5,0,5,0,4,1,5,1,1,2,1,1,1,1,2,1,1,1,1,1,3,2,1,2,3,4,2,50
1,175,485,1,3,3,1,0,4,1,1,5,1,3,3,1,2,0,1,3,3,3,1,1,5,3,5,6,4,3,3,3,1,1,1,1,1,1,1,5,1,5,0,4,1,1,0,1,3,1,1,2,2,4,1,4,1,3,3,1,1,1,1,4,2,3,2
1,175,486,2,10,5,7,1,4,1,2,4,1,2,1,1,1,2,1,1,1,1,1,2,5,3,5,6,4,1,1,3,3,3,3,1,1,1,3,5,0,5,2,4,2,7,4,2,3,4,3,4,4,4,4,4,4,4,4,4,4,1,1,3,1,4,44
1,175,487,5,7,4,5,1,4,1,1,5,2,2,4,1,1,2,3,3,3,3,3,2,5,0,5,6,4,1,1,1,1,1,1,1,1,1,1,5,0,5,0,4,3,0,0,1,3,2,1,3,3,3,2,3,1,2,3,3,3,1,1,1,1,4,66
1,175,488,2,7,3,8,1,4,1,4,5,3,2,2,2,1,2,3,3,3,3,1,2,5,3,5,6,4,2,2,1,1,2,2,1,1,2,1,5,0,5,0,4,2,7,4,3,3,4,2,4,4,4,3,4,2,3,3,4,4,3,3,3,0,7,51
1,175,489,2,10,1,5,2,4,1,2,5,1,4,1,1,1,1,1,2,2,2,1,2,5,3,5,6,4,1,1,1,1,1,1,1,1,1,1,5,2,5,1,4,2,7,4,2,3,2,1,3,1,4,1,4,1,1,1,4,4,1,1,1,1,4,35
1,175,490,5,7,3,7,1,4,1,1,4,1,4,1,2,2,1,1,2,2,2,2,2,5,2,5,6,4,1,1,1,1,1,1,1,1,1,1,5,0,5,0,4,2,7,4,2,3,1,1,3,1,4,1,4,1,1,1,4,1,4,4,2,0,4,39
1,175,491,4,9,3,9,0,4,1,1,2,4,4,2,1,2,2,3,2,2,2,1,2,5,1,5,6,4,1,0,0,2,1,1,1,1,2,1,5,0,5,0,0,3,0,0,1,1,1,1,2,3,3,1,2,1,1,2,2,1,1,2,1,1,4,11
1,175,492,1,0,1,6,1,3,1,2,1,4,1,2,1,2,2,5,3,3,3,1,2,5,3,5,6,4,1,3,0,1,0,0,2,2,0,0,5,0,5,0,4,3,0,0,0,1,4,2,2,3,3,1,4,2,1,3,4,4,5,5,5,1,2,40
1,175,493,1,3,5,4,1,3,1,4,4,2,4,3,2,1,2,1,3,3,3,1,2,5,3,5,6,4,1,1,2,1,1,1,1,1,1,2,5,1,5,1,4,1,4,1,1,3,2,1,2,3,4,2,4,1,2,4,1,2,2,2,2,0,8,70
1,175,494,5,3,5,4,1,1,1,1,4,1,4,1,2,2,2,1,2,2,2,1,2,5,1,5,6,4,1,1,2,1,2,2,1,1,2,2,5,2,5,1,4,1,1,1,1,3,3,1,1,2,4,2,2,2,2,3,4,4,2,3,1,0,8,93
1,175,495,2,10,4,1,2,4,1,1,5,1,4,1,1,2,2,5,2,3,3,1,2,5,1,5,6,4,1,1,1,1,1,1,1,1,1,1,5,1,5,1,4,3,3,2,1,1,2,1,1,1,4,2,2,1,1,1,1,1,2,5,2,0,8,85
1,175,496,1,6,4,2,2,1,1,3,5,3,4,2,1,1,2,2,2,3,3,1,2,5,3,5,6,4,1,1,1,1,1,1,1,0,1,2,5,0,5,0,4,1,3,2,2,3,0,1,2,2,4,2,3,2,2,3,3,3,1,3,1,0,8,15
1,175,497,2,6,4,4,1,3,1,1,4,2,4,4,1,1,1,1,3,3,3,1,2,5,3,5,6,4,1,1,2,1,1,1,1,1,2,1,5,0,5,0,4,1,1,2,1,3,4,2,2,4,4,2,2,1,2,4,4,4,1,2,2,0,8,84
1,175,498,2,5,4,4,2,3,1,1,4,1,4,1,1,1,2,2,2,2,2,1,2,5,0,5,6,4,1,1,1,1,2,2,1,1,1,1,5,0,5,0,4,1,4,2,1,3,3,1,2,2,3,2,4,1,1,2,3,2,2,2,2,0,8,65
1,175,499,1,4,4,4,1,4,1,2,5,4,4,2,1,1,1,2,2,2,2,3,2,5,2,5,6,4,1,1,1,1,2,3,1,2,1,1,5,1,5,1,4,2,7,4,1,1,1,1,3,3,4,2,3,1,1,2,4,4,4,4,2,0,8,74
1,175,500,1,6,4,4,1,3,1,3,1,3,4,4,2,1,1,3,2,2,2,1,2,5,2,5,6,4,2,1,2,1,2,2,1,1,2,2,5,2,5,0,4,1,1,1,1,3,2,2,3,4,3,2,4,1,3,3,4,4,1,2,2,0,8,75
1,175,501,3,3,4,4,1,2,1,2,5,4,4,4,1,2,2,1,2,2,2,3,2,5,3,5,6,4,1,1,1,3,2,2,1,1,1,2,5,0,5,0,4,1,3,1,1,3,4,1,3,4,4,4,4,2,2,4,4,4,1,2,3,0,8,57
1,175,502,2,8,4,4,1,2,1,1,5,2,4,3,1,1,2,4,2,2,2,1,2,5,1,5,6,4,1,1,1,1,3,2,1,1,1,1,5,0,5,0,4,1,3,2,1,2,3,1,2,2,4,1,2,2,1,3,3,4,0,0,0,0,8,63
1,175,503,1,10,3,9,1,3,1,1,4,1,4,4,1,1,2,4,2,2,2,1,2,5,3,5,6,4,1,1,2,1,1,1,1,1,1,1,5,0,5,0,4,2,7,4,1,3,3,1,1,2,4,1,4,1,1,4,4,4,2,5,3,0,8,64
1,175,504,3,11,3,1,0,4,1,2,5,1,4,0,1,1,1,1,2,2,2,1,2,5,3,5,6,4,1,1,1,1,1,2,1,1,1,1,5,0,5,0,4,3,0,0,1,3,4,1,3,2,3,1,3,1,1,3,3,3,1,1,1,0,8,80
1,175,505,2,3,3,4,1,3,1,1,4,1,4,1,1,1,1,1,2,2,3,1,2,5,1,5,6,4,1,1,1,2,1,1,1,2,1,1,5,1,5,2,4,2,7,4,1,3,2,2,0,1,1,1,2,1,1,1,4,2,2,3,5,0,8,86
1,175,506,2,7,5,5,1,2,1,2,5,2,1,1,2,2,1,2,2,3,3,1,2,5,2,5,6,4,1,1,2,1,2,2,1,1,1,2,5,0,5,0,4,2,7,4,1,2,3,2,2,3,4,2,2,1,1,1,3,3,3,4,2,1,4,36
1,175,507,2,11,1,7,1,4,1,3,5,2,1,2,2,1,4,3,2,2,2,1,2,5,1,5,6,4,1,1,2,1,1,2,1,1,1,2,5,0,5,0,4,3,7,4,3,3,4,2,1,2,3,2,2,1,2,2,3,3,2,2,2,1,4,29
1,175,508,3,7,2,7,1,4,1,3,2,2,1,2,1,2,4,2,3,3,3,3,2,5,3,5,6,4,1,2,1,1,1,1,1,1,1,1,5,0,5,0,4,3,0,0,3,0,2,1,3,3,4,3,4,2,3,3,4,1,2,2,2,1,4,64
1,175,509,1,9,2,6,2,3,1,3,3,2,1,2,1,1,2,2,2,2,2,1,2,5,1,5,6,4,1,1,1,1,2,2,1,1,1,1,5,0,5,0,4,2,7,4,2,2,3,1,2,2,3,2,3,1,3,3,3,4,0,0,0,1,4,25
1,175,510,4,8,5,5,1,3,1,4,5,4,1,4,1,1,2,3,2,2,2,1,2,5,3,5,6,4,1,1,1,1,2,2,2,1,1,2,5,0,5,0,4,1,1,3,1,3,4,1,3,4,4,1,2,1,1,3,3,3,2,1,3,0,7,10
1,175,511,2,11,4,7,1,2,1,4,5,4,1,4,1,2,2,3,3,3,3,3,2,5,3,5,6,4,1,2,2,1,1,2,1,1,1,1,5,0,5,0,4,0,0,0,0,0,3,2,4,4,4,2,2,1,2,4,4,4,2,3,2,0,7,32
1,175,512,3,10,4,5,1,3,1,2,5,4,1,1,1,1,2,5,2,2,2,1,2,5,2,5,6,4,1,1,1,1,1,1,1,1,1,1,5,0,5,0,4,2,7,4,2,3,2,1,3,3,3,1,1,1,1,1,4,4,2,2,2,0,7,22
1,175,513,5,8,3,9,1,4,1,3,5,2,1,1,1,1,1,1,2,2,2,1,2,5,3,5,6,4,1,1,2,1,1,1,1,1,1,1,5,2,5,2,4,2,7,4,1,3,4,1,2,2,4,2,4,2,2,2,4,3,2,3,1,0,7,63
1,175,514,1,5,3,2,1,0,1,2,4,1,1,2,1,1,4,5,2,3,3,3,2,5,3,5,6,4,1,1,1,1,1,1,1,1,1,2,5,1,5,1,4,1,3,1,1,2,2,1,2,1,4,1,2,1,1,1,4,4,5,5,2,0,7,36
1,175,515,1,6,4,1,2,3,1,2,5,3,1,2,1,1,3,4,2,2,2,1,2,5,2,5,6,4,1,1,2,1,3,3,2,2,1,2,5,2,5,1,4,1,5,1,1,1,4,1,3,4,4,2,3,1,1,2,4,4,2,4,3,0,8,81
1,175,516,3,4,4,4,1,3,1,3,4,2,1,2,1,1,1,1,2,2,2,1,2,5,1,5,6,4,0,1,1,1,1,2,1,1,1,1,5,0,5,0,4,1,4,1,1,3,4,2,2,2,2,2,2,1,1,2,2,2,1,2,2,0,8,94
1,175,517,2,9,4,7,1,1,1,1,1,2,4,2,1,1,2,2,2,2,2,1,3,5,2,5,6,4,1,1,1,1,2,2,1,1,1,1,5,0,5,0,4,1,3,1,2,2,3,2,2,2,4,3,4,3,3,3,4,3,1,1,1,1,4,61
1,175,518,1,4,1,6,1,3,1,1,5,1,4,3,3,1,1,1,3,3,3,3,3,5,3,5,6,4,1,1,1,1,3,2,3,1,1,1,5,1,5,2,4,3,7,4,1,3,1,1,1,1,1,1,4,1,1,3,1,1,4,4,4,1,4,26
1,175,519,2,5,3,3,1,3,1,2,5,1,4,1,1,2,2,2,3,3,3,3,3,5,3,5,6,4,2,1,1,1,1,1,1,1,1,1,5,0,5,0,4,3,7,4,2,2,0,1,3,1,3,1,3,2,2,2,2,3,2,3,2,1,4,6
1,175,520,4,4,4,9,1,3,2,1,5,2,4,2,1,2,2,2,3,3,3,1,3,5,3,5,6,4,2,2,2,1,1,2,1,1,2,2,5,0,5,0,4,2,7,4,1,3,2,1,2,3,4,1,4,1,2,2,4,2,1,2,3,0,7,72
1,175,521,2,6,3,7,1,4,1,1,5,4,1,1,1,1,2,5,2,3,3,1,3,5,3,5,6,4,1,1,2,1,2,2,1,2,1,1,5,1,5,1,4,3,2,2,2,2,3,1,2,2,3,2,3,1,1,1,3,2,4,4,3,2,3,48
1,175,522,1,10,4,7,1,3,1,4,4,4,4,4,1,1,2,3,2,2,2,1,3,5,3,5,6,4,1,1,1,1,1,1,1,1,1,1,5,0,5,0,4,1,4,2,1,3,3,3,3,4,4,4,4,3,2,4,4,4,3,3,2,2,2,30
1,175,523,2,6,4,1,1,3,1,3,5,4,4,2,1,1,2,3,2,2,2,2,3,5,0,5,6,4,1,1,1,1,2,2,2,2,2,1,5,0,5,0,4,2,7,4,1,3,3,2,2,3,4,2,4,4,3,3,4,4,1,2,2,0,8,76
1,175,524,1,3,4,4,2,2,1,2,4,2,4,1,1,1,1,2,2,2,2,1,3,5,3,5,6,4,1,1,2,1,1,2,1,1,2,1,5,0,5,0,4,1,4,1,1,3,4,1,1,2,1,1,1,1,1,1,4,4,2,3,2,0,8,40
1,175,525,2,9,4,4,1,3,1,1,4,2,4,2,1,1,2,5,2,2,2,1,3,5,0,5,6,4,0,0,0,0,0,0,0,0,0,0,5,0,5,0,4,1,4,2,1,2,1,1,0,1,1,1,4,1,1,1,1,1,1,3,2,0,8,35
1,175,526,1,3,2,4,1,2,1,3,4,2,4,1,1,1,2,3,2,2,2,1,3,5,3,5,6,4,2,1,2,1,1,1,1,1,1,2,5,1,5,0,4,2,7,4,1,3,3,1,2,2,3,1,2,1,1,2,3,2,1,2,3,0,8,26
1,175,527,3,4,5,3,1,3,1,3,5,4,1,2,2,1,4,3,2,2,3,1,3,5,0,5,6,4,1,1,2,1,1,2,1,1,1,2,5,0,5,0,4,1,3,2,3,3,1,1,3,3,4,2,3,1,2,3,3,1,2,2,2,1,4,63
1,175,528,2,6,4,2,2,1,1,3,2,4,1,4,2,1,2,3,2,2,2,1,3,5,2,5,6,4,1,1,1,1,2,2,1,1,1,2,5,0,0,0,0,1,3,2,2,2,2,2,2,3,3,2,2,1,1,3,2,2,1,2,1,1,4,18
1,175,529,2,8,4,7,1,3,1,4,5,3,1,4,2,1,2,5,2,1,3,1,3,5,3,5,6,4,1,1,1,2,1,1,1,1,1,1,5,2,5,2,4,2,7,4,1,2,4,1,0,4,4,3,4,2,1,4,4,4,2,2,2,0,7,11
1,175,530,2,11,2,6,1,4,1,1,4,2,2,2,1,1,2,3,2,2,2,1,4,5,3,5,6,4,1,1,1,1,2,1,1,1,1,1,5,2,5,2,4,1,6,1,2,3,4,4,4,4,4,4,4,4,4,4,4,4,2,2,3,0,7,25
1,175,531,3,9,3,3,1,4,1,4,5,3,4,3,1,1,2,2,2,2,2,1,4,5,3,5,6,4,1,1,1,1,2,1,1,1,1,1,5,2,5,2,4,2,7,4,1,3,4,4,4,4,4,4,4,4,4,4,4,4,2,2,5,1,4,50
1,175,532,1,5,4,3,1,4,1,1,4,1,4,1,1,1,1,1,1,2,2,1,4,5,1,5,6,4,1,1,2,1,1,1,1,1,1,1,5,2,5,1,4,2,7,4,2,1,2,1,4,1,3,3,4,1,1,1,3,3,1,3,4,0,8,54
1,175,533,2,10,4,4,1,1,1,4,5,3,4,3,1,1,2,2,2,2,2,1,4,5,3,5,6,4,3,3,3,3,3,3,3,3,3,3,5,2,5,0,4,1,1,2,1,2,4,4,4,4,4,4,4,4,4,4,4,4,1,2,1,0,8,67
1,175,534,1,11,4,6,1,3,1,3,3,2,1,1,1,1,2,1,2,2,2,1,4,5,2,5,6,4,1,1,1,1,1,1,1,1,1,1,5,0,5,0,4,2,7,4,1,3,1,1,1,2,4,3,4,1,1,2,4,4,1,1,1,1,4,33
1,175,535,5,8,5,7,1,3,1,1,5,3,1,1,1,1,2,3,2,2,2,1,4,5,3,5,6,4,1,1,1,1,1,1,1,1,1,1,5,0,5,0,4,2,7,4,1,3,2,3,1,4,4,1,3,1,2,2,4,4,3,3,3,0,7,60
1,175,536,3,9,4,9,1,3,1,3,5,4,1,1,1,4,2,1,2,2,2,1,4,5,3,5,6,4,1,1,1,1,3,3,1,1,3,3,5,1,5,0,4,2,7,4,1,3,4,2,4,4,2,1,4,4,1,1,4,4,1,4,3,0,7,8
1,175,537,3,9,3,6,1,4,1,1,5,4,1,1,1,2,1,2,2,2,2,1,4,5,3,5,6,4,1,1,1,1,1,1,1,1,1,1,5,0,5,0,4,2,7,4,1,3,2,2,3,3,3,1,2,2,1,0,0,4,3,4,3,0,7,67
1,175,538,2,11,3,7,1,4,1,2,5,0,2,2,2,1,2,5,2,3,3,1,5,5,0,5,6,4,1,1,2,1,1,1,1,1,1,1,5,0,5,0,4,0,0,0,0,0,0,0,0,0,0,0,0,0,0,0,0,0,0,0,0,1,4,46
1,175,539,1,5,3,6,1,4,1,4,1,2,2,3,1,1,4,5,3,3,3,3,5,5,3,5,6,4,1,1,2,1,1,1,1,1,1,1,5,2,5,0,4,2,7,4,3,2,3,2,3,3,4,1,3,1,2,3,2,2,4,4,4,1,4,2
1,175,540,2,10,1,6,1,3,1,4,1,2,2,2,1,1,1,1,3,3,3,1,5,5,3,5,6,4,1,1,3,1,3,3,1,1,3,3,5,0,5,0,4,2,7,4,3,3,4,1,4,3,4,2,4,1,2,2,4,4,1,2,1,0,7,62
1,175,541,2,7,1,6,1,4,1,1,4,2,2,1,1,1,2,1,2,3,2,1,5,5,0,5,6,4,1,1,1,3,1,1,1,1,1,1,5,2,5,2,4,2,7,4,2,3,4,1,4,1,4,2,4,1,1,1,4,4,5,4,1,0,7,31
1,175,542,2,6,3,6,1,2,1,2,3,2,2,2,1,1,2,2,2,3,3,1,5,5,3,5,6,4,1,1,1,1,1,1,1,1,1,1,5,0,5,0,4,3,6,3,3,3,3,1,2,3,3,2,3,3,2,0,4,0,5,2,3,0,7,46
1,175,543,1,11,2,4,1,4,1,2,5,3,3,3,2,1,1,1,0,0,0,1,5,5,3,5,6,4,1,0,0,0,0,0,0,0,0,0,5,0,5,0,4,1,2,2,1,3,0,0,0,0,0,0,0,0,0,0,0,0,1,5,5,1,4,60
1,175,544,1,9,1,7,2,4,1,1,5,2,4,1,1,4,2,5,3,3,3,1,5,5,3,5,6,4,1,1,2,1,1,1,1,1,1,1,5,0,5,0,0,3,7,4,1,3,4,1,2,2,4,2,0,0,2,2,2,4,5,5,5,1,4,24
1,175,545,2,5,1,6,2,3,1,4,5,3,4,3,1,1,2,1,0,2,2,1,5,5,3,5,6,4,1,3,3,1,3,3,3,3,3,3,5,0,5,0,4,0,7,4,1,3,4,1,4,4,4,4,4,1,1,4,4,4,2,3,2,1,4,43
1,175,546,2,9,3,7,2,3,1,1,5,1,4,1,2,1,2,1,3,3,3,1,5,5,3,5,6,4,1,1,1,1,1,1,1,1,1,1,5,0,5,0,4,2,7,4,2,2,2,1,2,1,4,1,4,1,1,1,2,2,2,3,3,1,4,65
1,175,547,2,6,3,8,1,4,1,1,5,3,4,1,1,1,2,1,2,2,2,1,5,5,0,5,6,4,0,1,1,1,1,1,1,1,1,1,5,0,5,0,4,2,7,4,2,3,3,1,3,3,3,1,3,1,1,1,4,4,1,4,3,0,7,74
1,175,548,2,9,3,7,1,2,1,2,4,1,1,1,1,1,1,1,3,3,3,3,5,5,3,5,6,4,1,1,1,1,1,1,1,1,1,1,5,2,5,2,3,1,5,1,2,3,3,1,3,1,3,1,3,1,1,1,3,3,5,4,3,4,2,34
1,175,549,1,5,3,4,1,3,1,1,4,1,4,1,1,1,4,1,2,2,2,1,5,5,2,5,6,4,1,1,2,1,1,0,1,1,1,1,5,0,5,0,4,1,4,1,1,2,0,1,0,0,0,0,0,0,0,0,0,0,2,4,1,0,8,19
1,175,550,1,3,3,4,1,4,1,2,4,2,4,1,1,1,1,1,3,3,3,1,5,5,3,5,6,4,1,1,1,1,2,1,1,1,1,1,5,2,5,0,4,2,7,4,1,3,1,1,1,1,2,2,3,1,3,3,4,4,4,3,2,0,8,78
1,175,551,1,4,4,5,1,2,1,4,5,2,1,2,1,1,1,5,3,3,3,1,5,5,3,5,6,4,1,1,1,1,2,2,1,1,2,3,5,0,5,0,4,3,0,0,2,3,3,1,2,4,4,2,4,1,2,4,4,2,5,5,5,1,4,51
1,175,552,1,8,4,5,1,2,1,4,5,4,1,1,1,1,2,1,2,2,2,3,5,5,0,5,6,4,1,1,1,2,1,1,1,1,1,1,5,0,5,0,0,3,0,0,2,3,4,2,0,3,4,3,4,2,2,2,4,4,2,3,1,1,4,5
1,175,553,3,10,2,9,1,2,1,1,5,2,1,1,2,4,2,3,3,3,3,3,5,5,3,5,6,4,1,1,1,1,2,1,1,1,2,2,5,0,5,0,4,2,7,4,3,0,4,2,4,3,2,1,1,1,2,3,4,4,1,2,1,1,4,52
1,175,554,1,6,3,6,1,4,1,4,1,2,1,2,1,1,1,1,3,3,3,1,5,5,3,5,6,4,1,1,2,1,3,2,3,3,1,3,5,0,5,2,4,3,5,2,1,3,3,3,2,2,4,3,2,1,3,3,4,4,5,5,5,1,4,45
1,175,555,1,3,5,5,1,3,1,1,1,4,1,3,1,1,2,3,2,2,2,1,5,5,3,5,6,4,1,1,1,1,1,1,1,2,1,1,5,0,5,0,4,2,7,4,2,3,4,1,4,4,4,2,4,1,1,2,3,4,2,2,2,0,7,64
1,175,556,4,10,2,7,1,3,1,3,4,4,1,2,2,1,2,2,3,3,3,1,5,5,0,5,6,4,1,1,1,2,2,1,1,1,1,2,5,0,5,0,4,2,7,4,3,2,2,1,3,3,4,2,4,2,2,2,3,3,5,5,5,0,7,58
1,175,557,2,11,2,6,1,1,1,1,5,3,1,4,1,1,2,2,2,2,2,1,5,5,3,5,6,4,1,1,1,1,1,1,1,1,1,1,5,0,5,0,4,2,7,4,1,3,3,1,3,4,4,2,4,2,1,4,3,4,2,2,2,0,7,30
1,175,558,2,11,3,6,1,3,1,1,4,1,1,1,1,1,1,1,3,3,3,1,5,5,0,5,6,4,1,1,1,1,1,1,1,1,1,1,5,0,5,0,4,2,7,4,2,3,4,1,0,0,4,1,4,1,1,0,4,4,5,5,0,0,7,47
1,175,559,1,3,3,3,1,3,1,2,5,4,1,1,1,2,2,1,3,3,3,1,5,5,0,5,6,4,1,1,1,1,3,3,1,2,1,1,5,0,5,0,4,2,7,4,2,2,1,1,3,4,4,1,3,1,1,1,4,4,2,4,2,0,7,70
1,175,560,2,10,2,7,1,4,1,3,4,2,3,1,1,1,4,3,2,2,2,1,0,5,2,5,6,4,1,1,1,1,1,1,1,1,1,1,5,0,5,0,4,2,7,4,1,0,1,1,2,4,4,2,4,3,2,1,3,4,5,5,0,0,7,40
1,175,561,1,6,1,7,2,4,1,3,1,1,4,1,2,1,1,1,3,3,3,1,0,5,0,5,6,4,1,2,1,1,1,1,1,1,1,1,5,0,5,0,0,0,0,0,1,3,1,1,2,1,3,1,3,1,1,1,1,1,3,4,1,1,4,27
1,175,562,1,11,2,8,1,4,1,1,5,3,4,3,1,1,2,1,2,2,2,1,0,5,0,5,6,4,1,1,1,1,1,1,1,1,1,1,5,2,5,0,4,2,7,4,3,0,1,0,0,1,0,0,0,0,0,0,0,0,1,3,1,4,2,106
1,175,563,1,4,3,4,1,4,1,1,4,1,4,1,1,2,2,1,3,3,3,1,0,5,0,5,6,4,1,1,1,1,1,2,1,1,1,1,5,0,5,0,4,3,0,0,1,2,1,1,1,1,2,2,1,1,1,1,2,1,1,2,1,0,8,83
1,175,564,2,10,3,9,2,1,1,2,4,1,1,1,0,0,0,0,2,2,2,3,0,5,1,5,6,4,1,1,1,1,1,1,1,1,2,1,5,0,5,2,4,3,4,2,1,3,1,1,1,1,2,1,2,1,2,2,2,4,1,2,3,4,1,27
1,175,565,3,10,2,4,2,3,1,2,4,0,1,0,1,1,2,0,0,0,0,0,0,5,3,5,6,4,1,1,1,1,1,0,1,1,0,0,5,0,5,0,4,0,0,0,2,2,1,1,0,1,2,1,1,1,1,1,1,1,1,0,0,1,4,58
1,175,566,3,7,2,7,1,3,1,5,3,4,1,2,3,1,2,5,2,2,2,1,0,5,1,5,6,4,1,1,1,1,1,1,1,1,1,3,5,2,5,2,4,2,7,4,2,2,3,1,1,4,2,4,4,2,4,4,4,4,1,1,4,0,7,54
1,175,567,1,2,4,4,1,3,1,3,4,1,1,1,1,1,1,1,1,2,2,1,1,0,0,0,0,0,0,0,0,0,0,0,0,0,0,0,3,1,1,1,3,1,3,2,2,2,1,1,2,1,4,3,4,1,1,1,4,1,2,3,3,0,5,79
1,175,568,2,11,1,6,1,3,1,1,4,1,3,1,1,1,2,2,2,2,2,1,1,1,2,1,3,0,1,1,1,1,1,1,1,1,1,1,1,1,2,2,1,1,2,1,1,2,1,1,1,1,1,1,1,1,1,1,1,1,1,2,3,2,2,48
1,175,569,2,10,1,7,2,1,1,1,5,1,1,1,1,1,2,2,3,3,3,1,2,4,3,2,5,0,1,1,1,1,1,1,1,1,1,1,2,1,2,0,0,3,0,0,3,3,2,1,0,1,3,1,2,1,1,1,4,2,1,2,1,5,1,47
1,175,570,1,3,4,6,1,4,1,4,4,4,2,4,1,1,1,1,3,3,3,1,2,2,3,3,1,0,0,0,0,0,0,0,0,0,0,0,2,1,2,2,2,1,2,2,1,2,4,1,3,3,4,1,4,4,2,4,4,4,1,4,4,0,6,49
1,175,571,1,7,2,5,2,3,1,1,4,1,1,1,1,1,1,3,2,2,2,1,3,3,3,3,4,0,0,0,0,0,0,0,0,0,0,0,0,0,0,0,0,0,0,0,0,0,0,0,0,0,0,0,0,0,0,0,0,0,0,0,0,3,2,55
1,175,572,2,9,4,0,1,4,1,3,4,1,1,1,1,1,2,1,2,2,0,1,4,2,3,4,3,0,1,2,3,2,1,2,3,2,1,2,1,2,4,2,5,2,7,4,3,3,0,0,0,1,3,0,1,1,1,0,1,1,2,3,3,2,3,5
1,175,573,2,6,4,9,2,1,1,1,2,1,3,1,1,1,2,2,2,2,2,3,4,4,2,4,0,0,1,1,1,1,3,2,1,1,2,2,1,1,0,1,2,3,3,1,1,2,4,1,4,1,2,1,1,1,1,1,4,4,1,2,2,2,2,107
1,175,574,2,9,1,5,2,1,1,1,5,1,1,1,1,1,2,0,0,3,0,0,5,4,3,0,5,0,0,0,0,0,0,0,0,0,0,0,0,0,0,0,0,3,0,1,0,3,0,1,0,0,0,0,0,0,0,0,0,0,1,0,0,5,1,46
1,175,575,1,11,1,3,1,4,1,2,4,2,1,1,1,1,1,2,2,2,2,1,5,0,0,0,0,0,1,1,3,3,3,3,3,3,3,3,4,0,4,2,3,2,7,4,0,3,4,4,4,2,4,2,2,2,2,1,4,4,3,3,3,0,7,45
1,175,576,4,9,1,9,0,1,1,3,5,4,1,4,2,1,1,4,3,3,3,1,5,2,3,2,5,0,1,1,1,1,1,1,1,1,1,1,3,1,2,1,3,3,5,1,1,2,4,1,3,3,4,0,4,1,2,4,4,4,5,5,5,0,6,73
1,175,577,4,10,3,7,2,4,1,5,5,2,1,1,0,0,0,0,2,3,3,3,5,1,3,1,4,0,1,1,1,1,2,2,1,1,1,1,3,1,4,1,3,1,1,0,1,3,4,1,1,4,4,1,4,4,1,1,4,4,1,3,4,0,6,5
1,175,578,1,0,0,8,2,0,1,0,0,1,3,1,1,0,4,5,0,0,0,0,0,0,0,0,0,0,0,0,0,0,0,0,0,0,0,0,0,0,0,0,0,1,3,1,0,0,1,1,1,1,1,1,1,1,0,1,1,1,0,0,0,2,2,82
1,175,579,3,9,1,9,2,1,1,1,5,1,1,1,1,1,2,1,2,2,2,1,2,2,1,2,1,1,1,1,1,1,1,1,1,1,0,1,2,1,3,1,3,1,2,1,2,3,1,1,2,1,2,1,2,1,1,1,2,2,2,2,2,0,5,42
1,175,580,2,4,4,4,1,4,1,2,2,2,2,1,2,1,2,5,2,2,3,3,2,2,2,1,2,1,1,1,1,1,2,1,1,1,1,2,2,1,1,1,2,1,3,1,1,1,4,1,2,2,4,1,4,1,2,2,4,4,2,2,4,2,1,19
1,175,581,1,4,4,4,2,3,1,1,4,2,1,1,1,1,2,1,2,2,2,1,2,1,1,2,3,1,1,1,1,1,2,2,1,2,1,1,3,1,3,2,1,1,2,1,1,3,1,1,2,2,3,1,1,1,2,1,3,3,1,2,2,0,6,47
1,175,582,3,10,1,7,2,2,1,1,4,1,1,1,1,1,2,3,2,2,2,2,2,1,2,2,2,1,1,1,1,1,1,1,1,1,1,1,2,1,2,1,3,3,5,1,1,2,3,1,1,1,2,2,3,1,1,2,3,4,1,1,1,0,6,76
1,175,583,2,11,2,5,1,1,1,1,5,2,1,4,1,2,2,2,1,2,2,1,2,2,2,2,2,1,1,1,1,1,1,1,1,1,1,1,4,1,4,1,2,1,5,1,1,3,1,1,2,2,3,1,2,1,1,1,2,2,1,2,1,0,6,86
1,175,584,3,4,3,1,1,0,1,2,5,4,1,1,1,1,1,1,1,3,3,1,2,2,1,2,1,1,1,1,2,1,3,2,1,1,2,2,2,1,3,1,2,2,7,4,1,2,2,1,2,1,4,1,1,1,1,1,4,2,5,4,1,0,6,15
1,175,585,4,9,4,4,1,4,1,2,5,2,1,2,1,1,2,2,2,2,2,1,2,1,1,1,2,1,1,1,1,1,1,1,1,1,1,1,2,1,3,2,3,3,0,0,1,2,2,1,2,2,3,2,3,1,1,2,3,3,2,2,3,0,8,20
1,175,586,3,4,5,4,1,3,1,1,4,4,2,4,1,1,2,3,2,2,2,1,2,2,3,1,1,1,1,1,1,1,1,1,1,1,1,1,2,1,2,1,3,1,2,1,1,2,3,3,3,3,3,3,3,3,3,3,4,4,2,3,2,2,2,66
1,175,587,5,2,4,1,1,2,1,2,4,1,2,1,1,1,3,1,2,2,2,2,2,1,3,2,2,1,2,1,1,1,1,2,1,1,1,1,2,1,1,1,3,3,4,1,2,2,1,1,2,1,3,3,3,1,1,1,4,1,0,0,0,2,2,94
1,175,588,1,9,2,6,2,2,1,1,4,2,2,1,1,2,2,2,3,3,2,2,2,2,1,1,1,1,1,2,1,1,2,1,1,2,1,1,1,1,3,1,3,2,7,4,1,2,3,1,2,3,3,2,3,2,1,3,3,4,2,3,1,2,2,20
1,175,589,1,7,2,7,1,3,1,3,2,2,2,2,1,1,2,3,3,3,3,1,2,2,3,2,2,1,1,1,2,1,1,1,1,1,1,1,3,1,3,0,1,1,4,2,3,3,3,1,2,2,4,3,3,2,2,2,3,4,5,4,2,0,6,3
1,175,590,5,2,3,1,1,1,1,2,2,2,2,2,1,1,1,2,1,3,1,1,2,1,3,2,1,1,1,1,2,1,2,2,1,1,1,2,2,1,1,1,1,1,5,1,1,2,2,2,2,2,3,2,3,2,1,2,3,3,3,2,1,0,8,51
1,175,591,1,10,4,7,1,4,1,2,4,1,1,1,1,2,2,3,2,1,2,1,3,2,3,2,1,1,1,1,1,1,1,1,1,1,1,1,4,1,1,1,1,1,5,1,1,3,1,1,2,1,1,1,1,1,1,1,1,1,1,2,2,2,2,100
1,175,592,1,3,2,4,2,3,1,2,1,1,1,1,1,2,2,3,2,3,3,1,3,3,3,1,4,1,1,3,2,3,0,2,1,3,0,1,3,1,2,1,3,2,7,4,1,2,1,3,2,1,4,4,3,4,2,1,2,4,2,2,2,2,2,110
1,175,593,1,5,5,5,1,2,1,4,5,3,1,1,1,1,2,1,3,2,2,1,3,2,3,2,1,1,2,2,1,1,2,1,1,1,1,1,1,1,2,2,2,1,1,1,1,1,3,1,2,4,2,1,4,1,4,2,1,4,1,4,3,2,1,31
1,175,594,2,9,1,5,0,1,1,4,4,1,3,2,2,1,2,2,3,3,3,1,4,3,3,2,2,1,1,1,1,1,1,1,1,1,1,1,2,1,1,1,3,1,3,1,2,3,4,1,0,1,4,3,4,1,3,2,4,4,1,2,4,0,5,21
1,175,595,1,10,1,0,2,3,1,1,1,1,1,1,1,3,2,1,3,3,3,3,5,3,2,1,2,1,0,0,0,0,0,0,0,0,0,0,1,2,4,2,3,2,7,4,1,0,1,0,0,1,1,0,0,0,0,1,0,0,1,2,2,1,2,7
1,175,596,1,10,2,6,1,3,1,1,4,2,1,2,1,1,1,1,3,3,3,1,5,1,3,2,3,1,1,1,1,1,1,1,1,1,1,1,3,1,3,1,3,1,5,1,1,1,1,1,2,2,2,1,2,1,1,1,2,2,5,5,2,2,3,58
1,175,597,1,9,4,5,1,2,1,2,4,4,4,2,2,1,2,1,2,2,2,1,5,1,3,3,5,1,1,1,1,1,1,1,1,1,1,1,3,2,2,1,2,2,7,4,2,2,1,1,1,1,1,1,1,1,1,1,1,1,4,4,3,2,3,22
1,175,598,3,5,3,6,2,2,1,3,4,1,1,2,1,1,2,2,2,3,3,1,5,2,1,2,4,1,1,1,1,1,1,1,1,2,1,1,2,1,3,2,2,2,7,4,3,3,4,2,3,2,4,2,4,2,2,2,4,4,1,3,2,0,7,28
1,175,599,1,11,1,6,2,4,1,1,2,1,2,1,1,1,2,4,3,3,3,1,5,2,3,1,1,1,1,1,1,1,1,1,0,1,1,1,3,1,3,1,1,3,3,2,1,3,1,1,1,1,1,1,1,1,1,1,1,1,1,1,1,2,3,37
1,175,600,1,7,2,0,0,0,1,2,4,2,2,2,1,1,2,2,2,2,2,1,0,2,1,2,2,1,1,1,1,1,0,0,0,0,0,0,2,1,2,1,3,1,4,1,1,2,2,1,1,1,2,1,0,1,2,0,0,0,2,2,2,0,5,33
1,175,601,2,8,3,6,2,3,1,2,4,4,2,1,1,1,1,1,2,2,2,1,1,2,2,1,2,1,1,1,1,1,2,1,1,1,1,2,1,1,2,1,1,1,4,2,3,2,2,1,2,1,4,2,4,1,2,1,3,4,2,1,1,2,1,52
1,175,602,4,10,3,2,1,1,1,1,5,1,2,1,1,2,2,2,2,2,2,2,1,1,1,3,2,1,1,1,1,1,1,1,1,1,1,1,2,1,2,1,3,1,4,1,2,2,1,1,1,1,3,1,3,1,1,1,2,2,0,0,0,4,1,26
1,175,603,3,4,3,4,2,2,1,3,4,2,2,1,1,1,1,3,3,3,3,3,1,2,3,2,2,1,1,1,1,1,1,1,1,1,1,1,1,1,1,1,3,1,5,1,1,2,3,1,1,2,2,2,2,1,1,1,2,2,1,3,3,3,1,12
1,175,604,3,9,5,4,1,2,1,2,5,3,2,1,1,1,0,1,2,1,1,1,1,2,3,2,2,1,1,1,1,1,1,1,1,1,1,1,1,1,2,1,3,1,4,1,2,2,2,1,2,4,3,1,3,2,2,2,3,3,2,4,3,0,5,6
1,175,605,2,6,4,7,1,3,1,3,5,0,2,1,1,1,1,5,2,2,2,1,1,2,3,2,2,1,1,1,1,1,1,1,1,2,1,1,2,1,4,1,3,1,5,1,1,2,3,1,2,3,4,1,3,1,1,1,3,3,2,3,3,0,5,73
1,175,606,5,8,4,7,1,2,1,2,5,1,2,1,1,1,2,1,2,2,2,1,1,2,3,2,2,1,1,1,1,1,1,1,1,1,1,1,2,1,2,1,3,1,4,1,1,3,3,1,1,1,3,1,2,1,1,1,3,3,3,3,3,0,5,35
1,175,607,3,9,4,7,1,3,1,3,5,3,2,1,1,1,2,2,2,2,2,1,1,2,1,2,2,1,1,2,2,1,1,1,1,1,1,1,2,1,2,1,1,1,5,1,1,3,4,1,1,4,4,2,3,1,3,1,4,4,2,2,1,0,5,44
1,175,608,3,8,4,7,1,3,1,3,1,3,2,1,1,1,2,4,2,2,2,1,1,2,1,2,2,1,1,1,1,1,1,1,1,1,1,1,2,1,2,1,2,1,4,1,1,0,2,1,1,4,2,1,3,1,2,1,1,4,2,1,2,0,5,45
1,175,609,2,6,4,5,1,1,1,3,2,4,2,1,1,1,2,1,1,3,3,1,1,2,2,2,1,1,1,1,2,1,1,1,1,2,1,1,2,2,1,1,1,1,5,2,1,2,4,2,1,3,4,2,3,1,1,1,4,4,2,3,2,0,5,13
1,175,610,1,4,4,2,2,1,1,3,5,1,2,1,1,1,2,1,1,3,2,1,1,2,1,1,1,1,1,1,1,1,1,1,1,1,1,1,2,1,2,1,3,1,4,1,1,0,1,1,1,1,2,1,1,1,1,1,2,1,1,2,3,0,5,30
1,175,611,2,11,4,4,2,3,1,1,4,1,2,1,1,1,2,1,2,2,2,1,1,2,1,1,2,1,1,1,1,1,1,1,1,1,1,1,2,1,1,1,3,1,5,1,1,3,2,3,1,1,4,1,1,1,1,1,3,3,2,3,2,0,5,66
1,175,612,1,5,4,4,1,2,1,1,5,3,2,2,1,1,4,5,2,2,2,1,1,2,1,2,2,1,1,1,1,1,1,1,1,1,1,1,2,1,4,1,1,1,4,2,1,2,3,1,2,3,4,2,2,1,1,1,4,2,1,3,3,0,5,55
1,175,613,2,10,1,6,1,3,1,2,2,4,2,1,1,1,2,1,1,1,1,2,1,2,1,2,1,1,1,1,1,1,1,1,1,1,1,1,1,1,3,1,1,3,2,1,2,3,3,1,1,2,3,1,3,2,1,1,3,4,3,2,1,0,5,37
1,175,614,2,6,2,5,1,4,1,1,5,2,2,1,1,1,2,1,3,3,3,1,1,2,1,1,1,1,1,1,1,1,1,2,1,1,1,1,2,1,2,1,3,1,4,1,3,3,3,1,1,1,3,2,2,1,1,1,3,3,5,4,2,0,5,46
1,175,615,0,10,2,6,1,2,1,2,4,2,2,2,1,1,2,2,2,2,2,1,2,2,1,2,2,1,1,0,1,1,1,0,1,1,1,1,2,1,2,1,3,1,4,1,1,2,2,1,1,1,3,2,3,2,2,2,3,3,2,2,2,0,5,34
1,175,616,1,3,2,4,1,3,1,1,5,1,2,1,1,1,2,1,2,3,3,1,1,2,3,1,1,1,1,1,1,1,1,1,1,1,1,1,2,1,4,1,2,3,4,1,1,3,1,1,1,1,3,1,1,1,1,1,3,3,5,5,5,0,5,61
1,175,617,4,10,3,9,2,1,1,1,1,1,2,1,1,1,2,1,2,2,2,1,1,2,1,1,1,1,1,1,1,1,1,1,1,1,1,1,2,1,2,1,3,1,5,1,1,0,0,0,0,0,0,0,0,0,0,0,0,0,0,0,0,0,5,25
1,175,618,2,10,3,4,1,2,1,2,5,2,2,2,1,1,1,1,2,2,2,1,1,2,2,2,1,1,1,1,3,3,1,1,1,1,2,1,2,1,2,2,2,1,5,1,1,3,4,1,1,2,4,2,2,1,1,2,3,3,4,3,4,0,5,36
1,175,619,1,4,2,2,1,4,1,1,2,1,2,1,1,1,2,5,2,2,2,1,1,2,3,2,2,1,1,1,1,1,1,1,1,1,1,2,2,1,4,1,3,1,4,1,1,1,2,1,1,2,2,2,2,1,1,1,2,2,2,4,1,0,7,53
1,175,620,1,3,5,6,2,2,1,3,5,1,3,1,1,1,0,2,3,3,3,1,1,2,0,1,1,1,1,1,1,1,1,1,1,1,2,2,1,1,4,1,2,1,5,1,1,3,1,1,1,2,3,2,4,2,1,1,3,2,2,3,3,2,1,29
1,175,621,1,3,5,2,1,2,1,2,1,2,3,2,2,1,2,2,2,2,3,1,1,2,2,2,1,1,2,3,2,2,1,1,1,1,2,1,1,1,1,1,2,1,5,1,1,2,3,2,2,3,4,3,2,1,1,3,3,3,2,3,2,2,1,50
1,175,622,1,7,4,5,2,2,1,3,4,4,3,1,1,1,2,1,2,2,2,1,1,2,1,2,3,1,2,1,1,1,1,2,1,2,1,2,3,1,2,1,3,1,3,1,1,2,3,1,2,3,3,2,3,1,1,2,3,3,1,4,2,2,1,8
1,175,623,1,10,3,6,1,3,1,0,3,2,3,0,2,1,2,0,2,2,2,1,1,2,1,2,1,1,1,1,1,1,1,1,1,1,1,2,1,1,2,1,0,1,3,1,1,2,4,1,2,3,4,2,4,1,1,3,4,4,3,2,1,2,1,30
1,175,624,3,10,4,7,1,2,1,3,5,3,2,2,1,1,2,2,2,2,2,1,1,2,3,2,2,2,1,1,1,1,1,1,1,1,1,1,3,1,2,2,3,1,4,1,1,3,3,2,1,4,3,1,1,1,2,1,4,4,2,4,3,0,5,57
1,175,625,4,7,4,7,2,1,1,2,5,2,2,1,1,1,2,3,2,2,2,1,1,2,3,0,2,2,1,1,1,1,1,1,1,1,1,1,2,1,1,1,3,1,5,1,1,2,3,1,1,3,4,1,1,1,1,1,3,4,3,3,3,0,5,1
1,175,626,2,10,1,5,2,1,1,1,4,4,2,1,1,1,2,1,2,3,3,1,1,2,1,2,2,2,1,1,1,1,1,1,1,1,1,1,3,0,3,1,1,1,5,1,1,3,3,1,1,1,3,1,2,1,1,1,4,4,3,4,3,0,5,54
1,175,627,2,6,2,6,1,3,1,3,5,3,2,1,1,1,2,3,2,2,2,1,1,2,3,2,1,2,1,1,1,1,1,1,1,1,1,2,2,1,2,2,2,1,5,1,1,3,4,1,1,4,4,1,4,1,3,1,3,3,1,1,3,0,5,40
1,175,628,1,9,3,5,1,3,1,2,2,2,2,1,1,1,2,2,2,2,2,2,1,2,1,2,2,2,1,1,2,1,1,1,1,1,1,2,3,1,2,1,2,1,4,1,1,3,2,2,2,2,3,2,2,2,2,2,3,3,1,2,3,0,5,47
1,175,629,1,5,3,1,1,3,1,1,5,1,2,1,1,2,2,2,3,3,3,1,1,2,1,1,1,2,1,1,1,1,1,1,1,1,1,1,2,1,3,1,3,1,4,1,3,3,1,1,1,1,3,1,3,2,1,2,4,4,2,4,2,0,5,72
1,175,630,1,3,4,4,1,3,1,1,3,2,2,2,1,1,2,1,2,2,2,1,1,2,2,2,2,2,2,1,1,1,2,2,1,1,1,2,2,1,2,1,2,2,7,4,2,2,4,1,2,2,4,1,3,1,1,2,4,4,2,4,4,0,7,44
1,175,631,1,6,1,6,1,2,1,2,4,2,2,1,1,1,1,1,2,2,2,1,1,2,3,2,2,2,1,1,1,1,1,1,1,1,1,1,2,2,2,2,3,1,5,1,1,2,3,1,1,2,3,1,1,1,1,1,3,3,2,2,3,0,7,42
1,175,632,1,7,4,7,2,2,1,3,4,3,3,1,1,1,2,1,2,2,2,1,1,2,1,1,1,2,1,1,1,1,1,1,1,2,1,1,1,1,1,1,3,1,5,1,1,2,3,4,1,4,4,4,4,1,3,3,4,4,2,4,3,2,1,5
1,175,633,2,7,2,7,2,1,1,3,5,4,3,1,1,1,1,1,3,3,3,3,1,2,1,2,2,2,1,1,1,1,1,1,1,1,1,1,1,1,2,1,1,1,4,1,1,2,4,1,2,2,4,1,1,1,1,1,2,4,1,2,1,2,1,28
1,175,634,2,7,5,6,2,2,1,2,5,3,3,1,1,1,2,3,2,2,2,1,1,2,1,2,2,2,1,1,1,1,1,1,1,1,1,1,2,1,2,1,3,1,4,1,2,3,4,1,2,4,4,2,3,1,2,1,4,4,1,3,2,0,5,60
1,175,635,3,9,4,7,1,1,1,3,5,3,3,1,1,3,2,1,2,3,2,1,1,2,1,2,3,2,2,2,2,1,1,2,1,1,1,2,3,1,3,1,2,1,4,2,2,1,4,4,3,4,4,4,4,2,1,2,4,4,1,3,3,0,5,9
1,175,636,3,9,4,6,1,2,1,3,5,3,3,1,1,1,2,3,2,2,2,1,1,2,3,2,2,2,1,1,1,1,1,1,1,1,1,1,2,1,2,2,3,1,5,1,1,2,1,1,2,4,4,4,4,2,2,2,4,4,1,2,3,0,5,8
1,175,637,2,5,3,5,1,3,1,1,1,2,3,1,1,4,2,2,2,2,2,3,1,1,3,2,2,2,1,1,1,1,2,1,1,1,1,1,2,1,2,1,3,1,4,1,1,3,3,1,1,2,4,2,3,1,1,1,4,2,2,2,2,0,5,62
1,175,638,4,9,3,9,2,1,2,1,5,1,4,1,1,2,2,3,3,3,3,1,1,2,3,2,2,2,1,1,1,1,1,1,1,1,1,1,2,1,3,1,3,1,2,2,1,3,1,1,1,1,2,1,2,1,2,1,4,2,5,5,5,2,1,40
1,175,639,3,10,4,7,1,1,2,1,5,3,4,3,3,1,2,1,2,3,3,1,1,2,3,1,1,2,1,1,1,1,1,1,1,1,1,1,2,1,2,2,3,1,4,2,1,2,4,1,2,4,4,1,2,1,1,4,4,4,2,4,2,0,5,2
1,175,640,1,11,4,7,2,3,1,1,5,3,4,3,1,1,2,1,2,2,2,1,1,2,3,2,4,2,1,1,1,1,1,1,1,1,1,1,3,2,5,2,4,2,7,4,2,3,4,1,2,4,4,4,4,4,1,3,1,4,1,1,3,0,7,49
1,175,641,1,6,4,3,2,3,1,1,5,2,1,2,1,1,2,2,3,3,3,1,1,2,3,2,2,2,1,1,1,1,1,1,1,1,1,1,2,1,3,1,3,1,5,1,1,2,2,3,1,2,3,2,3,2,2,2,3,3,1,3,1,2,2,56
1,175,642,1,3,3,4,2,3,1,1,2,1,1,1,1,2,2,3,3,3,3,1,1,2,2,2,3,2,1,1,1,1,2,2,1,1,1,1,2,1,3,1,3,3,6,0,1,2,2,1,2,2,3,1,4,1,1,1,4,4,2,3,2,2,2,28
1,175,643,1,9,5,7,1,1,1,1,4,1,1,1,1,1,2,1,2,2,2,1,1,4,3,3,4,2,1,1,1,1,1,1,1,1,1,1,1,1,1,1,3,1,5,1,1,2,1,1,1,1,1,1,2,1,1,1,2,2,1,1,3,2,3,44
1,175,644,3,5,4,9,1,4,1,4,3,4,1,1,1,1,1,1,2,2,2,1,1,2,3,2,2,2,1,1,2,2,3,2,1,1,1,1,3,1,2,2,2,1,4,1,1,3,3,1,2,3,2,1,4,2,2,2,1,2,2,2,2,2,3,62
1,175,645,2,7,2,8,1,4,1,2,4,2,1,1,1,1,4,5,3,3,3,1,1,1,3,2,4,2,1,1,1,1,3,2,1,1,1,1,3,1,4,1,5,1,1,2,3,3,2,1,2,1,4,1,2,2,1,2,4,1,5,4,4,2,3,28
1,175,646,3,4,3,5,1,2,1,1,4,2,1,1,1,1,2,2,2,2,2,1,1,2,1,2,3,2,1,1,1,1,1,1,1,1,1,2,2,1,2,1,3,1,5,1,1,2,2,1,2,3,2,1,4,1,1,1,4,2,3,1,3,2,3,15
1,175,647,2,0,5,5,2,2,1,3,5,2,1,2,1,1,2,2,2,2,2,1,1,2,0,2,3,2,3,1,2,1,1,2,1,1,2,3,3,1,1,1,3,2,7,4,1,1,2,1,2,3,4,2,4,1,1,2,4,3,1,3,2,0,6,92
1,175,648,1,7,5,6,1,4,1,1,4,1,1,1,1,2,2,1,2,2,2,1,1,2,3,2,2,2,1,1,1,1,1,1,1,1,1,1,2,1,1,1,3,1,5,1,1,3,2,1,1,1,3,1,1,1,1,1,3,0,2,4,5,0,6,48
