CARD.,DECK.,BALLOT.,,Q.1.,Q.2.,Q.3.,Q.4A.,Q.4B.,Q.5A.,Q.5B.,Q.6A.,Q.6B.,Q.7A.,Q.7B.,Q.8A.,Q.8B.,Q.9A.,Q.9B.,Q.10A.,Q.10B.,Q.11A.,Q.11B.,Q.12A.,Q.12B.,Q.13A.,Q.13B.,Q.14A.,Q.14B.,Q.15A.,Q.15B.,Q.16A.,Q.16B.,Q.17A.,Q.17B.,Q.18A.,Q.18B.,Q.19A.,Q.19B.,Q.20A.,Q.20B.,Q.21A.,Q.21B.,Q.22A.,Q.22B.,Q.23A.,Q.23B.,Q.24A.,Q.24B.,Q.25A.,Q.25B.,Q.26A.,Q.26B.,Q.27A.,Q.27B.,Q.28A.,Q.28B.,Q.29A.,Q.29B.,Q.30A.,Q.30B.,Q.31A.,Q.31B.,Q.32A.,Q.32B.,Q.33A.,Q.33B.,Q.34A.,Q.34B.,Q.35.,V.37A.,V.37B.,V.38A.,V.38B.,V.39A.,CARD..1,DECK..1,BALLOT..1,NA.1,V.39B.,V.39C.,V.40.
1,195,1,3,1,5,6,4,4,2,4,2,3,3,4,2,4,2,4,2,4,1,4,1,4,2,2,1,4,3,1,3,3,2,1,5,1,3,1,2,2,4,2,2,1,1,1,3,1,5,1,3,1,2,2,1,2,1,3,1,2,2,2,2,2,2,3,2,1,2,2,8,2,1,0,2,195,1,3,9,0,2
1,195,2,3,1,5,5,4,1,2,1,2,2,3,1,2,1,2,1,2,2,1,1,1,1,2,1,1,4,3,1,4,1,2,1,5,1,4,1,3,1,5,1,3,1,1,1,3,1,5,1,1,1,4,1,1,1,1,1,1,2,2,2,1,1,3,2,3,2,1,0,0,3,3,0,2,195,2,3,1,0,2
1,195,3,3,4,4,4,4,4,2,4,2,4,3,4,2,4,2,4,2,4,1,4,1,4,2,4,1,4,3,1,5,1,2,1,5,1,4,1,3,1,1,1,3,1,1,1,3,1,5,1,1,1,4,1,1,1,1,1,1,1,1,1,1,1,2,1,1,1,1,1,0,5,7,0,2,195,3,3,0,0,2
1,195,4,3,3,5,5,4,4,2,4,2,4,3,4,2,4,2,4,2,4,1,4,1,4,2,4,1,4,3,1,1,1,1,1,5,1,4,1,3,1,1,1,3,1,1,1,3,1,1,1,1,1,4,1,1,1,1,1,1,1,3,1,2,1,2,1,1,1,1,3,0,3,7,0,2,195,4,3,0,0,1
1,195,5,3,2,5,5,4,4,2,4,2,4,3,4,2,4,2,4,2,4,1,4,1,4,2,1,1,1,3,1,5,1,2,1,5,1,4,1,3,1,1,2,3,1,1,1,3,1,5,1,1,1,1,1,1,2,2,1,2,1,2,1,2,1,2,1,2,1,2,2,9,0,6,0,2,195,5,3,8,0,2
1,195,6,3,2,5,6,4,3,2,4,2,3,3,4,2,4,2,4,2,3,1,4,1,4,2,3,3,0,2,2,2,1,2,2,2,2,0,0,0,0,0,0,0,0,2,2,3,1,2,2,2,2,3,2,1,2,2,2,2,2,1,2,1,2,1,2,1,2,2,4,1,4,0,1,2,195,6,3,6,0,2
1,195,7,3,2,3,8,4,2,2,4,2,4,3,4,2,4,2,4,2,4,1,4,1,4,2,4,3,1,3,1,5,1,2,1,5,1,4,1,3,1,5,1,3,1,3,1,2,2,5,3,3,2,4,1,1,1,1,1,1,1,1,1,1,1,1,1,1,1,1,2,7,6,7,1,2,195,7,3,8,0,1
1,195,8,3,2,3,8,4,3,2,4,2,0,3,4,2,4,2,4,2,4,3,0,1,4,2,4,1,4,2,2,2,2,1,3,3,1,3,1,2,1,2,1,3,1,2,1,2,2,2,2,1,1,4,1,1,1,2,1,2,2,1,2,1,2,1,2,1,2,2,6,6,4,2,1,2,195,8,3,8,0,1
1,195,9,3,3,3,6,4,4,2,4,2,4,3,4,2,4,2,4,2,4,3,3,1,4,2,2,1,4,2,1,3,1,3,2,2,1,2,1,4,1,4,2,2,1,3,1,2,1,2,1,2,1,2,1,2,1,1,1,2,1,1,1,1,1,1,1,1,1,2,6,8,6,7,1,2,195,9,3,8,0,1
1,195,10,3,2,2,6,4,4,2,4,3,4,3,4,2,4,2,4,2,4,3,4,1,4,2,4,1,4,2,1,2,1,1,1,2,1,1,1,2,1,1,1,2,1,3,1,1,1,2,1,3,1,2,1,1,1,3,1,3,1,1,1,1,1,3,1,3,1,2,8,0,2,7,1,2,195,10,3,0,0,2
1,195,11,3,2,2,5,5,0,2,4,2,3,3,4,2,4,2,4,3,0,1,4,1,4,2,4,1,3,2,2,5,1,3,2,3,2,2,2,1,1,1,1,3,1,3,2,2,2,2,1,1,1,2,2,2,1,1,1,1,1,1,1,1,1,1,1,1,1,1,5,4,7,7,1,2,195,11,3,7,0,2
1,195,12,3,3,3,4,5,2,2,1,3,2,3,2,2,2,2,2,3,2,1,4,1,4,2,4,1,4,3,1,4,1,3,2,3,1,4,1,2,1,3,3,2,3,1,1,3,1,5,1,2,3,3,1,1,1,1,1,3,3,1,1,2,1,1,1,1,1,4,3,6,4,6,1,2,195,12,3,4,0,2
1,195,13,3,1,3,5,4,4,2,4,2,4,3,4,2,4,2,4,3,1,1,4,1,4,2,4,1,4,3,1,5,1,3,2,5,1,4,1,3,1,4,1,2,2,4,3,1,3,5,1,2,2,2,2,1,1,1,1,1,1,2,1,1,1,3,3,1,1,1,4,4,4,6,1,2,195,13,3,9,0,1
1,195,14,3,1,2,6,4,4,2,4,3,4,3,4,2,3,2,4,3,3,3,2,1,4,2,4,3,3,2,1,3,1,2,1,3,1,3,2,2,2,5,1,3,1,3,2,1,1,3,1,1,1,4,1,3,2,1,1,2,1,2,1,2,1,2,1,2,1,1,4,9,1,6,3,2,195,14,3,6,0,2
1,195,15,3,3,2,7,4,3,2,4,2,3,3,4,2,3,2,4,3,1,3,1,1,4,2,4,3,1,3,3,3,1,3,3,4,1,3,1,3,1,5,1,2,1,3,1,2,1,5,1,2,1,3,1,1,2,2,1,2,1,2,1,2,1,2,1,2,1,1,3,8,0,6,3,2,195,15,3,5,0,2
1,195,16,3,1,2,5,5,4,2,4,2,4,3,3,3,1,2,3,3,2,1,4,1,4,2,4,3,1,2,1,3,2,2,1,3,2,5,0,4,0,3,0,3,1,1,1,3,1,5,1,3,2,2,2,1,1,2,2,3,3,2,2,2,1,2,1,3,3,3,3,6,0,3,3,2,195,16,3,5,0,1
1,195,17,3,3,4,6,4,4,2,4,2,4,3,4,2,4,3,0,3,4,1,4,1,4,3,4,1,4,2,1,3,1,3,1,3,1,1,1,2,1,1,1,3,1,1,1,3,1,2,1,2,2,3,1,1,1,3,3,0,1,1,1,1,1,1,1,1,1,2,5,9,4,6,3,2,195,17,3,9,0,1
1,195,18,3,1,2,6,5,2,2,4,2,4,3,4,2,4,3,2,3,2,1,4,1,4,3,2,3,2,2,2,5,1,3,2,5,3,4,2,2,2,5,1,1,2,4,1,1,1,5,1,3,1,3,2,2,1,3,1,3,1,3,1,2,1,2,1,3,1,1,5,5,1,7,4,2,195,18,3,5,0,1
1,195,19,3,1,4,5,3,2,2,4,2,4,3,4,2,4,2,4,2,4,1,4,1,4,2,4,1,4,1,1,5,1,2,1,5,1,4,1,2,1,5,1,1,1,4,1,2,1,5,1,3,1,4,1,3,3,1,1,1,1,1,1,1,1,1,1,1,1,4,5,0,6,6,0,2,195,19,3,9,1,1
1,195,20,3,2,3,7,3,3,2,4,2,3,3,4,2,3,2,3,2,3,1,4,1,3,2,3,1,3,2,2,3,2,2,2,3,2,2,2,2,2,2,3,2,2,2,1,2,2,2,2,2,2,2,2,3,3,3,3,1,2,1,1,1,2,1,2,1,2,1,7,1,5,1,0,2,195,20,3,3,1,2
1,195,21,3,2,2,5,3,4,2,4,2,4,3,4,2,4,2,4,2,4,1,4,1,4,2,4,3,4,3,1,3,1,2,1,4,1,0,0,0,0,0,0,0,0,0,0,0,0,0,0,0,0,4,1,1,1,0,1,0,1,2,1,2,1,2,1,2,1,1,0,4,0,7,1,2,195,21,3,0,1,2
1,195,22,3,2,5,6,4,4,2,4,2,4,3,4,2,4,2,4,2,4,2,4,1,4,2,4,1,4,3,1,4,1,2,1,5,1,3,1,3,1,5,1,3,1,4,1,3,1,5,1,3,1,4,1,2,1,1,1,1,1,1,1,1,1,1,1,1,1,1,2,0,7,7,1,2,195,22,3,0,1,2
1,195,23,3,1,5,1,4,1,2,4,2,4,3,4,2,3,2,3,2,3,1,3,2,4,2,4,1,4,3,2,5,1,2,1,5,1,1,2,3,1,4,2,3,1,3,2,3,2,5,1,3,3,4,1,3,3,1,1,3,0,3,0,3,0,3,0,3,0,4,1,5,1,1,1,2,195,23,3,5,1,2
1,195,24,3,1,2,6,4,4,2,4,2,4,3,4,2,2,2,4,2,2,1,4,2,4,2,4,1,4,3,1,4,1,2,1,4,2,4,1,2,1,4,3,3,1,1,3,3,1,5,1,1,1,3,3,1,1,1,1,2,1,2,1,2,1,2,1,2,1,1,0,6,1,7,1,2,195,24,3,8,1,2
1,195,25,3,2,0,4,5,4,2,4,3,4,3,4,2,4,2,4,2,4,1,4,1,4,1,2,1,4,3,1,5,1,1,1,5,1,0,0,0,0,0,0,0,0,0,0,0,0,0,0,0,0,4,1,1,1,1,1,2,1,2,1,2,1,2,1,2,1,1,1,4,1,7,1,2,195,25,3,9,1,2
1,195,26,3,2,4,1,4,3,2,3,3,3,3,4,2,3,2,3,2,3,1,3,1,3,1,4,1,4,2,2,2,2,2,2,3,2,2,2,2,2,2,2,1,2,3,2,2,2,2,2,2,2,2,2,1,1,1,1,1,1,1,1,1,1,1,1,1,1,1,7,0,6,7,1,2,195,26,3,3,1,1
1,195,27,3,3,3,8,4,4,2,4,3,4,3,4,2,4,2,4,2,4,1,4,1,4,1,4,1,4,1,2,2,2,3,2,2,1,2,2,1,2,2,2,2,3,3,2,1,2,1,1,2,1,1,2,2,1,2,1,1,1,1,1,1,1,1,1,1,1,2,8,3,6,7,1,2,195,27,3,0,1,1
1,195,28,3,3,4,6,4,4,2,4,1,4,3,4,2,4,2,4,2,2,1,4,1,4,1,3,1,4,2,1,2,1,1,1,5,1,4,1,3,1,1,1,2,1,3,3,2,2,1,1,3,1,4,1,1,1,2,1,1,1,1,1,1,1,1,1,1,1,1,7,8,5,7,1,2,195,28,3,8,1,2
1,195,29,3,2,4,5,4,4,2,4,2,3,3,4,2,3,2,3,2,3,1,3,1,3,2,3,2,3,2,1,4,2,2,2,4,2,0,0,0,0,0,0,0,0,0,0,0,0,0,0,0,0,4,1,2,2,3,3,1,2,2,2,3,3,3,3,3,3,3,1,2,2,0,1,2,195,29,3,3,1,2
1,195,30,3,1,3,8,1,4,2,4,2,4,3,4,2,4,2,4,2,4,1,3,1,3,2,4,3,1,1,1,3,2,2,1,5,1,3,1,3,1,2,2,2,1,2,1,2,1,5,1,2,2,4,1,2,2,2,2,1,1,1,1,1,1,1,1,1,1,2,5,8,6,5,2,2,195,30,3,7,1,2
1,195,31,3,3,4,7,2,4,2,4,2,3,3,4,2,4,2,4,2,4,1,4,1,4,2,4,3,4,2,3,4,1,1,1,5,2,3,2,1,2,3,1,3,1,3,3,3,2,3,1,1,2,2,2,2,1,1,1,1,2,1,1,1,1,1,1,3,1,1,3,4,6,6,2,2,195,31,3,0,1,2
1,195,32,3,2,4,6,1,4,2,4,3,4,3,4,2,4,2,4,2,4,1,4,1,4,0,4,3,1,3,1,3,1,2,1,5,1,4,1,3,1,5,1,3,1,1,1,3,1,5,1,1,1,4,1,1,1,1,1,1,1,2,1,2,1,1,1,0,1,1,0,0,3,7,2,2,195,32,3,9,1,2
1,195,33,3,3,4,0,5,1,2,4,3,4,3,4,2,4,2,4,2,4,1,4,1,4,1,4,3,0,2,2,4,1,2,1,5,1,3,1,2,1,1,1,2,2,3,2,3,1,2,1,1,1,2,2,1,1,1,1,1,1,1,1,1,1,1,1,1,1,1,4,6,6,7,2,2,195,33,3,8,1,1
1,195,34,3,3,3,7,5,1,2,4,3,3,3,4,2,2,2,4,2,3,1,2,1,2,1,3,3,1,3,1,4,2,2,1,5,1,2,2,4,0,4,2,3,1,1,1,3,1,5,1,2,2,4,1,1,3,2,2,3,0,3,0,2,2,3,0,2,1,4,1,8,0,1,2,2,195,34,3,3,1,2
1,195,35,3,4,5,8,4,3,2,4,2,4,3,4,2,4,2,3,2,4,1,3,1,3,1,2,3,1,2,2,4,2,2,2,5,1,4,1,3,1,4,2,1,3,4,3,1,3,3,3,3,2,2,2,1,2,2,1,2,2,1,2,1,2,1,2,2,1,1,6,1,3,2,2,2,195,35,3,4,1,2
1,195,36,3,3,5,6,4,4,2,4,2,4,3,4,2,4,2,4,2,4,1,4,1,4,1,4,3,0,3,1,3,1,0,1,5,1,4,1,3,1,5,1,3,1,1,1,3,1,5,1,3,1,4,1,1,1,1,1,1,1,1,1,1,1,1,1,1,1,1,1,0,6,7,2,2,195,36,3,9,1,2
1,195,37,3,3,4,7,3,4,2,4,2,3,3,4,2,4,2,4,3,3,3,3,1,4,2,4,1,4,2,1,3,1,1,1,2,2,3,1,2,1,2,1,1,1,4,1,1,1,2,1,2,1,2,2,2,1,1,1,1,1,1,1,2,1,2,1,2,1,4,9,8,4,7,2,2,195,37,3,8,1,1
1,195,38,3,1,3,3,1,4,2,4,3,4,3,4,2,4,2,4,3,0,1,4,1,4,2,4,1,4,2,2,5,1,2,1,5,1,4,1,3,1,4,2,2,2,3,2,2,2,5,2,1,1,4,3,1,1,2,1,2,2,2,1,2,1,2,1,2,1,1,3,3,0,6,2,2,195,38,3,9,1,1
1,195,39,3,2,4,7,2,2,2,4,3,3,3,4,2,4,3,2,2,4,1,4,1,4,2,4,1,4,3,1,3,1,2,1,5,1,4,1,3,1,5,1,2,1,1,1,3,1,5,1,2,3,4,1,3,3,3,3,3,3,3,3,2,1,3,3,2,1,4,2,9,0,2,2,2,195,39,3,8,1,2
1,195,40,3,2,3,0,4,4,2,4,2,4,3,4,2,4,3,0,2,4,2,4,1,4,2,4,1,4,2,1,3,1,2,1,4,1,5,1,4,1,3,1,3,1,3,1,1,1,5,1,1,1,4,1,1,1,1,1,1,1,1,1,1,1,1,1,1,1,1,2,0,6,7,2,2,195,40,3,9,1,1
1,195,41,3,1,3,2,5,1,2,4,2,4,3,4,2,4,2,4,3,1,1,4,1,4,1,4,1,4,3,1,5,1,2,1,5,1,5,3,4,3,2,3,3,1,1,1,3,1,3,3,1,1,4,1,1,1,3,3,3,3,3,3,2,1,2,1,3,3,1,2,8,0,3,2,2,195,41,3,8,1,1
1,195,42,3,2,2,6,5,2,2,4,3,4,3,4,2,4,2,4,3,4,1,4,1,4,1,4,1,4,2,3,3,1,2,1,3,1,2,1,1,1,1,1,3,1,3,1,2,1,2,1,2,1,2,1,2,1,1,1,3,3,1,1,1,1,1,1,1,1,1,6,9,6,6,2,2,195,42,3,9,1,2
1,195,43,3,2,2,6,4,3,2,4,2,4,3,4,2,4,2,4,3,2,1,4,1,4,1,3,1,3,2,2,2,2,3,2,2,2,2,2,1,1,3,2,2,1,3,3,1,2,1,1,2,2,2,2,2,1,1,1,1,1,1,1,1,1,1,1,1,1,1,6,2,7,7,2,2,195,43,3,6,1,2
1,195,44,3,1,5,4,4,4,2,4,2,4,3,4,2,4,2,4,3,3,1,4,1,4,1,3,1,4,3,1,3,2,3,2,1,1,3,2,2,2,1,1,3,1,1,1,3,1,2,1,1,1,4,1,2,1,1,1,1,1,1,1,1,2,1,2,2,1,3,3,9,6,5,2,2,195,44,3,8,1,2
1,195,45,3,1,3,4,4,4,2,4,2,4,3,4,2,4,3,1,2,4,1,4,1,4,1,4,1,4,3,1,5,1,3,1,5,1,4,1,3,1,1,1,1,1,4,1,3,1,5,1,2,1,4,1,1,1,2,1,2,1,2,1,2,1,2,1,2,1,1,4,0,0,7,2,2,195,45,3,9,1,2
1,195,46,3,3,4,8,4,4,2,4,2,4,3,4,2,4,2,4,2,4,1,4,1,4,3,3,2,3,2,2,3,2,1,2,4,1,2,2,2,2,4,1,2,1,3,1,2,2,2,2,3,1,2,2,2,1,1,1,1,2,1,1,1,2,1,1,1,1,2,6,5,7,5,2,2,195,46,3,8,1,2
1,195,47,3,2,4,5,5,1,3,1,2,4,3,4,2,4,2,4,2,4,3,1,1,1,3,4,3,3,3,2,3,1,3,1,3,1,5,1,4,1,3,1,2,1,2,1,2,1,3,1,1,1,3,1,3,2,3,2,3,3,1,1,1,2,1,1,1,1,3,4,9,4,3,3,2,195,47,3,5,1,1
1,195,48,3,1,2,6,2,2,2,3,2,2,3,3,2,2,2,2,3,2,1,2,1,2,2,2,3,2,2,2,3,2,3,2,3,2,2,2,1,2,2,2,2,2,3,2,2,2,2,2,2,2,2,2,1,3,1,2,1,2,2,2,1,2,1,2,2,2,3,7,0,4,0,3,2,195,48,3,0,1,1
1,195,49,3,3,3,7,4,3,2,4,3,0,3,4,1,3,2,2,3,2,1,4,1,4,2,4,3,2,2,1,3,2,1,2,2,2,3,1,2,1,5,1,2,1,4,1,2,3,5,1,1,1,2,2,2,2,2,2,1,2,1,1,1,1,1,1,1,2,3,6,6,6,3,3,2,195,49,3,5,1,1
1,195,50,3,1,4,6,4,4,2,4,2,4,3,4,2,4,2,4,2,4,3,4,1,4,1,3,3,4,3,1,4,1,2,1,3,1,4,1,3,1,4,1,3,1,1,1,3,1,5,1,1,1,4,1,1,1,2,1,2,1,2,1,2,1,2,1,2,1,1,1,0,0,7,3,2,195,50,3,9,1,1
1,195,51,3,3,2,6,4,3,2,4,2,4,3,4,2,4,2,4,3,2,1,4,1,4,1,4,3,2,2,1,3,1,3,1,2,1,2,1,2,1,1,1,1,1,3,1,2,1,3,1,2,1,1,1,1,1,1,1,1,1,1,2,1,1,1,1,3,3,4,8,0,5,5,3,2,195,51,3,7,1,2
1,195,52,3,3,3,6,4,4,2,4,3,4,3,4,2,4,2,4,3,4,1,4,1,4,1,4,3,4,1,2,3,3,1,1,2,2,2,1,1,2,1,1,2,2,2,1,2,1,2,1,1,1,1,1,1,1,2,1,2,1,2,1,2,1,0,1,2,1,1,8,7,0,7,3,2,195,52,3,0,1,2
1,195,53,3,3,5,6,4,4,2,4,3,4,3,4,2,4,3,4,2,4,1,4,1,4,1,4,3,4,2,2,3,1,2,3,5,3,5,1,3,1,3,1,3,1,4,1,3,1,2,1,3,1,1,1,1,2,1,2,3,0,3,0,3,0,3,0,3,0,4,5,7,1,0,3,2,195,53,3,0,1,1
1,195,54,3,3,5,7,4,4,2,4,2,4,3,4,2,4,3,4,2,4,1,4,1,4,1,4,3,4,1,1,1,1,1,1,2,1,2,1,2,1,1,1,2,1,4,1,1,1,1,1,2,1,1,1,2,1,1,2,1,2,1,2,1,2,1,2,3,2,2,0,0,6,1,3,2,195,54,3,0,1,2
1,195,55,3,3,3,4,4,4,0,0,0,0,0,0,2,4,2,4,3,4,2,3,1,4,3,3,1,3,2,2,2,2,1,2,3,2,2,2,3,1,4,2,2,1,3,1,2,1,2,1,2,2,1,2,2,2,1,2,1,1,1,1,1,1,1,1,1,2,3,8,4,7,4,3,2,195,55,3,5,1,1
1,195,56,3,3,3,6,3,2,2,2,2,2,3,2,2,2,3,2,3,2,3,2,1,2,2,4,1,4,2,2,4,1,2,2,3,2,2,2,3,1,5,1,2,2,4,2,1,2,2,1,2,2,2,2,1,1,3,3,2,2,2,2,2,1,2,2,2,2,3,7,2,0,2,3,2,195,56,3,2,1,2
1,195,57,3,3,4,8,3,3,2,4,2,4,3,4,2,4,2,3,3,1,3,2,1,4,3,2,3,1,3,1,5,1,2,1,5,1,3,1,3,1,4,1,3,1,4,3,2,2,5,1,1,1,3,1,2,1,1,1,1,1,1,1,1,1,1,1,1,1,1,2,8,7,7,4,2,195,57,3,4,1,2
1,195,58,3,2,3,3,3,1,2,1,2,1,3,1,2,1,3,1,3,1,3,1,1,3,2,3,3,1,2,2,3,1,3,2,3,2,2,2,2,2,3,2,2,2,2,2,3,1,1,1,1,1,4,1,3,3,1,1,1,1,1,1,2,1,2,1,1,1,1,4,4,4,6,4,2,195,58,3,0,1,1
1,195,59,3,2,4,7,4,4,2,4,3,4,3,4,2,2,2,4,3,2,3,2,1,4,1,4,3,1,3,1,3,1,2,1,3,2,3,1,3,1,5,1,3,1,4,1,3,1,3,1,3,3,3,1,2,2,2,1,3,3,2,2,3,3,3,3,2,1,1,4,8,1,2,4,2,195,59,3,6,1,2
1,195,60,3,3,3,7,4,4,2,4,2,4,3,4,2,4,3,4,3,4,1,4,3,4,2,4,2,4,2,1,5,1,3,1,3,1,0,1,2,1,1,1,2,1,4,1,2,1,2,1,3,1,1,1,3,1,1,1,1,1,1,1,1,1,1,1,1,1,1,9,0,6,7,4,2,195,60,3,0,1,1
1,195,61,3,1,5,5,4,4,2,4,3,2,3,4,2,4,3,4,3,4,1,4,1,4,2,4,1,4,2,1,2,3,2,1,3,1,3,1,2,2,5,1,1,1,4,1,1,1,5,1,3,1,2,2,1,1,3,3,3,3,1,2,3,3,3,3,2,3,4,6,9,1,1,2,2,195,61,3,0,0,1
1,195,62,3,2,4,4,5,2,2,4,3,3,3,4,2,3,3,3,3,3,1,4,1,4,2,4,1,4,2,1,3,2,2,3,3,1,3,1,2,1,5,1,2,2,1,1,3,1,5,3,3,1,4,1,1,1,1,1,1,2,1,1,1,1,2,1,2,1,4,4,7,4,6,2,2,195,62,3,6,0,2
1,195,63,3,3,2,7,4,4,2,4,2,4,3,4,2,4,2,4,3,3,1,4,1,4,3,3,1,4,3,2,3,2,3,2,4,2,3,2,3,1,4,1,3,1,3,1,3,1,2,2,2,2,2,2,2,2,1,1,1,1,1,1,3,2,1,1,1,2,2,2,4,6,4,2,2,195,63,3,8,0,1
1,195,64,3,1,5,6,4,4,2,4,2,4,3,4,2,4,2,4,2,4,3,3,1,4,3,3,1,4,3,1,4,1,2,1,5,1,4,1,3,1,2,2,3,1,1,1,3,1,5,1,2,2,4,1,1,1,1,1,1,1,2,1,2,1,2,1,2,1,3,2,8,2,7,2,2,195,64,3,8,0,2
1,195,65,3,2,5,2,4,4,2,4,2,4,3,4,2,4,2,4,3,4,1,4,1,4,2,4,3,1,3,1,5,1,3,1,5,1,3,1,2,1,4,1,3,1,2,1,3,1,5,1,1,1,4,1,1,2,1,1,1,1,1,2,1,2,1,1,1,1,3,0,0,6,4,2,2,195,65,3,9,0,2
1,195,66,3,3,5,6,5,1,2,4,2,4,3,4,2,4,2,4,2,4,3,3,1,2,3,4,1,4,3,1,1,1,1,1,5,1,4,1,3,1,1,1,3,1,2,1,3,1,1,1,3,1,1,1,1,2,1,1,1,1,1,2,1,2,1,2,3,3,1,5,0,5,2,2,2,195,66,3,7,0,2
1,195,67,3,3,2,7,4,4,2,4,2,4,3,4,2,4,2,3,3,1,1,4,1,4,2,4,3,1,2,2,3,2,1,1,3,1,2,1,2,2,1,2,2,2,3,2,2,2,2,2,3,2,2,2,2,1,1,1,1,1,1,1,1,1,1,1,1,1,1,8,2,7,7,2,2,195,67,3,7,0,2
1,195,68,3,3,5,5,4,3,2,3,3,3,3,4,2,3,2,4,2,4,3,4,1,4,2,4,3,4,2,1,3,1,2,1,3,1,3,1,2,1,2,1,2,1,3,1,2,1,2,1,1,1,2,1,2,2,1,2,1,2,1,2,1,1,1,1,1,1,2,6,0,7,3,2,2,195,68,3,7,0,2
1,195,69,3,3,3,7,4,4,2,4,2,4,3,4,2,4,2,4,2,4,3,0,1,4,2,4,3,0,1,2,3,2,1,1,2,2,2,2,3,2,3,0,1,2,3,2,1,2,2,1,3,1,2,2,2,1,2,2,1,2,3,0,3,0,3,0,3,0,1,7,3,2,1,2,2,195,69,3,8,0,2
1,195,70,3,2,4,4,4,4,2,4,2,4,3,4,2,4,2,4,3,3,1,4,1,4,2,4,1,4,2,1,5,1,2,1,5,1,5,1,3,1,5,2,3,1,2,1,3,1,5,2,3,2,4,1,3,2,2,3,2,3,2,2,2,1,2,1,2,3,1,2,7,0,2,1,2,195,70,3,9,0,1
1,195,71,3,1,4,6,3,1,2,4,2,2,3,4,2,4,3,3,3,2,3,3,1,4,3,2,3,2,2,3,4,1,2,1,4,1,2,2,4,3,4,2,3,1,2,1,3,1,2,2,1,1,4,1,1,2,3,2,3,2,3,2,2,1,3,2,3,2,1,2,7,0,1,5,2,195,71,3,4,1,1
1,195,72,3,2,4,3,5,0,2,3,2,3,3,4,2,3,1,3,3,3,3,3,3,3,2,4,3,3,2,1,1,1,1,1,1,1,2,1,1,1,2,2,3,1,1,1,2,2,2,1,2,1,3,1,2,1,1,2,3,2,1,1,1,2,1,2,2,1,2,7,8,5,3,5,2,195,72,3,2,1,1
1,195,73,3,0,5,1,5,1,2,4,3,1,3,4,2,3,3,1,3,1,3,1,1,2,1,4,3,1,3,1,4,1,3,1,5,1,3,1,2,2,5,3,2,1,3,0,3,1,5,1,1,1,4,0,2,1,1,1,1,1,1,1,1,1,2,1,1,1,0,1,7,6,7,5,2,195,73,3,3,1,2
1,195,74,3,3,3,4,3,3,2,4,2,2,3,4,2,4,2,4,2,4,1,4,1,4,1,4,1,4,3,1,4,3,1,1,4,3,3,3,2,3,5,3,2,2,4,3,3,1,1,1,3,1,2,2,1,1,2,1,2,1,2,1,2,1,2,1,2,1,4,5,5,0,7,1,2,195,74,3,9,2,1
1,195,75,3,2,3,5,3,4,2,4,2,4,3,4,2,4,2,4,2,4,1,4,1,4,1,4,1,4,2,2,3,3,3,3,5,1,0,0,0,0,0,0,0,0,0,0,0,0,5,1,0,0,3,1,0,0,2,1,2,1,2,1,2,1,2,1,2,1,3,1,3,0,6,1,2,195,75,3,0,2,2
1,195,76,3,3,3,5,3,3,2,4,2,4,3,4,2,4,2,4,2,2,2,4,1,4,2,4,3,3,2,1,3,1,2,2,3,2,2,1,2,1,1,1,2,2,2,1,2,2,2,1,1,1,2,1,2,2,2,2,2,2,1,1,1,1,1,1,1,1,1,6,6,5,4,2,2,195,76,3,7,2,1
1,195,77,3,3,3,7,3,3,2,4,3,3,3,4,2,4,2,4,2,2,1,3,1,4,1,3,3,2,2,1,2,1,2,1,2,2,3,1,3,1,5,1,1,1,4,1,1,1,2,2,1,1,2,1,1,2,2,2,2,2,2,2,2,1,2,1,2,1,2,6,8,0,3,2,2,195,77,3,5,2,2
1,195,78,3,2,2,6,3,3,2,4,2,3,3,4,2,3,2,3,2,3,1,3,1,3,1,3,3,1,1,2,2,3,2,1,2,2,3,2,2,2,4,1,2,2,4,2,2,2,2,2,3,2,2,2,3,3,1,2,3,3,2,2,3,3,3,3,2,2,2,7,2,1,0,2,2,195,78,3,2,2,1
1,195,79,3,3,5,3,3,3,2,4,2,4,3,4,2,4,2,4,2,3,1,4,1,4,1,4,3,1,2,2,3,1,2,1,3,1,3,1,3,1,1,1,2,1,3,1,2,1,2,1,1,1,3,1,1,3,3,1,1,1,3,3,3,3,3,3,3,3,2,6,9,1,2,2,2,195,79,3,7,2,2
1,195,80,3,1,4,3,3,3,2,4,3,4,3,4,2,4,3,2,1,2,1,4,1,4,2,4,1,4,3,1,5,1,2,1,3,1,1,1,4,2,1,1,2,1,3,1,2,1,5,1,3,1,2,1,1,1,3,1,1,1,2,1,2,1,3,2,3,1,1,5,0,1,6,2,2,195,80,3,7,2,1
1,195,81,3,2,3,8,4,1,2,1,2,4,3,4,2,4,2,4,1,4,2,4,1,4,2,4,1,4,3,1,5,1,1,1,5,1,4,1,1,1,1,1,3,1,2,1,3,1,2,1,3,1,1,1,1,1,1,1,1,1,1,1,1,1,1,1,1,1,1,5,0,6,7,2,2,195,81,3,8,2,1
1,195,82,3,3,5,0,3,2,2,4,2,4,3,4,2,4,2,4,3,4,1,4,2,4,2,4,1,4,2,1,3,1,2,1,3,1,2,1,2,1,3,1,2,1,3,1,1,1,3,1,1,1,2,1,2,2,1,2,3,2,2,2,2,2,2,2,2,2,1,5,0,2,0,2,2,195,82,3,9,2,2
1,195,83,3,3,4,4,3,3,2,3,2,3,3,4,2,4,2,3,1,3,1,4,1,4,3,3,1,4,2,1,3,1,1,1,2,1,2,1,2,1,2,1,2,1,3,2,2,2,2,2,2,1,2,2,2,2,3,2,1,2,1,2,1,1,1,1,1,2,2,8,6,6,2,2,2,195,83,3,5,2,1
1,195,84,3,1,5,7,4,4,2,4,2,4,3,4,2,4,2,4,1,4,1,4,1,4,1,4,1,4,1,1,3,1,1,1,1,1,4,1,1,1,1,1,1,1,4,1,2,1,1,1,2,1,1,1,2,1,1,1,1,1,1,1,1,1,1,1,1,1,1,0,0,7,7,2,2,195,84,3,0,2,2
1,195,85,3,3,3,7,4,4,2,4,2,4,3,4,2,3,2,3,1,3,1,4,1,4,1,4,1,4,2,1,2,2,2,2,5,2,1,2,2,2,1,1,2,2,3,2,1,2,1,1,1,1,2,2,2,2,3,3,1,1,1,1,1,1,1,1,1,1,1,5,4,6,5,2,2,195,85,3,7,2,1
1,195,86,3,2,4,6,2,1,2,4,2,4,3,4,2,4,2,4,2,4,1,4,1,4,2,4,2,1,2,3,2,2,2,2,2,2,4,2,2,2,1,1,1,2,2,1,3,1,2,1,3,1,2,2,1,2,2,1,2,2,1,1,1,1,2,1,1,1,1,6,5,3,5,2,2,195,86,3,8,2,2
1,195,87,3,3,3,6,5,2,2,4,2,4,3,4,2,4,1,3,2,3,1,3,1,4,2,4,2,3,2,2,4,1,2,2,3,2,2,2,2,2,2,2,3,1,3,2,2,3,3,2,2,2,3,1,2,2,1,1,1,2,1,2,1,2,1,2,1,2,2,6,2,7,1,2,2,195,87,3,5,2,2
1,195,88,3,3,5,8,4,4,2,4,2,4,3,4,2,4,2,4,2,4,1,3,1,4,1,4,2,3,2,2,2,2,1,2,3,2,3,2,3,1,4,2,2,2,3,2,2,2,2,2,1,1,2,2,1,2,2,2,3,0,2,2,2,2,2,2,2,2,1,6,1,0,0,2,2,195,88,3,8,2,2
1,195,89,3,2,3,6,4,4,2,4,0,0,3,4,2,4,2,4,2,4,1,4,1,4,1,2,2,4,2,3,3,2,2,1,5,1,4,1,3,1,5,1,2,2,4,3,2,3,3,2,2,2,4,1,3,3,1,1,1,2,3,3,2,2,3,3,2,2,3,6,4,2,1,2,2,195,89,3,9,2,2
1,195,90,3,2,3,8,4,4,2,4,2,4,3,4,2,4,2,4,2,4,1,4,1,4,1,4,2,4,2,2,2,2,2,1,2,2,2,2,3,1,5,1,2,1,2,1,3,1,2,1,2,1,2,1,2,1,1,1,1,1,0,1,1,1,1,1,1,1,2,5,8,6,7,2,2,195,90,3,0,2,2
1,195,91,3,3,2,7,4,4,2,4,3,4,3,4,2,4,2,4,2,4,1,4,1,4,1,3,2,1,3,2,3,1,1,1,3,1,2,1,2,1,4,1,2,1,2,1,2,1,2,1,2,1,3,1,1,1,2,1,2,2,2,1,2,1,2,1,2,1,1,6,9,0,6,2,2,195,91,3,8,2,2
1,195,92,3,3,3,5,3,3,2,4,2,4,3,4,2,4,2,4,2,4,3,3,1,4,1,4,3,3,2,1,3,1,1,1,3,1,1,1,1,1,4,1,3,1,3,2,2,2,1,1,2,2,2,2,3,1,3,1,1,1,1,1,1,1,1,1,3,1,1,6,6,4,7,3,2,195,92,3,7,2,2
1,195,93,3,2,3,6,3,3,2,4,2,3,3,4,2,4,2,4,3,3,1,4,1,4,1,3,3,0,3,1,5,1,2,1,5,1,4,1,3,1,4,1,3,1,2,1,3,1,5,1,1,1,4,1,3,0,2,2,3,0,2,2,2,1,2,2,2,2,3,0,0,0,1,3,2,195,93,3,6,2,1
1,195,94,3,1,4,5,4,2,2,4,3,3,3,4,2,2,2,2,1,3,1,4,1,4,1,3,3,1,2,1,3,1,2,2,3,1,1,1,1,1,2,2,2,2,2,1,2,2,2,2,2,2,1,2,1,2,3,3,2,2,2,2,1,2,2,2,2,2,2,8,3,1,0,3,2,195,94,3,4,2,2
1,195,95,3,3,5,6,4,4,2,4,2,4,3,4,2,4,1,4,3,0,2,2,1,4,2,4,1,4,1,1,1,1,1,1,1,1,4,1,1,1,1,1,2,1,4,1,1,1,2,1,3,1,1,1,2,1,1,1,1,1,1,1,1,1,1,1,1,1,1,0,0,7,7,3,2,195,95,3,8,2,2
1,195,96,3,3,3,5,2,2,2,2,2,4,3,4,2,4,2,4,2,4,3,3,2,4,2,4,1,4,3,1,5,1,3,2,3,1,4,1,3,1,2,2,2,1,3,1,3,1,5,1,2,1,2,1,1,1,1,1,3,2,1,1,1,1,1,1,2,2,1,4,8,4,5,3,2,195,96,3,7,2,2
1,195,97,3,3,4,7,2,3,2,4,2,4,3,4,2,4,2,4,3,3,1,3,1,3,1,4,1,4,2,2,3,1,3,1,4,2,3,1,3,1,1,1,3,1,3,1,3,1,2,1,2,1,3,2,1,2,3,2,2,2,2,2,2,2,2,1,3,2,1,4,7,0,1,3,2,195,97,3,6,2,2
1,195,98,3,0,5,8,3,3,2,4,2,4,3,4,2,4,3,0,3,0,1,4,1,4,1,4,1,4,3,1,4,1,1,1,5,1,4,1,3,1,5,1,3,1,2,1,3,1,2,1,2,1,4,1,1,1,2,1,2,1,2,1,2,1,2,1,2,1,3,3,0,0,7,3,2,195,98,3,7,2,2
1,195,99,3,2,4,2,5,1,2,4,2,2,3,1,2,4,1,3,3,1,1,4,1,4,1,4,1,4,2,2,4,1,2,2,3,2,5,2,2,2,2,3,3,1,2,1,2,2,5,1,1,1,3,2,1,1,1,1,1,2,1,1,1,1,1,1,1,1,3,4,4,6,6,3,2,195,99,3,6,2,1
1,195,100,3,3,3,7,4,4,2,4,2,4,3,4,2,3,3,3,1,3,1,3,1,4,1,3,1,4,3,1,3,2,1,2,2,2,2,2,2,2,3,2,1,2,3,1,2,1,2,1,2,1,2,1,3,1,1,2,1,2,1,1,1,2,1,1,1,2,2,6,6,6,3,3,2,195,100,3,5,2,1
1,195,101,3,3,2,7,4,4,2,4,2,4,3,4,2,4,3,3,2,4,2,3,1,3,2,4,2,4,2,1,4,1,3,1,4,1,4,1,2,1,4,1,3,1,3,1,2,1,2,1,2,1,3,1,2,1,1,1,1,1,1,1,1,1,1,1,1,1,1,4,0,7,7,3,2,195,101,3,7,2,1
1,195,102,3,3,4,7,4,4,2,4,3,4,3,4,2,4,2,4,2,4,3,3,1,4,1,4,2,4,2,2,1,1,2,1,1,1,3,1,2,1,3,1,3,1,3,1,2,1,2,1,1,1,2,1,2,1,2,1,2,1,3,2,3,2,3,2,2,2,1,4,9,1,3,3,2,195,102,3,9,2,1
1,195,103,3,1,3,4,5,2,2,1,2,2,3,1,2,4,2,1,3,2,1,4,1,4,1,4,2,4,3,1,3,1,2,1,4,1,3,1,1,1,1,1,3,1,2,1,3,1,5,1,2,1,4,1,2,1,1,1,1,1,1,1,3,1,1,1,1,1,1,2,0,6,7,3,2,195,103,3,5,2,1
1,195,104,3,3,3,7,4,4,2,4,2,3,3,4,2,4,2,4,3,3,1,4,1,4,1,4,2,2,2,2,2,2,1,2,2,2,4,1,3,1,4,1,2,2,4,1,2,2,2,2,1,1,1,2,2,1,1,1,1,1,1,1,1,1,1,1,1,1,4,8,3,7,7,3,2,195,104,3,8,2,2
1,195,105,3,4,5,1,4,4,2,4,0,0,3,4,2,4,2,4,3,2,1,4,1,4,1,4,2,3,3,1,5,1,3,3,5,1,4,2,4,1,4,3,3,2,1,1,3,1,5,1,3,2,0,0,3,3,3,3,1,2,2,3,2,2,2,2,2,2,1,1,5,1,0,3,2,195,105,3,8,2,2
1,195,106,3,3,3,6,2,3,2,3,3,3,3,4,3,2,2,3,2,4,2,4,1,4,2,4,3,1,2,2,3,2,1,1,2,2,3,1,4,1,4,1,2,1,4,1,1,1,2,1,2,2,1,1,2,1,1,1,1,1,1,1,1,1,1,1,1,1,1,9,7,7,7,4,2,195,106,3,5,2,1
1,195,107,3,3,4,6,2,2,2,4,2,4,3,4,2,4,2,4,2,4,3,3,1,4,1,3,3,1,2,2,1,1,1,1,3,2,2,2,2,1,1,1,2,1,2,1,3,1,2,1,2,1,2,1,3,3,1,3,1,3,1,2,1,2,1,2,1,2,2,7,8,6,0,4,2,195,107,3,6,2,1
1,195,108,3,3,3,8,4,4,2,4,3,4,3,4,2,4,2,4,1,4,3,1,1,4,1,4,3,1,1,1,1,1,1,2,2,2,2,3,4,0,4,1,1,1,4,1,1,1,2,1,3,1,1,1,1,1,2,1,2,1,2,1,2,1,2,1,2,1,1,9,8,0,7,4,2,195,108,3,8,2,2
1,195,109,3,3,3,8,3,3,2,4,3,4,3,4,2,4,3,3,3,3,1,4,1,3,1,2,3,2,3,1,3,2,1,1,4,1,2,1,3,1,4,1,2,2,3,2,2,2,3,2,2,2,2,2,1,1,2,1,2,1,2,1,2,1,2,1,2,1,1,5,4,0,7,4,2,195,109,3,4,2,1
1,195,110,3,2,4,2,1,2,2,2,2,2,3,2,2,2,3,1,2,2,1,4,1,4,1,4,3,1,2,1,2,1,1,1,5,1,3,1,3,1,1,1,2,1,4,1,2,1,3,1,3,1,2,1,3,3,3,3,1,1,2,2,2,1,2,1,2,1,4,8,0,1,4,4,2,195,110,3,3,2,1
1,195,111,3,1,2,5,5,3,2,4,2,4,3,4,1,4,3,4,2,3,1,4,1,4,1,4,3,1,2,3,3,2,3,1,2,1,2,1,2,2,2,1,1,1,2,1,3,1,5,1,3,1,2,2,3,3,1,2,1,2,1,1,1,1,1,3,1,1,3,5,8,6,3,4,2,195,111,3,7,2,1
1,195,112,3,3,5,7,4,4,2,4,2,4,3,4,2,4,2,4,3,3,2,3,1,4,1,1,3,3,2,1,2,2,1,1,2,2,1,1,1,2,1,1,2,2,2,1,3,1,2,2,1,1,2,2,2,1,1,1,1,1,1,1,1,1,1,1,1,1,2,6,6,7,7,4,2,195,112,3,6,2,2
1,195,113,3,1,5,7,3,2,2,4,2,4,3,4,2,4,2,4,3,3,3,3,3,3,1,3,1,3,2,2,3,2,3,2,3,2,2,2,2,2,2,2,2,2,2,2,2,2,2,2,2,2,2,2,3,2,1,2,3,3,1,2,1,2,1,2,2,1,1,7,0,4,1,4,2,195,113,3,4,2,2
1,195,114,3,1,4,6,3,3,2,4,2,2,3,4,2,4,3,3,3,4,3,0,1,4,1,4,1,4,2,1,3,1,3,1,5,1,0,0,0,0,0,0,0,0,0,0,0,0,0,0,0,0,2,1,1,1,1,1,1,1,1,1,1,1,1,1,1,1,3,1,4,6,7,4,2,195,114,3,7,2,1
1,195,115,3,3,3,8,4,3,2,4,2,3,3,4,2,4,2,3,2,3,2,3,3,3,3,4,2,4,2,2,3,1,3,1,2,2,4,1,3,1,1,1,2,1,4,1,2,1,1,1,2,1,1,1,2,1,2,1,2,1,1,1,1,1,1,1,2,1,1,9,8,4,7,4,2,195,115,3,5,2,1
1,195,116,3,3,5,7,4,2,2,4,2,3,3,4,2,3,3,1,3,1,2,3,1,3,2,3,2,2,0,1,3,2,1,1,3,1,2,2,3,1,4,2,2,2,3,2,2,2,2,1,2,2,2,2,2,1,2,2,1,2,1,2,1,1,1,2,1,2,1,6,4,6,2,4,2,195,116,3,2,2,1
1,195,117,3,2,3,5,5,3,2,1,2,2,3,1,2,4,2,4,3,1,3,2,1,4,1,4,2,4,3,1,3,1,2,1,5,1,2,2,3,1,1,1,2,1,4,1,2,1,2,1,2,1,4,1,2,2,3,3,3,3,3,3,3,3,3,3,3,3,3,6,0,1,0,4,2,195,117,3,5,2,2
1,195,118,3,3,4,6,5,1,2,4,2,3,3,4,2,4,2,3,3,2,3,3,1,3,1,4,2,4,1,1,1,1,1,1,2,1,1,1,1,1,2,1,1,1,4,1,1,2,2,2,2,1,1,1,2,2,1,1,1,1,1,1,1,1,1,1,1,1,1,0,8,7,6,4,2,195,118,3,5,2,2
1,195,119,3,3,3,6,2,1,2,3,3,3,3,4,2,4,1,3,3,2,1,3,3,2,2,1,3,2,3,1,4,1,2,2,3,1,3,1,3,1,2,2,3,1,2,1,2,1,2,2,2,1,3,1,2,2,2,1,2,2,2,1,2,1,2,1,2,1,1,5,7,1,5,5,2,195,119,3,2,2,1
1,195,120,3,3,5,5,3,3,2,3,2,3,3,3,2,3,3,3,1,3,3,2,1,3,3,2,3,2,1,1,2,1,1,2,2,1,1,2,1,2,2,2,2,3,4,3,2,2,2,2,2,2,2,2,2,2,1,1,1,1,0,1,1,1,1,1,1,1,1,9,2,6,6,5,2,195,120,3,0,2,1
1,195,121,3,1,5,2,5,2,2,4,2,2,3,4,2,3,3,2,1,3,1,4,3,3,1,4,3,3,2,1,1,2,1,3,1,1,1,1,1,1,1,2,2,1,3,3,1,3,3,3,2,2,2,2,2,1,1,1,2,3,1,1,1,1,1,1,1,1,3,8,3,6,6,5,2,195,121,3,4,2,1
1,195,122,3,3,3,5,5,4,3,4,3,4,3,4,2,4,3,4,3,4,3,4,1,4,1,3,3,4,2,1,3,1,1,1,5,1,3,1,1,1,1,1,3,1,2,1,3,1,2,1,2,1,2,1,1,1,1,1,3,2,1,1,1,1,1,1,3,1,1,5,0,4,6,5,2,195,122,3,9,2,2
1,195,123,3,1,3,8,2,2,2,4,2,2,3,4,2,2,1,3,3,1,3,2,1,4,3,1,1,3,2,1,3,2,1,2,2,2,2,1,2,1,4,1,2,1,2,1,2,2,2,2,2,2,2,2,1,1,1,2,2,1,1,2,2,1,1,1,2,2,2,7,4,3,4,5,2,195,123,3,3,2,2
1,195,124,3,3,3,6,5,1,3,1,2,3,3,1,3,4,3,4,3,2,3,2,1,4,1,4,1,4,2,2,3,1,3,1,3,1,2,1,1,1,1,1,3,1,1,1,3,1,3,1,1,1,2,1,1,1,1,1,1,1,1,1,1,1,1,1,1,1,1,4,9,6,7,5,2,195,124,3,5,2,1
1,195,125,3,3,2,3,2,3,2,4,3,2,3,4,2,4,2,3,3,1,3,1,3,2,1,3,3,1,2,2,2,2,3,2,3,2,1,2,2,2,2,2,2,2,3,2,2,1,2,2,2,2,2,2,1,2,3,3,3,3,2,2,1,3,3,2,3,2,3,7,1,1,0,6,2,195,125,3,3,2,1
1,195,126,3,3,3,6,5,1,3,1,2,3,2,1,3,1,3,1,3,1,2,3,3,1,3,1,3,1,2,2,3,2,2,1,3,1,2,2,4,3,4,2,2,1,3,1,2,2,3,2,2,1,2,2,2,1,3,3,3,3,3,3,3,3,2,2,3,3,3,6,5,1,1,8,2,195,126,3,0,2,2
1,195,127,3,3,5,3,5,1,3,1,3,3,2,1,3,1,3,1,3,1,3,1,3,1,1,3,3,1,2,2,3,2,3,3,3,2,1,2,2,2,1,1,2,2,2,2,2,2,1,1,2,2,2,2,3,1,3,1,3,1,3,1,3,1,3,1,3,1,2,7,2,0,7,8,2,195,127,3,0,2,1
1,195,128,3,2,5,5,3,3,2,4,2,3,3,4,2,4,1,4,1,4,1,4,1,4,2,4,1,4,3,1,5,1,2,1,5,1,4,1,3,1,4,1,3,1,2,1,3,1,2,1,1,1,2,1,2,1,1,1,1,1,1,1,1,1,1,1,1,1,1,1,0,7,7,2,2,195,128,3,9,3,2
1,195,129,3,2,5,6,5,0,3,0,2,0,3,4,2,4,1,4,1,4,1,4,1,4,2,4,1,4,2,1,2,2,1,1,3,1,3,1,1,1,1,1,3,1,1,1,3,1,2,1,2,1,2,1,1,1,1,1,3,1,2,1,1,1,0,0,3,0,1,6,0,2,5,2,2,195,129,3,8,3,1
1,195,130,3,2,3,1,3,4,2,2,2,2,3,1,2,4,1,4,2,2,1,4,1,4,1,4,1,4,3,1,3,2,2,1,2,2,1,1,1,1,1,1,2,2,2,2,2,2,1,1,1,1,1,1,1,1,1,1,1,1,1,1,1,1,1,1,1,1,1,6,6,6,7,2,2,195,130,3,7,3,1
1,195,131,3,2,3,7,3,4,2,4,2,4,3,4,2,4,1,4,2,4,1,4,1,4,1,4,1,4,2,2,3,2,2,1,5,1,2,2,2,1,2,1,3,1,1,1,3,1,2,1,2,1,2,2,1,1,1,2,1,2,1,2,1,1,3,1,1,1,1,4,8,5,4,2,2,195,131,3,0,3,1
1,195,132,3,2,3,3,3,1,2,2,2,2,3,2,2,2,2,2,2,2,2,2,1,2,1,2,1,1,2,1,3,1,3,1,3,1,2,1,1,1,1,1,1,1,4,1,1,1,2,1,3,1,1,1,1,1,1,1,1,1,1,1,1,1,1,1,1,1,1,9,0,6,7,2,2,195,132,3,0,3,1
1,195,133,3,1,4,1,3,3,2,2,2,1,3,1,2,1,2,1,2,1,1,4,2,4,1,4,1,1,3,3,3,1,2,1,5,3,3,1,1,2,2,2,3,1,3,2,3,3,5,1,1,1,4,3,3,1,1,1,2,2,2,1,2,1,2,2,1,2,1,1,4,2,4,2,2,195,133,3,3,3,1
1,195,134,3,3,4,4,3,2,2,4,3,2,3,4,2,4,2,4,2,4,1,4,1,4,1,3,2,2,2,2,3,2,2,3,3,2,4,2,3,1,2,2,3,1,2,1,3,1,2,2,1,1,3,2,2,2,1,1,1,1,1,1,1,1,1,1,1,2,2,4,4,7,5,2,2,195,134,3,7,3,1
1,195,135,3,3,3,7,3,3,2,4,2,3,3,4,2,4,2,4,2,3,1,4,1,4,1,4,2,3,2,1,2,2,1,1,2,2,2,1,1,1,1,1,3,1,3,1,1,1,2,2,1,1,2,1,2,1,1,2,1,2,1,1,1,1,1,1,1,1,2,6,8,7,5,2,2,195,135,3,7,3,1
1,195,136,3,1,5,7,3,3,2,4,3,3,3,4,2,4,2,4,2,3,1,3,1,3,1,2,2,3,2,3,3,2,2,1,3,2,4,1,3,1,5,1,2,1,3,2,3,1,5,1,2,2,4,1,2,2,3,3,3,3,2,1,2,1,2,1,2,1,1,4,6,1,4,2,2,195,136,3,4,3,2
1,195,137,3,2,2,6,3,3,2,4,3,2,3,4,2,3,2,3,2,3,1,4,1,3,1,4,2,3,2,2,1,1,1,1,1,1,1,1,1,1,2,2,2,2,3,2,1,1,1,1,1,1,1,1,1,2,2,2,2,2,2,2,2,1,2,2,1,1,2,8,6,1,2,2,2,195,137,3,4,3,2
1,195,138,3,1,3,5,3,2,2,1,2,1,3,1,2,4,2,4,2,4,1,1,1,1,1,4,2,1,2,1,3,1,1,1,3,1,5,1,2,1,1,1,3,1,1,1,3,1,1,1,2,2,1,1,1,1,1,1,2,2,2,2,2,2,2,2,2,2,2,7,9,1,2,2,2,195,138,3,4,3,1
1,195,139,3,3,3,7,3,4,2,4,2,4,3,4,2,4,2,3,2,4,2,3,1,4,1,4,3,2,2,2,1,1,1,1,3,2,2,2,2,2,2,2,2,1,3,3,3,1,2,2,1,1,2,1,2,1,1,1,1,1,1,1,1,1,1,1,1,1,1,6,5,7,7,3,2,195,139,3,7,3,1
1,195,140,3,3,4,6,4,4,3,1,2,4,3,4,2,4,2,4,2,4,2,4,1,4,1,4,3,3,3,1,3,1,2,1,4,1,4,1,2,2,4,1,3,1,1,1,3,1,5,1,1,1,4,1,1,1,2,1,1,1,1,1,1,1,1,1,1,1,1,0,0,5,7,3,2,195,140,3,8,3,1
1,195,141,3,3,5,4,5,1,2,1,2,3,3,1,2,1,1,3,1,2,1,4,1,4,1,4,1,4,3,1,4,1,2,2,3,2,3,2,3,3,2,1,1,2,3,1,3,1,5,1,3,1,2,1,1,1,1,1,1,1,2,1,1,1,2,1,2,1,1,4,7,3,7,3,2,195,141,3,4,3,2
1,195,142,3,3,3,5,4,3,2,4,2,4,3,4,2,4,1,4,1,2,1,4,1,4,1,1,1,4,2,2,4,2,1,1,3,1,2,1,2,1,4,1,2,1,2,1,3,1,2,1,1,1,2,1,1,1,2,1,1,2,2,2,3,3,3,3,2,2,1,5,9,1,2,3,2,195,142,3,7,3,1
1,195,143,3,2,5,6,4,4,2,4,2,4,3,4,2,4,2,4,1,4,2,1,1,4,1,4,1,4,2,2,3,1,2,1,3,1,2,2,3,1,2,2,3,1,4,1,3,1,5,1,1,1,1,1,1,2,1,1,1,2,1,2,1,2,1,2,2,2,1,5,8,5,1,3,2,195,143,3,9,3,1
1,195,144,3,1,4,4,4,3,2,3,3,3,3,4,2,4,0,0,2,3,2,4,2,4,1,4,1,4,2,1,4,1,2,1,3,2,3,2,4,1,2,2,2,2,0,2,2,1,5,1,1,1,2,2,1,1,3,3,2,3,2,1,2,1,2,1,2,2,4,5,5,0,4,3,2,195,144,3,6,3,1
1,195,145,3,3,3,7,2,2,2,1,2,4,3,4,2,4,2,4,2,4,2,3,1,4,2,4,2,3,2,2,3,2,1,1,4,2,2,2,3,1,5,1,3,1,2,1,3,3,2,2,1,1,2,2,2,1,1,1,1,2,1,1,3,3,1,1,1,1,2,3,5,6,5,3,2,195,145,3,6,3,2
1,195,146,3,3,2,6,3,4,2,4,2,4,3,4,2,4,2,4,1,2,1,4,1,4,3,1,2,4,2,2,4,1,1,1,5,1,3,1,2,2,5,1,3,1,4,1,1,1,5,1,2,2,4,1,2,1,2,1,2,2,1,1,1,1,1,1,1,1,1,5,8,5,6,3,2,195,146,3,8,3,2
1,195,147,3,3,3,6,3,4,2,4,3,3,3,4,2,4,2,4,3,0,1,4,1,4,1,3,2,3,2,1,4,1,1,1,4,1,3,1,1,1,4,1,2,1,0,1,2,1,2,1,2,1,2,1,1,2,3,0,1,2,3,0,1,1,2,2,2,1,0,6,0,2,2,3,2,195,147,3,7,3,2
1,195,148,3,3,3,6,2,3,2,1,2,1,3,4,2,4,2,4,2,4,1,4,1,4,1,4,2,4,1,1,1,1,1,1,4,1,1,1,1,1,1,1,3,1,3,1,3,1,2,1,2,1,1,1,2,1,1,1,1,1,1,1,1,1,1,1,1,1,0,6,0,7,7,3,2,195,148,3,8,3,2
1,195,149,3,3,3,6,4,4,2,4,3,4,3,4,2,4,1,3,2,3,1,4,1,4,1,4,2,4,3,1,3,1,1,1,5,1,3,2,1,1,2,2,2,1,3,1,2,2,3,2,2,2,3,1,1,2,3,2,2,2,1,1,1,1,1,1,1,1,2,6,6,4,4,3,2,195,149,3,8,3,1
1,195,150,3,1,3,6,4,4,2,4,3,4,3,4,2,3,2,3,2,3,2,1,1,4,1,2,2,4,1,1,2,2,2,1,2,1,2,1,1,1,3,3,3,1,3,3,2,2,5,1,2,2,3,1,1,1,2,2,2,2,2,2,1,2,2,2,2,1,4,4,6,1,2,3,2,195,150,3,5,3,2
1,195,151,3,2,2,7,4,4,2,4,2,4,3,4,2,4,2,4,2,4,2,2,1,4,1,4,2,4,2,1,4,1,2,1,4,1,3,1,2,1,4,1,2,1,2,1,3,1,5,1,1,1,3,1,2,1,1,1,1,1,1,1,1,1,1,1,2,2,1,2,0,6,6,3,2,195,151,3,9,3,2
1,195,152,3,3,3,6,1,4,3,0,3,3,2,0,2,3,2,0,2,0,2,3,1,2,2,3,3,0,2,2,3,0,3,0,3,0,2,2,1,2,3,0,1,2,2,0,2,1,2,1,1,1,2,0,1,1,2,2,2,2,1,1,1,1,1,1,3,0,1,5,3,3,4,4,2,195,152,3,1,3,2
1,195,153,3,3,5,7,3,3,3,2,2,3,3,4,2,4,2,3,3,3,3,3,1,4,1,4,3,4,2,3,4,3,2,2,3,1,3,1,3,1,5,1,2,2,3,1,3,1,5,1,2,1,2,1,2,1,2,1,3,1,1,1,1,1,1,1,1,1,4,4,7,5,7,4,2,195,153,3,5,3,1
1,195,154,3,3,3,6,2,3,3,4,3,4,2,3,2,3,2,4,2,3,1,4,1,3,1,4,3,4,2,1,2,1,1,2,2,1,2,1,3,1,2,2,2,2,3,2,1,1,2,1,2,1,2,1,1,2,2,2,2,2,2,2,2,2,3,2,1,1,3,8,6,1,1,4,2,195,154,3,5,3,2
1,195,155,3,2,5,6,1,4,2,4,3,4,3,4,2,4,2,4,2,4,1,4,2,4,1,1,3,1,3,1,5,1,2,1,5,1,4,1,3,1,5,1,3,1,1,1,3,1,5,1,3,1,4,1,1,1,1,3,2,1,2,2,2,1,2,1,2,1,1,1,0,1,5,4,2,195,155,3,8,3,2
1,195,156,3,3,3,6,2,3,2,4,3,4,3,4,2,4,1,2,1,3,3,2,1,4,2,4,1,4,2,2,3,1,1,1,2,2,5,3,1,1,2,2,3,1,1,1,3,1,2,1,2,1,2,1,1,2,1,1,1,1,1,1,1,2,1,2,1,2,2,6,7,6,3,4,2,195,156,3,6,3,2
1,195,157,3,3,3,7,2,2,2,3,2,4,3,4,2,4,2,4,3,1,1,3,2,2,1,2,1,3,1,2,2,2,1,2,2,2,1,1,1,1,2,2,2,2,3,2,2,2,2,2,2,1,2,1,1,1,2,1,2,1,1,1,1,1,1,1,1,1,1,8,2,4,7,4,2,195,157,3,3,3,1
1,195,158,3,3,2,6,2,3,2,4,3,3,3,4,2,4,2,4,3,0,2,4,1,4,2,4,2,0,3,2,4,2,1,1,3,2,4,1,3,2,1,1,2,2,3,2,2,2,3,3,3,3,2,2,2,1,1,1,1,1,1,1,1,1,1,1,1,1,1,7,2,7,7,4,2,195,158,3,7,3,2
1,195,159,3,3,4,7,4,4,2,4,2,4,3,4,2,4,1,3,2,4,3,3,1,4,1,4,2,4,2,1,4,1,1,1,4,1,2,2,3,1,4,1,1,1,4,1,2,2,2,1,3,1,2,2,2,1,1,1,1,1,1,1,1,1,1,1,1,1,1,7,8,7,7,4,2,195,159,3,8,3,2
1,195,160,3,3,4,6,3,3,2,4,3,3,3,4,2,4,3,4,3,3,1,2,1,3,1,3,2,3,2,2,4,2,3,2,3,2,4,1,2,1,3,2,2,2,4,2,2,2,1,1,1,1,2,2,3,2,1,2,2,2,1,1,1,1,1,1,1,2,3,6,2,5,3,4,2,195,160,3,4,3,1
1,195,161,3,3,5,2,1,4,1,4,2,2,3,1,2,4,3,3,3,3,1,4,1,4,1,4,1,4,2,2,3,2,1,1,2,2,1,1,1,1,1,1,2,1,4,1,1,1,2,1,1,1,0,0,0,0,0,0,0,0,0,0,0,0,0,0,1,1,1,8,7,1,1,5,2,195,161,3,7,3,1
1,195,162,3,1,4,8,5,3,0,0,0,0,0,0,2,4,2,3,3,3,2,4,3,4,1,4,2,3,3,3,3,2,3,2,3,1,2,2,4,1,1,1,3,1,1,1,3,1,2,1,3,1,3,1,3,2,1,1,1,1,3,1,3,1,3,1,3,1,3,4,8,2,6,5,2,195,162,3,4,3,2
1,195,163,3,2,4,3,1,3,2,3,3,3,2,2,2,4,2,3,2,4,3,2,1,4,1,4,2,3,2,1,4,1,2,1,3,1,2,1,2,1,4,1,1,1,3,1,2,1,5,1,2,1,3,1,2,1,1,1,1,1,1,1,1,1,1,1,1,1,1,5,0,7,7,5,2,195,163,3,4,3,2
1,195,164,3,3,4,7,4,4,2,4,2,4,3,4,2,4,3,2,1,3,3,2,1,4,1,3,2,3,1,2,2,2,1,2,2,2,2,2,4,3,2,2,3,1,4,1,1,2,2,2,1,1,2,2,1,2,3,3,3,3,3,3,3,3,3,3,3,3,2,7,3,0,0,5,2,195,164,3,5,3,2
1,195,165,3,3,3,6,5,3,3,3,2,2,2,3,2,4,3,4,3,2,2,4,1,4,1,4,3,4,1,2,3,1,1,2,3,3,4,1,1,1,1,1,2,2,3,2,3,1,1,1,1,1,1,1,2,2,1,1,1,1,1,1,1,1,1,1,1,1,2,7,5,7,6,6,2,195,165,3,6,3,2
1,195,166,3,1,5,4,2,3,2,4,3,3,3,4,2,2,3,2,3,2,2,3,3,3,1,4,1,4,2,2,3,2,1,1,3,3,1,1,1,1,1,1,2,2,1,1,3,1,4,1,2,2,2,1,1,2,1,1,1,1,1,1,1,1,1,1,1,1,2,7,6,6,6,6,2,195,166,3,4,3,1
1,195,167,3,2,4,0,2,3,2,4,2,3,3,4,2,4,2,4,3,0,3,0,3,0,1,3,2,3,2,2,3,2,1,1,2,1,4,2,3,2,2,2,1,1,3,2,2,2,2,2,3,1,2,2,1,2,1,1,3,3,1,1,1,2,1,2,2,2,4,8,4,4,2,6,2,195,167,3,4,3,1
1,195,168,3,3,2,6,2,3,1,3,3,3,3,4,2,4,3,2,3,2,2,3,3,2,2,4,3,2,2,1,4,1,1,1,1,1,0,0,0,0,0,0,0,0,0,0,0,0,0,0,0,0,1,1,2,2,1,2,1,2,1,2,1,2,1,2,1,1,3,4,4,7,1,7,2,195,168,3,3,3,2
1,195,169,3,1,4,5,1,3,3,2,3,4,2,2,2,4,3,1,3,1,3,1,3,1,1,4,3,1,2,2,3,1,3,3,3,2,1,1,4,2,1,1,3,1,2,1,3,1,3,1,2,1,2,1,1,2,1,1,1,1,1,1,1,1,1,1,3,1,3,5,7,5,6,8,2,195,169,3,2,3,1
1,195,170,3,3,3,6,2,3,2,4,3,3,3,4,1,4,3,2,3,4,3,3,3,3,1,3,3,3,3,1,3,1,2,1,3,1,3,1,2,1,2,2,2,1,1,1,3,1,5,1,2,1,3,1,3,3,3,3,3,3,1,1,1,2,1,2,3,2,2,4,9,3,1,8,2,195,170,3,4,3,2
1,195,171,3,1,4,4,1,3,2,3,2,3,3,4,3,2,3,2,1,3,3,2,3,2,1,3,3,2,2,1,3,2,2,1,3,1,1,1,2,2,1,2,3,1,3,1,2,1,3,2,2,2,3,2,2,1,1,1,1,1,1,1,1,1,2,2,1,1,2,6,6,6,6,8,2,195,171,3,1,3,2
1,195,172,3,3,5,5,3,1,2,1,3,1,1,4,1,3,2,3,2,4,1,0,1,4,1,4,1,4,2,2,2,1,2,3,3,1,4,1,2,2,3,1,1,1,3,2,1,1,2,1,2,1,2,2,2,1,2,1,1,1,1,1,1,1,1,1,1,1,1,6,6,6,7,3,2,195,172,3,5,4,1
1,195,173,3,3,3,6,3,3,2,4,3,3,3,4,2,3,1,1,1,2,1,2,1,3,2,4,2,3,1,2,1,1,2,2,2,2,2,2,1,1,5,1,1,1,4,1,2,2,5,1,2,2,2,1,2,2,1,1,1,1,1,1,1,1,1,1,1,2,3,6,5,7,5,3,2,195,173,3,3,4,2
1,195,174,3,3,5,6,3,2,2,4,2,4,3,4,2,4,1,3,2,4,2,4,1,4,2,4,2,4,2,1,4,2,1,1,3,1,3,1,2,1,1,1,2,1,4,1,2,1,2,1,2,1,2,1,2,1,1,1,1,1,1,1,1,1,1,1,1,1,1,9,0,7,7,3,2,195,174,3,8,4,2
1,195,175,3,1,2,5,3,2,2,1,2,1,3,1,2,1,2,1,2,1,2,1,1,1,1,1,2,1,3,1,4,1,1,1,3,1,2,1,2,1,2,1,2,1,1,1,3,1,2,1,2,1,2,1,1,2,1,2,1,1,1,1,1,1,1,1,1,1,1,6,0,6,5,3,2,195,175,3,0,4,1
1,195,176,3,3,4,6,3,3,2,4,2,4,3,4,2,4,2,4,2,3,2,3,2,3,1,3,3,3,3,1,3,1,2,2,3,2,2,2,3,2,2,2,2,1,3,2,3,1,5,1,2,2,2,2,3,3,1,1,3,3,1,1,1,2,1,2,1,2,2,4,4,5,2,4,2,195,176,3,4,4,1
1,195,177,3,1,3,6,1,4,2,3,2,4,3,4,1,3,1,3,1,3,1,4,1,4,2,4,1,3,3,1,3,2,2,1,5,1,4,1,2,2,2,2,3,1,1,1,3,1,2,2,2,2,4,1,2,2,1,2,1,2,1,1,1,1,1,1,1,2,1,3,7,7,3,4,2,195,177,3,5,4,1
1,195,178,3,3,5,8,3,4,2,4,3,3,3,4,3,3,1,3,1,3,1,3,1,3,1,4,1,4,2,2,3,2,1,1,2,2,3,2,1,2,1,1,2,1,3,1,2,2,1,1,3,1,2,1,2,2,1,1,1,2,1,1,1,2,1,1,1,1,2,8,7,7,4,4,2,195,178,3,5,4,1
1,195,179,3,3,5,6,2,3,2,3,3,3,3,4,2,4,1,3,1,3,1,4,1,3,1,2,1,3,2,1,3,1,1,1,2,2,2,1,2,2,2,2,1,2,3,2,2,2,2,2,3,2,2,2,2,1,1,1,2,1,1,1,1,1,1,1,1,1,2,8,2,6,7,4,2,195,179,3,3,4,1
1,195,180,3,3,5,5,5,0,2,3,3,4,3,4,2,4,1,4,1,3,2,4,1,3,1,4,1,4,2,1,3,1,1,1,3,1,2,1,3,1,5,1,1,1,4,1,3,1,1,1,3,1,1,1,2,1,1,1,1,1,1,1,1,1,1,1,1,1,2,8,0,7,7,4,2,195,180,3,6,4,1
1,195,181,3,2,5,5,4,3,2,3,2,3,3,4,2,4,1,3,1,3,2,3,1,4,1,4,1,4,1,2,3,2,2,2,4,2,2,2,1,1,2,1,3,1,3,2,2,2,2,2,2,2,2,2,2,2,3,2,3,2,2,2,1,2,1,2,1,2,2,5,2,4,0,4,2,195,181,3,5,4,2
1,195,182,3,1,4,6,3,2,3,4,2,4,3,4,2,4,2,4,3,1,3,1,2,3,1,4,1,4,2,2,3,2,2,1,2,2,2,2,0,2,4,1,2,2,2,1,3,1,2,2,1,1,2,2,2,1,1,2,2,3,1,2,1,1,1,2,1,2,2,4,5,6,2,4,2,195,182,3,6,4,2
1,195,183,3,1,4,3,2,3,2,4,2,3,3,4,2,4,2,4,1,3,1,4,2,4,1,4,1,4,3,1,5,1,2,1,3,1,4,1,3,1,2,2,2,1,4,3,3,1,2,1,2,1,2,2,2,1,1,1,1,1,1,1,1,1,1,1,1,1,1,6,7,7,7,4,2,195,183,3,8,4,2
1,195,184,3,1,3,5,4,4,2,4,2,4,3,4,2,4,2,4,1,4,2,4,1,4,1,4,2,4,1,1,1,1,2,1,2,1,4,1,1,1,1,1,3,1,4,1,1,1,2,1,2,1,2,1,2,1,1,1,1,1,1,1,1,1,1,1,1,1,1,7,0,7,7,4,2,195,184,3,0,4,1
1,195,185,3,3,3,5,2,3,3,2,2,3,2,2,2,3,2,3,2,3,2,3,1,2,1,4,3,1,2,2,3,2,2,2,4,2,2,2,2,2,2,2,3,1,3,2,2,2,5,1,1,1,3,1,2,2,1,2,1,2,1,2,1,2,1,2,3,3,2,3,4,6,0,5,2,195,185,3,1,4,2
1,195,186,3,1,5,4,3,2,2,2,2,2,3,2,2,2,1,2,3,2,2,3,1,3,1,3,3,3,1,2,3,2,2,2,3,2,2,2,2,2,2,2,2,2,4,2,1,2,2,2,3,2,2,2,1,2,1,2,1,2,1,2,1,2,1,2,1,2,3,8,0,6,0,5,2,195,186,3,0,4,1
1,195,187,3,3,4,5,4,4,3,4,2,4,3,4,2,4,1,3,3,1,2,4,1,4,1,4,3,4,2,1,2,1,1,2,2,1,2,1,1,1,1,1,2,1,2,1,3,1,2,1,1,1,2,1,2,1,1,1,1,1,1,1,1,1,1,1,1,2,1,6,9,7,6,5,2,195,187,3,8,4,1
1,195,188,3,1,5,8,1,4,2,4,2,3,3,4,2,4,2,4,2,3,2,3,2,3,1,4,3,1,1,1,2,2,2,1,2,2,2,2,3,2,1,2,2,2,2,1,2,1,1,1,3,1,1,1,3,1,3,2,3,1,3,1,1,2,3,1,3,1,4,8,7,1,5,5,2,195,188,3,6,4,2
1,195,189,3,3,4,7,2,3,3,2,3,3,2,2,2,4,1,3,0,0,3,0,2,3,0,0,1,3,2,2,3,1,0,1,2,1,2,2,0,0,1,1,1,1,3,1,0,1,3,2,2,0,2,1,2,1,1,1,1,1,1,1,1,1,1,1,1,1,0,6,7,7,7,5,2,195,189,3,1,4,2
1,195,190,3,1,2,5,3,1,2,4,3,4,3,4,2,4,1,3,3,2,2,4,3,3,1,4,1,4,2,1,1,1,1,1,3,1,2,1,2,1,2,1,3,1,1,1,3,1,2,1,1,1,2,2,1,1,3,3,3,3,1,2,1,1,1,2,2,2,1,5,9,3,2,5,2,195,190,3,6,4,1
1,195,191,3,3,4,6,2,3,2,3,3,3,3,4,2,4,1,3,1,3,3,3,1,4,1,4,1,3,2,1,3,1,1,1,2,1,2,1,1,1,1,1,1,2,2,1,3,1,2,1,2,2,2,2,2,2,1,2,1,2,1,1,1,1,1,1,1,2,2,7,7,7,3,5,2,195,191,3,4,4,1
1,195,192,3,2,2,6,2,2,2,4,3,4,3,4,2,4,3,2,1,3,2,3,1,4,1,4,1,4,1,2,1,1,2,1,3,1,1,2,3,1,4,1,3,1,4,1,1,1,3,1,2,1,2,1,1,2,1,1,1,2,2,2,3,2,2,2,3,2,1,6,9,2,1,5,2,195,192,3,6,4,2
1,195,193,3,0,0,0,0,0,2,3,3,2,0,1,1,2,1,3,2,3,2,4,3,1,2,1,2,3,3,1,1,1,1,2,3,2,1,2,1,2,1,2,0,2,2,2,2,2,1,2,1,2,3,2,0,1,3,2,3,2,2,2,3,2,1,2,3,3,4,5,1,1,1,5,2,195,193,3,1,4,1
1,195,194,3,1,2,5,5,1,1,1,2,4,3,4,1,2,1,4,3,1,1,4,1,4,1,4,3,1,2,2,2,1,1,1,2,1,2,1,2,3,1,1,3,1,4,1,3,1,2,1,1,1,1,1,1,2,1,1,1,2,2,2,1,1,2,2,2,1,2,7,9,3,3,6,2,195,194,3,5,4,2
1,195,195,3,2,2,6,4,3,3,3,2,2,2,2,2,4,3,2,1,3,2,4,1,3,1,4,3,3,1,2,3,2,1,2,2,2,1,1,1,2,1,1,2,2,3,1,1,1,1,1,2,1,1,1,3,2,1,1,3,2,1,1,1,1,1,1,3,2,1,9,6,4,4,6,2,195,195,3,3,4,1
1,195,196,3,3,4,5,2,3,2,3,3,4,3,4,2,3,1,3,3,3,1,4,2,4,1,4,3,4,2,2,2,2,2,2,2,2,2,2,1,2,1,1,1,1,3,2,2,2,2,2,1,1,2,2,2,3,1,1,3,3,1,2,1,2,1,2,1,3,1,6,3,6,1,6,2,195,196,3,5,4,1
1,195,197,3,1,4,5,2,3,3,3,2,3,2,2,2,3,3,3,3,3,1,4,2,4,1,4,1,3,2,1,3,1,3,1,3,1,2,3,2,1,4,2,1,3,2,2,2,2,2,1,1,1,2,3,3,2,1,1,1,1,1,1,1,2,1,2,1,1,1,5,5,6,4,6,2,195,197,3,3,4,1
1,195,198,3,2,3,8,4,4,2,4,3,3,3,4,2,4,3,2,3,2,2,3,2,4,1,4,2,4,2,2,2,1,1,1,2,1,2,1,3,1,2,2,1,1,2,1,1,1,2,1,2,1,2,2,2,2,2,1,2,1,2,1,2,1,2,1,2,1,1,8,7,1,6,6,2,195,198,3,7,4,2
1,195,199,3,1,3,3,1,4,3,3,3,3,2,2,2,3,2,4,1,4,3,2,3,2,1,4,3,2,2,2,3,2,2,2,3,2,2,2,3,2,1,1,3,3,3,2,3,3,2,2,1,1,2,3,1,2,1,1,3,2,3,2,3,2,1,1,3,2,2,4,2,2,2,7,2,195,199,3,4,4,1
1,195,200,3,3,2,6,5,1,2,4,3,3,2,3,2,4,1,2,1,3,3,1,2,3,1,4,3,3,1,2,2,2,1,1,2,2,2,2,2,1,2,2,3,1,2,2,2,2,2,2,1,1,2,2,1,1,1,1,1,1,1,1,1,1,1,1,1,1,2,6,3,6,7,7,2,195,200,3,3,4,1
1,195,201,3,2,3,4,2,4,3,4,2,4,2,4,1,4,3,4,3,4,3,4,3,4,1,4,3,4,2,3,1,3,3,3,5,3,2,3,1,3,2,3,2,3,2,3,3,3,2,3,2,3,2,3,1,1,1,1,1,0,0,0,0,0,0,0,0,0,0,5,6,2,2,9,2,195,201,3,0,4,2
1,195,202,3,2,5,3,2,2,3,3,2,2,2,2,3,2,1,3,3,3,3,1,3,2,1,4,3,2,2,2,3,2,3,2,2,2,2,2,1,1,4,2,2,2,3,2,2,2,2,2,2,2,3,2,3,3,1,1,1,1,1,1,1,1,1,1,1,1,1,6,0,6,6,9,2,195,202,3,1,4,1
1,195,203,3,3,5,6,3,2,3,3,2,4,3,4,2,4,1,4,1,2,1,4,1,4,1,4,1,4,3,1,5,1,3,1,4,1,4,1,1,1,1,1,3,1,1,1,3,1,2,1,1,1,4,1,1,1,1,1,2,2,2,2,1,1,1,2,1,1,2,2,0,4,4,3,2,195,203,3,7,5,2
1,195,204,3,3,2,2,3,3,2,3,3,3,3,3,1,3,1,2,1,2,1,2,1,1,1,2,1,2,3,2,4,2,2,2,3,2,2,2,1,2,2,2,3,2,2,1,2,1,2,1,1,1,2,1,1,2,1,1,1,1,2,1,2,1,2,1,1,1,3,4,5,3,6,4,2,195,204,3,0,5,1
1,195,205,3,3,4,8,3,4,2,4,3,4,3,4,2,4,1,4,2,4,2,4,1,4,1,4,2,4,2,1,3,1,1,1,3,1,4,1,2,1,1,1,2,1,3,1,2,1,2,1,2,1,2,1,3,1,3,1,3,1,1,1,1,1,1,1,1,1,3,8,0,4,7,4,2,195,205,3,0,5,1
1,195,206,3,1,2,6,1,3,3,4,3,3,3,4,2,4,1,3,1,4,3,3,1,4,1,4,1,3,1,1,1,2,1,2,3,1,1,1,1,1,2,2,3,1,2,2,2,1,2,2,2,2,2,2,1,2,1,2,1,2,1,1,1,1,1,1,1,1,3,7,4,6,4,5,2,195,206,3,6,5,2
1,195,207,3,2,5,4,2,2,2,4,3,2,3,4,1,4,1,4,1,4,1,4,1,4,1,4,1,4,3,1,4,1,1,1,3,1,2,1,3,1,1,1,3,1,1,1,3,1,2,1,1,1,3,1,1,1,1,1,1,1,1,1,1,1,1,1,1,1,2,4,0,6,7,5,2,195,207,3,9,5,2
1,195,208,3,4,5,8,4,1,1,1,3,4,3,4,1,4,1,4,1,4,1,4,1,4,1,4,1,4,3,1,5,1,2,1,0,1,3,1,0,1,5,1,3,1,1,1,3,1,5,1,3,1,0,0,2,1,1,1,1,1,1,1,1,1,1,1,0,0,0,1,9,6,6,5,2,195,208,3,8,5,2
1,195,209,3,3,5,6,1,3,2,3,2,3,3,4,2,4,1,4,1,4,2,4,1,4,1,4,1,4,3,1,2,1,1,1,3,1,1,1,1,1,1,1,3,1,1,1,2,2,3,1,2,1,2,1,1,2,1,2,1,2,1,2,1,1,1,1,1,1,1,6,9,6,3,5,2,195,209,3,8,5,1
1,195,210,3,1,1,4,1,4,2,1,3,4,3,1,2,1,1,2,1,3,1,4,2,4,1,4,1,4,2,1,3,1,3,2,5,1,1,1,2,2,1,1,3,1,2,2,3,1,1,1,2,1,3,1,1,2,1,1,1,1,1,1,1,1,1,1,2,1,1,4,8,5,6,5,2,195,210,3,5,5,2
1,195,211,3,3,2,5,4,4,2,4,3,3,3,4,2,4,1,4,1,4,2,4,1,4,1,3,2,4,2,2,3,2,3,2,2,1,1,1,1,1,2,2,2,1,2,1,3,1,1,1,3,1,2,1,1,1,1,1,2,1,1,1,1,1,1,1,2,1,1,6,7,4,7,5,2,195,211,3,9,5,2
1,195,212,3,3,3,8,1,4,2,4,3,3,3,4,2,4,1,4,2,4,1,4,2,4,1,4,2,4,3,1,5,1,1,1,4,1,1,1,4,1,2,2,3,1,4,1,3,1,1,2,3,1,2,1,2,1,2,1,2,1,3,1,1,1,1,1,3,1,1,5,8,3,7,5,2,195,212,3,0,5,2
1,195,213,3,2,1,7,3,2,2,3,3,4,3,4,2,3,3,1,1,2,1,3,2,3,1,4,2,4,2,1,5,1,1,2,3,1,3,1,3,1,4,1,3,1,3,1,2,1,2,1,2,1,2,1,2,1,2,2,1,3,2,1,2,2,2,2,2,1,3,6,9,2,3,5,2,195,213,3,3,5,2
1,195,214,3,2,5,7,3,2,2,3,3,4,3,4,2,4,2,4,3,2,2,4,2,4,1,4,2,4,3,2,4,1,2,1,5,1,2,1,2,1,1,1,3,1,1,1,3,1,1,1,2,1,4,1,2,2,1,1,1,1,1,1,1,1,1,1,1,1,1,3,9,7,6,5,2,195,214,3,7,5,1
1,195,215,3,2,2,6,1,4,2,4,3,4,3,4,2,3,3,2,1,3,2,4,2,3,1,3,1,4,1,1,1,1,3,2,2,1,3,1,2,1,1,1,2,2,1,1,3,1,1,1,3,1,1,1,2,1,1,1,1,1,1,1,1,1,1,1,1,1,1,7,8,7,7,6,2,195,215,3,5,5,2
1,195,216,3,3,2,6,5,1,3,1,3,1,2,1,2,3,1,3,2,3,2,3,3,3,1,3,2,3,2,1,3,2,1,1,3,1,5,1,2,1,1,1,2,1,3,1,1,1,2,1,1,1,2,1,2,1,3,2,3,2,1,1,1,1,1,1,1,1,2,7,0,5,5,6,2,195,216,3,0,5,2
1,195,217,3,3,2,6,2,3,2,4,2,3,3,4,2,2,3,3,1,3,2,3,1,3,1,3,2,3,2,2,2,2,2,1,2,2,3,2,2,2,2,2,2,1,3,2,3,1,2,2,2,1,2,2,1,2,3,3,1,2,2,2,2,2,2,2,2,2,2,6,4,1,0,6,2,195,217,3,2,5,2
1,195,218,3,1,4,6,1,4,3,4,2,4,3,4,2,4,3,4,2,4,3,4,2,4,1,4,2,4,3,3,3,3,1,1,1,1,3,1,3,1,4,1,3,2,2,1,3,1,5,1,3,1,2,2,1,1,2,1,2,1,2,1,2,1,2,1,2,1,4,3,7,0,7,6,2,195,218,3,0,5,1
1,195,219,3,3,5,7,1,4,2,4,3,4,3,4,2,3,1,3,3,3,1,4,2,4,1,4,2,4,2,1,3,1,1,1,3,1,4,1,1,1,1,1,3,1,4,1,1,1,2,1,1,1,2,1,1,1,2,1,2,1,2,1,1,1,1,1,2,1,1,7,0,2,7,6,2,195,219,3,7,5,2
1,195,220,3,3,5,7,1,3,1,3,3,4,1,3,2,3,1,3,2,3,1,3,3,3,1,4,3,3,3,1,3,1,2,1,5,1,2,1,2,1,1,1,3,1,1,1,3,1,3,2,1,1,4,1,2,2,1,1,1,1,1,1,1,1,1,1,1,1,1,2,9,7,6,7,2,195,220,3,1,5,2
1,195,221,3,3,4,6,2,2,3,2,3,2,2,2,2,2,1,3,3,2,2,3,2,3,3,2,1,3,2,2,2,2,3,2,2,2,2,2,2,2,2,2,2,2,3,2,2,2,2,2,1,1,3,2,1,3,3,3,2,2,2,3,1,1,2,2,2,2,1,6,1,1,1,7,2,195,221,3,0,5,1
1,195,222,3,2,3,5,1,4,2,2,3,3,2,2,1,3,1,4,3,2,2,4,1,4,1,3,1,4,2,2,2,2,3,2,3,1,2,1,2,1,1,1,2,1,2,1,2,1,1,1,3,1,2,2,3,3,1,1,2,3,1,1,1,1,3,3,2,2,2,7,7,3,3,7,2,195,222,3,5,5,1
1,195,223,3,1,2,5,1,3,2,1,3,2,3,4,0,2,1,4,1,4,3,1,3,1,1,4,2,4,3,1,4,1,3,2,3,1,4,1,3,1,2,1,2,1,1,1,2,1,3,2,1,1,3,1,3,1,3,1,3,1,2,1,1,1,2,1,2,1,3,5,8,1,7,7,2,195,223,3,5,5,2
1,195,224,3,3,4,4,2,2,2,3,3,3,2,3,1,2,1,3,1,3,3,4,3,2,1,2,1,4,3,1,4,1,2,1,5,1,2,1,4,1,4,1,3,1,1,1,3,1,5,1,3,1,3,1,3,2,1,2,3,2,3,3,2,2,3,3,3,3,3,1,0,1,0,8,2,195,224,3,2,5,2
1,195,225,3,3,2,7,2,3,3,3,3,3,2,2,3,3,1,3,3,0,2,4,3,2,1,3,1,3,2,2,2,2,3,2,2,2,2,2,3,2,4,2,2,2,4,2,2,2,2,2,2,2,2,2,1,2,2,1,2,1,2,3,3,2,2,2,2,1,1,7,0,0,3,8,2,195,225,3,1,5,2
1,195,226,3,1,3,4,2,2,3,3,3,4,2,2,2,2,3,3,1,3,3,2,3,2,1,4,2,2,2,2,3,2,2,1,4,1,2,2,2,2,3,2,2,2,2,2,2,2,3,2,2,2,2,2,3,1,3,3,2,2,1,2,1,1,1,2,3,3,3,5,2,3,2,8,2,195,226,3,1,5,1
1,195,227,3,3,2,6,1,4,3,2,3,4,1,4,2,4,1,4,2,4,2,4,2,4,2,4,1,4,2,1,3,1,1,1,3,1,2,1,1,1,4,3,2,2,4,1,2,1,3,2,1,1,1,1,2,1,1,1,1,1,1,1,1,1,1,1,1,1,1,8,7,7,7,5,2,195,227,3,9,6,2
1,195,228,3,2,2,7,1,4,1,4,3,3,2,4,3,1,3,4,3,4,2,4,2,4,1,4,3,4,2,2,3,1,3,1,2,1,2,2,3,1,4,2,2,2,3,2,2,2,2,2,2,2,2,2,1,2,3,3,3,3,3,3,2,1,3,3,2,1,1,6,2,0,2,0,2,195,228,3,9,5,2
1,195,229,3,3,2,7,1,3,3,2,3,3,3,4,2,3,2,3,1,3,2,3,2,3,1,3,1,4,2,2,3,2,1,1,3,2,2,2,2,2,4,2,2,1,3,1,2,1,2,1,2,2,1,1,1,3,1,2,3,3,1,2,1,1,1,1,3,3,1,8,6,4,2,5,2,195,229,3,2,6,1
1,195,230,3,3,4,6,1,4,3,1,3,4,3,4,2,4,2,4,1,3,2,3,2,3,2,4,2,3,1,1,4,1,1,2,2,2,3,1,2,1,4,1,1,1,4,1,1,1,2,1,2,3,1,1,1,1,3,1,2,1,2,1,2,1,2,1,2,1,2,9,7,0,7,5,2,195,230,3,5,6,2
1,195,231,3,2,4,8,1,3,3,3,1,3,3,3,2,4,2,4,1,1,2,4,2,4,1,4,3,0,1,1,2,2,1,1,1,1,2,1,3,1,2,1,2,1,4,2,1,1,2,1,1,1,1,1,1,1,2,1,1,2,3,3,3,3,3,3,2,1,1,9,9,1,3,6,2,195,231,3,5,6,2
1,195,232,3,3,4,7,1,4,1,4,2,3,3,4,1,4,2,4,1,2,1,4,2,4,1,4,1,4,1,1,2,1,1,1,1,1,3,1,1,1,1,1,2,2,3,1,1,1,1,1,3,1,1,1,2,1,1,2,1,2,1,2,1,1,1,2,2,2,1,9,9,6,2,6,2,195,232,3,9,6,2
1,195,233,3,3,3,7,1,4,2,4,3,4,3,4,2,4,1,4,1,3,2,4,2,4,1,4,1,4,2,1,5,1,1,2,3,1,3,1,2,1,2,2,3,1,1,1,3,1,5,1,1,1,1,1,2,1,1,1,1,1,1,1,1,1,1,1,1,1,1,5,8,7,7,6,2,195,233,3,9,6,2
1,195,234,3,2,5,4,1,4,2,4,3,3,3,4,2,4,1,1,1,3,2,4,1,3,1,4,2,4,2,3,4,1,2,1,5,1,1,2,4,3,1,1,3,1,1,1,3,1,5,1,1,1,3,1,1,1,1,1,3,3,1,1,1,1,1,1,1,1,1,2,9,5,6,6,2,195,234,3,7,6,2
1,195,235,3,2,3,5,2,3,3,3,3,3,3,4,2,4,3,3,1,3,2,3,2,3,1,4,3,4,2,2,3,2,3,2,3,2,5,2,4,2,2,2,2,2,3,2,2,2,5,1,2,2,4,1,3,3,3,3,3,3,1,2,3,3,3,3,3,3,3,6,2,1,0,7,2,195,235,3,4,6,1
1,195,236,3,3,5,7,1,4,2,3,3,2,1,3,2,3,2,3,1,3,2,4,2,3,1,3,3,2,2,2,4,1,1,1,2,1,3,1,3,1,1,1,1,2,1,1,3,1,2,2,1,1,3,1,2,2,1,1,1,1,1,1,1,1,1,1,1,1,1,6,7,7,6,7,2,195,236,3,2,6,2
1,195,237,3,3,5,4,1,4,3,4,3,4,2,4,2,4,1,4,1,4,2,4,2,4,3,3,1,3,2,1,3,1,2,2,2,2,2,2,2,1,1,1,1,1,4,1,2,1,2,1,2,1,1,1,2,1,1,1,1,1,1,1,1,1,1,1,1,1,1,9,8,7,7,7,2,195,237,3,8,6,1
1,195,238,3,3,3,5,1,3,3,4,3,4,3,4,1,3,3,4,1,3,2,4,3,4,1,4,1,4,2,1,3,1,1,1,2,1,3,1,1,1,1,1,3,1,2,2,2,1,2,1,2,2,2,1,2,1,1,1,1,1,1,1,1,1,1,1,1,1,3,7,8,7,7,7,2,195,238,3,7,6,1
1,195,239,3,3,4,4,2,3,3,3,3,3,2,3,2,4,1,4,3,2,2,3,2,4,1,4,1,3,2,2,2,2,2,2,3,2,2,2,1,3,1,3,2,2,2,2,2,2,2,2,2,2,2,2,1,2,1,1,2,2,1,1,1,1,1,1,1,1,3,7,0,5,5,7,2,195,239,3,4,6,1
1,195,240,3,3,3,5,2,3,3,4,3,4,2,4,2,3,1,3,1,3,2,4,3,4,1,3,3,4,2,1,3,1,1,1,2,1,2,1,1,1,1,1,2,1,1,1,2,1,2,1,3,1,1,1,2,1,2,2,3,3,1,1,1,1,1,2,1,2,2,9,0,5,3,8,2,195,240,3,5,6,1
1,195,241,3,3,2,7,3,3,1,1,3,4,2,4,2,3,1,3,3,4,2,4,2,4,1,4,3,3,2,2,2,2,1,2,2,2,3,1,2,1,1,1,1,1,3,2,2,1,1,1,2,2,2,1,3,2,2,1,2,2,1,2,1,1,1,2,3,1,1,8,5,3,3,8,2,195,241,3,5,6,1
1,195,242,3,2,3,0,1,4,1,3,3,3,2,2,2,4,1,4,3,2,2,3,2,4,2,4,2,3,2,2,3,1,3,2,3,2,1,1,1,1,4,1,3,1,3,1,1,1,2,1,3,1,1,1,1,2,1,1,3,2,1,1,1,1,1,1,1,2,3,6,7,5,4,8,2,195,242,3,5,6,2
1,195,243,3,1,4,4,1,3,3,1,3,3,2,1,1,4,1,4,1,4,3,1,3,1,1,4,3,1,3,3,3,3,2,3,4,2,5,3,2,2,2,2,2,2,3,2,2,2,3,3,2,2,3,2,3,3,1,1,3,3,3,3,3,3,3,3,3,3,3,5,0,1,1,9,2,195,243,3,4,6,1
1,195,244,3,1,5,1,1,2,3,2,2,4,2,2,1,4,1,3,1,3,3,2,3,3,1,4,3,3,2,3,3,0,2,1,0,2,2,1,4,2,1,1,2,2,1,1,3,1,3,1,1,1,2,2,1,1,1,2,3,3,3,3,3,2,3,3,3,3,1,4,6,1,1,9,2,195,244,3,2,6,2
1,195,245,3,2,5,5,1,4,1,4,2,4,2,4,3,4,1,4,3,4,2,4,2,4,1,4,1,4,3,1,3,1,1,3,3,1,1,2,3,1,4,1,3,1,3,0,3,1,3,1,1,1,1,1,2,2,1,2,1,1,1,1,1,1,1,1,1,1,1,4,8,7,5,9,2,195,245,3,0,6,2
1,195,246,3,2,5,7,1,4,1,4,3,4,2,3,3,3,1,4,3,3,2,4,2,4,1,4,3,3,2,2,3,2,3,2,3,2,5,3,1,1,1,1,3,1,1,1,2,2,3,1,1,1,2,2,2,2,1,1,1,1,1,1,1,1,1,1,3,3,2,5,5,6,5,0,2,195,246,3,6,6,1
1,195,247,3,3,4,6,1,4,1,4,3,4,1,4,2,4,1,4,1,3,2,4,2,4,2,4,1,4,2,1,4,1,1,1,3,1,3,1,3,1,5,1,2,1,2,2,2,2,2,1,2,2,2,1,2,1,1,1,1,1,1,1,1,1,1,1,1,1,1,7,7,7,7,7,2,195,247,3,9,7,1
1,195,248,3,3,3,5,1,4,3,4,3,3,2,4,2,4,1,4,1,4,2,4,2,4,2,4,2,4,2,3,5,1,1,1,5,1,3,1,1,1,1,1,2,1,3,1,3,1,2,1,1,1,3,1,2,1,2,1,1,1,1,1,1,1,1,1,1,1,1,5,9,6,7,7,2,195,248,3,0,7,2
1,195,249,3,3,3,5,2,3,2,3,3,3,3,4,2,4,1,4,1,4,2,3,2,3,1,3,2,3,2,1,3,1,1,1,3,2,3,1,1,1,1,1,2,2,3,1,2,1,1,1,2,1,1,1,2,1,1,1,1,1,1,1,1,1,1,1,1,1,1,9,8,7,7,7,2,195,249,3,4,7,1
1,195,250,3,4,5,5,2,2,1,0,3,3,1,1,1,3,0,0,1,0,2,0,1,0,1,0,3,0,1,0,2,0,1,0,2,0,1,1,4,0,1,0,1,0,2,0,2,0,2,0,3,0,3,0,2,1,1,1,1,1,1,1,1,1,1,1,1,1,0,8,0,7,7,8,2,195,250,3,0,7,1
1,195,251,3,1,3,4,1,4,1,3,3,3,1,3,2,1,1,4,2,4,2,4,2,4,1,4,3,3,2,2,4,1,2,1,3,2,2,2,2,1,2,2,3,1,1,1,3,1,2,2,1,1,4,1,1,2,1,2,1,2,1,1,1,1,1,1,1,1,2,4,6,6,4,8,2,195,251,3,6,7,1
1,195,252,3,1,4,4,1,4,2,2,3,4,1,4,2,4,1,4,1,4,2,4,2,4,1,4,3,3,1,1,2,1,2,1,2,1,2,2,1,1,1,1,2,1,4,1,3,1,2,1,2,1,3,1,1,1,1,1,1,1,1,1,1,1,1,1,1,1,1,7,0,6,7,8,2,195,252,3,8,7,1
1,195,253,3,2,5,4,2,3,3,2,2,3,1,3,3,2,1,3,3,2,2,3,2,3,1,4,1,3,2,2,3,2,2,2,2,2,2,2,4,2,1,1,2,2,3,2,2,2,2,2,2,2,2,2,3,3,1,2,3,3,3,3,1,2,3,3,3,3,3,7,1,2,0,8,2,195,253,3,1,7,1
1,195,254,3,2,5,3,1,4,3,2,3,4,2,2,3,2,1,3,2,4,2,3,2,4,1,4,2,4,1,2,1,1,1,2,3,2,2,1,2,2,2,2,3,1,2,2,3,1,2,2,2,2,2,2,1,2,3,2,3,2,1,2,1,2,3,2,2,2,2,6,2,2,0,8,2,195,254,3,5,7,2
1,195,255,3,1,2,6,1,3,1,3,3,3,2,3,2,3,2,3,1,3,2,3,2,3,1,4,2,3,2,2,5,1,2,1,2,1,4,1,2,1,4,2,2,1,2,1,3,1,2,1,1,1,2,1,1,1,2,1,2,1,2,1,2,1,2,1,2,1,2,4,8,0,7,8,2,195,255,3,1,7,2
1,195,256,3,3,5,8,1,3,1,3,3,3,1,3,2,4,1,3,3,1,2,4,2,4,1,4,3,1,2,1,3,2,1,1,2,2,2,1,1,1,2,2,2,2,2,1,3,1,2,1,3,1,2,1,2,2,1,1,1,1,1,1,1,1,1,1,2,1,2,7,7,6,6,9,2,195,256,3,4,7,2
1,195,257,3,2,3,5,1,4,1,4,3,4,2,2,2,3,1,3,1,3,2,4,3,1,1,4,2,3,2,2,3,1,3,3,3,2,2,2,1,1,2,1,2,2,3,1,2,1,5,1,2,1,2,1,2,2,1,3,1,3,1,1,1,1,1,1,1,1,1,6,6,7,4,9,2,195,257,3,4,7,1
1,195,258,3,3,2,6,2,3,1,3,3,3,2,3,2,4,3,3,1,3,2,4,2,4,1,4,2,4,1,2,2,2,1,1,2,2,1,1,1,1,1,1,2,1,3,2,2,2,2,1,1,1,2,2,2,1,1,1,1,1,1,1,1,1,1,1,1,1,1,7,5,7,7,9,2,195,258,3,5,7,2
1,195,259,3,2,3,5,2,3,1,4,3,4,1,3,3,1,1,4,3,1,2,3,2,3,1,4,3,1,2,2,1,1,1,2,2,2,2,1,1,1,2,2,2,1,4,1,1,1,4,2,2,2,1,1,1,2,3,3,1,1,1,2,1,1,1,2,1,1,1,0,4,5,3,0,2,195,259,3,3,7,2
1,195,260,3,1,2,3,1,4,1,3,3,3,2,2,3,2,1,3,1,3,2,3,2,3,1,3,3,2,2,2,3,2,3,3,3,2,2,2,1,2,1,1,2,2,2,2,2,2,3,2,1,1,1,1,1,1,3,3,3,2,3,3,1,2,3,2,3,2,2,7,3,1,1,0,2,195,260,3,1,7,1
1,195,261,3,2,3,5,1,4,3,2,3,4,3,2,2,4,1,3,1,3,2,4,2,3,1,4,2,4,1,2,3,2,1,2,2,2,1,2,1,1,1,1,3,1,3,3,2,2,2,3,2,2,2,2,2,2,1,2,1,1,1,1,1,2,1,2,1,2,2,7,2,7,2,7,2,195,261,3,5,8,1
1,195,262,3,1,3,1,4,4,1,4,2,4,1,4,1,4,1,4,1,4,2,4,2,4,1,4,1,4,3,1,4,1,2,1,1,1,3,1,3,1,1,1,1,1,1,1,3,1,1,1,1,1,0,0,0,0,0,0,0,0,0,0,0,0,0,0,1,1,1,4,9,1,1,8,2,195,262,3,0,8,1
1,195,263,3,1,3,5,1,4,1,4,3,4,1,4,2,4,1,4,2,3,2,1,2,1,1,4,2,1,2,1,4,2,3,2,3,2,2,2,1,1,2,2,2,2,2,2,2,2,2,2,2,2,2,2,2,2,1,1,1,2,1,2,1,2,1,2,1,2,3,7,1,7,1,8,2,195,263,3,6,8,1
1,195,264,3,3,2,6,1,4,3,2,3,4,2,2,2,4,1,4,1,3,2,3,2,3,1,4,2,4,2,1,1,1,1,1,3,1,1,1,1,1,2,2,2,1,3,1,1,1,1,1,2,1,2,1,2,1,1,1,1,1,1,1,1,1,1,1,1,1,1,8,9,7,7,8,2,195,264,3,5,8,1
1,195,265,3,2,3,5,1,4,1,3,3,4,1,3,1,4,1,3,2,4,2,4,2,4,1,4,3,1,2,1,4,2,2,1,4,1,3,1,2,1,1,1,2,1,3,2,2,1,5,1,1,1,2,1,2,1,1,1,1,1,1,1,1,1,1,1,1,1,1,4,9,7,7,9,2,195,265,3,6,8,1
1,195,266,3,3,4,5,1,4,1,4,3,4,1,4,2,4,3,2,1,4,2,4,2,4,1,4,2,4,2,3,3,1,1,1,1,1,1,1,1,1,1,1,2,1,2,1,2,1,2,1,2,1,1,1,1,1,1,1,1,1,1,1,1,1,1,1,1,1,1,9,9,6,7,9,2,195,266,3,9,8,2
1,195,267,3,3,5,4,1,4,1,4,1,4,1,4,2,3,3,2,1,3,2,4,2,4,1,4,2,4,2,2,4,1,2,2,3,2,2,1,1,1,1,1,3,1,1,1,3,1,2,1,2,2,3,2,2,1,1,1,1,1,1,1,1,1,1,1,1,1,1,5,5,7,7,9,2,195,267,3,7,8,1
1,195,268,3,3,2,7,1,4,1,3,3,4,2,3,2,4,1,4,1,4,2,4,2,3,1,4,2,4,1,2,2,1,1,2,1,1,1,1,1,1,1,1,2,2,2,1,3,1,2,2,2,1,2,2,2,1,1,1,1,1,1,1,1,1,1,1,1,1,1,7,5,7,7,9,2,195,268,3,7,8,2
1,195,269,3,3,5,7,2,2,2,2,3,3,2,2,1,3,1,3,1,3,2,3,2,3,1,3,2,2,2,2,3,2,1,1,2,2,2,2,1,2,1,2,1,1,3,2,2,2,2,2,2,2,2,2,2,2,2,1,1,1,1,1,1,1,1,1,2,2,1,8,2,5,5,9,2,195,269,3,0,8,2
1,195,270,3,3,5,4,1,4,1,4,3,4,2,2,1,4,1,3,1,4,2,4,2,4,1,4,3,4,2,2,2,1,1,1,2,1,1,1,1,1,1,1,2,1,3,2,2,1,2,1,1,1,2,1,2,2,1,1,1,1,1,1,1,1,1,1,1,1,1,7,8,7,6,0,2,195,270,3,8,8,2
1,195,271,3,3,3,6,1,3,1,3,3,3,2,2,3,3,1,3,1,3,2,3,2,3,1,4,2,4,1,2,1,2,1,1,2,2,2,2,1,2,1,1,2,2,3,3,2,2,2,2,2,2,1,1,2,2,3,3,1,2,1,2,1,1,1,1,1,1,1,9,3,6,3,0,2,195,271,3,2,8,1
1,195,272,3,2,3,4,1,4,1,4,3,4,1,4,1,4,1,4,1,4,1,1,2,4,1,4,2,4,2,2,3,2,3,2,2,2,2,2,2,2,2,2,3,1,2,1,3,1,2,2,2,2,2,2,1,1,1,1,1,1,1,2,1,2,1,2,1,2,2,5,3,6,3,9,2,195,272,3,9,9,1
1,195,273,3,1,3,6,2,3,1,4,3,3,1,3,2,1,1,3,1,3,2,3,2,3,1,3,2,3,2,2,3,2,2,3,3,2,2,2,1,1,2,2,2,2,4,2,2,2,3,2,2,2,3,2,2,2,1,1,1,1,2,2,1,2,1,2,3,3,3,8,0,5,2,9,2,195,273,3,1,9,1
1,195,274,3,1,2,6,2,3,1,3,3,3,1,3,2,3,1,3,1,3,2,3,2,2,1,4,2,2,2,1,3,2,1,1,3,2,2,2,2,2,2,2,2,2,2,1,2,1,2,1,2,1,2,2,3,2,1,2,1,2,1,2,1,1,1,2,1,2,1,8,6,6,1,9,2,195,274,3,1,9,2
1,195,275,3,3,3,5,1,4,3,2,3,4,1,4,3,0,1,4,1,4,2,4,2,4,1,4,2,4,2,1,3,1,1,1,3,2,1,1,1,1,1,1,2,2,3,2,2,2,2,2,2,2,2,2,2,2,1,1,3,3,1,1,1,1,1,1,1,1,1,8,3,6,5,9,2,195,275,3,8,9,2
1,195,276,3,2,5,5,1,4,1,4,3,4,1,4,1,4,1,4,1,4,2,4,2,4,1,4,1,4,2,1,3,1,2,1,4,1,3,1,2,1,2,1,2,1,3,2,2,1,2,1,2,1,3,1,2,1,1,1,1,1,1,1,1,1,1,1,1,1,1,6,9,7,7,9,2,195,276,3,0,9,1
1,195,277,3,3,5,4,1,4,1,4,3,4,1,4,3,4,1,4,1,4,2,4,2,4,1,4,2,4,1,1,2,1,1,1,1,1,1,1,1,1,1,1,2,1,4,1,1,1,1,1,1,1,1,1,1,1,1,1,1,1,1,1,1,1,1,1,1,1,0,9,0,6,7,0,2,195,277,3,0,9,1
1,195,278,3,3,2,7,1,4,1,4,1,4,1,4,3,2,1,4,1,3,2,4,2,3,1,4,2,4,2,2,3,2,1,2,3,2,1,2,1,1,1,2,2,1,1,1,3,1,2,2,2,2,2,2,1,2,2,2,3,3,1,2,1,1,1,1,1,1,2,7,3,4,3,0,2,195,278,3,7,9,2
1,195,279,3,3,5,5,1,4,1,4,3,4,1,4,3,2,1,4,1,3,2,4,2,4,1,4,2,4,2,2,1,1,1,1,1,1,2,1,4,2,1,1,2,2,3,2,2,2,1,1,1,1,1,2,1,1,3,2,3,2,2,1,3,3,3,3,2,2,1,8,5,0,2,0,2,195,279,3,8,9,2
1,195,280,3,1,3,1,1,4,1,4,3,4,2,2,1,4,1,4,1,3,2,4,2,4,1,4,2,4,1,1,5,1,1,1,1,1,1,1,2,1,1,1,1,1,2,1,2,1,2,1,2,1,2,1,1,1,1,1,1,1,2,1,1,1,3,1,1,1,2,8,0,4,7,0,2,195,280,3,8,9,1
1,195,281,3,2,5,8,1,4,3,3,3,4,1,4,1,4,1,4,1,4,2,4,2,4,1,4,2,3,2,1,3,1,1,1,2,2,3,1,2,1,1,1,1,1,4,1,1,1,1,1,3,1,4,1,2,1,1,1,1,2,1,1,1,1,1,1,1,1,1,9,9,7,6,9,2,195,281,3,8,0,2
1,195,282,3,3,5,4,1,4,1,4,3,4,1,4,1,4,1,4,1,4,2,4,2,4,1,4,2,4,1,1,1,1,1,1,1,1,1,1,1,1,1,1,1,1,4,1,1,1,1,1,3,1,1,1,2,1,1,1,2,1,1,1,1,1,1,1,1,1,1,0,0,6,7,0,2,195,282,3,0,0,1
1,195,283,3,1,5,4,1,4,1,4,3,4,1,4,1,4,1,4,1,4,2,4,2,4,1,4,2,4,2,3,4,2,3,2,2,2,2,3,2,2,1,1,1,1,4,1,1,1,1,1,0,0,1,1,1,1,1,1,1,1,2,1,3,1,2,1,2,1,2,8,6,2,7,0,2,195,283,3,0,0,1
1,195,284,3,1,5,5,4,4,2,3,2,4,3,4,2,4,2,4,2,4,0,0,0,0,0,0,0,0,1,1,1,1,3,1,1,1,1,1,1,1,4,1,1,1,4,1,1,1,1,1,3,1,1,1,1,1,1,1,1,1,1,1,1,1,1,1,2,1,2,8,0,5,7,0,2,195,284,3,5,0,1
1,195,285,3,2,2,4,5,1,2,4,2,4,3,4,2,4,2,4,2,4,1,4,1,4,2,4,1,4,3,1,5,1,2,1,5,1,4,1,3,1,3,3,3,1,1,1,3,1,5,1,1,1,4,1,1,1,2,2,2,2,1,2,1,1,1,1,1,1,3,0,9,4,4,0,2,195,285,3,9,0,1
1,195,286,3,2,5,5,4,4,2,4,2,4,3,4,2,4,2,4,2,4,1,4,1,4,2,4,1,4,3,1,2,2,2,1,3,1,3,1,3,2,4,2,1,1,3,2,3,2,5,2,3,1,4,1,2,2,1,1,1,2,1,2,1,2,1,2,1,2,1,3,6,7,1,0,2,195,286,3,0,0,1
1,195,287,3,1,4,3,4,4,2,4,2,4,3,4,2,4,2,4,2,4,1,4,1,4,2,4,1,4,2,2,4,1,3,2,2,1,4,1,3,1,3,2,2,2,4,1,2,2,3,2,3,1,2,2,1,2,3,3,3,3,1,2,3,2,1,1,1,2,3,7,3,3,1,0,2,195,287,3,0,0,1
1,195,288,3,2,3,4,4,4,2,4,2,4,3,4,2,4,2,4,2,4,1,4,1,4,2,4,1,4,2,2,2,2,1,1,2,2,1,1,1,1,3,1,2,1,3,2,2,1,2,1,2,1,1,1,2,1,1,1,1,1,1,1,1,1,1,1,1,1,1,8,7,7,7,0,2,195,288,3,0,0,1
1,195,289,3,1,3,6,4,4,2,4,2,3,3,4,2,4,2,4,2,4,1,4,1,4,2,4,1,4,2,2,4,1,2,2,4,1,4,1,2,1,4,2,3,1,3,2,3,2,5,1,1,1,4,1,1,1,2,1,2,1,2,1,2,1,2,1,2,1,1,1,5,0,7,0,2,195,289,3,0,0,1
1,195,290,3,2,2,6,4,4,2,4,2,4,3,4,2,4,2,4,2,4,1,4,1,4,2,4,1,4,2,1,3,1,1,1,5,1,3,1,2,1,4,1,3,1,3,1,2,2,2,1,2,2,3,1,2,1,1,1,1,1,1,1,2,1,1,1,1,1,3,5,8,6,7,0,2,195,290,3,0,0,2
1,195,291,3,1,2,7,4,4,2,4,2,4,3,4,2,4,2,4,2,4,1,4,1,4,2,4,1,4,3,1,5,1,0,0,5,1,3,1,1,1,2,2,3,1,2,1,1,1,1,1,3,1,3,1,1,2,1,1,1,1,1,1,1,1,1,1,2,1,4,4,8,5,6,0,2,195,291,3,0,0,1
1,195,292,3,2,4,6,1,4,1,3,3,3,1,3,1,3,1,3,1,3,2,3,2,3,1,3,2,3,2,2,3,2,3,2,3,2,2,2,1,2,1,2,2,2,1,2,3,2,2,2,1,2,3,2,1,2,1,2,1,2,1,2,1,2,1,2,1,2,2,5,0,6,0,0,2,195,292,3,1,0,2
1,195,293,3,3,3,6,1,4,1,4,2,4,1,4,1,4,1,4,1,4,2,4,2,4,1,4,2,4,1,1,1,1,1,1,1,1,1,1,1,1,1,1,2,1,3,1,2,2,2,2,1,1,2,2,1,1,1,1,1,2,1,1,1,1,1,1,1,1,2,7,7,6,6,0,2,195,293,3,0,0,2
