CARD.,DECK.,BALLOT.,FORM.,Q.1.,Q.2.,Q.3.,Q.4.,Q.5.,Q.5..1,Q.6B.,Q.7.,Q.8.,Q.9A.,Q.9B.,Q.9C.,Q.9D.,Q.11.,Q.12.,Q.13.,Q.14.,Q.15.,Q.16.,Q.17.,Q.18.,Q.19.,Q.20.,Q.21A.,Q.21B.,Q.22.,Q.23.,Q.24.,Q.25.,Q.26A.,Q.26B.,Q.27.,Q.28.,Q.29.,Q.30A.,Q.30B.,Q.30C.,Q.30D.,Q.31A.,Q.31B.,Q.31C.,Q.31D.,Q.31E.,Q.31F.,Q.31G.,Q.31H.,Q.31I.,Q.31J.,Q.31K.,Q.31L.,Q.31M.,Q.31N.,Q.31O.,Q.31P.,Q.31Q.,Q.31R.,Q.31S.,Q.31T.,Q.32.,Q.33.,Q.34.,Q.35A.,Q.35B.,Q.36A.,Q.36B.,Q.36C.,CARD..1,DECK..1,BALLOT..1,FORM..1,Q.36D.,Q.36E.,Q.36F.,Q.36G.,Q.36I.,Q.36J.,Q.37A.,Q.37B.,Q.38.,Q.39.,Q.40A.,Q.40B.,Q.42.,Q.43A.,Q.43B.,Q.43C.,Q.43D.,Q.43E.,Q.43F.,Q.43G.,Q.43H.,Q.43I.,Q.43J.,Q.44.,Q.47A.,Q.47B.,Q.47C.,Q.47D.,Q.47E.,Q.49.,Q.50A.,Q.50B.,Q.50C.,Q.50D.,Q.51A.,Q.51B.,Q.53A.,Q.53B.,Q.54A.,Q.54B.,Q.54C.,Q.54D.,Q.54E.,Q.55A.,Q.55B.,Q.56.,Q.57.,Q.58.,Q.58..1,Q.58..2,Q.58..3,Q.58..4,Q.58..5,Q.58..6,Q.58..7,Q.58..8,Q.58..9,Q.58..10,Q.58..11,Q.58..12,Q.59.,Q.60A.,Q.60B.,Q.61A.,Q.61A..1,Q.61B.,V.63.
1,101,1,3,1,5,3,2,9,4,14,4,4,0,3,3,2,1,3,1,2,1,2,1,1,1,9,2,3,2,2,2,1,1,2,3,2,2,1,1,1,1,4,4,4,4,4,4,1,4,4,4,1,1,4,1,1,4,4,4,4,4,2,1,3,3,3,1,1,1,2,101,1,3,1,1,1,1,1,2,1,1,1,1,2,2,5,2,4,4,3,4,4,4,4,4,4,1,2,2,2,2,2,0,2,2,2,2,1,1,1,2,55,20,20,5,0,2,3,3,3,2,2,2,2,1,2,1,2,2,2,2,2,2,2,3,2,4,3,1,3
1,101,2,3,2,6,3,4,6,4,5,4,4,1,2,1,2,1,3,1,2,1,2,3,1,2,9,2,2,2,3,2,1,1,1,3,1,1,2,2,2,3,1,1,4,1,2,1,4,4,4,4,2,3,1,4,4,4,4,1,1,4,3,1,4,3,3,1,1,3,2,101,2,3,3,1,1,3,1,1,1,3,1,4,1,1,1,3,2,4,4,4,4,3,4,4,4,3,5,1,5,5,3,2,1,2,1,2,0,0,1,2,20,20,20,20,20,2,3,3,3,2,2,2,2,2,2,1,2,2,2,2,2,2,2,6,6,3,4,3,2
1,101,3,3,2,2,3,2,12,3,27,4,11,1,1,1,1,1,3,2,2,1,2,2,1,1,0,1,2,4,3,2,2,1,1,1,1,1,1,2,1,1,1,4,4,2,4,4,1,4,4,4,1,2,2,4,4,4,4,4,4,4,3,3,3,3,3,1,1,1,2,101,3,3,1,1,1,1,1,3,1,1,1,1,3,1,1,1,2,4,4,2,4,2,4,4,4,1,1,1,1,1,1,4,1,2,1,2,1,1,1,2,0,25,75,0,0,2,3,3,3,2,2,2,2,1,2,1,2,2,2,2,2,2,1,6,6,4,5,4,1
1,101,4,3,3,5,2,2,8,4,6,4,4,1,3,1,1,1,3,1,1,1,2,3,1,1,8,1,2,3,2,2,2,1,1,1,2,2,1,2,1,1,4,4,4,1,4,4,4,4,4,4,4,4,4,4,4,4,1,4,4,4,3,3,4,3,2,1,1,1,2,101,4,3,1,1,1,2,1,3,1,1,1,1,1,2,5,2,2,4,2,4,4,4,4,4,4,1,5,1,5,5,2,3,2,3,1,2,1,3,1,2,5,75,10,5,5,2,1,2,3,2,1,2,1,2,2,2,2,2,2,2,2,2,2,6,2,5,3,5,1
1,101,5,3,1,5,1,2,7,1,27,4,4,1,2,1,1,1,3,2,1,1,2,2,1,2,8,1,2,2,2,1,1,1,2,3,2,5,1,2,1,1,4,1,1,2,4,1,1,4,1,1,1,2,1,1,1,4,4,1,1,1,4,1,1,3,3,0,1,1,2,101,5,3,1,1,1,2,1,0,1,1,1,1,2,2,2,2,2,4,4,4,4,4,4,4,2,3,3,1,4,3,1,2,2,3,2,3,1,1,1,1,5,80,5,10,0,2,3,3,3,2,2,2,2,2,1,2,2,2,1,2,2,2,2,5,3,3,4,3,1
1,101,6,3,2,2,1,2,12,3,28,4,3,1,2,1,2,1,3,1,2,1,2,2,1,3,8,2,2,4,8,2,1,2,2,3,2,4,1,1,1,1,4,1,4,2,4,4,4,1,4,4,4,1,2,4,4,4,1,1,4,1,3,1,1,3,3,1,1,2,2,101,6,3,3,1,1,1,1,1,1,1,1,2,1,2,2,2,2,4,4,4,4,4,4,4,2,1,1,1,2,4,1,3,2,2,2,3,1,2,1,2,5,10,75,10,0,2,1,2,2,2,2,2,1,2,2,2,2,1,2,2,2,2,2,6,2,5,3,2,1
1,101,7,3,2,4,2,3,1,2,27,4,9,1,1,1,1,2,3,1,1,1,2,2,1,3,9,1,2,2,3,2,1,1,1,1,2,2,2,2,1,1,1,4,4,3,4,3,1,4,4,4,1,2,3,4,4,1,1,3,3,4,4,2,3,2,2,1,1,0,2,101,7,3,1,1,1,2,1,0,1,1,2,1,3,1,1,2,3,4,4,3,4,4,4,4,4,1,5,1,5,1,1,3,1,4,1,2,1,0,0,2,0,20,70,0,10,1,1,3,3,2,1,2,2,2,2,2,2,1,2,2,2,2,1,1,1,5,0,3,1
1,101,8,3,2,3,3,2,9,4,19,4,3,1,2,1,1,1,3,1,2,1,2,1,1,1,9,0,0,2,3,1,2,2,2,1,1,1,3,2,1,3,1,4,1,1,4,1,4,1,1,1,4,2,1,1,1,1,1,1,1,1,1,2,3,3,2,1,1,1,2,101,8,3,1,1,1,1,1,2,1,1,1,1,1,1,1,2,2,4,4,3,4,3,4,4,2,1,1,1,4,5,1,3,1,3,1,2,1,2,2,2,10,10,80,0,0,2,1,1,1,2,2,2,2,1,2,1,2,2,2,2,2,2,2,5,3,3,5,1,3
1,101,9,3,3,5,1,2,8,4,1,4,4,1,1,1,1,3,0,1,1,1,2,3,2,1,8,0,0,0,2,1,1,1,2,0,1,5,1,2,1,1,4,4,4,4,4,4,4,4,4,4,4,1,4,4,4,4,4,4,4,4,4,1,1,3,2,1,1,3,2,101,9,3,3,1,1,2,1,3,1,1,1,1,3,3,0,0,0,0,0,0,0,0,0,0,0,1,1,1,0,1,0,4,1,2,1,2,1,1,1,1,5,30,65,0,0,1,1,3,3,2,2,2,2,2,2,2,2,2,2,2,2,2,1,6,3,4,3,4,1
1,101,10,3,2,2,2,2,9,4,15,4,10,1,1,1,1,1,3,1,2,1,2,3,1,3,1,0,0,4,3,2,1,1,1,3,1,1,1,1,2,2,4,1,4,1,4,2,4,4,4,4,4,1,4,4,4,4,4,4,4,4,3,1,2,3,3,1,1,2,2,101,10,3,2,1,1,2,1,3,1,1,2,2,1,1,3,2,4,3,3,3,4,4,4,4,4,1,2,1,2,2,1,4,1,2,1,2,2,2,2,2,20,20,60,0,0,2,1,1,1,2,2,1,2,2,2,2,2,2,2,1,2,2,2,2,2,5,3,1,3
1,101,11,3,2,4,2,2,9,4,4,4,6,1,1,1,2,1,3,1,1,2,1,3,2,1,8,1,1,2,4,2,2,1,2,2,1,1,2,2,2,4,1,1,2,2,4,4,1,4,4,1,4,2,4,4,4,4,1,4,4,4,2,1,4,3,2,1,1,1,2,101,11,3,1,1,1,1,1,0,1,1,1,4,3,3,3,1,2,4,4,4,4,4,4,4,4,3,1,1,4,5,5,1,1,2,1,3,1,1,2,2,0,10,10,60,20,2,1,3,3,2,2,1,2,2,2,2,2,2,1,2,2,2,2,3,3,5,3,1,3
1,101,12,3,2,2,3,2,10,3,22,4,4,1,2,1,1,1,3,2,1,1,2,2,1,1,0,1,1,2,10,1,1,2,2,6,2,3,2,2,1,2,1,1,2,2,1,1,2,1,1,1,1,3,3,1,1,4,3,1,1,4,3,1,4,3,3,1,1,3,2,101,12,3,3,1,1,2,1,3,1,1,2,2,2,1,1,1,4,4,3,2,2,2,4,4,4,3,1,1,2,1,1,2,2,2,2,2,1,1,1,2,20,50,20,10,0,2,1,3,3,2,2,2,1,2,2,2,2,2,2,1,2,2,1,2,2,4,0,1,1
1,101,13,3,2,5,3,2,9,4,999,4,10,1,1,1,2,1,3,1,1,1,1,1,0,1,9,2,3,3,10,1,1,1,0,0,0,0,2,1,1,1,0,0,0,0,0,0,0,0,0,0,4,4,4,4,4,4,4,4,4,4,4,1,3,3,3,1,1,1,2,101,13,3,1,1,1,3,1,2,0,0,0,1,3,1,5,0,0,0,0,0,0,0,0,0,0,1,0,0,0,0,0,2,3,3,1,1,0,2,2,2,0,0,0,0,0,1,1,1,3,2,2,2,2,1,2,2,2,2,2,2,2,2,1,3,3,5,0,1,3
1,101,14,3,2,4,3,2,8,4,2,4,4,1,2,1,1,1,3,1,1,1,2,3,1,1,8,1,2,2,2,1,1,1,2,3,1,1,1,2,2,1,1,4,4,4,4,4,1,1,4,4,4,1,4,4,4,4,4,4,4,4,4,1,4,3,3,1,1,3,2,101,14,3,3,1,1,1,1,3,1,1,1,1,1,1,1,4,3,4,4,4,4,4,4,4,4,1,1,1,3,1,1,2,1,2,1,2,1,1,1,2,0,0,97,0,0,2,1,2,2,2,2,2,2,1,2,2,2,2,2,2,2,1,2,5,3,4,3,1,1
1,101,15,3,3,5,2,2,9,4,5,4,11,1,1,1,3,1,0,1,1,1,2,1,1,2,8,0,0,4,3,1,3,1,2,3,2,3,2,0,4,2,2,4,4,4,1,2,1,1,4,4,1,4,4,4,4,4,1,4,4,4,3,1,1,3,3,1,1,3,2,101,15,3,1,1,1,1,0,0,2,1,1,1,3,3,2,2,3,0,0,0,0,0,0,0,0,1,2,2,3,1,1,0,1,2,1,2,1,1,1,2,1,20,50,5,24,1,0,3,2,2,2,2,2,1,2,2,2,2,1,2,2,2,2,1,1,4,3,4,3
1,101,16,3,2,2,1,2,9,4,20,4,4,1,2,1,1,1,3,1,2,1,2,3,1,1,1,1,3,2,2,1,1,2,2,3,1,1,2,2,2,1,4,4,4,1,4,1,4,4,4,1,4,4,4,4,4,4,1,4,4,4,3,3,2,3,2,1,1,3,2,101,16,3,1,1,1,0,1,3,1,1,1,1,3,3,1,2,2,4,4,4,4,3,4,4,4,3,1,1,3,1,1,2,1,1,1,1,1,1,1,2,2,35,55,5,3,2,1,3,3,2,2,2,2,1,2,2,2,2,2,1,2,2,2,5,2,4,3,4,3
1,101,17,3,2,5,1,2,9,4,18,4,9,1,1,1,1,1,3,2,2,1,2,3,1,1,9,1,3,2,3,2,3,2,2,3,1,1,2,2,1,2,4,4,4,4,1,4,4,4,4,1,1,4,4,4,1,4,4,1,4,4,2,2,3,3,2,1,1,2,2,101,17,3,1,1,1,1,1,1,1,1,1,1,3,2,1,1,2,4,4,4,4,4,4,4,4,1,4,2,5,4,5,2,2,3,2,2,1,1,1,2,10,15,70,1,4,2,1,3,2,2,2,1,2,1,2,2,2,2,2,2,2,2,2,3,2,3,4,4,3
1,101,18,3,3,4,1,2,8,4,1,4,9,1,2,1,1,1,4,2,2,2,3,2,1,1,8,1,3,2,3,3,1,2,2,6,2,5,1,2,1,2,4,4,4,4,4,4,4,4,4,4,4,1,4,4,4,4,4,4,4,4,2,1,1,3,2,1,1,1,2,101,18,3,1,1,1,3,1,3,1,3,1,2,0,1,1,2,4,4,4,3,4,4,4,4,4,3,2,1,2,1,2,3,1,1,1,1,1,1,2,2,0,0,97,0,0,2,1,3,2,2,2,2,2,1,2,2,2,2,2,2,2,1,1,6,3,3,5,3,2
1,101,19,3,3,5,2,2,7,4,1,4,4,1,2,1,1,1,3,2,1,1,2,2,1,1,8,1,2,2,3,2,2,2,2,2,2,2,1,1,1,1,4,1,4,4,4,1,4,1,2,4,4,4,4,4,4,4,4,1,4,4,2,1,4,2,2,1,1,3,2,101,19,3,2,1,1,2,1,1,1,1,1,1,3,2,1,3,2,4,2,2,4,4,4,4,4,1,2,1,5,3,1,3,1,2,1,1,1,2,2,2,0,50,30,5,15,2,1,2,3,2,2,1,2,2,1,2,2,2,2,2,2,2,2,2,2,3,4,1,1
1,101,20,3,2,2,2,2,10,3,26,4,14,1,2,1,1,3,3,2,1,0,2,3,2,1,9,1,2,2,3,2,2,2,1,4,2,5,3,2,1,1,4,1,4,1,4,4,1,1,4,4,1,1,2,4,4,1,4,4,1,1,4,3,1,3,3,1,1,3,2,101,20,3,3,1,1,1,1,3,1,1,1,2,3,1,2,4,2,4,3,4,4,0,4,4,2,3,1,2,2,3,1,3,1,2,1,2,1,2,2,2,10,15,70,5,0,1,1,2,2,2,2,1,2,2,1,2,2,2,2,2,2,2,2,5,2,5,3,2,1
1,101,21,3,2,2,1,2,4,2,5,4,10,1,2,1,1,3,2,2,2,2,2,4,1,2,8,2,3,2,3,3,1,2,1,3,2,3,1,2,2,2,4,2,1,3,4,4,2,4,4,4,4,2,3,1,4,4,2,1,4,4,3,1,2,3,3,1,1,3,2,101,21,3,3,1,1,1,1,1,1,1,1,1,1,1,2,4,2,4,4,2,4,4,4,4,4,1,5,5,5,5,3,4,3,3,3,3,1,1,0,0,0,0,70,10,20,3,1,2,2,2,2,2,2,2,2,2,1,2,2,2,2,1,3,6,6,3,4,5,2
1,101,22,3,2,5,1,2,12,2,6,4,4,1,2,1,1,3,4,1,1,1,2,3,1,1,8,1,3,2,2,1,1,2,2,6,1,1,2,2,1,1,1,1,4,1,4,4,4,4,4,4,1,4,4,4,4,4,4,2,4,4,4,0,0,3,3,1,1,1,2,101,22,3,1,1,1,1,1,1,1,1,1,1,1,1,5,4,3,4,4,3,4,4,4,4,4,1,5,1,5,5,1,2,1,2,1,2,1,1,1,2,0,50,49,1,0,1,1,3,3,2,2,2,2,2,2,2,2,1,2,1,2,2,1,5,3,4,3,4,2
1,101,23,3,2,4,3,2,9,4,23,4,9,1,3,3,1,1,3,1,2,1,2,3,2,1,1,0,0,2,3,2,2,2,2,0,1,1,2,2,2,2,1,1,1,1,1,1,1,1,1,1,1,1,1,1,1,1,1,1,1,1,3,3,3,2,2,1,1,1,2,101,23,3,1,1,1,1,1,0,1,1,1,2,1,1,1,2,3,3,3,3,3,3,4,4,2,3,1,1,1,2,1,3,1,2,1,1,1,1,2,2,1,5,90,0,4,1,1,2,2,2,2,2,1,2,2,1,2,2,2,2,2,2,2,1,3,5,4,5,3
1,101,24,3,2,2,2,2,9,4,20,4,4,1,1,3,1,1,3,2,2,1,2,3,1,1,8,1,2,1,3,3,2,1,2,3,2,2,1,1,1,2,4,1,1,1,4,4,4,4,1,4,4,1,4,4,1,4,4,2,4,4,4,1,3,2,2,1,1,1,2,101,24,3,1,1,1,1,1,3,1,3,1,1,1,2,2,1,2,4,4,4,4,2,4,4,4,1,1,1,5,2,1,3,1,1,1,1,1,3,2,2,0,5,93,2,0,1,3,2,3,2,2,2,2,2,2,1,2,2,2,2,1,2,1,3,2,5,4,2,3
1,101,25,3,1,4,2,3,7,2,26,4,4,1,2,3,1,0,3,1,1,1,2,3,1,1,9,1,2,4,2,2,1,2,1,3,2,5,1,2,1,1,1,2,4,2,4,2,1,4,4,4,4,4,3,1,4,4,0,1,4,1,4,3,2,3,3,1,1,3,2,101,25,3,3,1,1,1,1,3,1,1,2,1,2,1,1,2,4,4,4,2,4,4,4,4,4,1,1,1,5,2,5,3,2,3,2,3,1,3,2,2,1,54,25,15,5,2,1,3,3,2,2,2,2,2,2,1,2,2,1,2,2,2,4,6,3,5,4,1,2
1,101,26,3,2,5,3,2,9,4,3,4,2,1,2,3,1,1,3,2,2,1,2,3,1,1,8,0,0,2,3,2,1,2,2,6,1,1,1,2,1,1,4,4,4,1,4,2,4,4,4,4,4,4,4,4,4,4,4,4,4,4,4,3,2,3,2,1,1,3,2,101,26,3,3,1,1,1,1,3,1,1,1,1,1,1,1,3,3,4,4,3,4,4,4,4,4,1,2,1,5,3,1,2,3,3,1,2,1,3,2,2,15,20,30,20,15,2,1,2,2,2,2,2,2,2,2,1,2,2,2,1,2,2,2,5,3,5,3,4,3
1,101,27,3,2,5,3,2,9,4,19,4,9,1,2,3,1,2,3,1,2,1,1,3,1,1,8,0,0,2,2,1,2,2,2,3,1,1,2,1,2,2,1,1,1,4,4,1,1,4,4,1,2,4,4,1,4,1,4,1,4,4,3,1,4,3,3,1,1,1,2,101,27,3,1,1,1,2,1,2,1,1,1,2,1,2,1,3,3,4,4,4,4,4,4,4,4,3,5,5,1,4,5,3,1,2,1,2,1,1,2,2,30,40,20,10,0,1,1,3,2,2,2,2,2,1,2,1,2,2,2,2,2,2,1,6,6,3,5,4,3
1,101,28,3,2,5,3,2,9,4,5,4,4,1,1,3,2,1,2,2,1,1,2,2,1,2,8,0,0,3,3,2,2,1,1,3,2,2,2,2,2,2,4,4,4,2,4,4,1,4,4,4,1,1,4,1,4,4,1,4,4,4,4,2,1,3,3,1,1,3,2,101,28,3,3,1,1,2,1,1,1,1,1,1,2,2,3,4,4,3,4,4,4,4,4,4,4,1,1,1,5,5,5,2,1,2,1,2,1,3,1,2,0,0,85,13,2,2,1,2,3,2,2,2,2,2,2,1,2,2,2,2,2,1,2,1,1,4,5,4,3
1,101,29,3,2,5,3,3,6,3,21,4,9,1,2,3,2,1,2,1,1,1,2,2,1,1,8,2,2,2,3,2,1,2,2,2,2,2,1,2,1,1,1,4,4,2,1,2,2,1,1,1,2,2,3,1,4,4,4,2,2,1,2,1,4,3,3,0,1,2,2,101,29,3,2,1,1,0,1,3,1,1,0,2,3,3,1,2,2,4,4,4,4,4,4,4,4,1,2,1,5,1,3,2,2,2,2,2,2,2,1,1,1,38,60,1,0,2,1,2,3,2,2,2,2,2,2,1,2,2,2,2,2,1,2,6,2,5,0,2,2
1,101,30,3,3,5,1,2,10,3,12,4,4,1,1,3,1,1,2,1,1,1,2,2,1,1,2,1,1,2,2,1,1,2,2,6,1,1,2,2,2,3,1,1,1,3,1,2,1,1,1,1,1,3,3,4,2,1,3,2,2,1,3,1,4,3,2,1,1,2,2,101,30,3,2,1,1,1,1,1,1,1,2,2,1,0,1,1,3,4,4,4,4,3,4,4,4,3,5,1,3,2,2,3,2,1,2,1,2,2,1,2,5,20,60,5,10,2,1,3,3,2,2,2,2,1,2,1,2,2,2,2,2,2,0,5,4,4,3,4,1
1,101,31,3,3,4,1,2,9,4,3,4,4,1,2,3,1,1,3,1,2,1,2,3,1,1,8,1,3,2,3,1,1,1,1,2,1,1,2,2,2,2,4,4,4,1,4,4,4,4,4,4,0,0,0,0,0,0,0,0,0,0,4,2,3,3,2,1,1,1,2,101,31,3,1,1,1,1,1,1,1,1,1,4,1,1,3,4,2,4,4,4,4,2,4,4,4,1,1,1,1,2,1,4,1,2,1,2,1,1,2,2,0,75,25,0,0,1,1,3,3,2,2,2,2,2,2,1,2,2,2,2,2,2,1,5,5,3,4,2,3
1,101,32,3,2,2,3,2,9,4,5,4,4,1,2,3,1,1,3,2,1,1,2,3,1,1,8,1,3,1,3,2,3,1,2,3,2,3,2,2,2,2,4,2,4,4,4,4,1,4,4,1,4,4,4,4,4,4,4,4,4,4,4,2,3,3,2,2,1,1,2,101,32,3,1,1,1,3,1,2,1,2,1,1,1,1,1,2,1,2,1,4,4,2,4,4,4,1,1,1,2,2,1,3,1,3,1,2,1,2,1,2,0,5,95,0,0,1,2,2,3,2,2,1,2,2,2,1,2,2,2,2,2,2,1,3,1,5,4,3,3
1,101,33,3,1,5,3,3,8,1,6,4,11,1,1,3,2,1,3,1,2,1,2,3,1,2,8,1,0,2,2,1,1,1,1,0,1,1,1,2,1,1,4,2,3,2,3,4,2,1,1,4,0,0,0,0,0,0,0,0,0,0,4,3,3,2,2,1,1,3,2,101,33,3,3,1,1,3,1,2,1,1,1,2,3,2,1,0,0,0,0,0,0,0,0,0,0,1,0,1,1,1,1,3,2,3,2,3,1,2,1,2,0,15,85,0,0,2,1,1,1,2,2,2,2,1,1,2,2,2,2,2,2,2,2,2,2,3,4,1,2
1,101,34,3,2,2,2,2,6,4,4,4,4,1,2,3,1,1,3,2,1,1,2,3,1,1,8,1,3,2,2,2,2,2,2,2,2,2,2,2,2,1,4,4,4,2,4,4,4,4,4,4,2,4,4,4,4,4,4,4,4,4,4,1,1,3,3,1,1,1,2,101,34,3,1,1,1,1,1,3,1,3,1,4,2,1,1,2,2,4,4,4,4,2,4,4,2,1,1,1,5,1,5,2,1,3,1,2,1,3,1,2,5,45,40,10,0,2,1,2,3,2,2,2,2,2,1,2,2,2,2,2,1,2,2,6,2,4,3,5,3
1,101,35,3,2,5,1,2,9,4,18,4,4,1,2,3,1,1,3,1,1,1,2,2,1,1,8,0,0,2,3,1,1,1,1,3,1,1,2,2,2,2,4,4,4,4,4,1,1,4,4,4,4,1,4,4,4,4,4,4,4,4,3,1,4,3,2,1,1,1,2,101,35,3,1,1,1,1,1,3,1,1,1,4,1,1,2,4,4,4,3,4,4,4,4,4,4,1,5,1,5,5,5,0,1,2,1,2,1,1,2,2,0,5,90,5,0,1,1,2,2,2,2,2,2,2,1,2,2,2,2,2,2,1,1,6,6,3,4,1,3
1,101,36,3,3,5,1,2,9,4,7,4,10,1,1,3,2,1,2,1,1,1,2,3,1,2,1,2,1,3,2,1,1,1,0,3,1,1,1,1,1,1,1,1,1,2,1,1,1,1,1,1,1,2,1,1,1,1,1,1,1,1,4,1,4,2,1,1,1,1,2,101,36,3,1,1,1,1,1,1,1,1,2,1,3,1,1,4,2,4,2,4,4,4,4,4,4,1,4,1,1,1,1,3,1,1,1,1,1,3,2,2,99,0,0,0,0,2,1,3,3,2,2,2,2,1,2,1,2,2,2,2,2,2,1,1,6,5,2,4,3
1,101,37,3,2,2,1,2,9,4,2,4,4,1,2,3,2,3,3,2,2,1,2,2,1,1,8,2,3,1,3,1,1,2,2,1,2,5,2,2,2,3,2,2,4,3,1,1,2,4,4,1,2,3,1,1,2,2,2,1,2,1,3,1,2,3,3,1,1,3,2,101,37,3,1,1,1,1,1,3,1,1,1,4,1,1,4,4,3,2,3,4,4,3,4,4,2,1,5,1,5,1,1,2,2,2,1,2,1,3,1,2,0,25,70,0,5,2,1,2,2,2,2,2,1,2,2,2,2,2,1,2,2,2,2,5,2,0,0,1,3
1,101,38,3,3,5,2,2,9,4,4,4,11,1,1,3,1,1,3,3,2,1,3,2,1,2,8,2,2,1,4,2,2,1,1,2,2,2,1,1,1,3,1,4,4,1,4,4,1,4,1,4,4,2,1,4,4,4,4,4,4,4,3,1,3,2,2,1,1,3,2,101,38,3,3,1,1,1,1,2,1,4,1,2,2,2,1,1,1,0,0,1,0,2,0,0,0,1,1,1,2,3,1,1,2,3,2,3,3,3,1,1,0,0,97,0,0,2,4,2,3,2,2,2,2,2,2,1,2,2,2,2,2,1,2,2,1,3,5,4,3
1,101,39,3,2,0,3,2,2,3,25,4,9,1,1,3,2,3,3,2,1,1,2,2,1,3,8,1,2,2,8,2,3,2,2,3,2,0,1,2,1,1,0,0,0,0,0,1,0,0,0,1,4,1,0,1,1,0,1,1,1,1,4,0,3,3,3,1,1,1,2,101,39,3,3,1,1,1,1,1,1,1,1,1,1,1,1,2,2,4,3,4,4,2,4,4,4,1,1,1,2,4,1,2,2,3,1,3,0,1,1,1,0,5,90,5,0,1,1,3,3,2,2,2,2,2,2,1,2,2,2,2,2,2,0,3,3,5,4,3,2
1,101,40,3,2,4,1,3,6,4,6,4,9,1,3,3,1,1,3,2,1,1,2,4,1,1,8,1,3,4,3,2,2,2,1,0,2,3,1,2,1,1,4,4,4,4,4,4,4,4,4,4,4,1,1,1,4,4,4,4,4,4,2,1,4,3,3,1,1,1,2,101,40,3,3,1,1,1,1,1,1,3,1,1,1,1,5,2,2,2,2,4,4,4,4,4,4,1,5,1,5,5,5,4,1,3,1,2,1,1,0,0,0,4,75,15,6,2,4,2,3,2,1,2,2,2,2,1,2,2,2,2,2,2,2,3,2,4,3,4,1
1,101,41,3,1,5,2,3,11,1,3,4,1,1,1,3,2,2,3,2,2,1,1,2,2,1,8,1,1,4,3,2,2,1,1,3,2,2,2,2,2,2,1,1,1,3,1,1,1,1,1,1,1,1,2,1,1,4,1,1,1,1,2,2,4,3,3,1,1,1,2,101,41,3,1,1,1,2,1,2,1,1,1,4,1,1,2,2,2,2,4,4,4,4,4,4,4,1,1,1,3,2,1,2,1,2,1,1,1,1,2,2,0,0,85,5,10,2,1,3,3,2,2,2,1,2,2,2,1,2,2,2,2,2,2,3,2,5,0,3,2
1,101,42,3,2,5,2,2,9,4,19,4,9,1,1,3,1,1,3,2,2,1,2,3,1,2,0,0,0,2,2,2,2,1,0,3,2,2,1,2,1,2,4,4,4,4,4,4,1,4,4,4,4,4,4,1,4,4,4,4,4,4,4,3,3,3,3,1,1,1,2,101,42,3,1,1,1,1,1,3,2,1,1,1,1,1,1,4,4,4,4,4,4,4,4,4,4,1,5,1,5,2,5,3,2,2,1,2,1,1,2,2,5,50,45,0,0,2,1,3,3,2,2,2,2,2,2,2,1,2,2,1,2,2,2,6,2,3,5,5,3
1,101,43,3,2,5,2,2,11,2,24,4,12,1,2,3,1,1,3,1,1,1,2,3,1,3,8,1,2,2,8,2,2,1,2,6,2,2,2,2,2,1,4,1,4,1,4,4,1,4,4,4,4,1,2,1,2,4,4,2,4,4,4,1,2,3,2,1,1,1,2,101,43,3,1,1,1,2,1,2,1,1,1,1,2,2,2,4,2,4,4,4,4,4,4,4,4,1,1,1,5,5,5,3,1,4,1,2,1,1,1,2,0,25,60,5,10,1,1,3,3,2,2,2,2,2,2,1,1,2,2,2,2,2,2,3,4,4,3,2,1
1,101,44,3,2,2,1,2,9,4,4,4,11,1,1,3,2,1,3,1,1,1,2,4,3,1,8,3,3,2,3,1,2,2,2,0,2,5,2,2,1,2,3,1,4,4,4,3,4,4,4,4,4,3,4,4,4,1,4,4,4,4,2,1,4,3,3,1,1,1,2,101,44,3,3,1,1,2,1,3,1,3,1,1,3,1,2,3,4,4,4,4,4,3,4,4,4,3,5,5,5,5,1,3,2,2,2,2,1,2,1,2,0,2,98,0,0,1,3,2,2,2,2,2,2,1,2,2,1,2,2,2,2,2,1,5,1,4,3,4,3
1,101,45,3,3,5,1,4,9,4,7,4,9,1,2,3,1,1,3,2,2,1,2,3,1,1,1,2,2,2,3,2,1,1,1,3,1,1,2,2,2,3,4,4,1,1,4,4,1,4,4,4,4,1,4,4,4,4,4,1,4,4,3,1,3,3,2,1,1,3,2,101,45,3,3,1,1,1,1,3,2,1,1,1,1,1,5,2,4,4,4,2,4,2,4,4,4,1,2,1,2,1,1,4,1,3,1,3,1,1,1,2,0,0,0,0,0,2,1,2,3,2,2,2,2,2,2,2,1,2,2,2,2,1,1,3,6,5,4,1,3
1,101,46,3,2,6,1,2,9,4,20,4,9,1,2,3,2,1,3,1,2,1,2,3,1,2,9,2,2,2,2,1,1,2,1,3,2,2,2,2,2,2,4,1,4,1,4,1,1,4,4,4,4,4,1,1,4,4,1,1,4,4,3,1,1,3,3,1,1,1,2,101,46,3,1,1,1,3,1,3,1,1,1,1,3,3,1,2,3,4,4,4,4,3,4,4,4,1,3,1,5,1,5,2,1,2,1,2,2,2,1,2,5,30,50,15,0,1,1,2,3,2,2,2,2,2,2,2,1,2,2,2,2,1,2,6,6,5,3,3,3
1,101,47,3,2,2,2,2,9,4,18,4,4,1,2,3,1,3,3,1,1,1,2,3,1,2,0,0,0,2,2,2,1,2,1,6,2,5,1,3,1,2,4,1,4,1,1,2,1,1,1,2,2,1,4,1,4,4,1,4,1,1,3,3,3,3,2,1,2,3,2,101,47,3,3,3,1,1,1,2,2,1,1,1,3,1,2,2,4,4,4,4,4,4,4,4,4,1,1,1,5,5,5,4,2,3,2,3,1,1,1,2,0,20,50,5,25,1,1,2,3,2,2,1,2,2,2,1,2,2,2,2,2,2,2,6,5,3,5,1,3
1,101,48,3,1,3,3,2,9,4,13,4,4,1,2,3,2,1,3,1,1,1,2,3,1,1,8,0,0,2,2,1,1,1,1,3,1,1,1,1,1,1,4,4,4,4,4,1,4,4,4,4,4,4,4,4,4,4,4,4,4,4,4,1,4,3,2,1,1,3,2,101,48,3,3,1,1,1,1,2,1,1,1,1,2,1,0,2,4,4,4,4,4,4,4,4,4,3,1,2,5,5,2,4,1,2,1,2,1,3,1,0,3,84,10,1,2,1,1,2,2,2,2,2,2,2,2,1,2,2,1,2,2,2,1,5,4,5,3,4,3
1,101,49,3,3,5,2,3,12,3,25,4,4,1,2,3,1,1,2,1,1,1,2,1,1,1,8,2,3,2,3,1,1,1,1,3,1,1,1,2,1,2,2,1,1,2,3,4,1,1,4,1,2,4,1,1,4,4,2,2,4,1,4,1,3,3,2,1,1,1,2,101,49,3,2,1,1,1,1,1,1,1,2,1,1,1,1,4,3,4,4,3,4,4,4,4,4,1,5,1,1,1,2,2,1,1,1,2,1,1,1,2,0,25,75,0,0,1,1,3,3,2,2,2,2,2,2,1,2,2,2,2,2,1,1,3,3,5,4,3,2
1,101,50,3,1,5,3,2,9,4,5,4,6,1,2,3,1,1,3,1,2,1,2,3,1,1,8,1,2,2,2,1,2,2,1,2,1,1,1,2,1,1,4,1,4,1,4,2,4,4,4,4,4,4,4,4,4,4,4,1,4,4,4,1,2,3,3,3,1,3,2,101,50,3,1,1,1,3,1,2,1,1,1,4,1,1,1,2,3,4,3,2,4,2,4,4,4,1,2,1,3,1,2,1,1,1,1,1,1,1,1,2,10,30,50,10,0,2,1,3,2,2,2,2,2,2,1,1,2,2,2,2,2,2,0,1,1,3,4,4,3
1,101,51,3,2,3,4,2,9,4,15,4,4,1,2,3,1,1,3,1,2,1,2,3,2,2,0,0,0,4,3,2,2,2,2,2,2,3,1,2,1,2,1,1,1,1,1,1,1,1,1,1,1,1,1,1,1,1,1,2,1,1,3,3,1,3,3,1,1,1,2,101,51,3,1,1,1,2,1,1,2,1,1,2,1,1,1,4,2,4,4,2,4,4,4,4,2,1,5,1,5,1,2,2,1,4,1,3,2,0,1,2,0,10,88,2,0,1,1,3,2,2,2,2,2,2,2,1,2,2,2,1,2,2,1,3,3,3,5,1,3
1,101,52,3,2,5,2,4,9,2,1,4,4,1,2,3,1,3,0,2,1,1,3,4,1,1,8,2,0,2,2,2,1,2,1,3,1,1,2,2,2,2,4,4,4,4,4,4,4,4,4,4,4,1,4,4,4,4,4,4,4,4,4,2,2,3,3,1,1,1,2,101,52,3,1,1,1,1,1,0,1,1,1,1,1,1,5,2,2,4,4,0,4,4,4,4,2,1,2,1,2,1,1,3,1,3,1,3,1,2,1,2,10,20,35,10,25,2,1,1,2,2,2,2,2,2,2,2,2,2,2,2,2,2,2,3,3,3,0,3,1
1,101,53,3,2,3,4,3,9,3,3,4,7,1,3,3,3,1,3,2,1,1,1,2,2,3,8,1,2,2,3,1,1,1,1,1,2,3,1,2,2,2,1,1,1,2,1,1,1,1,1,1,1,1,1,1,1,2,2,1,1,1,1,1,2,3,3,1,1,2,2,101,53,3,1,1,1,1,1,3,1,1,2,2,3,3,3,3,4,4,4,4,4,4,4,4,4,0,1,1,2,1,1,1,2,3,2,3,2,2,1,2,5,5,85,5,0,2,1,3,3,2,2,2,2,2,2,2,2,2,2,2,2,2,2,1,2,3,4,1,2
1,101,54,3,2,3,3,2,9,3,30,4,4,1,2,3,1,1,2,2,1,1,2,2,2,2,2,1,2,4,3,2,1,2,1,3,2,0,2,2,1,1,4,1,4,2,4,1,1,4,4,4,4,3,3,4,4,1,1,1,4,4,4,1,4,3,2,1,1,1,2,101,54,3,1,1,1,3,1,1,1,1,1,2,1,1,1,1,2,4,4,2,4,2,4,4,4,1,3,1,2,2,2,2,1,2,1,2,1,1,1,2,0,0,0,0,0,1,1,2,2,2,2,2,2,2,2,2,2,2,2,2,2,2,2,6,1,4,0,0,1
1,101,55,3,3,5,2,2,12,3,5,4,4,1,2,3,1,3,3,1,1,1,2,3,1,1,8,1,3,2,2,1,1,1,1,3,2,2,1,2,1,1,4,1,4,1,4,4,4,4,4,4,4,4,4,4,4,4,4,4,4,4,4,3,3,3,2,1,1,3,2,101,55,3,3,1,1,1,1,3,1,1,1,1,3,3,1,1,2,4,4,2,4,2,4,4,4,3,1,1,1,1,1,3,2,3,2,3,1,1,1,2,5,85,10,0,0,2,1,3,3,2,2,2,1,2,2,2,2,2,1,2,2,2,1,3,6,3,4,1,2
1,101,56,3,3,5,2,2,9,4,0,4,11,1,2,3,3,0,0,2,2,0,1,0,0,4,8,0,0,0,3,2,3,1,2,0,2,3,2,2,3,4,4,4,4,4,4,4,4,4,4,4,4,4,4,4,4,4,4,4,4,4,3,2,4,3,3,1,1,1,2,101,56,3,1,1,1,1,1,3,0,1,3,2,1,1,5,2,1,2,4,2,4,4,4,4,4,1,0,0,0,0,0,3,2,2,3,2,3,2,1,0,5,15,75,5,0,1,4,2,2,2,2,2,2,2,2,2,2,2,2,2,2,2,1,1,1,5,0,5,3
1,101,57,3,1,1,1,2,12,2,20,4,4,1,2,3,1,1,2,1,1,1,2,3,1,1,8,1,2,2,3,1,1,1,1,3,1,1,1,1,1,2,4,1,4,2,4,4,1,4,4,4,4,4,1,4,4,4,4,1,1,4,4,2,3,3,1,1,1,3,2,101,57,3,1,1,1,1,1,1,1,1,1,1,3,2,1,2,4,4,4,4,4,4,4,4,4,1,2,1,2,1,1,3,1,1,1,1,1,1,2,2,0,0,0,0,0,1,1,3,3,2,2,2,2,2,2,2,2,2,2,2,2,1,1,3,3,5,4,1,1
1,101,58,3,2,4,1,2,9,3,20,4,4,1,1,3,1,1,2,1,2,1,2,3,1,2,8,1,3,4,2,2,1,1,0,3,2,3,2,2,1,1,4,0,4,4,4,4,4,4,4,4,4,0,0,4,4,4,4,3,4,4,4,3,2,3,2,1,1,1,2,101,58,3,1,1,1,1,1,3,1,1,1,1,3,3,1,2,4,4,4,4,4,2,4,4,4,1,5,1,5,1,1,3,1,3,1,2,1,1,1,2,0,65,35,0,0,1,1,3,3,2,2,2,2,2,2,2,2,2,2,2,2,1,2,6,2,5,0,5,2
1,101,59,3,3,5,2,2,8,4,999,4,11,1,2,3,1,1,4,1,1,0,3,0,1,1,0,0,0,0,3,1,1,2,0,0,2,2,2,2,1,2,0,0,0,0,0,0,0,0,0,0,0,0,0,0,0,0,0,0,0,0,4,1,3,3,3,1,1,0,2,101,59,3,0,1,1,1,1,3,1,4,1,1,3,1,0,0,0,0,0,0,0,0,0,0,0,3,0,0,0,0,0,4,1,2,1,3,1,1,0,2,0,0,99,1,0,1,3,3,3,2,2,2,2,2,2,2,2,2,2,2,2,1,2,6,3,4,5,3,1
1,101,60,3,2,0,1,3,1,2,7,4,4,1,2,3,1,2,3,2,1,2,2,3,1,1,1,2,3,2,2,2,2,1,1,3,1,1,1,1,1,2,4,4,2,2,4,4,2,4,4,1,1,2,2,1,4,4,4,4,4,4,4,3,4,3,3,1,1,1,2,101,60,3,1,1,1,1,1,3,1,3,1,1,1,1,2,2,2,4,4,4,4,4,4,4,4,1,1,1,1,1,1,4,1,2,1,2,1,1,2,2,0,20,80,0,0,1,1,2,2,2,2,2,2,2,2,2,2,2,1,1,2,2,1,4,3,4,3,2,2
1,101,61,3,2,2,1,3,1,2,25,4,9,1,2,3,2,1,3,2,1,1,2,2,1,1,1,2,2,2,8,2,2,1,1,6,2,5,1,2,1,2,4,1,4,2,4,2,1,4,4,4,4,2,2,1,1,4,2,2,4,4,3,2,3,3,3,1,1,2,2,101,61,3,3,1,1,3,1,3,1,1,2,1,0,0,1,2,2,3,4,2,4,2,4,4,4,1,1,1,1,1,2,2,1,3,1,3,1,3,2,2,5,15,70,5,5,2,1,2,2,2,2,2,2,2,2,2,2,2,1,2,2,2,2,4,2,4,3,2,2
1,101,62,3,2,5,1,2,6,3,15,4,9,1,2,3,1,1,2,2,1,0,2,2,1,1,8,3,2,2,2,2,2,2,1,3,2,2,2,2,2,1,2,1,4,2,2,4,2,4,1,4,4,2,2,2,4,4,4,2,4,4,4,1,1,3,3,1,1,1,2,101,62,3,2,1,1,2,1,3,2,1,1,1,1,1,2,4,2,4,4,4,4,4,4,4,2,1,2,1,3,2,5,2,2,2,2,2,1,3,1,2,2,40,45,5,8,2,1,3,3,2,2,2,2,2,2,2,2,2,1,2,2,1,2,4,2,3,4,2,1
1,101,63,3,1,4,2,2,9,4,20,4,0,1,1,3,2,1,3,1,1,1,2,2,2,1,1,0,0,2,2,1,1,3,2,2,2,4,1,2,1,1,4,4,1,4,4,2,1,1,4,1,4,1,1,1,1,4,1,2,1,1,2,1,1,2,2,0,1,3,2,101,63,3,3,1,1,1,1,3,1,1,1,1,2,2,2,3,2,4,4,4,4,4,4,4,4,3,5,1,5,3,5,2,1,3,1,2,1,2,1,2,1,30,54,5,10,2,3,3,3,2,2,2,2,2,2,2,2,2,1,1,2,2,2,5,2,4,3,2,3
1,101,64,3,3,5,2,2,7,4,2,4,10,1,1,3,1,1,3,2,1,1,3,3,1,1,8,1,2,2,3,2,2,2,1,3,2,4,1,2,1,2,4,4,4,2,4,4,4,4,4,2,4,2,4,4,4,4,4,2,4,4,3,1,4,2,2,1,1,3,2,101,64,3,3,1,1,2,1,3,2,1,1,1,1,1,1,1,2,4,4,2,4,3,4,4,4,1,1,1,2,5,3,2,1,4,3,3,2,3,2,2,0,0,97,0,0,2,4,3,3,2,1,2,2,2,2,2,2,2,2,2,2,1,2,2,1,3,5,5,1
1,101,65,3,2,3,3,3,10,3,21,4,10,1,1,3,2,1,3,2,2,2,3,3,3,1,8,2,3,3,8,2,2,1,1,6,3,3,5,3,3,3,1,4,1,1,2,1,2,1,4,1,1,1,2,2,2,1,1,1,4,4,3,1,1,3,2,1,1,1,2,101,65,3,1,1,1,2,1,3,1,1,1,1,0,0,3,3,4,4,4,4,4,3,4,4,4,1,5,1,5,3,5,2,1,4,1,3,1,1,1,2,1,10,70,15,4,1,1,3,3,2,2,1,2,2,2,2,2,2,2,2,1,2,2,5,3,5,4,4,2
1,101,66,3,3,5,1,2,11,3,25,4,4,1,3,3,1,1,3,2,2,2,2,3,3,2,8,1,3,2,2,1,1,2,1,3,2,2,2,2,2,4,1,2,1,3,4,2,2,4,1,4,1,3,3,1,4,4,2,3,1,1,4,3,2,3,2,1,1,1,2,101,66,3,3,1,1,1,1,3,1,3,2,1,3,1,2,1,4,2,4,2,4,2,4,4,4,3,5,1,5,2,2,3,1,2,1,3,2,1,1,2,0,40,50,5,5,1,3,2,3,2,2,2,1,2,2,2,2,2,2,2,2,2,2,6,6,4,3,1,1
1,101,67,3,2,2,1,4,6,4,6,4,4,1,2,3,1,3,4,1,1,1,3,2,1,2,8,1,1,3,3,1,2,2,2,2,2,0,1,2,1,2,4,1,1,2,4,2,2,1,4,4,4,2,3,1,1,4,1,2,3,3,3,1,1,3,2,1,1,3,2,101,67,3,3,1,1,2,1,0,2,1,1,1,1,1,1,1,2,2,4,4,4,4,4,4,4,1,2,1,5,1,3,3,1,2,1,2,1,1,2,1,0,5,75,0,20,2,1,3,3,2,2,2,1,1,2,2,2,2,2,2,2,2,1,3,3,4,3,1,1
1,101,68,3,2,2,1,2,10,3,25,4,0,1,2,3,1,3,3,1,2,1,2,3,3,1,1,1,1,2,3,1,1,1,2,6,2,2,2,2,2,3,4,2,4,2,4,1,1,4,4,4,4,4,3,4,4,3,4,4,2,4,4,3,3,3,3,1,1,1,2,101,68,3,1,1,1,2,1,1,1,1,1,1,3,1,1,2,2,4,4,4,4,4,4,4,4,0,2,1,4,1,1,4,2,2,2,2,1,0,2,2,0,0,97,0,0,2,1,3,3,2,2,2,2,1,2,2,2,2,2,2,1,2,0,3,3,4,3,4,1
1,101,69,3,1,5,3,2,11,1,999,4,4,1,2,3,2,3,3,1,1,1,2,4,1,1,8,1,3,2,0,1,2,2,1,3,2,5,0,0,0,0,1,1,1,1,1,0,0,0,0,0,1,1,1,1,1,1,1,1,1,1,4,3,4,3,3,1,1,1,2,101,69,3,1,1,1,1,1,3,1,1,1,2,1,1,1,0,4,4,4,4,4,4,4,4,4,1,1,1,1,1,1,2,1,1,1,1,1,1,2,2,1,75,23,1,0,1,1,3,3,2,2,2,1,1,2,2,2,2,2,2,2,2,1,6,0,3,4,1,2
1,101,70,3,3,5,1,2,8,3,2,4,9,1,2,3,2,1,3,1,1,1,2,3,1,1,8,1,3,0,0,2,1,1,1,0,1,1,1,2,1,1,4,4,4,4,4,4,4,4,4,4,4,4,4,1,4,4,4,4,4,4,4,1,4,3,2,3,1,3,2,101,70,3,3,1,1,1,1,3,1,1,1,1,1,1,3,3,2,4,4,3,4,3,4,4,4,1,1,1,5,3,3,4,1,3,1,2,1,2,2,2,5,15,75,4,1,2,4,2,2,2,2,1,2,1,2,2,2,2,2,2,2,2,4,4,2,4,3,4,2
1,101,71,3,1,5,3,2,9,4,5,4,0,1,2,3,1,1,2,1,2,1,2,3,1,0,8,0,0,2,1,2,3,1,2,6,2,5,2,1,2,2,4,4,4,4,4,4,4,1,4,4,4,1,4,4,4,4,4,4,4,4,4,2,1,3,3,1,1,1,2,101,71,3,1,1,1,2,1,2,1,1,1,1,3,1,3,1,4,4,4,4,4,2,4,4,2,1,5,1,2,1,5,3,1,1,1,1,1,1,1,2,0,75,20,5,0,2,1,3,3,2,2,2,2,1,2,2,2,2,2,1,2,2,3,6,3,4,5,1,3
1,101,72,3,3,5,2,2,12,3,29,4,9,1,2,3,1,1,2,1,1,1,2,3,1,2,4,1,1,2,3,2,1,1,1,2,2,3,1,2,1,1,1,4,1,1,1,1,1,1,1,1,1,1,1,1,1,1,1,2,2,1,2,1,3,3,3,1,1,3,2,101,72,3,3,1,1,1,1,3,1,3,2,1,3,1,3,1,2,4,4,4,4,3,4,4,4,3,1,3,1,1,1,4,1,3,1,4,1,1,1,2,0,10,60,1,29,1,1,4,3,1,2,2,2,1,2,2,2,2,2,2,2,2,1,2,2,4,0,1,1
1,101,73,3,2,5,3,2,1,3,20,4,4,1,2,3,1,1,3,2,1,2,2,3,3,2,2,2,2,2,2,2,1,2,2,3,2,3,2,2,2,2,1,2,1,2,1,1,1,1,1,1,2,1,2,1,1,1,1,1,2,1,4,3,1,3,3,1,1,1,2,101,73,3,1,1,1,3,1,1,2,3,2,1,1,1,1,2,3,4,4,4,4,4,4,4,4,1,1,1,1,1,5,2,1,4,2,3,3,2,1,2,2,68,15,15,0,2,3,2,3,2,1,2,2,1,2,2,2,2,2,2,2,2,3,2,2,5,3,0,1
1,101,74,3,2,5,3,2,6,3,25,4,10,1,3,3,3,1,3,2,2,1,3,2,1,2,8,1,1,4,3,1,2,1,1,3,1,0,1,2,1,2,1,1,1,2,2,1,1,2,4,1,4,2,3,1,4,4,2,4,4,2,2,1,2,3,3,1,1,3,2,101,74,3,2,1,1,3,1,2,1,1,1,1,1,1,1,3,2,4,4,3,4,3,4,4,3,1,1,1,3,2,1,2,2,3,2,2,1,2,1,2,0,5,65,10,20,2,1,3,3,2,2,2,2,1,2,2,2,2,1,2,2,2,2,3,1,1,5,1,1
1,101,75,3,3,5,1,3,12,3,26,4,4,1,2,3,3,1,2,1,1,1,2,3,1,1,2,3,2,2,2,2,1,1,2,1,2,5,2,2,3,2,2,4,4,4,4,4,1,4,1,4,4,4,4,4,4,1,4,4,4,4,4,0,0,3,3,0,1,1,2,101,75,3,1,1,1,0,1,2,1,1,1,1,1,1,1,3,4,4,4,4,4,4,4,4,4,3,5,5,5,5,1,3,1,2,1,2,1,1,2,2,0,99,0,0,0,1,1,3,3,2,2,2,2,1,2,2,2,2,2,2,2,2,1,0,0,5,3,3,1
1,101,76,3,3,5,1,2,12,3,27,4,9,1,1,3,1,1,3,3,2,1,1,2,1,2,8,2,2,2,3,1,3,1,1,0,1,1,2,0,2,2,1,1,4,3,1,4,4,1,4,4,1,4,3,1,4,1,1,1,1,4,2,1,1,3,2,1,1,1,2,101,76,3,1,1,1,1,1,1,1,1,1,1,0,2,1,2,4,4,4,2,4,4,4,4,4,1,2,1,2,3,3,3,2,1,2,2,2,1,0,0,0,15,75,10,0,2,1,3,3,1,2,2,2,1,2,2,2,2,2,2,2,2,2,6,3,4,3,2,1
1,101,77,3,3,5,1,3,10,3,20,4,11,1,1,3,1,3,4,2,1,1,2,2,2,2,8,1,3,2,2,2,2,2,2,6,2,3,1,2,1,2,0,2,3,3,1,1,1,4,2,4,4,2,2,1,2,4,2,1,1,1,4,1,1,3,2,1,1,0,2,101,77,3,3,1,1,3,1,3,3,1,1,1,1,1,0,0,3,4,4,4,4,3,4,4,4,3,5,1,5,1,2,3,2,3,2,3,1,1,2,2,1,10,88,1,0,2,1,2,2,2,2,2,2,2,2,2,1,2,2,2,2,2,3,5,2,5,0,1,2
1,101,78,3,1,3,3,3,8,2,27,4,4,1,2,3,1,1,3,1,1,1,2,2,1,1,8,2,1,2,2,2,1,1,2,2,1,1,2,2,1,2,4,1,1,4,4,4,1,4,1,4,1,4,4,4,1,4,4,1,4,4,3,1,3,3,2,1,1,1,2,101,78,3,1,1,1,1,0,0,1,1,1,1,1,1,1,4,3,4,4,4,4,4,4,4,2,1,1,1,2,1,1,4,2,2,2,2,1,1,2,2,10,80,10,0,0,1,1,3,3,2,2,2,2,2,2,1,2,1,2,2,2,2,2,5,3,3,1,3,2
1,101,79,3,2,3,1,2,10,3,21,4,0,1,0,0,0,1,0,0,1,1,1,0,3,4,2,0,1,2,0,0,3,1,0,3,0,0,0,1,0,0,0,0,2,2,0,0,0,0,0,0,0,0,2,0,0,0,0,0,0,0,0,1,0,0,2,0,0,0,2,101,79,3,0,0,1,0,0,3,0,0,2,0,0,0,0,0,0,0,0,0,0,0,0,0,0,1,0,0,0,0,0,0,1,3,0,3,2,2,0,0,0,0,0,0,0,0,0,3,3,2,2,2,2,1,2,2,2,2,2,2,1,2,0,0,2,0,0,4,1
1,101,80,3,1,2,1,2,10,2,21,4,4,1,2,2,2,1,3,1,2,1,2,2,3,2,8,1,3,2,3,1,1,1,2,3,1,1,1,2,1,1,2,4,4,3,1,1,1,1,3,1,1,1,3,1,1,1,1,2,3,1,3,1,2,3,3,1,1,2,2,101,80,3,1,1,1,1,1,3,1,1,1,4,1,1,2,2,2,4,4,2,4,3,4,4,4,1,1,1,2,1,5,2,2,2,2,2,1,1,1,2,1,7,90,1,1,1,1,2,2,2,2,2,2,2,2,2,2,1,2,2,1,2,1,5,2,3,4,4,2
1,101,81,3,1,5,2,2,9,4,8,4,4,1,3,2,2,1,3,1,2,1,1,2,1,3,8,0,0,2,3,2,1,1,1,4,1,1,1,1,1,1,4,1,1,4,4,1,4,1,1,4,4,4,4,4,4,4,4,1,4,4,2,1,1,3,3,1,1,1,2,101,81,3,1,1,1,1,1,2,1,1,1,2,2,2,1,4,1,4,3,4,4,4,4,4,4,3,1,1,3,1,1,2,1,2,1,2,1,1,1,2,2,10,76,2,10,2,1,3,3,2,2,2,2,2,2,2,2,1,2,1,2,2,2,4,4,3,4,1,3
1,101,82,3,2,6,3,2,9,4,13,4,4,1,1,2,2,1,3,1,1,1,2,4,1,1,9,0,0,2,3,2,1,1,1,3,2,2,1,2,1,2,4,4,4,4,4,4,4,1,4,4,1,1,4,4,4,4,4,4,4,4,4,2,2,2,3,1,1,1,2,101,82,3,3,1,1,1,1,1,1,1,1,4,3,1,2,2,4,4,4,4,0,3,4,4,4,1,1,1,5,2,1,2,1,2,1,2,1,1,2,2,0,50,50,0,0,1,4,2,3,2,2,2,2,2,1,1,2,2,2,2,2,2,2,3,2,3,4,4,3
1,101,83,3,2,4,3,2,12,3,25,4,4,1,2,2,2,1,2,1,1,1,2,2,2,2,2,1,2,2,2,1,1,2,2,3,1,1,1,2,1,1,1,4,4,2,4,1,4,4,4,4,1,4,2,4,4,4,4,4,1,4,4,1,4,3,3,1,1,3,2,101,83,3,3,1,1,1,1,1,1,1,1,1,2,2,1,2,2,3,3,4,4,4,4,4,4,1,2,1,2,2,1,3,1,1,1,1,1,1,2,2,0,30,70,0,0,1,1,2,3,2,2,2,1,2,2,1,2,2,2,2,2,2,2,5,3,3,5,4,2
1,101,84,3,3,5,3,2,9,4,14,4,7,1,1,2,3,1,3,2,1,1,3,1,1,3,1,2,2,1,10,3,3,2,2,2,1,1,2,2,2,2,1,1,4,4,1,4,4,1,4,4,4,4,4,4,3,4,4,4,4,4,1,1,1,3,3,1,1,3,2,101,84,3,3,1,1,2,1,2,1,3,1,1,2,2,3,3,3,4,3,4,4,4,4,4,4,1,1,1,3,4,1,2,2,3,1,2,1,1,2,1,5,5,40,45,5,1,4,4,2,2,2,1,2,2,2,1,2,2,2,2,2,2,2,1,1,4,3,3,3
1,101,85,3,3,4,1,2,9,4,4,4,4,1,2,2,2,1,3,1,1,1,3,2,1,2,0,0,0,1,2,2,1,1,0,1,2,3,2,2,2,2,2,1,4,3,4,4,3,4,4,4,4,2,3,4,4,4,4,4,3,4,3,1,4,2,3,1,1,3,2,101,85,3,3,1,1,1,1,3,1,1,1,1,3,1,2,4,3,4,3,2,4,4,4,4,4,1,5,5,2,5,1,3,1,3,1,2,1,2,1,2,5,50,35,10,0,2,1,2,3,2,1,2,2,2,2,1,2,2,2,2,2,2,2,2,3,4,3,4,3
1,101,86,3,3,5,2,4,12,4,7,4,10,1,1,2,2,1,3,2,1,2,3,4,1,1,8,1,3,2,3,2,2,2,2,0,3,3,2,2,3,2,1,1,4,1,1,4,1,1,4,1,1,1,4,1,4,4,1,1,1,4,2,1,4,3,3,1,1,3,2,101,86,3,3,1,1,1,1,3,2,4,1,2,2,2,1,3,2,2,4,4,4,4,4,4,3,1,5,5,4,5,5,3,3,3,1,2,2,1,1,2,5,10,75,10,0,2,4,3,3,2,2,2,2,2,2,1,2,2,1,2,2,2,2,3,3,3,5,3,1
1,101,87,3,3,5,1,2,8,4,2,4,4,1,2,2,2,3,4,2,2,2,2,2,1,2,8,1,3,2,3,1,2,1,1,3,2,0,0,0,0,0,4,4,4,4,4,4,1,1,4,4,4,1,1,4,4,4,4,4,4,4,3,1,4,3,2,1,1,3,2,101,87,3,3,1,1,1,1,1,2,3,1,1,1,1,5,3,4,4,4,3,4,4,4,4,4,1,2,1,5,5,5,3,1,3,1,2,3,1,1,2,0,10,90,0,0,2,1,2,2,2,2,2,2,1,2,1,2,2,2,2,2,2,1,6,2,3,4,2,2
1,101,88,3,2,2,2,2,9,4,18,4,9,1,2,2,3,1,3,1,2,1,3,3,1,1,8,0,1,4,6,1,2,2,2,2,2,3,1,2,1,1,4,1,4,1,1,4,1,4,4,4,4,1,4,4,4,4,4,4,4,4,3,1,1,3,2,1,1,1,2,101,88,3,1,1,1,1,1,3,1,1,1,1,1,1,2,2,2,4,4,4,4,4,4,4,4,3,1,1,1,1,1,1,1,2,1,2,2,2,1,2,0,0,75,10,15,1,3,3,3,2,2,1,2,2,2,1,2,2,2,2,2,2,2,1,1,0,0,2,3
1,101,89,3,2,2,1,2,10,3,10,4,4,1,3,2,3,1,2,3,1,1,2,3,1,2,8,1,3,2,3,3,2,1,1,6,1,1,1,1,1,1,1,1,4,1,4,1,4,4,4,4,4,1,1,1,4,1,4,4,1,4,4,1,4,3,3,1,1,1,2,101,89,3,1,1,1,1,1,3,1,1,1,1,0,0,1,1,1,3,1,1,4,2,4,4,3,3,1,1,1,1,1,4,2,4,2,3,1,1,1,2,0,0,97,0,0,1,1,3,3,2,2,2,2,1,2,1,2,2,2,2,2,2,1,1,1,4,3,1,2
1,101,90,3,2,3,3,2,10,3,24,4,2,1,2,2,2,1,2,1,2,1,2,3,1,3,8,2,2,2,8,1,1,1,2,1,1,2,1,2,1,1,4,4,4,1,4,4,1,4,4,4,4,4,2,4,4,1,4,4,1,4,3,1,2,3,3,1,1,3,2,101,90,3,1,1,1,1,1,3,1,1,1,1,0,0,1,2,2,4,4,3,4,3,4,4,4,1,1,1,1,1,1,2,2,3,2,3,1,1,1,2,5,25,67,3,0,2,1,3,3,2,2,2,2,2,2,1,2,2,2,1,2,2,1,3,4,5,3,5,2
1,101,91,3,2,2,2,3,10,3,21,4,4,1,2,2,2,2,3,2,1,1,2,2,1,2,2,2,2,2,2,2,2,1,1,3,1,1,1,2,1,2,4,1,4,1,4,4,1,4,4,4,4,1,3,1,4,4,2,4,4,4,3,3,4,3,3,1,1,3,2,101,91,3,1,1,1,1,1,1,1,1,2,1,3,1,1,3,2,4,4,3,4,4,4,4,4,1,1,1,1,1,1,4,1,1,1,3,1,1,1,2,10,80,10,0,0,2,1,3,3,2,2,2,2,1,2,1,2,2,2,2,2,2,2,3,3,4,5,3,2
1,101,92,3,3,5,3,4,12,3,28,4,9,1,1,2,3,3,2,0,1,1,2,3,3,3,8,1,1,2,6,3,2,1,1,2,1,1,2,2,2,2,2,2,1,2,4,4,1,4,1,4,1,2,2,1,1,1,4,2,1,4,4,1,4,2,2,1,1,3,2,101,92,3,3,1,1,1,1,2,2,1,1,1,3,1,1,1,1,2,2,1,4,2,3,2,1,3,2,1,1,1,2,2,1,4,1,3,2,2,1,2,0,25,70,5,0,1,1,3,3,2,2,2,2,2,2,1,2,2,2,2,2,1,2,1,1,3,5,0,2
1,101,93,3,3,5,2,3,12,3,27,4,11,1,2,2,3,3,3,1,1,1,2,3,2,2,8,1,2,2,3,2,2,1,1,1,1,1,1,1,1,1,1,4,4,3,4,1,4,4,4,4,4,1,2,4,4,4,4,4,4,4,3,2,1,3,2,1,1,3,2,101,93,3,3,1,1,1,1,2,1,1,1,1,3,1,3,2,4,4,4,4,4,3,4,4,4,3,1,1,1,2,2,2,1,2,1,2,1,2,1,2,0,0,97,0,0,2,1,3,3,2,2,2,2,2,1,1,2,2,2,2,2,2,2,2,2,5,4,2,2
1,101,94,3,1,5,3,2,4,3,2,4,1,1,1,2,2,1,2,1,1,1,2,2,1,2,9,2,2,2,2,2,1,1,1,2,1,1,1,2,1,1,1,2,4,3,4,4,2,4,4,4,1,2,2,4,4,4,4,4,1,1,3,1,1,2,2,1,1,1,2,101,94,3,1,1,1,2,1,1,1,1,1,1,3,3,2,4,4,4,3,4,4,4,4,4,4,1,1,1,5,5,5,2,2,2,2,2,1,1,1,0,5,60,33,1,1,1,3,3,2,2,2,2,2,2,1,2,2,2,1,2,2,2,2,6,6,5,3,1,2
1,101,95,3,1,3,1,2,9,4,2,4,3,1,1,2,2,1,3,1,2,2,2,3,1,3,8,3,3,2,3,2,2,2,1,5,2,2,2,2,1,2,4,4,4,2,1,4,4,4,4,4,4,2,4,4,4,4,4,4,4,4,4,2,2,2,2,1,1,2,2,101,95,3,3,1,1,2,1,3,1,3,2,4,1,1,5,4,3,4,4,4,4,3,4,4,4,3,5,1,5,5,5,4,1,2,1,2,1,1,1,2,0,10,85,5,0,1,3,2,2,2,2,1,2,2,1,2,2,2,2,2,2,2,2,5,2,3,5,1,3
1,101,96,3,3,5,2,3,3,4,5,4,4,1,2,2,2,1,3,1,1,1,2,3,1,1,8,2,3,4,3,2,2,2,2,3,2,3,1,2,1,1,4,1,4,4,4,4,4,4,4,1,4,2,1,4,4,4,1,1,4,4,2,1,1,3,2,1,1,1,2,101,96,3,1,1,1,1,1,2,2,1,1,1,2,2,1,2,2,2,2,2,4,2,4,4,2,3,1,1,5,5,1,2,2,3,2,3,3,2,1,2,0,10,80,10,0,2,1,2,2,2,2,2,2,1,1,2,2,2,2,2,2,2,1,2,2,3,5,1,2
1,101,97,3,1,5,3,4,7,2,2,4,6,1,1,2,2,1,3,2,2,1,2,3,1,1,8,2,1,4,3,3,1,2,1,3,2,2,2,2,1,1,2,4,4,1,4,4,1,4,1,4,4,4,4,4,4,4,4,4,4,4,3,1,3,3,3,1,1,1,2,101,97,3,2,1,1,1,1,1,3,1,1,2,1,1,2,1,2,2,4,4,4,1,4,4,4,1,5,1,5,5,5,4,1,2,1,2,1,1,1,2,0,0,95,0,5,2,1,2,2,2,2,1,2,2,1,2,2,2,2,2,2,2,2,6,2,3,0,4,1
1,101,98,3,2,4,1,2,9,3,25,4,4,1,2,2,3,1,2,1,1,1,2,3,1,2,9,1,1,2,3,1,2,1,1,2,2,2,3,2,3,3,1,1,2,3,1,1,1,1,1,1,1,1,3,1,1,1,1,3,1,1,4,3,1,3,3,1,1,3,2,101,98,3,3,1,1,2,1,2,1,1,2,1,3,3,1,3,4,3,4,4,4,3,4,4,4,0,2,1,1,1,1,2,2,3,2,3,3,2,1,2,0,20,70,10,0,1,1,3,3,2,2,2,2,1,1,2,2,2,2,2,2,2,3,2,1,4,5,1,1
1,101,99,3,3,5,1,2,6,4,2,4,0,1,1,2,2,1,3,1,2,1,2,3,1,1,9,1,3,2,3,1,1,1,1,4,2,3,1,2,2,2,1,1,1,1,4,4,4,4,4,4,2,4,4,4,4,4,4,4,4,4,4,2,2,3,2,1,1,3,2,101,99,3,3,1,1,0,1,3,1,1,1,1,3,1,1,4,2,4,4,4,4,2,4,4,2,1,1,1,2,1,2,3,1,2,1,2,1,3,1,2,2,2,94,2,0,2,1,3,3,2,2,2,2,2,1,2,2,2,2,2,2,1,2,3,2,3,4,4,1
1,101,100,3,2,2,2,2,9,4,28,4,8,1,2,2,2,1,3,2,1,1,2,3,1,2,8,3,2,2,3,2,1,1,2,0,2,3,2,2,2,3,1,4,1,1,4,4,1,4,1,1,2,1,4,2,1,4,4,1,1,1,3,3,4,3,2,1,1,1,2,101,100,3,1,1,1,1,1,2,1,1,1,1,3,1,3,2,2,4,4,2,4,4,4,4,4,1,1,1,5,1,5,2,1,2,2,2,1,2,1,1,10,40,50,0,0,3,1,1,1,2,2,2,2,1,1,2,2,2,2,2,2,2,3,1,1,4,3,1,3
1,101,101,3,3,5,1,2,5,4,20,4,9,1,2,2,2,1,3,2,1,1,2,2,1,3,8,0,0,2,3,1,3,1,1,1,2,3,2,2,2,2,4,1,4,4,4,2,4,4,4,4,4,3,4,4,4,4,4,4,4,4,3,1,3,1,2,1,1,1,2,101,101,3,1,1,1,1,1,1,1,1,2,1,1,1,1,3,2,4,4,3,4,2,4,4,4,1,1,1,1,1,1,1,1,1,1,1,1,2,1,1,0,0,0,0,99,1,3,2,2,2,2,2,1,2,1,2,2,2,2,2,2,2,2,1,1,4,0,1,3
1,101,102,3,2,3,3,3,9,3,25,4,9,1,2,2,2,1,2,2,2,1,2,3,1,1,8,2,3,2,3,2,2,2,2,0,1,1,1,1,1,1,1,1,1,1,4,1,4,1,4,1,4,1,2,1,4,1,4,4,4,4,3,1,2,3,3,1,1,3,2,101,102,3,3,1,1,1,1,1,1,1,1,1,3,2,1,3,3,4,4,4,4,4,4,4,4,1,1,1,5,1,5,2,1,3,1,3,2,0,1,2,0,0,97,0,0,1,1,3,3,2,2,1,2,2,1,2,2,2,2,2,2,2,3,6,2,4,5,5,2
1,101,103,3,3,5,2,2,7,5,5,4,9,1,1,2,3,3,4,2,1,2,3,2,1,1,8,2,2,2,3,1,2,2,1,2,2,2,2,2,2,2,1,1,4,2,4,4,4,1,4,1,1,1,1,1,1,4,1,4,4,4,2,1,4,3,3,1,1,3,2,101,103,3,3,1,1,1,1,3,1,1,1,1,1,1,1,2,2,4,2,4,4,4,4,4,4,1,1,1,1,2,1,4,2,1,1,1,1,2,1,2,5,25,65,5,0,1,1,1,2,2,2,2,1,2,1,2,2,2,2,2,2,2,1,2,1,5,0,1,2
1,101,104,3,2,0,1,2,12,3,25,4,3,1,2,2,2,2,3,2,1,1,2,3,1,1,8,1,2,2,2,2,2,1,1,2,2,2,1,2,1,2,0,0,0,0,0,0,0,0,0,0,0,0,0,0,0,0,0,0,0,0,4,1,2,3,2,1,1,3,2,101,104,3,3,1,1,1,1,3,1,1,1,1,1,1,1,2,3,3,2,4,4,2,4,4,4,3,1,1,5,2,1,1,2,3,2,3,1,1,1,2,10,40,40,10,0,3,1,2,3,2,2,2,1,2,1,2,2,2,2,2,2,2,3,2,2,4,0,1,2
1,101,105,3,3,5,2,3,7,4,6,4,9,1,1,2,2,1,3,1,2,1,2,2,1,1,8,1,2,2,3,2,2,1,2,6,1,1,2,2,2,2,4,4,1,4,4,4,4,4,4,1,4,4,4,1,4,4,4,4,4,4,3,1,1,2,2,1,1,1,2,101,105,3,1,1,1,2,1,1,1,1,1,1,2,2,1,2,2,2,4,2,4,4,4,4,4,3,1,1,3,3,1,3,1,2,1,2,1,1,1,2,0,0,97,0,0,2,3,3,3,1,2,2,2,2,1,2,2,2,2,2,2,2,2,6,6,4,5,4,1
1,101,106,3,1,5,2,2,9,4,3,4,9,1,1,2,1,1,3,2,1,1,2,1,1,2,8,1,2,2,3,2,2,2,1,3,1,2,2,2,2,2,1,4,4,1,4,1,4,1,4,4,4,4,4,4,4,4,4,1,4,4,1,3,1,3,3,1,1,2,2,101,106,3,1,1,1,1,1,3,1,1,1,1,1,1,1,4,4,4,4,4,4,4,4,4,4,3,1,5,5,4,2,3,1,2,1,2,1,1,1,2,0,0,0,0,0,2,1,2,2,2,2,2,2,2,1,2,2,2,1,2,2,2,1,3,2,3,4,1,3
1,101,107,3,3,4,1,2,8,4,3,4,9,1,1,2,2,1,3,1,1,1,2,3,1,1,8,1,2,1,3,1,2,2,2,3,2,2,2,2,2,2,4,4,4,4,4,4,4,1,4,4,4,4,4,4,4,4,4,4,4,4,4,2,4,3,2,1,1,0,2,101,107,3,0,2,1,2,1,1,1,1,1,1,3,1,2,4,4,4,4,4,4,4,4,4,4,1,5,5,5,5,1,3,1,2,1,2,1,1,2,2,0,10,80,0,10,1,1,3,3,2,2,2,2,1,1,2,2,2,2,2,2,2,2,6,6,4,3,1,1
1,101,108,3,3,5,1,2,9,3,23,4,9,1,3,2,3,3,0,2,1,1,3,4,1,1,1,1,2,2,2,1,1,2,1,3,1,1,1,2,1,1,4,1,4,3,4,4,4,4,4,4,4,3,3,4,4,4,3,4,2,4,1,1,4,3,2,1,1,1,2,101,108,3,3,1,1,2,1,3,1,1,2,1,0,0,3,3,3,4,4,4,4,3,4,4,4,1,1,1,5,1,5,1,2,2,2,2,1,3,0,2,0,30,70,0,0,2,1,2,2,2,2,2,2,1,1,2,2,2,2,2,2,2,3,1,1,5,4,3,1
1,101,109,3,2,5,1,2,9,3,8,4,4,1,2,2,2,3,2,1,1,2,2,2,3,3,9,1,2,2,3,1,1,2,1,3,2,2,2,2,2,2,2,1,1,2,1,2,1,1,1,1,1,3,3,1,1,1,3,1,1,1,3,0,1,3,3,1,1,0,2,101,109,3,0,1,1,1,1,3,1,3,2,2,2,2,3,2,2,4,4,3,4,4,4,4,4,1,1,1,5,3,1,2,1,3,1,3,1,2,0,1,0,25,70,5,0,1,3,3,3,2,2,2,2,2,1,2,2,2,2,2,2,2,2,4,2,4,3,4,2
1,101,110,3,2,2,2,2,12,3,25,4,7,1,1,2,1,1,1,2,1,2,2,2,1,2,2,1,3,1,3,2,2,1,1,2,2,5,1,3,2,2,1,1,4,3,1,1,2,1,1,1,1,2,3,2,1,4,1,2,1,1,2,2,4,3,3,1,1,2,2,101,110,3,1,0,1,2,1,3,2,2,1,1,1,1,1,1,1,2,2,2,4,2,4,4,2,3,3,2,3,2,1,2,2,3,2,3,1,3,2,1,5,10,60,20,5,2,2,3,3,2,2,1,2,2,2,1,2,2,2,2,2,2,2,2,2,4,3,3,1
1,101,111,3,3,5,1,2,7,4,6,4,9,1,3,2,2,1,3,1,1,1,2,3,1,1,8,1,3,4,3,2,2,2,2,4,2,2,1,2,1,1,4,4,4,4,4,4,4,1,4,4,4,4,1,4,4,4,4,4,4,4,2,1,2,3,3,1,1,3,2,101,111,3,3,1,1,1,1,3,1,3,1,2,3,3,1,2,2,4,4,2,4,2,4,4,4,1,1,1,1,1,5,4,1,3,1,3,2,2,1,2,0,2,95,1,2,2,3,2,3,2,2,2,2,2,2,2,2,1,1,2,2,2,1,6,2,3,5,1,1
1,101,112,3,2,2,3,3,2,4,26,4,4,1,2,2,3,1,2,2,1,1,2,2,2,1,8,2,2,2,3,2,1,2,1,2,1,1,1,2,1,1,1,4,4,1,2,2,1,1,1,1,4,2,2,1,2,4,1,2,4,4,2,1,1,3,3,1,1,3,2,101,112,3,3,1,1,3,1,3,1,1,1,1,3,0,2,2,2,4,2,2,4,2,4,4,2,1,1,1,3,1,1,2,1,3,1,3,1,2,1,1,4,0,96,0,0,1,3,3,3,2,2,2,2,1,2,2,2,1,2,2,2,2,2,1,1,5,4,3,2
1,101,113,3,2,2,1,3,9,3,3,4,4,1,2,2,2,1,3,1,1,1,2,2,1,2,7,1,1,2,7,1,1,2,2,5,2,5,2,2,1,1,2,2,4,2,1,1,1,4,4,1,4,2,1,1,4,1,4,4,4,4,2,3,3,3,3,1,1,3,2,101,113,3,1,1,1,1,1,2,1,3,1,1,1,1,1,1,2,4,4,4,4,4,4,4,2,3,1,1,5,2,2,3,1,3,1,2,2,1,1,2,1,2,95,2,0,1,1,3,3,2,1,2,2,2,2,1,2,2,2,2,2,2,1,5,3,3,5,4,2
1,101,114,3,3,5,1,3,1,4,21,4,10,1,2,2,2,1,3,2,1,1,2,2,1,1,8,1,2,2,3,2,2,1,1,2,1,1,1,2,1,1,1,1,4,2,4,4,4,1,4,4,4,2,3,4,4,1,1,2,4,4,2,3,3,3,3,1,1,1,2,101,114,3,1,1,1,1,1,2,1,1,1,1,1,1,1,2,2,3,2,2,4,3,4,4,2,1,1,1,2,2,1,2,1,2,1,2,1,1,1,2,0,8,90,2,0,2,3,3,3,2,2,2,2,2,2,1,2,2,2,1,2,2,2,3,3,5,4,1,2
1,101,115,3,2,3,2,2,9,3,20,4,9,1,2,2,2,2,3,2,1,1,2,2,1,1,9,2,2,2,3,2,2,1,1,2,1,1,2,2,2,2,1,4,4,2,4,1,1,4,4,4,1,1,1,1,1,4,1,4,1,4,4,2,4,1,2,1,1,1,2,101,115,3,1,1,1,2,1,3,1,1,1,1,1,1,3,1,2,2,4,4,4,3,4,4,4,1,1,1,1,3,1,1,1,3,1,3,1,1,1,2,5,5,75,5,10,2,1,2,3,2,2,2,2,2,2,1,2,2,2,2,2,2,1,2,4,4,2,4,1
1,101,116,3,2,4,2,3,10,3,25,4,9,1,2,2,3,1,1,2,1,1,2,2,3,3,1,2,3,4,8,2,1,1,1,0,2,5,2,2,2,2,1,1,1,2,1,1,1,1,1,1,1,2,2,1,1,1,1,2,2,1,4,1,3,3,3,1,1,1,2,101,116,3,1,1,1,2,1,2,1,1,1,1,3,2,2,4,4,4,4,4,4,4,4,4,4,1,2,2,5,4,1,1,2,3,2,3,1,1,1,1,0,0,90,10,0,2,3,1,2,2,2,2,2,2,2,1,2,2,2,2,2,1,2,6,6,4,2,1,2
1,101,117,3,2,5,2,2,2,3,22,4,1,1,2,2,1,2,3,1,1,1,3,2,1,2,1,1,2,2,3,2,2,2,1,2,1,1,2,2,1,2,1,2,4,2,4,4,1,4,1,4,4,4,1,1,1,4,4,1,1,4,3,3,2,3,3,1,1,3,2,101,117,3,3,1,1,1,1,3,1,1,1,1,1,1,1,2,4,4,4,4,4,4,4,4,4,1,1,1,2,5,1,2,1,2,1,2,1,1,2,2,5,20,70,5,0,1,1,1,2,2,2,2,2,2,2,1,2,2,2,2,1,2,3,4,3,3,4,1,2
1,101,118,3,2,5,3,4,4,4,2,4,9,1,2,2,2,1,3,2,2,1,2,2,1,1,8,1,2,2,3,2,2,2,1,3,2,3,1,3,1,2,4,1,1,1,1,1,1,4,1,1,1,2,1,1,1,1,1,1,1,1,2,1,1,3,3,1,1,1,2,101,118,3,2,1,1,1,1,1,1,1,1,2,1,1,1,3,3,4,4,4,4,4,4,4,2,1,1,1,3,1,1,2,1,3,1,2,1,1,2,2,2,20,70,8,0,2,1,2,3,2,2,2,2,1,2,1,2,2,2,2,2,2,4,3,2,3,5,3,2
1,101,119,3,3,5,2,4,7,4,4,4,9,1,1,2,3,2,3,3,2,1,3,4,1,1,8,3,2,3,2,3,2,2,2,3,2,2,2,2,2,2,1,1,1,4,1,1,1,1,1,1,1,1,1,1,1,1,1,1,1,1,4,1,4,2,2,1,1,3,2,101,119,3,3,3,1,2,1,2,1,1,1,1,1,2,5,4,4,4,4,4,4,4,4,4,4,1,1,1,1,1,1,3,1,2,1,2,1,1,0,0,0,20,75,0,5,1,1,3,3,2,2,2,2,2,2,1,2,2,2,2,2,1,2,4,2,3,4,3,1
1,101,120,3,2,4,1,2,9,4,5,4,4,1,1,2,2,1,3,1,1,1,2,3,1,1,8,0,0,2,2,1,2,1,0,5,2,4,2,2,1,1,0,0,0,0,0,0,0,0,0,0,0,0,0,0,0,0,0,4,0,0,4,1,1,3,3,1,1,1,2,101,120,3,3,1,1,2,1,2,1,1,1,1,3,1,5,3,3,4,4,4,4,4,4,4,4,1,1,1,1,1,1,3,1,1,1,1,1,2,0,0,5,25,50,15,5,1,1,1,3,2,2,2,2,1,2,1,2,2,2,2,2,2,1,3,1,5,4,4,3
1,101,121,3,3,5,1,4,6,4,5,4,9,1,2,2,2,1,3,3,2,2,2,3,1,3,8,1,3,2,2,1,2,1,1,0,2,3,2,3,2,1,1,1,1,1,1,4,4,4,1,1,4,1,1,4,1,4,4,4,1,1,4,1,2,3,3,1,3,3,2,101,121,3,3,1,1,1,1,2,1,1,1,1,1,1,1,2,4,4,4,2,4,4,4,4,4,1,1,1,1,1,5,3,1,3,1,3,1,2,2,2,5,15,80,0,0,1,1,3,3,2,2,2,2,1,2,2,1,2,2,2,2,2,1,5,1,3,4,4,2
1,101,122,3,2,5,2,2,6,3,15,4,10,1,3,2,3,3,3,1,2,1,2,3,1,1,8,1,2,2,2,2,2,1,1,3,2,3,1,2,1,1,1,4,1,1,4,1,1,4,1,1,1,1,1,1,4,1,1,4,4,4,4,1,4,3,3,1,1,1,2,101,122,3,1,1,1,3,1,3,1,1,1,1,3,1,1,2,2,4,2,4,4,2,4,4,4,1,1,1,5,1,1,4,1,3,1,1,1,1,2,2,0,99,0,0,0,1,1,3,3,2,1,2,2,2,2,2,1,2,2,2,2,2,1,6,2,4,5,5,1
1,101,123,3,3,5,1,2,10,3,15,4,9,1,1,2,3,1,3,2,1,2,2,2,1,1,8,2,2,1,2,1,2,1,2,3,1,1,3,2,2,2,4,4,4,4,1,1,4,2,4,4,4,2,4,4,4,4,4,1,4,4,4,3,3,2,3,1,1,1,2,101,123,3,2,1,1,1,1,3,1,1,1,1,1,1,1,4,3,3,4,3,4,4,4,4,1,1,5,1,2,1,2,1,3,1,1,2,1,1,2,2,0,0,95,5,0,1,1,3,3,2,2,2,2,1,2,2,1,2,2,2,2,2,1,3,2,4,3,1,3
1,101,124,3,1,5,3,2,4,2,26,4,1,1,1,2,2,3,2,2,1,1,2,2,1,1,9,2,2,2,2,1,1,1,2,2,1,1,2,1,1,1,0,1,0,2,0,1,1,1,0,0,0,2,2,0,0,4,1,2,0,0,4,2,3,3,2,1,1,1,2,101,124,3,1,1,1,1,1,3,1,1,2,2,2,1,2,3,4,3,4,4,4,3,4,4,3,3,1,1,1,1,1,2,1,3,1,2,1,1,2,2,10,20,50,10,10,1,3,2,3,2,2,2,2,2,2,2,1,2,2,2,2,1,1,1,1,4,3,1,2
1,101,125,3,3,5,2,2,1,4,6,4,12,1,2,2,3,1,2,2,2,1,2,3,1,3,8,3,3,2,2,2,3,1,1,4,1,3,3,2,2,2,4,1,1,4,4,4,1,1,4,1,1,1,1,1,1,1,1,1,4,4,3,1,1,3,3,1,1,1,2,101,125,3,1,1,1,1,1,2,1,1,1,1,3,3,1,2,4,4,4,4,4,4,4,4,2,1,1,5,5,2,5,3,1,1,1,1,1,1,2,2,0,99,0,0,0,1,3,2,2,2,2,2,2,2,2,1,1,2,2,2,2,2,3,2,1,5,4,3,2
1,101,126,3,2,5,3,2,6,2,12,4,7,1,1,2,1,1,3,2,2,1,2,2,1,1,8,3,2,2,3,2,2,2,2,2,2,4,1,2,2,2,1,4,4,2,4,4,4,4,4,4,1,2,2,4,4,4,4,4,4,4,3,3,3,3,2,1,1,1,2,101,126,3,1,1,1,1,1,1,2,1,1,1,2,3,1,2,2,4,4,4,4,3,4,4,4,1,1,1,2,3,1,2,1,2,1,3,1,3,2,2,5,10,75,10,0,2,1,3,3,2,2,1,2,2,2,2,1,2,2,2,2,2,2,2,2,4,3,2,1
1,101,127,3,3,5,3,3,11,4,5,4,0,1,1,2,2,1,3,2,2,1,2,4,2,2,1,1,2,2,8,1,2,2,1,0,1,1,2,2,2,2,4,4,4,4,4,1,4,4,4,0,4,2,1,4,4,4,1,4,4,4,1,1,4,3,2,1,1,3,2,101,127,3,3,1,1,1,1,0,1,1,1,2,2,2,1,2,2,4,1,3,3,2,4,4,1,1,1,1,1,5,1,2,1,3,1,2,1,2,1,2,10,20,70,0,0,2,3,2,3,2,2,1,2,2,2,2,1,2,2,2,2,2,2,2,2,3,5,4,2
1,101,128,3,3,5,3,2,6,4,6,4,4,1,2,2,1,1,3,2,1,1,2,3,1,1,8,1,2,4,8,2,2,2,2,3,2,3,2,2,1,2,4,4,1,4,4,4,1,4,4,1,1,1,1,1,4,4,4,1,1,4,4,2,2,3,3,1,1,1,2,101,128,3,1,1,1,2,1,1,2,1,1,1,1,1,2,2,2,4,4,4,4,4,4,4,4,1,1,1,5,5,5,3,1,2,1,3,1,1,1,1,15,25,25,35,0,2,3,3,3,1,2,2,2,2,2,2,1,2,2,2,2,2,2,5,2,5,3,3,1
1,101,129,3,2,5,1,2,9,2,4,4,9,1,3,2,3,3,3,3,2,1,1,1,3,3,8,2,2,2,3,2,1,2,1,6,2,3,1,2,1,2,1,1,4,1,1,1,1,4,1,4,1,3,4,1,4,1,4,4,4,4,3,1,1,3,3,1,1,1,2,101,129,3,1,1,1,1,1,2,1,1,1,2,1,1,3,3,4,4,4,4,4,4,4,4,4,3,5,5,5,5,5,2,2,4,1,3,1,1,1,2,5,25,50,15,5,1,4,2,2,2,2,2,2,2,2,2,1,2,1,2,2,2,1,3,3,0,0,3,2
1,101,130,3,2,5,3,2,9,4,18,4,9,1,2,2,2,1,3,2,2,1,2,2,1,2,8,2,0,2,3,2,1,2,1,2,2,3,1,2,1,2,1,1,1,2,4,1,1,4,4,4,2,1,1,1,1,4,4,1,4,4,4,1,3,3,3,1,1,3,2,101,130,3,3,1,1,1,1,3,1,1,2,2,3,1,3,3,3,4,3,3,4,3,4,4,2,1,1,1,2,5,1,3,1,2,2,1,1,3,1,2,5,45,45,0,5,1,1,3,3,2,2,2,2,2,2,2,1,2,2,2,2,2,2,3,2,4,5,3,3
1,101,131,3,0,0,0,0,0,0,999,4,4,1,2,2,1,1,3,2,2,1,2,3,1,1,8,2,2,0,1,1,2,1,0,3,1,1,0,2,1,1,4,4,4,4,4,4,4,1,4,1,4,1,4,4,4,4,4,2,4,4,2,1,1,3,3,3,1,1,2,101,131,3,3,1,1,1,1,2,1,1,1,1,3,3,0,0,0,0,0,0,0,0,0,0,0,1,5,1,5,5,5,2,1,3,1,2,0,1,1,2,5,10,84,1,0,1,1,3,3,2,2,2,2,2,2,2,1,2,2,2,2,2,2,0,3,4,3,1,2
1,101,132,3,3,5,1,2,7,4,5,4,4,1,3,2,2,3,4,2,1,1,1,3,1,1,8,2,2,2,3,1,2,2,2,3,0,0,0,0,0,0,4,4,1,2,4,4,2,4,4,1,4,2,4,4,4,4,4,4,1,4,4,3,4,3,3,1,1,1,2,101,132,3,1,1,1,1,1,0,1,1,1,1,1,1,2,2,3,4,4,4,4,4,4,4,3,1,5,1,5,1,1,4,1,3,1,3,1,1,1,2,0,40,60,0,0,1,1,2,2,2,2,2,2,1,2,2,1,2,2,2,2,2,1,3,2,4,3,1,2
1,101,133,3,3,5,3,2,9,4,4,4,4,1,1,2,2,1,3,1,2,1,2,3,1,2,0,0,0,2,8,1,2,2,2,0,2,5,1,2,2,2,4,4,4,4,4,4,1,4,4,1,1,1,4,1,4,4,4,4,4,4,4,1,3,3,2,1,1,0,2,101,133,3,0,1,1,1,1,0,1,1,1,1,1,1,1,2,2,4,2,4,4,4,4,4,4,1,1,1,1,1,1,4,1,3,1,2,1,2,1,1,5,20,70,5,0,2,1,2,3,2,2,2,2,2,2,1,1,2,2,2,2,2,2,5,3,3,5,4,3
1,101,134,3,3,5,1,2,9,4,3,4,0,1,3,2,1,1,3,2,1,1,2,3,1,1,0,0,0,2,3,2,2,2,2,3,1,1,2,1,1,2,1,4,4,1,4,4,4,4,4,4,4,1,4,4,1,1,4,1,4,4,3,1,4,1,3,3,1,3,2,101,134,3,3,1,1,2,1,3,1,1,1,4,3,1,2,3,4,4,4,3,4,4,4,4,4,1,1,1,2,1,1,3,1,3,1,3,1,1,1,1,10,10,78,2,0,2,1,3,3,2,2,1,2,2,2,2,1,2,2,2,2,2,2,3,1,4,2,5,3
1,101,135,3,2,5,1,3,8,2,20,4,9,1,2,2,3,2,2,2,1,1,2,2,1,1,8,2,2,2,8,2,2,2,1,2,2,5,1,2,1,2,0,1,4,2,1,4,1,1,2,1,4,1,4,1,4,4,4,2,4,4,2,2,3,3,3,1,1,1,2,101,135,3,2,1,1,3,1,3,1,1,1,1,3,1,2,4,2,4,4,2,4,4,4,4,4,3,5,1,5,1,5,3,2,2,2,1,1,1,1,1,2,10,75,10,3,1,1,2,3,2,2,2,2,2,2,2,1,2,1,2,2,2,2,2,2,4,3,1,2
1,101,136,3,1,2,1,3,7,2,22,4,11,1,2,2,2,2,2,1,1,1,2,3,1,2,1,1,3,2,3,1,1,1,1,1,1,1,1,1,1,1,4,4,4,0,4,4,4,4,4,4,4,1,0,1,4,4,0,1,4,4,3,2,3,3,3,1,1,1,2,101,136,3,1,1,1,1,1,1,2,1,1,1,3,1,1,2,4,4,4,4,4,4,4,4,2,3,2,1,5,1,5,4,1,2,1,2,1,1,1,2,5,25,60,10,0,3,1,3,3,2,2,2,2,2,2,2,1,2,1,2,2,2,1,0,3,3,4,3,2
1,101,137,3,3,5,3,3,12,3,24,4,4,1,1,2,3,2,2,2,2,1,2,3,1,2,1,2,2,4,2,3,3,1,1,2,2,3,1,2,1,1,4,1,4,2,4,4,1,1,4,4,4,1,2,1,1,4,4,1,4,4,2,1,3,3,2,1,1,3,2,101,137,3,3,1,1,1,1,3,2,1,2,1,3,3,1,3,2,4,2,2,4,1,1,4,2,3,1,1,5,1,1,1,1,3,1,2,2,2,1,2,0,90,7,3,0,2,1,3,3,2,2,2,2,2,2,1,1,2,2,2,2,2,2,6,1,4,5,4,2
1,101,138,3,2,5,2,3,2,3,6,4,9,1,3,2,2,2,3,2,1,1,2,2,3,3,9,1,1,4,3,2,2,1,1,1,2,3,2,2,3,3,4,2,2,3,4,4,2,4,2,4,2,2,3,4,2,4,2,2,2,4,3,1,2,3,3,1,1,2,2,101,138,3,1,1,1,1,1,3,1,1,1,1,3,3,2,2,4,4,4,4,4,2,4,4,4,1,2,1,2,2,1,2,2,2,2,2,1,1,1,2,5,10,75,8,2,1,3,2,3,2,2,2,2,2,1,2,1,2,2,2,2,2,0,1,1,5,4,1,2
1,101,139,3,1,3,1,4,12,4,8,4,6,1,2,2,1,3,3,2,1,1,2,3,2,3,8,0,2,2,2,2,3,2,2,0,2,1,2,1,1,1,1,2,1,2,4,1,1,2,2,3,2,3,3,2,3,3,2,1,3,3,2,1,1,2,1,1,1,3,2,101,139,3,1,1,1,1,1,1,2,2,1,1,3,1,1,2,4,4,4,3,4,3,4,4,4,1,2,2,1,2,1,4,2,3,1,2,2,1,1,1,75,15,2,3,5,2,1,1,3,2,2,2,2,2,1,2,1,2,2,2,2,2,2,2,1,4,0,3,3
1,101,140,3,1,5,3,2,9,4,6,4,11,1,2,2,1,3,3,1,2,2,2,3,1,1,8,1,3,2,3,2,2,2,2,4,1,1,1,2,1,1,4,4,4,4,1,4,2,4,1,1,1,4,1,4,4,4,1,4,4,4,4,2,4,3,3,1,1,1,2,101,140,3,1,1,1,2,1,3,1,3,1,4,3,2,1,4,3,4,3,4,3,4,4,4,4,1,5,1,2,2,5,3,1,2,1,1,1,1,1,2,0,25,70,5,0,1,3,3,3,2,1,2,2,2,2,2,1,2,2,2,2,2,1,6,6,4,3,3,3
1,101,141,3,1,5,3,2,9,4,15,4,9,1,2,2,2,1,2,2,1,1,2,4,2,2,0,0,0,2,3,2,2,2,2,4,2,2,2,2,2,1,4,4,1,2,4,1,1,4,4,4,4,1,4,1,4,4,4,1,1,4,4,3,2,3,3,2,1,2,2,101,141,3,2,1,1,1,1,1,1,1,1,1,3,1,2,2,2,4,4,4,4,3,4,4,4,0,5,1,5,2,1,4,1,2,1,1,1,2,1,2,20,30,50,0,0,2,1,2,2,2,2,2,2,2,1,2,1,2,2,2,2,2,2,5,1,5,3,1,3
1,101,142,3,1,4,3,2,6,2,15,4,4,1,3,2,1,1,2,1,1,2,2,3,1,2,4,1,2,2,3,2,2,2,1,1,2,4,1,2,1,1,1,2,4,1,4,4,4,4,4,4,4,4,2,4,4,1,4,4,2,2,4,1,3,3,2,1,1,3,2,101,142,3,3,1,1,1,1,1,2,1,1,1,1,2,2,2,2,4,4,4,4,4,3,4,4,3,3,2,2,2,3,2,2,3,2,3,1,2,1,2,1,4,90,5,0,2,1,2,2,2,2,2,2,2,2,1,1,2,2,2,2,2,2,3,3,3,4,1,1
1,101,143,3,2,5,2,2,9,3,12,4,9,1,1,2,3,3,3,2,1,1,2,2,2,1,8,1,2,2,3,2,1,2,1,2,2,2,2,2,2,2,1,1,1,2,4,2,1,1,1,4,4,1,2,4,4,1,2,4,4,4,2,1,1,3,2,1,1,1,2,101,143,3,3,1,1,2,1,3,1,1,1,2,1,1,1,1,1,2,2,1,4,2,4,4,2,1,1,1,3,2,1,2,2,3,2,3,1,3,1,2,1,3,70,3,23,1,2,1,1,2,2,1,2,2,2,2,1,2,2,2,2,2,1,3,3,5,2,5,1
1,101,144,3,3,6,1,2,6,3,27,4,10,1,1,2,3,1,2,3,1,1,2,2,1,1,1,2,2,4,4,3,2,1,1,3,1,1,2,2,1,1,2,1,4,2,4,1,1,4,1,1,4,3,1,1,4,4,1,1,1,1,2,1,1,3,3,1,1,3,2,101,144,3,1,1,1,2,1,3,1,3,1,2,3,1,2,2,2,3,3,4,4,4,3,4,3,1,5,1,5,2,1,2,2,2,2,1,1,1,1,2,4,0,50,46,0,1,2,1,1,2,2,1,2,2,2,2,1,2,2,2,2,2,2,1,1,5,3,1,2
1,101,145,3,3,5,2,2,12,3,26,4,3,1,2,2,3,1,2,2,2,1,2,2,1,2,8,2,2,2,5,2,2,1,1,2,2,3,1,2,1,1,4,1,4,1,1,3,1,1,1,1,4,1,2,1,1,4,1,1,4,4,3,1,3,3,3,1,1,2,2,101,145,3,1,1,1,1,1,2,2,1,2,1,2,2,3,2,2,4,3,4,4,4,4,4,3,1,2,1,2,2,2,3,1,4,1,3,1,3,1,2,5,15,50,25,5,2,3,2,3,2,2,2,2,2,2,2,1,2,1,2,2,2,2,3,2,4,5,4,2
1,101,146,3,2,5,3,2,9,3,26,4,9,1,1,2,3,3,3,2,1,1,3,2,3,3,8,1,1,0,10,2,3,2,2,3,2,3,2,2,3,3,2,1,1,3,4,1,2,2,2,1,2,3,3,1,1,4,1,2,2,4,2,1,4,3,3,0,1,0,2,101,146,3,1,1,1,0,1,0,1,1,2,1,3,1,5,2,4,4,4,4,4,4,4,4,4,1,3,2,4,3,1,2,1,2,1,4,2,2,1,1,2,20,48,10,20,2,3,2,2,2,2,2,2,2,1,2,1,2,2,2,2,2,3,1,1,4,3,2,1
1,101,147,3,2,5,3,2,2,3,25,4,11,1,1,2,3,3,2,2,1,1,2,1,1,1,8,1,2,2,3,2,2,2,2,3,2,2,1,2,2,2,4,2,1,2,4,1,1,1,4,1,1,2,3,1,1,4,2,2,4,1,2,1,1,3,3,1,1,1,2,101,147,3,2,1,1,2,1,1,1,1,1,1,3,3,1,1,2,4,2,2,4,1,4,4,2,1,3,2,4,3,1,3,2,3,2,3,1,1,1,2,10,10,50,20,10,1,1,1,1,2,2,2,2,1,2,2,1,2,2,2,2,2,2,1,1,3,4,5,1
1,101,148,3,2,5,1,2,9,4,2,4,9,1,2,2,2,1,2,2,1,1,2,3,1,1,8,2,3,1,3,2,2,2,2,6,2,3,2,2,2,3,4,1,4,2,1,2,1,1,4,1,1,2,4,1,4,4,1,1,4,4,3,1,1,3,3,3,1,3,2,101,148,3,3,1,1,1,1,2,2,3,1,1,2,2,1,4,4,4,4,4,4,3,4,4,4,3,1,1,5,4,1,2,2,3,2,2,1,1,1,2,0,0,60,10,30,2,3,2,2,2,2,2,2,1,2,2,1,2,2,2,2,2,2,6,3,4,5,4,3
1,101,149,3,2,5,1,2,2,3,25,4,9,1,2,2,3,2,3,2,1,1,2,2,1,2,8,1,2,2,10,2,1,2,2,2,2,2,1,2,1,1,4,2,1,0,4,1,1,1,1,2,4,2,3,2,2,4,1,2,2,2,2,1,1,3,3,1,1,1,2,101,149,3,1,1,1,1,1,1,1,3,2,1,3,1,4,1,1,3,4,3,4,4,4,4,3,3,5,1,5,0,1,4,2,4,2,3,1,3,1,2,1,25,64,10,0,1,3,3,3,2,2,2,2,2,2,2,1,2,2,2,2,1,1,6,6,4,0,3,1
1,101,150,3,1,5,3,2,5,2,25,4,0,1,3,2,2,3,2,3,1,1,2,4,1,1,1,2,0,3,2,1,2,2,0,6,1,1,2,2,1,1,4,4,4,1,4,4,4,4,4,4,4,4,2,4,4,4,4,1,4,4,4,1,4,3,3,1,1,1,2,101,150,3,3,1,1,2,1,2,1,1,1,1,1,1,5,4,4,4,4,4,4,4,4,4,4,1,1,1,5,5,1,4,1,3,1,3,1,2,0,0,0,50,50,0,0,1,1,2,2,2,2,2,2,2,2,1,2,1,2,2,2,2,3,3,2,0,5,3,1
1,101,151,3,3,5,1,2,7,4,5,4,4,1,2,2,3,0,0,0,0,0,0,0,0,0,8,1,2,2,2,1,1,1,1,2,3,5,1,2,1,1,4,2,4,4,4,4,2,1,4,4,3,4,4,1,4,4,4,2,3,4,4,3,1,3,2,3,1,2,2,101,151,3,2,1,1,2,3,2,1,1,2,1,1,3,1,3,3,4,4,4,4,4,4,4,4,1,1,1,1,5,1,3,1,1,2,5,1,2,1,1,5,25,50,20,0,2,1,3,3,2,2,2,1,2,2,1,2,2,2,2,2,2,1,5,3,5,0,1,1
1,101,152,3,2,5,1,2,9,3,13,4,10,1,1,2,2,2,2,1,1,1,2,1,1,2,1,2,2,2,3,1,1,1,1,1,1,1,1,2,1,1,4,1,4,1,4,4,1,1,4,4,4,1,4,4,4,4,4,1,4,4,2,1,1,3,2,1,1,3,2,101,152,3,3,1,1,1,1,2,1,1,1,1,3,2,3,3,4,4,4,3,4,4,4,4,4,3,1,1,3,5,2,2,1,2,1,3,1,1,1,1,2,25,73,0,0,1,1,3,3,2,2,2,2,1,2,1,2,2,2,2,2,2,2,3,2,2,5,3,2
1,101,153,3,3,5,3,3,12,3,26,4,3,1,1,2,3,1,1,1,1,1,2,2,1,2,0,2,2,2,3,1,2,1,1,1,2,4,2,2,1,2,4,4,4,2,4,1,1,4,4,4,4,1,2,4,4,4,1,4,1,4,3,1,4,3,3,1,1,1,2,101,153,3,1,1,1,1,1,1,1,1,1,4,1,1,1,2,2,3,4,2,4,3,4,4,4,1,1,1,2,5,1,4,2,2,2,2,2,1,1,2,5,30,50,10,5,1,1,2,3,2,2,2,2,1,2,1,2,2,2,2,2,2,1,3,1,4,5,4,2
1,101,154,3,2,2,1,2,8,3,23,4,4,1,2,2,3,1,1,1,1,1,2,3,3,3,1,2,1,2,2,1,2,2,2,2,2,4,1,2,1,1,4,1,2,3,4,4,2,4,4,4,4,2,3,4,3,4,4,4,2,4,3,3,3,3,3,1,1,1,2,101,154,3,3,1,1,2,1,1,1,1,2,1,1,1,4,2,0,0,0,2,0,0,0,0,0,1,1,1,5,1,1,3,2,2,2,2,1,0,1,2,4,25,65,6,0,1,1,2,3,2,2,2,2,2,2,1,2,2,2,2,2,1,2,3,2,4,5,4,1
1,101,155,3,3,5,1,2,9,4,5,4,4,1,2,2,3,2,3,2,1,1,3,2,1,1,9,2,2,2,3,3,2,2,1,3,2,2,3,2,3,3,1,1,1,2,1,1,2,1,1,1,1,1,1,3,1,1,1,1,1,1,3,1,4,3,3,1,1,1,2,101,155,3,3,1,1,3,1,3,1,4,1,1,3,1,5,2,2,2,2,4,4,4,4,4,3,1,1,1,1,1,1,2,1,2,1,2,1,2,1,2,0,5,85,10,0,2,1,2,3,2,2,2,2,2,1,1,2,2,2,2,2,2,2,3,3,4,5,5,3
1,101,156,3,3,5,1,2,12,3,8,4,9,1,2,2,2,1,2,2,2,2,2,3,3,2,8,1,3,1,3,2,1,2,2,2,2,5,1,2,1,1,2,4,4,2,4,2,1,4,4,1,4,2,2,1,4,4,4,1,2,1,4,1,4,3,3,1,1,3,2,101,156,3,3,1,1,1,1,3,2,1,2,1,2,1,2,1,2,4,2,2,4,1,4,4,1,3,2,1,2,2,1,1,2,3,2,2,2,2,2,2,0,15,85,0,0,3,1,3,2,2,2,2,2,2,2,1,2,2,2,2,2,2,2,5,3,4,0,2,2
1,101,157,3,3,5,1,4,5,4,5,4,9,1,2,2,3,3,3,1,1,1,2,1,1,2,8,2,2,4,3,2,2,2,2,3,2,2,2,2,2,2,4,4,1,4,4,4,4,4,1,4,1,1,1,1,1,4,4,4,4,4,3,1,2,3,3,1,1,1,2,101,157,3,1,1,1,1,1,3,2,1,1,2,2,2,5,3,2,4,4,3,4,4,4,4,4,3,5,1,2,1,1,3,1,2,1,2,1,2,2,2,5,0,95,0,0,2,1,4,4,2,2,2,2,2,2,2,2,2,2,2,2,2,2,3,3,3,0,2,2
1,101,158,3,2,5,1,2,8,3,2,4,4,1,2,2,1,1,3,2,2,1,2,2,1,3,0,1,1,2,2,2,1,2,1,3,1,1,1,2,1,1,4,1,4,1,4,2,4,4,4,4,4,1,4,1,4,4,4,4,1,1,3,2,1,3,3,1,1,1,2,101,158,3,2,1,1,1,1,0,1,1,1,1,2,2,3,4,3,4,3,4,3,3,4,4,4,1,1,1,4,1,1,4,2,2,1,2,1,0,2,2,0,0,0,0,0,1,1,3,3,2,2,2,2,2,2,2,2,2,2,2,2,2,1,6,3,4,3,1,1
1,101,159,3,1,6,3,4,10,0,4,4,4,1,1,2,3,3,4,1,2,0,2,3,0,1,8,1,3,2,2,1,1,2,2,0,1,1,1,1,1,1,0,0,0,0,0,4,4,4,4,4,4,4,4,4,4,4,4,4,4,4,4,1,4,3,3,1,1,1,2,101,159,3,1,1,1,1,1,3,0,0,1,4,0,0,1,2,2,4,2,4,4,4,4,4,4,1,1,1,5,5,5,0,3,3,0,2,1,1,0,2,0,0,0,0,0,1,0,3,3,2,2,2,2,2,2,2,2,2,2,2,2,2,1,6,6,3,0,4,2
1,101,160,3,2,3,2,2,10,3,20,4,4,1,1,2,3,2,3,2,1,1,2,2,2,1,1,2,2,4,8,2,2,2,2,3,1,1,0,2,0,2,1,4,1,2,4,3,1,4,1,1,4,1,2,1,1,3,3,1,1,2,2,3,4,3,0,3,1,3,2,101,160,3,3,1,1,1,1,2,1,1,2,1,2,2,2,3,3,4,4,3,4,3,4,4,4,1,5,1,2,1,1,2,1,1,2,2,1,1,2,2,0,0,95,5,0,2,1,2,2,2,2,2,2,2,2,2,2,2,2,1,1,2,2,3,3,4,3,1,2
1,101,161,3,3,5,3,2,7,4,999,4,10,1,1,2,1,3,4,1,2,1,2,4,1,1,8,1,3,2,3,2,1,1,1,3,2,3,1,1,1,1,4,1,4,2,3,4,2,3,3,4,4,2,2,4,4,4,2,2,2,4,3,3,3,3,3,1,3,1,2,101,161,3,1,1,1,1,1,3,2,1,1,1,1,1,1,2,3,4,4,4,4,3,4,4,4,1,2,1,5,5,1,3,1,3,1,3,1,1,1,2,0,25,75,0,0,2,1,3,3,2,2,2,2,2,2,2,2,2,2,2,2,2,1,3,2,3,4,5,1
1,101,162,3,3,5,2,2,12,3,14,4,9,1,2,2,2,1,2,2,1,1,2,0,3,2,8,2,2,2,2,2,1,1,2,1,2,2,2,2,2,2,4,4,1,1,4,4,2,1,4,4,4,2,2,4,4,4,1,2,2,4,4,1,4,3,3,1,1,1,2,101,162,3,1,1,1,1,1,3,1,1,1,1,2,2,5,2,4,4,4,4,4,3,4,4,4,1,1,5,1,1,2,4,2,3,2,3,1,1,1,2,5,10,70,0,15,2,1,3,3,2,2,2,2,2,2,2,2,2,2,2,1,1,1,4,2,4,3,4,1
1,101,163,3,2,2,1,2,9,3,26,4,0,1,2,2,3,1,2,1,1,1,2,3,3,1,0,1,2,2,2,1,2,1,1,3,1,1,3,2,3,2,4,1,1,1,1,4,1,1,0,1,1,2,1,1,1,1,1,1,1,1,4,3,1,3,3,1,1,1,2,101,163,3,1,1,1,2,1,2,2,1,1,1,3,1,1,2,3,4,2,3,4,4,4,4,4,3,1,1,1,1,1,1,1,1,2,2,1,1,1,2,0,25,75,0,0,1,1,2,3,2,2,2,2,2,2,2,2,2,2,1,1,2,1,6,3,4,3,1,2
1,101,164,3,2,4,1,2,8,3,22,4,6,1,1,2,2,1,2,1,1,1,2,2,1,2,8,1,2,1,3,1,1,1,2,3,1,1,3,2,2,3,1,1,1,1,1,1,1,4,4,4,1,2,2,1,1,1,1,1,1,1,2,2,2,3,2,1,1,1,2,101,164,3,1,1,1,1,1,2,1,1,1,1,1,1,1,2,2,2,2,4,4,4,4,4,4,1,1,1,3,1,2,1,1,3,1,2,1,1,1,2,0,50,25,15,10,2,1,1,1,2,2,2,2,2,2,2,2,2,2,2,2,2,2,1,3,4,3,1,2
1,101,165,3,2,4,2,3,8,3,25,4,9,1,3,2,2,1,3,2,2,1,2,3,1,3,8,1,3,2,5,1,2,1,1,0,1,2,2,2,1,1,4,0,4,1,4,3,4,4,4,4,1,0,3,2,1,1,1,3,0,0,4,3,2,3,3,1,1,2,2,101,165,3,2,1,1,2,1,3,2,1,3,1,1,1,2,1,2,3,4,4,4,1,4,4,2,0,1,1,2,2,2,3,2,3,2,3,2,3,1,0,0,0,50,0,50,1,1,3,1,2,2,2,2,2,2,2,2,2,2,2,1,1,0,6,1,5,0,4,2
1,101,166,3,3,5,1,2,8,4,1,4,4,1,2,2,2,1,3,1,2,1,2,3,1,1,8,1,0,2,0,2,2,2,2,3,2,2,2,2,2,2,4,4,4,4,4,4,4,4,4,4,4,4,4,4,4,4,0,4,1,4,2,2,3,2,3,0,1,0,2,101,166,3,0,1,1,1,1,0,1,0,1,1,1,1,1,3,3,0,0,0,0,0,0,0,0,1,2,1,3,3,3,3,1,2,1,3,1,2,1,2,10,20,70,0,0,1,0,2,2,2,2,2,2,2,2,2,2,2,2,2,2,2,0,6,2,4,0,1,1
1,101,167,3,3,5,1,2,8,4,5,4,4,1,2,2,3,3,3,2,1,1,2,3,1,1,0,1,1,2,2,2,2,2,2,2,3,5,1,2,1,2,4,4,4,4,4,4,1,4,4,4,4,1,4,4,4,4,4,4,4,4,4,3,4,3,2,1,1,3,2,101,167,3,3,1,1,3,1,2,1,1,1,1,1,1,1,1,1,4,4,2,4,3,4,4,4,1,1,1,5,1,1,4,1,1,1,1,1,1,2,2,75,0,25,0,0,0,1,3,3,2,2,2,2,2,2,2,2,2,2,2,2,1,1,1,1,4,3,1,2
1,101,168,3,2,6,3,3,3,3,21,4,4,1,2,2,2,3,4,2,2,1,2,2,1,1,8,2,3,2,2,1,2,1,1,4,2,3,2,2,2,2,2,1,1,1,4,4,4,4,4,4,2,1,1,4,4,4,1,4,4,4,2,1,0,0,0,0,1,1,2,101,168,3,1,1,1,1,1,1,1,1,1,1,3,1,2,1,1,4,4,2,4,4,4,4,4,1,5,1,5,1,1,1,1,1,1,2,1,1,2,2,5,75,20,0,0,1,1,3,3,2,2,2,2,2,2,2,2,2,2,1,2,2,3,5,5,3,4,1,2
1,101,169,3,3,5,1,2,12,3,4,4,4,1,2,2,1,1,3,1,2,1,2,1,1,1,8,0,0,2,2,2,1,2,2,3,1,3,2,2,2,2,1,1,1,1,4,4,4,4,4,4,4,4,4,4,4,4,4,4,4,4,2,1,4,3,3,1,1,1,2,101,169,3,1,1,1,1,1,3,1,1,1,4,1,1,4,2,2,4,4,4,4,4,4,4,4,1,5,1,5,5,1,2,1,3,1,2,1,1,1,2,10,90,0,0,0,2,1,2,2,2,2,2,2,2,2,2,2,2,2,2,2,1,1,6,1,4,3,4,3
1,101,170,3,3,5,3,2,8,4,999,4,4,1,2,2,3,0,3,1,1,1,2,0,0,4,0,1,1,0,0,3,2,1,1,3,1,1,2,2,2,2,0,0,0,0,0,0,0,0,0,0,0,0,0,0,0,0,0,0,0,0,2,1,4,2,2,1,1,1,2,101,170,3,1,1,1,2,1,2,0,0,1,1,3,3,0,0,0,0,0,0,0,0,0,0,0,3,5,5,5,1,1,4,3,2,3,2,1,3,1,2,0,0,95,5,0,2,0,3,3,2,2,2,2,2,2,2,2,2,2,2,2,1,2,1,3,3,2,2,1
1,101,171,3,2,5,1,3,9,3,15,4,4,1,1,2,2,1,1,2,1,1,1,1,1,3,8,2,2,2,8,1,2,1,2,1,2,0,2,2,1,2,4,1,1,2,1,4,4,4,2,1,1,2,3,1,1,1,1,2,3,3,4,1,1,3,3,1,1,3,2,101,171,3,3,1,2,2,1,3,1,1,1,1,0,0,1,1,2,4,4,4,4,4,4,4,4,3,5,1,4,4,3,2,2,3,2,1,1,1,1,0,3,30,50,5,12,2,1,2,3,2,2,2,2,2,2,2,2,2,2,2,2,1,1,0,3,4,2,4,1
1,101,172,3,1,4,3,2,1,3,999,4,1,1,1,2,2,2,1,2,1,2,2,3,1,3,2,1,2,1,3,1,2,2,1,2,2,5,1,2,2,1,2,3,1,3,2,1,2,2,1,2,1,2,3,2,1,4,2,2,1,1,2,1,2,3,1,2,1,3,2,101,172,3,3,1,1,2,1,3,1,1,3,4,3,3,3,2,2,2,4,2,4,2,4,4,4,1,3,1,4,2,5,3,1,2,1,2,1,2,2,2,1,5,92,2,0,1,2,1,1,2,2,2,2,2,2,2,2,2,1,2,1,2,2,6,6,3,4,1,1
1,101,173,3,3,5,1,2,9,4,14,4,9,1,1,2,2,1,3,2,2,1,2,3,1,2,8,2,3,2,3,3,3,1,1,2,1,1,3,2,2,2,1,4,1,2,4,4,4,4,4,4,4,4,4,1,2,1,4,4,4,4,4,2,4,3,2,1,1,3,2,101,173,3,3,1,1,1,1,3,1,1,1,1,2,2,2,2,1,2,1,3,3,2,4,4,4,1,1,2,3,2,1,3,2,3,1,3,1,3,2,1,2,7,90,0,1,2,1,3,3,2,2,2,2,2,2,2,2,2,1,2,2,2,1,4,1,2,4,1,3
1,101,174,3,3,5,1,2,7,5,3,4,4,1,2,2,2,1,3,1,1,1,3,4,1,3,8,1,1,2,8,1,2,2,2,2,1,1,2,2,2,2,4,4,4,4,4,4,4,4,1,4,4,1,4,4,4,4,4,4,4,4,2,1,1,2,1,0,1,3,2,101,174,3,3,1,1,3,1,2,1,3,1,2,3,3,5,0,0,0,0,0,0,0,0,0,0,1,5,1,4,5,1,1,1,1,1,1,2,2,1,1,10,0,75,0,15,1,3,3,3,2,2,2,2,2,2,2,2,2,1,1,2,2,3,2,1,2,3,4,1
1,101,175,3,2,3,1,2,10,3,21,4,11,1,1,2,3,1,3,2,1,1,2,3,3,1,8,1,2,2,3,1,1,1,1,2,1,1,2,2,2,1,4,4,4,3,4,4,4,4,4,4,4,4,2,4,4,4,2,4,4,4,3,3,3,3,3,1,1,1,2,101,175,3,1,1,1,1,1,1,1,1,1,1,1,1,2,2,2,3,3,3,4,4,4,4,4,1,2,2,2,1,2,2,1,3,1,2,1,1,1,2,0,0,97,0,0,1,1,1,3,2,2,2,2,2,2,2,2,2,1,2,2,1,1,5,3,4,3,1,1
1,101,176,3,3,5,3,2,9,4,3,4,5,1,2,2,2,1,3,1,1,1,2,4,1,2,1,0,3,2,2,1,2,2,1,2,1,3,2,2,2,2,1,4,4,4,4,4,4,1,4,4,4,1,4,4,4,4,1,4,4,4,4,1,4,3,3,1,1,3,2,101,176,3,1,1,1,2,1,3,1,1,1,1,3,1,1,2,4,4,4,3,4,3,4,4,4,1,2,1,5,3,2,2,1,2,1,2,1,2,1,2,10,50,20,20,0,2,1,2,2,2,2,2,2,2,2,2,2,2,1,2,1,2,2,5,3,4,5,5,3
1,101,177,3,3,5,2,2,9,4,3,4,4,1,2,2,2,1,3,1,1,1,3,1,1,2,0,0,0,0,0,2,1,1,2,2,1,1,2,2,2,2,4,1,4,1,4,4,4,4,4,4,1,1,1,4,4,4,1,1,4,4,4,1,4,3,3,1,1,2,2,101,177,3,1,1,1,1,1,2,1,1,1,1,2,2,1,2,1,3,3,2,4,4,4,4,4,1,1,1,5,1,1,4,1,4,1,4,1,1,2,2,1,90,5,2,2,1,1,3,3,1,2,2,2,2,2,2,2,2,2,2,2,1,4,5,3,1,0,1,3
1,101,178,3,1,4,1,2,6,2,25,4,8,1,2,2,2,1,1,2,1,1,2,2,1,1,2,1,2,2,3,2,2,2,1,3,2,5,1,2,1,1,2,4,4,3,4,4,2,4,4,4,2,2,2,2,4,4,2,2,2,4,2,1,2,2,3,1,1,2,2,101,178,3,2,1,1,2,1,3,1,1,1,2,1,1,1,4,2,4,4,2,4,2,4,4,2,2,3,1,5,2,1,3,2,2,2,2,2,1,2,2,1,15,75,9,0,2,1,3,3,1,2,2,2,2,2,2,2,2,2,2,2,1,3,5,1,4,3,3,1
1,101,179,3,3,5,1,3,8,3,11,4,4,1,1,2,2,1,3,2,1,1,2,3,1,1,9,1,2,3,3,2,1,2,2,0,2,5,2,2,2,2,4,1,1,3,3,1,4,4,4,1,4,2,2,1,4,4,4,3,4,1,3,2,3,3,3,1,1,1,2,101,179,3,1,1,1,1,1,2,2,1,1,2,1,1,3,4,4,4,4,4,4,4,4,4,4,1,1,1,2,1,2,2,2,1,2,3,1,2,1,1,1,2,85,1,11,1,1,3,3,1,2,2,2,2,2,2,2,2,2,2,2,1,2,0,4,4,3,4,2
1,101,180,3,2,2,2,4,12,3,22,4,4,1,2,2,3,1,2,1,1,1,2,3,1,1,4,1,3,4,5,2,1,2,2,2,1,2,1,1,1,1,4,3,4,4,4,4,4,4,4,4,4,4,4,4,4,4,4,4,4,4,4,1,1,3,3,2,1,2,2,101,180,3,1,1,1,2,1,0,1,1,1,1,3,3,1,1,1,4,4,2,4,4,4,4,4,1,1,1,1,1,1,1,1,5,1,1,2,1,2,2,0,0,97,0,0,1,3,3,3,2,1,2,2,2,2,2,2,2,2,2,2,1,4,6,1,4,3,4,2
1,101,181,3,3,5,1,3,7,3,25,4,11,1,2,2,3,3,1,2,1,1,2,4,2,2,0,1,2,2,6,3,1,1,1,1,2,3,2,2,1,1,4,4,1,3,4,1,2,1,1,1,1,4,3,1,1,4,4,3,1,1,3,2,1,3,2,1,1,1,2,101,181,3,1,1,1,2,1,2,2,1,1,4,3,1,3,1,2,2,3,1,4,2,4,4,3,3,3,1,3,2,1,2,1,3,1,3,1,2,2,2,0,0,97,0,0,2,2,3,3,2,1,2,2,2,2,2,2,2,2,2,2,2,2,2,2,4,3,3,2
1,101,182,3,2,2,3,2,12,3,2,4,4,1,1,2,2,1,3,2,1,1,2,2,2,1,1,1,3,2,8,2,2,1,1,3,2,3,1,2,1,1,4,4,4,1,4,4,1,4,4,4,4,2,1,4,1,4,1,4,4,4,4,3,2,3,2,1,1,1,2,101,182,3,1,1,1,2,1,3,1,1,1,1,1,1,2,4,3,4,3,4,4,4,4,4,4,3,5,1,5,1,5,3,2,3,2,2,1,2,1,2,0,0,90,0,10,2,1,2,3,2,1,2,2,2,2,2,2,2,2,2,2,2,2,3,6,4,3,5,2
1,101,183,3,3,5,1,2,9,4,14,4,9,1,1,2,2,1,3,1,2,1,2,1,2,2,1,0,0,2,3,1,2,1,2,3,1,1,3,1,3,3,2,1,2,2,4,1,1,1,2,1,4,3,1,4,2,3,1,4,4,4,2,1,3,3,3,1,1,3,2,101,183,3,3,1,1,1,1,1,1,1,2,4,2,2,1,4,4,4,4,4,4,4,4,4,4,1,1,1,1,2,1,2,1,3,1,1,1,3,2,2,5,15,70,10,0,2,1,1,1,2,2,1,2,2,2,2,2,2,2,1,2,2,2,3,2,4,3,1,3
1,101,184,3,3,5,2,3,8,4,999,4,4,1,1,2,2,1,4,2,1,1,2,1,1,1,8,1,1,2,3,1,1,1,1,3,3,3,1,2,1,1,4,1,4,1,4,4,4,4,1,4,4,4,4,1,4,4,4,1,4,4,3,1,2,3,3,1,1,1,2,101,184,3,1,1,1,2,1,2,1,3,1,2,3,2,1,3,3,4,4,4,4,4,4,4,4,3,5,1,5,2,1,2,1,3,1,2,1,1,2,2,0,10,80,10,0,2,1,3,4,2,2,1,2,2,2,2,2,2,1,2,2,2,2,6,2,4,3,4,1
1,101,185,3,3,5,1,3,0,0,20,4,4,1,3,2,2,1,3,1,1,1,2,2,1,2,8,3,3,2,3,2,1,1,1,6,2,3,1,2,1,1,4,1,4,1,4,4,1,4,4,4,4,1,3,1,4,4,4,4,4,4,3,3,4,3,2,1,1,3,2,101,185,3,3,1,1,1,1,1,2,1,1,4,3,2,1,2,2,4,4,3,4,3,4,4,4,1,5,1,5,5,1,3,1,3,1,3,1,1,1,1,0,10,80,5,5,2,1,3,3,2,2,1,2,2,2,2,2,2,1,2,2,2,2,6,3,4,3,5,2
1,101,186,3,3,5,1,2,9,4,5,4,9,1,1,2,2,3,2,1,1,1,2,3,1,1,9,1,3,4,10,1,2,2,2,6,2,5,2,2,3,5,4,4,4,1,3,3,2,4,4,2,2,3,4,1,4,4,4,3,4,4,3,1,2,3,3,1,1,3,2,101,186,3,3,1,1,1,1,2,2,3,2,1,1,3,2,4,4,4,4,4,4,2,4,4,4,3,5,5,5,5,5,1,2,4,2,3,1,1,1,2,0,0,30,70,0,2,1,2,2,2,2,1,2,2,2,2,2,2,2,2,1,2,1,2,1,2,4,1,2
1,101,187,3,3,5,3,2,9,4,20,4,9,1,1,2,2,1,3,2,2,1,1,3,2,2,0,0,0,1,3,2,3,1,1,2,1,1,2,1,2,2,1,0,0,0,0,1,1,1,0,4,4,1,4,4,4,2,4,4,4,4,4,1,4,3,3,1,1,1,2,101,187,3,1,1,1,1,1,0,1,1,2,4,3,1,3,3,3,4,4,4,4,3,4,4,4,3,3,1,5,1,1,2,1,1,1,1,2,1,1,1,0,0,97,0,0,1,1,2,3,2,2,1,2,2,2,2,2,2,2,2,1,2,1,2,2,3,4,1,3
1,101,188,3,1,2,2,2,6,2,27,4,1,1,1,2,2,1,3,2,2,1,2,2,1,2,8,2,2,2,3,2,3,2,2,3,2,4,2,2,2,2,4,4,4,3,4,1,1,4,1,4,1,1,3,4,4,1,3,4,1,4,2,1,1,3,3,3,1,3,2,101,188,3,3,1,1,2,1,3,1,1,1,1,1,1,2,2,2,4,4,2,4,4,4,4,4,3,1,1,5,4,1,2,2,3,2,3,2,2,1,2,1,10,89,0,0,1,1,2,2,2,1,1,2,2,2,2,2,2,2,2,2,2,3,6,3,4,3,4,1
1,101,189,3,3,5,2,3,12,3,20,4,13,1,1,2,3,1,3,1,1,1,2,2,3,3,0,2,2,4,5,0,2,2,2,1,1,1,2,2,1,1,4,3,4,3,4,4,4,4,4,4,4,4,3,4,4,4,4,4,4,4,3,3,3,3,3,1,1,1,2,101,189,3,1,1,1,1,1,1,1,1,1,1,3,3,2,1,3,4,4,1,4,4,4,4,4,1,1,1,2,1,1,2,2,2,2,2,1,2,2,2,0,0,75,0,25,1,3,2,3,2,2,1,2,2,2,2,2,2,1,2,2,2,0,3,2,4,3,1,2
1,101,190,3,1,5,2,2,12,1,16,4,9,1,1,2,2,1,2,1,1,1,1,2,1,3,1,1,3,3,3,1,1,1,1,3,1,1,1,2,1,1,1,4,4,2,4,4,4,4,4,4,4,1,2,1,4,4,4,4,4,4,2,2,2,3,3,1,1,1,2,101,190,3,1,1,1,1,1,3,1,1,1,2,3,1,1,4,2,4,4,4,4,4,4,4,4,1,3,1,4,2,1,3,1,2,1,2,2,1,2,1,1,7,90,2,0,2,1,2,3,2,2,2,1,2,2,2,2,2,2,2,2,2,2,5,3,4,5,2,2
1,101,191,3,2,4,1,2,8,3,24,4,2,1,2,2,2,1,3,1,1,1,2,3,1,3,8,1,1,2,3,1,2,1,2,5,1,1,2,2,2,2,1,1,1,2,1,1,1,1,1,1,1,1,3,1,1,1,1,1,1,1,4,3,2,2,3,3,1,3,2,101,191,3,1,1,1,2,1,1,1,1,1,2,1,1,5,3,4,4,3,4,4,4,4,4,4,3,1,1,2,1,1,0,1,1,1,2,3,1,1,2,0,15,80,5,0,1,1,2,3,2,2,2,1,2,2,2,2,2,2,2,1,2,2,6,3,3,4,4,1
1,101,192,3,2,5,2,3,6,3,25,4,10,1,1,2,3,1,3,2,2,1,2,3,2,1,0,1,3,2,3,2,2,1,2,3,1,1,2,1,2,1,4,2,1,2,4,4,4,4,2,4,1,1,1,4,1,4,4,1,4,1,4,2,3,3,3,1,1,1,2,101,192,3,3,1,1,1,1,1,1,1,1,1,1,1,1,4,3,4,4,4,4,4,4,4,4,1,1,1,2,1,1,2,1,1,1,1,1,1,1,2,0,10,88,2,0,1,1,2,2,2,2,2,1,2,2,2,2,2,2,2,2,2,1,3,3,2,0,4,2
1,101,193,3,1,2,1,2,7,2,4,4,9,1,1,2,2,1,3,1,1,1,2,3,1,1,8,1,0,0,8,1,2,2,1,2,1,1,2,2,2,2,1,1,4,2,4,4,3,4,4,4,4,1,4,1,4,4,4,4,4,4,4,3,1,3,2,1,1,1,2,101,193,3,1,1,1,1,1,0,1,1,1,2,1,1,0,4,3,4,4,4,4,4,4,4,3,3,1,1,5,2,5,2,1,2,2,2,1,3,1,2,5,10,80,3,2,1,4,2,2,2,2,1,1,2,2,2,2,2,2,2,2,2,3,6,0,3,4,3,2
1,101,194,3,3,5,2,2,8,4,5,4,9,1,1,2,2,1,1,2,1,1,2,3,2,1,8,2,3,2,3,1,2,1,1,3,2,2,2,2,2,1,1,1,1,1,1,1,1,1,1,1,1,1,1,1,1,1,1,1,1,1,4,3,4,3,3,1,1,3,2,101,194,3,3,1,1,2,1,3,1,1,1,1,3,3,2,3,4,4,4,4,4,3,4,4,4,3,1,1,1,1,2,2,1,3,1,2,1,1,2,2,0,0,97,0,0,1,1,2,2,2,2,1,2,1,2,2,2,2,2,2,2,2,2,1,0,4,2,5,1
1,101,195,3,2,2,3,2,9,4,2,4,9,1,2,2,2,1,2,3,1,1,2,2,1,1,0,0,0,3,3,3,3,1,1,5,1,1,2,2,2,2,4,4,4,2,4,4,4,4,4,4,4,3,4,4,4,2,2,2,2,2,2,1,1,3,3,1,1,1,2,101,195,3,1,1,1,1,1,2,1,1,2,2,1,1,1,2,2,4,4,4,4,4,4,4,4,1,1,1,1,1,1,2,2,4,2,4,1,2,2,2,0,0,97,0,0,1,1,1,1,2,2,2,2,1,2,2,2,2,2,2,2,2,2,1,1,3,0,1,3
1,101,196,3,2,2,1,2,2,4,25,4,9,1,1,2,3,1,0,1,2,1,3,3,1,3,9,1,2,2,3,2,3,1,1,3,1,2,3,2,2,2,4,1,0,2,4,4,4,4,1,4,4,3,3,4,4,4,4,1,4,4,2,1,1,1,1,1,1,2,2,101,196,3,2,1,1,1,1,0,1,1,3,0,3,2,1,1,2,4,3,1,4,2,4,4,3,3,1,2,1,1,1,2,2,3,2,3,1,2,2,2,5,10,20,0,65,2,1,2,3,2,2,2,2,1,2,2,2,2,2,2,1,2,1,2,1,4,5,1,1
1,101,197,3,2,5,2,2,6,2,27,4,9,1,2,2,3,3,0,2,2,1,1,1,1,2,8,1,2,2,3,2,2,2,2,3,2,5,1,2,1,2,4,3,4,2,4,4,4,4,4,4,1,1,2,4,4,4,1,3,2,4,1,1,2,3,3,1,1,1,2,101,197,3,1,1,1,2,1,2,1,1,2,4,2,1,1,2,2,4,4,4,4,4,4,4,4,1,1,5,5,1,5,3,1,1,1,3,1,2,2,2,5,10,81,3,1,1,1,1,3,2,2,2,2,1,2,2,2,2,2,2,2,2,2,3,3,4,3,1,1
1,101,198,3,1,5,2,2,6,2,8,4,4,1,1,2,2,1,3,1,2,1,2,3,1,2,9,1,3,2,2,1,1,2,1,3,2,2,1,2,1,1,1,1,1,1,1,1,1,1,1,1,1,1,2,1,1,1,1,1,1,1,4,3,3,3,3,1,1,1,2,101,198,3,1,1,1,1,1,3,1,1,1,1,1,1,1,3,3,4,4,4,4,4,4,4,4,3,1,1,3,2,5,4,2,3,2,3,1,1,2,2,5,30,50,5,10,2,1,2,2,2,2,2,2,1,2,2,2,2,2,1,2,2,2,5,3,4,3,3,2
1,101,199,3,1,5,3,2,7,1,28,4,10,1,2,2,1,3,2,2,1,1,2,1,1,1,2,3,2,2,8,2,1,1,1,3,1,5,2,2,2,1,4,1,4,3,1,4,4,1,4,2,4,2,3,4,4,4,1,2,2,4,2,1,1,3,2,1,1,1,2,101,199,3,1,1,1,1,1,2,1,1,1,1,1,1,1,1,2,1,4,4,4,4,4,4,4,1,1,1,3,3,2,3,1,2,1,2,1,2,2,1,0,5,90,5,0,3,1,2,1,2,2,1,2,1,2,2,2,2,2,2,2,2,1,1,1,5,0,4,1
1,101,200,3,2,6,1,3,11,2,6,4,10,1,1,2,1,1,3,1,1,1,1,1,3,1,8,1,2,2,3,2,2,2,0,2,2,2,2,2,2,2,4,4,4,2,3,2,4,4,4,4,4,4,3,4,4,4,3,3,3,3,2,1,3,3,3,1,1,1,2,101,200,3,1,1,1,1,1,1,1,1,1,1,1,1,1,3,2,3,4,3,4,4,4,4,4,1,1,5,4,3,4,4,1,2,1,2,2,2,2,2,1,8,90,1,0,2,1,3,3,2,2,2,2,1,2,2,2,2,2,2,1,2,2,2,2,3,0,1,2
1,101,201,3,1,4,1,2,6,2,22,4,4,1,1,2,2,1,3,1,1,1,2,2,2,2,8,2,1,2,3,2,1,2,2,2,2,5,1,2,1,0,2,4,4,2,4,4,4,4,4,4,4,2,4,4,4,4,1,2,4,4,4,1,4,3,3,3,1,1,2,101,201,3,2,1,1,1,1,2,1,1,1,1,1,1,1,3,3,4,4,4,4,4,4,4,2,1,1,1,2,3,1,2,1,2,1,2,1,1,2,2,5,10,70,5,10,2,1,2,3,2,2,2,2,1,2,2,2,2,2,2,1,2,2,5,4,4,3,4,1
1,101,202,3,2,5,2,2,9,2,22,4,1,1,1,2,2,2,3,3,2,1,2,3,1,1,8,3,2,2,2,1,3,2,1,4,2,2,2,2,1,2,3,4,4,3,4,2,2,4,4,4,4,2,3,4,4,4,2,3,4,4,4,1,1,3,3,1,1,3,2,101,202,3,3,1,1,2,1,2,1,1,1,1,3,3,1,2,2,4,4,3,4,3,4,4,4,1,5,1,5,5,5,3,1,3,1,3,1,2,1,2,0,15,75,7,3,2,1,3,3,2,2,2,2,1,2,2,2,2,1,2,2,2,2,6,6,4,0,4,2
1,101,203,3,3,5,1,2,8,4,5,4,9,1,1,2,2,1,3,2,2,1,2,2,1,1,8,1,2,4,3,2,2,2,2,2,1,1,2,2,2,2,4,4,4,4,4,2,4,1,4,4,4,1,4,4,4,4,4,1,4,4,3,1,1,3,3,1,1,1,2,101,203,3,1,1,1,1,1,1,1,1,1,1,1,1,3,1,1,4,4,2,4,3,4,4,4,3,1,1,3,5,1,3,2,2,2,2,1,3,1,1,0,0,0,0,0,2,1,2,2,2,2,2,2,1,2,2,2,2,1,2,2,2,1,6,1,5,3,2,1
1,101,204,3,3,5,1,3,10,3,25,4,4,1,2,2,2,1,2,2,1,1,2,3,1,1,8,1,2,2,3,2,2,2,2,3,2,5,1,2,1,1,1,2,4,3,4,4,1,4,4,1,4,2,3,1,4,4,2,1,4,4,4,3,3,3,3,1,1,1,2,101,204,3,1,1,1,2,1,3,1,1,1,1,2,1,1,2,3,4,4,2,4,2,3,4,4,1,2,1,2,1,2,3,1,2,1,3,1,1,1,2,5,5,90,0,0,2,1,3,3,2,1,2,2,1,2,2,2,2,2,2,2,2,2,1,1,5,3,1,2
1,101,205,3,2,3,1,2,9,3,30,4,4,1,2,2,2,1,2,1,1,0,0,2,3,2,8,1,2,1,2,2,1,1,1,3,2,3,2,2,2,2,2,2,4,3,3,2,3,4,1,2,2,3,3,4,2,2,3,4,3,4,2,1,1,3,3,0,1,2,2,101,205,3,2,1,1,1,1,2,1,1,2,1,3,3,2,2,4,4,4,4,4,2,4,4,4,1,1,1,5,1,1,3,1,2,1,2,2,2,1,2,2,50,48,0,0,1,1,2,2,2,2,2,1,1,2,2,2,2,2,2,2,2,2,3,5,4,3,3,2
1,101,206,3,2,0,2,2,9,4,5,4,9,1,1,2,2,3,2,1,2,2,2,2,1,3,8,2,2,4,6,1,1,1,2,3,2,4,1,2,2,2,1,1,1,3,4,1,1,1,2,1,1,1,1,1,1,1,1,1,1,1,4,2,4,3,3,1,1,1,2,101,206,3,2,1,1,2,1,0,1,1,2,1,3,0,2,2,4,4,4,4,4,4,4,4,4,3,4,1,2,1,4,1,1,1,2,3,3,2,1,2,30,50,15,5,0,1,1,1,3,2,2,2,2,1,2,2,2,2,1,2,2,2,2,2,2,3,0,4,3
1,101,207,3,2,3,1,2,9,4,4,4,4,1,2,2,2,1,2,1,2,1,2,3,1,1,1,0,3,2,2,1,1,2,1,0,2,1,2,2,2,2,2,4,2,2,3,4,2,4,4,2,4,1,1,4,1,2,1,1,2,1,4,2,3,2,2,1,1,1,2,101,207,3,1,1,1,0,1,0,1,1,1,1,1,1,2,4,4,4,4,4,4,4,4,4,4,3,1,1,3,1,2,3,1,2,1,2,1,1,1,2,5,65,25,5,0,1,1,3,3,2,2,2,2,1,2,2,2,2,2,2,1,2,2,3,4,4,3,4,3
1,101,208,3,3,5,1,2,8,4,6,4,4,1,1,2,1,1,3,2,2,1,1,3,1,3,8,2,3,4,3,2,2,1,1,1,2,3,2,3,2,1,4,4,4,4,2,4,2,4,4,4,2,4,4,1,4,4,4,1,4,4,3,2,3,3,3,1,1,3,2,101,208,3,3,1,1,1,1,2,1,1,1,1,3,1,1,2,2,2,2,4,2,4,4,4,4,0,1,1,5,1,2,3,1,2,2,3,1,2,1,1,0,0,50,50,0,2,1,2,2,2,2,2,2,1,2,2,2,2,1,2,2,2,2,5,3,3,4,4,1
1,101,209,3,3,5,1,2,9,4,7,4,7,1,2,2,3,1,3,2,1,1,2,3,1,2,0,0,0,2,3,2,1,1,1,0,1,3,2,2,2,3,1,1,4,1,4,4,1,4,1,4,4,1,4,1,1,4,4,1,4,4,3,1,4,2,2,1,1,1,2,101,209,3,1,2,1,2,1,2,2,1,1,1,1,1,3,4,4,4,4,4,4,4,4,4,4,1,1,1,2,1,2,2,1,3,1,2,1,3,1,1,0,0,97,0,0,2,1,2,2,2,2,1,2,1,2,2,2,2,2,2,2,2,2,2,2,4,5,1,3
1,101,210,3,3,5,3,2,7,4,4,4,9,1,2,2,3,1,3,2,1,1,3,3,3,1,8,2,3,3,2,1,2,2,1,0,3,2,2,3,1,2,1,1,1,1,1,1,1,1,1,1,1,1,1,1,1,4,1,4,4,4,4,2,1,3,2,3,1,3,2,101,210,3,3,1,1,2,1,3,2,1,1,2,3,1,1,4,4,4,4,4,4,4,4,4,4,3,1,1,1,1,5,2,1,3,1,3,1,1,1,1,0,50,50,0,0,1,1,3,3,2,2,1,2,1,2,2,2,2,2,2,2,2,2,3,5,5,4,1,1
1,101,211,3,1,5,3,2,9,4,1,4,4,1,2,2,1,3,3,1,1,1,2,3,1,1,8,0,0,2,2,2,1,1,2,0,1,1,2,2,1,1,4,4,4,4,4,4,4,4,1,4,4,0,4,1,1,4,4,4,4,4,4,3,4,3,3,1,1,3,2,101,211,3,1,1,1,1,1,3,1,1,1,1,1,1,5,3,3,4,4,3,4,3,4,4,4,1,1,1,5,1,5,3,1,2,1,1,1,3,1,2,10,30,45,5,10,2,1,3,3,2,2,2,2,1,2,2,2,2,2,2,2,2,2,3,3,3,4,5,3
1,101,212,3,1,2,3,2,6,3,2,4,11,1,2,2,3,3,4,1,1,1,2,3,1,1,8,1,3,2,3,1,2,1,0,3,1,0,1,1,1,1,4,2,4,2,1,4,4,4,4,4,4,4,2,4,4,4,4,2,4,4,3,1,2,2,3,1,1,1,2,101,212,3,1,1,1,2,1,1,1,1,2,1,2,2,1,3,4,4,4,2,4,4,4,4,4,1,1,1,1,1,5,4,1,1,1,1,3,1,1,1,10,10,75,4,1,2,1,3,3,2,2,2,2,1,2,2,2,2,2,1,2,2,3,3,3,4,3,4,2
1,101,213,3,2,4,1,2,9,4,10,4,9,1,3,2,1,3,3,1,1,2,2,3,1,1,0,0,0,2,2,1,2,2,0,3,2,3,2,2,2,3,1,1,1,1,4,1,1,1,1,1,1,1,4,1,1,1,1,1,4,4,3,1,3,3,3,1,1,1,2,101,213,3,1,1,1,2,1,0,1,3,1,1,2,1,1,2,2,4,4,2,4,4,4,4,4,1,1,1,2,1,2,2,1,2,1,2,1,1,1,2,5,55,30,5,5,1,3,3,3,2,2,2,2,1,2,2,2,2,2,2,1,2,2,3,2,3,0,3,3
1,101,214,3,2,6,3,2,9,4,16,4,4,1,2,2,1,1,3,2,1,1,2,3,1,1,1,3,2,3,1,1,2,2,2,4,2,5,1,2,1,1,2,4,4,2,1,4,1,4,4,4,4,4,1,1,1,4,4,4,4,4,4,1,3,2,2,1,1,3,2,101,214,3,1,1,1,2,1,1,1,1,1,2,3,1,5,4,4,4,4,4,4,4,4,4,3,3,5,5,5,1,5,4,1,3,1,1,1,3,1,1,10,30,34,23,3,1,3,3,3,2,2,2,2,1,2,2,2,2,2,1,2,2,2,6,6,4,3,5,3
1,101,215,3,3,5,1,2,11,3,18,4,4,1,2,2,3,1,2,1,1,1,2,2,2,1,8,1,2,2,3,1,1,1,1,3,2,3,1,2,1,1,4,1,4,1,1,4,4,4,1,1,4,4,4,4,4,4,4,1,4,4,4,1,3,3,3,1,1,1,2,101,215,3,1,1,1,1,1,2,1,1,1,1,3,2,2,4,3,4,4,4,4,4,4,4,4,3,1,1,1,1,1,4,1,2,1,2,1,2,1,2,10,0,80,10,0,0,0,0,3,2,2,2,2,1,2,2,2,2,2,2,1,2,2,1,2,4,3,1,3
1,101,216,3,2,2,3,2,10,3,26,4,9,1,1,2,3,2,3,2,1,1,2,3,1,1,1,0,1,2,3,2,1,1,1,3,1,1,1,1,1,2,4,1,1,4,4,4,4,4,4,4,4,4,4,4,2,4,1,1,4,4,4,2,1,3,3,1,1,1,2,101,216,3,1,1,1,1,1,1,2,1,1,1,3,3,1,2,2,2,4,4,4,4,4,4,4,1,1,1,1,1,1,0,1,1,1,1,1,1,1,2,0,0,97,0,0,1,3,1,1,2,2,2,2,1,2,2,2,2,1,2,2,2,1,6,6,4,3,5,1
1,101,217,3,2,5,2,2,2,3,27,4,4,1,2,2,3,1,3,1,1,1,2,3,3,1,8,0,2,2,3,1,1,1,1,3,3,3,1,3,1,1,1,1,1,1,1,1,1,1,1,1,1,2,1,1,1,1,1,1,1,1,4,2,3,3,1,1,1,3,2,101,217,3,3,1,1,2,1,3,1,1,1,1,3,1,5,2,3,4,4,4,4,4,4,4,4,3,5,1,1,1,1,3,1,1,1,4,1,1,1,2,0,0,99,0,1,1,1,4,3,2,2,2,1,1,2,2,2,2,2,2,2,2,2,5,5,0,0,4,1
1,101,218,3,2,5,4,2,9,4,999,4,9,1,2,2,3,3,3,2,1,2,3,4,1,1,8,3,3,2,2,1,1,2,1,2,2,3,2,2,2,2,2,1,4,4,4,4,4,4,4,4,4,3,4,4,4,2,4,4,4,4,4,1,1,1,2,1,1,3,2,101,218,3,3,1,1,1,1,2,1,1,1,1,3,1,1,4,2,4,2,4,4,4,4,4,2,1,1,1,2,1,5,3,1,4,1,2,1,1,1,2,2,2,95,0,1,1,1,3,3,2,1,2,2,1,2,2,2,2,2,2,2,2,1,3,1,3,4,2,3
1,101,219,3,2,2,1,3,9,3,25,4,10,1,3,2,2,1,3,1,2,1,2,2,3,2,8,1,3,2,8,2,2,1,1,3,1,1,1,2,1,1,2,4,4,3,4,1,4,4,4,4,1,1,2,4,4,1,4,1,4,4,3,1,1,3,2,3,1,1,2,101,219,3,1,3,1,3,1,2,1,1,2,2,3,1,1,4,3,4,4,4,4,3,4,4,2,3,2,1,4,2,1,3,2,3,0,2,1,0,1,2,5,70,5,5,15,2,1,3,3,2,2,2,2,1,2,2,2,2,2,2,2,2,2,2,2,4,3,4,2
1,101,220,3,2,3,3,2,9,4,2,4,11,1,2,2,2,1,3,1,2,1,3,2,3,1,1,1,3,2,2,1,2,2,1,4,2,2,1,2,1,1,1,4,4,4,1,2,4,4,1,1,4,1,4,4,4,4,4,4,4,4,2,1,2,3,2,1,1,1,2,101,220,3,1,1,1,1,1,3,1,3,1,1,1,1,3,2,2,3,4,4,4,4,4,4,4,1,5,1,5,2,5,4,1,3,1,2,2,1,1,2,10,25,50,13,2,2,1,3,3,2,2,2,2,1,2,2,2,2,2,2,2,1,2,2,2,3,4,3,3
1,101,221,3,3,5,3,2,9,4,4,4,4,1,2,2,2,1,3,1,1,1,2,2,1,3,0,2,2,1,3,2,1,2,2,2,2,2,1,1,1,2,4,4,4,4,4,4,4,4,1,4,4,4,4,4,4,4,4,4,4,4,2,1,1,3,3,2,1,1,2,101,221,3,1,1,1,1,1,1,1,1,1,1,1,1,3,2,2,4,4,4,4,4,4,4,4,1,1,1,3,2,1,2,1,3,1,2,1,1,1,1,5,92,0,3,0,2,1,1,3,2,2,1,2,1,2,2,2,2,2,2,2,2,1,1,2,4,0,4,3
1,101,222,3,3,5,1,4,6,4,6,4,7,1,1,2,2,1,3,1,1,1,2,4,1,2,8,1,2,2,2,2,1,2,1,2,2,0,2,2,2,1,4,4,1,2,2,4,2,4,4,4,4,1,2,1,4,4,4,4,2,0,4,1,1,3,2,1,1,1,2,101,222,3,1,1,1,1,1,3,1,1,1,1,1,1,3,3,3,4,4,4,4,3,4,4,4,1,2,1,1,2,5,2,1,3,1,3,1,1,1,2,10,30,50,5,5,2,1,2,2,2,2,2,2,1,2,2,2,2,2,1,2,2,2,3,6,3,4,5,1
1,101,223,3,2,1,3,2,9,4,4,4,13,1,1,2,3,1,3,1,2,1,2,3,1,2,9,2,3,2,2,2,2,1,2,2,1,1,2,2,2,2,2,1,4,1,4,4,2,4,4,4,1,1,4,4,1,2,4,1,4,4,3,2,1,3,2,1,1,3,2,101,223,3,3,1,1,1,1,2,1,1,2,1,1,1,1,2,4,4,4,3,4,4,4,4,4,1,1,1,1,2,1,2,1,2,1,2,1,2,1,2,0,90,7,1,2,1,1,3,3,2,2,2,2,1,2,2,2,2,2,2,2,1,3,1,1,5,0,1,3
1,101,224,3,3,5,1,3,10,3,3,4,3,1,1,2,3,1,2,1,1,1,2,1,1,2,1,1,2,2,3,1,1,1,1,1,1,1,1,2,1,1,4,1,4,1,4,1,1,4,4,1,1,1,1,1,1,1,1,4,1,1,1,1,2,3,3,1,1,1,2,101,224,3,1,1,1,2,1,1,1,1,1,1,3,2,5,2,2,2,2,4,4,4,4,4,4,1,1,1,5,3,3,3,2,3,2,3,1,1,1,2,0,0,97,0,0,2,1,2,2,2,2,2,1,1,2,2,2,2,2,2,2,2,3,2,2,4,2,2,2
1,101,225,3,2,2,1,2,1,4,26,4,13,1,1,2,3,1,2,2,1,1,2,3,2,3,8,0,0,4,5,3,2,1,1,3,1,1,2,2,2,2,0,0,0,1,0,0,0,0,0,0,0,0,0,0,0,0,0,0,0,0,4,2,1,3,3,1,0,0,2,101,225,3,0,2,1,1,1,0,1,3,1,1,3,3,1,2,4,4,4,2,4,2,4,4,4,3,2,5,5,4,1,0,1,1,1,2,1,1,1,2,0,0,97,0,0,1,3,1,1,2,2,2,2,1,2,2,2,2,1,2,2,2,2,6,6,4,3,5,1
1,101,226,3,2,5,2,2,2,3,20,4,9,1,2,2,3,1,2,1,2,1,2,3,1,1,1,1,2,2,2,2,2,1,2,2,1,1,1,2,1,2,1,1,1,0,1,1,1,1,1,1,1,1,1,1,1,1,1,1,1,1,3,1,4,3,3,1,1,2,2,101,226,3,3,1,1,1,1,2,1,1,1,1,1,1,1,2,3,4,3,2,4,4,4,4,3,1,2,1,1,0,1,3,1,3,2,3,1,1,1,2,1,27,70,2,0,1,1,3,3,2,2,2,2,1,2,2,2,2,2,2,2,1,3,6,4,3,5,2,2
1,101,227,3,3,5,2,2,8,4,999,4,9,1,1,2,3,1,3,2,1,1,2,3,1,1,0,1,3,2,2,2,2,1,1,2,2,3,1,2,1,2,4,4,4,4,3,4,2,1,4,2,4,4,4,4,4,4,4,4,4,4,3,1,1,3,2,1,1,1,2,101,227,3,3,1,1,2,1,1,1,1,2,1,1,1,1,4,4,4,4,4,4,2,4,4,4,3,1,1,5,5,5,2,1,2,1,1,1,1,2,2,0,0,0,0,0,2,1,1,3,2,2,2,2,1,2,2,2,2,2,2,2,1,1,2,2,4,5,4,1
1,101,228,3,2,5,3,2,2,3,4,4,9,1,2,2,3,0,2,1,1,1,2,3,3,1,8,1,2,3,1,0,1,1,2,1,1,1,2,2,1,1,4,4,4,4,4,4,1,4,4,4,4,2,3,1,1,1,3,1,1,1,4,1,3,2,2,1,1,1,2,101,228,3,1,1,1,2,1,0,1,1,1,2,1,1,1,2,2,4,4,3,4,4,4,4,4,1,3,1,5,5,3,3,1,1,1,2,1,1,2,2,20,50,5,2,23,1,1,2,2,2,2,2,2,1,2,2,2,2,2,2,2,2,1,1,1,4,3,4,2
1,101,229,3,2,5,3,2,9,4,14,4,4,1,1,2,2,1,3,2,2,1,2,1,1,3,8,1,2,0,8,2,2,2,1,3,2,2,2,2,2,2,2,2,2,1,3,2,2,1,2,2,2,2,3,2,2,2,2,2,2,2,2,3,3,3,3,1,1,1,2,101,229,3,1,1,1,1,1,1,1,1,2,4,1,1,1,0,0,0,0,0,0,0,0,0,0,1,2,2,5,5,5,2,1,5,1,2,1,1,0,2,10,30,60,0,0,1,1,3,3,2,2,2,2,1,2,2,2,2,2,2,2,1,2,6,6,4,3,4,3
1,101,230,3,3,5,1,2,9,4,5,4,13,1,1,2,2,3,2,2,1,1,2,2,1,1,8,2,3,2,3,2,2,2,2,3,2,5,2,2,2,2,2,1,2,4,4,1,4,4,2,4,4,3,1,1,1,2,1,1,4,4,3,1,2,2,2,1,1,3,2,101,230,3,3,1,1,1,1,2,1,1,1,1,2,2,1,4,2,4,4,4,4,4,4,4,4,1,5,1,2,1,5,2,1,3,1,2,1,1,2,2,5,10,80,5,0,2,1,3,3,2,2,2,2,2,1,2,2,2,1,2,2,2,2,2,1,5,3,1,2
1,101,231,3,1,3,2,3,11,3,25,4,8,1,2,2,3,2,2,2,1,1,2,2,1,3,8,1,1,2,3,2,2,1,0,3,1,0,2,2,2,1,2,4,4,2,4,4,1,4,2,4,1,2,3,1,2,2,1,1,1,1,2,1,2,3,3,1,1,0,2,101,231,3,0,1,1,2,1,1,1,1,2,1,2,1,2,4,2,4,4,4,4,4,4,4,4,1,1,1,2,1,1,3,2,3,2,2,1,2,2,1,2,10,80,8,0,1,1,2,2,2,2,2,2,2,1,2,2,2,2,2,2,1,2,1,1,4,5,4,1
1,101,232,3,3,5,2,2,12,3,27,4,10,1,2,2,3,1,2,1,1,1,2,3,3,3,8,1,1,2,2,2,1,1,1,1,1,3,2,2,2,2,4,2,4,1,4,2,4,4,4,4,1,2,2,1,1,4,1,2,1,4,4,3,2,3,3,1,1,3,2,101,232,3,3,1,1,1,1,1,1,1,2,1,3,1,2,4,2,4,4,4,4,4,4,4,3,1,1,1,1,1,1,1,2,3,2,2,1,1,2,2,0,0,0,0,0,2,1,3,3,2,2,1,2,2,1,2,2,2,2,2,2,2,2,6,1,4,5,1,1
1,101,233,3,3,5,1,4,12,3,20,4,9,1,1,2,3,2,3,2,2,1,2,2,1,2,8,1,2,1,3,2,2,2,2,2,2,3,2,2,2,3,1,1,4,1,4,4,2,1,4,1,1,2,2,1,4,2,1,1,4,4,2,1,1,3,3,3,1,3,2,101,233,3,3,1,1,2,1,3,2,3,1,2,3,3,1,2,2,4,3,4,4,3,4,4,3,1,2,1,2,2,1,2,2,3,1,3,1,3,2,2,5,5,40,50,0,2,3,2,3,2,2,1,2,2,1,2,2,2,2,2,2,2,2,2,2,0,0,1,1
1,101,234,3,2,4,1,2,9,4,5,4,4,1,2,2,2,1,2,2,1,1,2,3,1,2,8,2,3,2,2,1,1,2,2,2,2,2,2,2,2,2,4,4,4,1,4,4,1,4,4,4,1,1,4,4,4,4,4,4,4,4,3,1,1,3,3,1,1,1,2,101,234,3,1,1,1,2,1,2,1,1,1,1,1,1,3,3,3,4,4,4,4,3,4,4,4,1,5,3,5,5,1,2,1,3,1,3,2,1,2,2,1,90,7,1,1,1,3,2,3,2,1,2,2,2,2,2,1,2,2,2,2,2,2,2,1,4,0,3,3
1,101,235,3,3,5,1,2,9,4,4,4,4,1,2,2,1,1,3,2,1,1,2,3,1,2,8,1,2,2,3,2,1,1,1,6,1,1,2,2,2,2,3,2,1,1,4,4,4,4,4,4,4,2,4,4,4,3,4,2,4,4,4,3,4,3,3,1,1,3,2,101,235,3,3,1,1,1,1,2,1,1,1,1,3,1,3,4,4,4,4,4,4,4,4,4,4,1,5,5,5,5,1,3,1,3,2,2,1,0,2,2,0,0,99,1,0,2,3,3,3,2,2,2,2,2,2,1,1,2,2,2,2,2,2,6,2,4,0,4,3
1,101,236,3,3,5,1,2,8,4,5,4,4,1,2,2,2,1,3,2,1,2,2,3,1,1,8,0,3,2,2,2,2,1,0,1,4,2,3,4,3,3,4,2,1,1,2,4,3,1,2,1,2,4,4,1,2,4,1,1,4,2,4,3,4,3,2,1,1,3,2,101,236,3,3,2,1,2,1,3,2,3,1,4,3,2,5,4,3,4,4,4,4,4,4,4,4,1,1,1,5,1,5,2,2,5,2,4,1,3,0,0,0,10,50,20,20,2,1,3,3,2,1,2,2,2,2,2,1,2,2,2,2,2,2,5,6,3,4,4,1
1,101,237,3,3,5,1,2,12,3,5,4,9,1,1,2,3,1,2,2,1,1,2,2,2,1,8,1,1,2,3,2,2,1,2,2,2,2,2,2,2,2,1,3,4,4,1,4,1,4,4,4,4,2,4,1,4,4,4,1,4,4,3,3,4,3,2,1,1,1,2,101,237,3,1,1,1,1,1,1,1,3,1,1,1,1,2,2,1,4,4,4,4,3,4,4,4,1,1,1,5,1,1,2,2,3,2,3,1,2,0,0,0,0,58,2,40,2,1,1,1,2,2,1,2,2,2,2,1,2,2,2,2,2,2,2,2,5,4,2,2
1,101,238,3,3,4,2,2,8,4,4,4,4,1,2,2,2,1,3,2,1,2,2,2,1,1,8,1,3,4,3,2,2,1,1,3,1,1,2,2,2,2,1,4,4,1,4,4,4,4,4,4,1,4,4,4,4,4,4,4,4,4,3,2,3,3,3,1,1,1,2,101,238,3,1,1,1,1,1,1,1,1,1,4,1,1,3,3,4,4,4,4,4,4,4,4,4,1,1,1,3,4,5,3,1,3,1,3,1,1,2,2,5,50,30,15,0,2,1,2,2,2,2,2,2,1,2,2,2,1,2,2,2,2,1,3,2,5,3,4,3
1,101,239,3,2,5,3,2,2,3,0,4,10,2,1,1,2,1,3,1,1,1,2,2,2,3,8,0,0,0,3,1,2,2,0,0,0,0,0,0,0,0,0,0,0,0,0,0,0,0,0,0,0,0,0,0,0,0,0,0,0,0,2,1,1,3,3,1,1,3,2,101,239,3,1,1,1,3,1,2,1,1,0,2,1,3,0,0,0,0,0,0,0,0,0,0,0,1,0,0,0,4,5,1,1,2,2,2,0,1,0,0,0,0,0,0,0,1,0,1,1,2,2,2,2,2,1,2,2,2,2,2,1,2,2,5,3,5,3,4,2
1,101,240,3,3,5,3,2,9,4,18,4,9,2,2,1,2,1,3,2,1,1,3,3,1,1,8,2,3,2,2,2,3,1,1,0,1,1,3,2,2,1,4,1,1,1,4,1,2,1,4,1,1,2,1,1,4,4,4,2,4,4,4,1,1,2,1,1,1,3,2,101,240,3,1,1,1,2,1,2,2,1,1,4,1,3,2,4,3,4,4,4,4,4,3,4,4,1,2,2,1,1,1,3,2,3,1,3,1,1,2,2,0,50,45,5,0,2,1,3,3,2,2,2,2,2,2,1,2,2,2,2,2,2,2,3,3,3,4,2,3
1,101,241,3,1,4,2,2,9,4,20,4,4,2,3,1,2,1,3,1,1,1,2,2,1,1,8,0,0,2,2,1,2,1,1,3,1,1,2,2,2,2,4,4,4,4,4,4,4,4,1,1,4,3,4,4,1,4,4,1,4,4,4,3,1,3,3,2,1,2,2,101,241,3,1,1,1,2,1,3,1,1,1,1,3,3,3,4,3,4,4,4,4,4,4,4,4,0,5,5,5,1,1,4,1,2,1,2,1,1,2,2,0,5,80,15,0,2,1,1,1,2,2,2,2,2,2,1,2,2,2,1,2,2,4,2,3,3,5,1,3
1,101,242,3,1,5,3,2,9,4,2,4,10,2,1,1,1,1,3,1,2,1,2,3,1,1,0,0,0,0,2,2,1,1,1,0,1,1,1,1,1,1,4,4,4,4,2,3,2,1,4,4,4,1,2,2,4,0,0,0,0,0,4,1,4,2,2,1,1,1,2,101,242,3,3,1,1,3,1,0,1,1,0,1,2,1,5,0,0,0,0,0,0,0,0,0,0,1,1,1,1,1,5,2,1,2,1,2,1,1,0,0,0,75,0,0,25,1,1,3,3,2,2,2,2,2,2,1,2,2,1,2,2,2,1,2,1,3,0,1,3
1,101,243,3,2,4,3,2,9,4,6,4,3,2,1,1,2,1,3,1,2,1,2,2,1,1,0,0,0,3,3,2,2,1,1,3,1,1,1,1,1,1,4,1,4,4,4,4,4,4,4,4,4,4,4,4,4,4,4,1,4,4,3,1,1,3,3,1,1,1,2,101,243,3,1,1,1,1,1,3,1,1,1,2,1,1,5,4,2,4,4,2,4,4,4,4,4,1,1,5,5,2,1,3,1,2,1,2,1,1,1,2,5,5,80,5,5,1,3,2,3,2,2,2,2,1,2,2,1,2,2,2,2,2,1,1,1,5,4,1,3
1,101,244,3,2,5,2,2,9,4,1,4,3,2,1,1,2,2,3,1,2,1,2,3,1,1,8,0,0,2,3,2,2,2,2,3,2,2,2,2,2,2,2,1,2,1,4,1,1,4,1,1,1,2,1,1,1,1,1,1,1,1,3,1,1,3,3,1,1,1,2,101,244,3,1,1,1,1,1,1,1,1,1,2,2,2,1,1,2,2,2,1,4,3,4,4,2,3,1,1,2,1,1,2,1,2,1,2,1,1,1,1,10,30,50,5,5,2,1,2,3,2,2,1,2,2,2,1,2,2,2,2,2,2,2,3,2,4,2,2,3
1,101,245,3,1,0,1,2,6,2,21,4,9,2,1,1,1,1,3,2,2,1,2,0,1,1,8,1,2,2,3,1,1,2,0,0,1,1,2,2,1,2,2,4,4,0,4,1,2,1,4,4,1,2,3,1,1,2,2,2,1,1,4,1,3,3,3,1,1,0,2,101,245,3,0,2,1,2,1,1,2,1,1,2,1,1,1,2,3,4,3,2,3,4,4,4,2,1,3,1,5,1,3,2,1,2,1,2,1,1,2,1,10,30,50,10,0,1,1,0,1,2,2,2,2,2,2,2,2,2,2,1,2,1,3,3,3,4,0,4,1
1,101,246,3,3,5,1,2,12,3,2,4,10,2,3,1,2,1,3,2,0,1,2,0,0,1,8,1,3,2,3,2,1,1,1,0,1,1,1,2,2,1,0,0,0,0,0,0,0,0,0,0,0,0,0,0,0,0,0,0,0,0,4,3,3,2,2,1,1,1,2,101,246,3,1,1,1,3,1,2,2,1,1,1,3,1,0,0,3,0,0,0,0,0,0,0,0,1,1,1,1,1,1,0,1,2,1,2,1,1,0,0,0,0,0,0,0,2,1,2,3,2,2,2,2,2,2,2,2,2,2,2,2,1,2,0,3,5,2,1,2
1,101,247,3,1,5,1,2,8,1,27,4,4,2,1,1,1,3,3,1,1,1,2,3,1,1,8,1,3,4,3,2,1,1,1,6,1,1,2,2,1,1,4,4,4,4,4,4,4,4,4,4,4,4,4,4,4,4,4,4,4,4,2,1,3,2,3,1,1,1,2,101,247,3,1,1,1,1,1,1,1,1,1,1,1,1,1,2,3,4,3,0,4,4,4,4,4,1,1,1,1,1,1,3,1,3,1,1,1,1,1,2,25,25,25,25,0,2,3,1,3,2,2,2,1,2,2,2,2,2,2,2,2,2,0,2,2,0,0,5,1
1,101,248,3,2,5,3,2,12,2,999,4,10,2,1,1,2,1,3,1,2,1,2,4,1,1,8,3,2,3,2,2,2,1,1,3,1,1,1,2,1,1,4,4,4,2,4,2,4,2,4,1,4,4,3,1,4,4,2,4,1,4,2,3,2,3,1,1,1,1,2,101,248,3,1,1,1,2,1,3,1,0,1,1,3,2,0,0,0,0,0,0,0,0,0,0,0,3,4,1,5,5,1,2,1,3,1,2,2,2,1,2,0,75,24,1,0,1,1,2,3,1,2,2,2,1,2,2,2,2,2,2,2,2,4,1,1,5,5,4,1
1,101,249,3,2,3,1,2,9,4,1,4,4,2,2,1,2,1,3,1,2,1,2,3,1,1,8,2,3,2,3,2,2,1,1,3,2,2,1,2,2,1,0,0,0,0,0,0,0,0,0,0,0,0,0,0,0,0,0,0,0,0,4,3,4,3,2,1,1,3,2,101,249,3,3,1,1,1,1,3,1,1,1,1,2,1,2,2,2,4,3,2,4,2,4,4,4,1,2,1,1,1,1,4,1,3,1,2,1,3,1,2,2,13,85,0,0,2,3,3,3,2,2,2,2,1,2,2,2,2,1,2,2,2,2,5,3,4,3,2,3
1,101,250,3,2,6,3,2,9,4,36,4,4,2,1,1,1,1,3,2,1,1,2,3,1,1,9,1,1,4,3,2,1,1,1,3,1,1,1,1,1,1,4,4,4,4,4,4,4,4,4,4,4,4,4,4,4,4,4,4,4,4,2,1,1,3,3,1,1,2,2,101,250,3,2,1,1,2,1,2,1,3,2,2,3,1,1,1,1,2,2,2,4,2,4,4,2,2,1,1,1,1,3,3,1,3,1,2,1,2,1,2,0,10,90,0,0,2,3,3,3,2,2,2,2,1,2,2,2,2,2,1,2,2,1,1,1,3,5,1,3
1,101,251,3,1,5,2,2,9,4,4,4,11,2,1,1,1,1,3,2,1,1,2,3,1,1,9,1,0,2,3,2,2,2,2,0,1,1,2,2,1,2,1,4,1,1,4,4,4,4,1,1,1,4,4,4,4,4,1,4,4,4,4,1,4,3,2,1,1,1,2,101,251,3,1,1,1,1,1,2,1,1,1,2,3,2,1,2,4,4,4,3,4,4,4,4,4,1,1,1,5,5,5,3,2,3,1,2,1,1,2,2,2,18,75,0,5,1,1,3,3,2,2,2,2,1,2,2,2,2,2,2,2,2,1,2,3,3,4,3,3
1,101,252,3,1,5,3,2,6,2,20,4,9,2,3,1,1,1,3,1,2,1,2,3,1,2,9,1,1,2,2,1,2,2,2,4,2,5,2,2,2,1,2,3,4,1,4,4,4,4,4,4,4,1,2,4,4,2,1,4,4,2,4,1,4,3,2,1,1,1,2,101,252,3,1,1,1,2,1,3,2,1,1,1,2,1,3,4,2,4,3,4,4,4,4,4,4,1,3,1,5,2,5,2,2,3,2,3,1,2,2,2,0,60,38,2,0,1,1,3,3,2,2,2,2,1,1,2,2,2,2,2,2,2,2,5,3,3,4,2,1
1,101,253,3,3,5,3,3,9,3,5,4,9,2,2,1,2,2,3,1,1,1,2,3,2,2,8,0,0,2,2,2,1,2,1,0,2,5,1,2,1,2,4,4,4,1,4,4,4,1,4,1,4,1,1,4,4,4,4,4,4,4,4,1,3,3,3,1,1,1,2,101,253,3,1,1,1,3,1,1,1,1,1,1,1,1,1,4,4,2,4,4,4,4,4,4,2,1,1,1,1,5,1,4,2,2,2,2,1,1,2,2,5,35,55,5,0,1,3,3,3,2,2,2,2,2,1,2,1,2,2,2,2,2,2,3,3,4,3,1,2
1,101,254,3,1,6,4,2,9,4,21,4,4,2,1,3,1,1,3,1,2,1,2,3,1,1,8,0,0,2,2,2,1,1,0,3,2,2,2,1,2,3,4,4,4,4,4,1,4,4,4,4,4,4,1,4,4,4,4,1,4,4,4,1,1,3,3,1,1,1,2,101,254,3,1,1,1,2,1,3,2,1,1,2,1,1,1,4,4,4,4,4,4,4,4,4,4,1,1,1,1,5,5,2,1,2,1,2,1,1,1,2,0,90,10,0,0,1,1,2,2,2,2,2,2,2,2,2,1,1,2,2,2,2,1,5,2,3,5,4,3
1,101,255,3,1,4,2,2,1,3,26,4,4,2,1,3,1,3,4,1,1,1,1,2,1,3,8,2,1,2,10,1,2,2,2,6,1,1,2,2,1,2,1,4,1,3,1,1,2,4,1,4,4,2,3,4,2,1,0,1,4,4,4,1,1,2,3,1,1,2,2,101,255,3,2,1,1,2,1,2,1,1,2,1,1,1,1,1,1,4,4,4,4,3,4,4,4,1,5,1,5,5,5,2,1,2,1,2,2,3,1,1,0,9,90,1,0,1,1,2,2,2,2,2,2,2,1,1,2,2,2,2,2,2,3,6,6,4,3,1,1
1,101,256,3,1,2,1,2,6,2,25,4,10,2,1,3,2,3,3,2,2,1,3,2,1,1,8,1,2,1,3,1,2,2,1,1,1,1,2,2,2,2,4,1,4,3,4,4,4,4,4,4,1,1,3,1,4,4,1,4,1,4,3,1,1,2,2,1,1,3,2,101,256,3,1,1,1,2,1,1,1,1,1,1,1,1,1,3,3,4,4,4,4,4,4,4,4,1,5,1,5,5,5,2,1,4,1,4,1,1,1,2,0,0,90,10,0,2,1,3,3,2,2,1,2,2,2,1,2,2,2,2,2,2,1,3,3,4,3,4,1
1,101,257,3,2,4,2,2,9,4,4,4,4,2,3,3,2,1,3,1,1,1,2,2,1,2,8,0,0,2,2,2,1,1,0,5,2,5,1,2,1,1,2,4,4,4,4,1,4,4,4,4,2,4,1,4,4,4,4,1,4,4,3,2,3,3,3,1,1,3,2,101,257,3,3,1,1,1,1,0,1,1,1,2,1,1,3,2,4,4,4,4,4,4,4,4,4,1,1,1,1,2,1,1,1,2,1,2,1,1,1,2,1,90,8,1,0,1,1,2,3,2,2,2,2,1,2,1,2,2,2,2,2,2,2,3,3,3,5,1,3
1,101,258,3,2,3,2,2,9,4,4,4,3,2,1,3,1,1,3,2,2,1,2,3,1,1,9,2,3,2,3,3,2,1,0,2,2,2,3,2,2,4,3,1,1,1,4,4,2,3,1,1,4,4,4,4,4,1,1,1,1,1,2,1,1,2,3,1,1,1,2,101,258,3,1,1,1,1,1,2,1,1,1,1,1,1,2,3,0,4,4,4,4,4,4,4,3,3,1,1,4,5,3,2,1,3,1,2,1,2,1,2,3,10,80,5,2,1,1,3,2,2,2,2,2,2,1,2,2,2,2,1,2,2,0,5,3,3,4,1,3
1,101,259,3,2,5,3,2,10,2,17,4,3,2,1,3,1,2,0,1,2,1,2,4,1,1,8,1,3,2,2,2,1,2,2,0,1,1,2,2,2,3,4,4,1,2,4,1,1,1,4,1,4,1,2,1,1,4,1,1,1,4,3,1,2,3,3,1,1,1,2,101,259,3,3,1,1,2,1,2,1,1,1,1,1,1,1,2,2,4,4,4,4,4,4,4,4,1,1,2,1,4,5,2,2,2,2,2,1,1,1,2,5,50,30,5,10,2,1,2,2,2,2,1,2,2,1,2,2,2,2,2,2,2,2,6,2,4,5,3,1
1,101,260,3,3,5,1,2,9,4,4,4,9,2,2,3,1,1,0,2,2,1,2,1,1,1,9,0,0,2,3,1,2,2,1,0,1,0,2,2,2,2,1,4,4,4,4,4,4,4,4,4,4,4,4,4,4,4,4,1,4,4,4,3,2,3,3,1,1,1,2,101,260,3,1,1,1,0,1,3,2,3,1,1,3,1,1,4,4,2,4,4,4,4,4,4,4,3,5,5,5,5,1,3,1,1,1,1,1,1,2,2,0,5,80,15,0,2,1,3,3,2,2,1,2,2,1,2,2,2,2,2,2,2,2,4,4,5,4,2,3
1,101,261,3,1,5,3,2,9,4,1,4,9,2,3,3,2,2,2,1,1,1,3,2,0,2,0,0,0,2,3,2,2,6,0,2,2,5,1,1,2,2,4,1,2,4,1,1,1,4,4,1,1,1,4,1,1,4,1,4,4,4,3,1,2,3,2,1,1,3,2,101,261,3,3,1,1,3,1,1,2,1,1,2,1,1,4,2,2,4,4,2,4,2,4,4,4,3,5,1,5,1,5,3,1,1,1,1,1,1,2,2,1,5,90,4,0,2,1,1,1,2,2,2,1,2,1,2,2,2,2,2,2,2,1,5,2,4,0,4,3
1,101,262,3,1,2,1,2,9,4,4,4,4,2,1,3,1,2,3,1,2,1,2,3,1,1,9,2,3,4,2,1,1,2,2,3,1,1,1,2,1,1,1,4,4,4,1,4,4,4,4,1,1,4,4,4,4,1,4,1,4,4,4,1,4,3,2,1,1,3,2,101,262,3,3,1,1,1,1,1,2,1,1,2,3,2,2,2,3,4,4,4,4,3,4,4,4,3,5,3,5,2,1,0,1,4,1,2,3,2,1,2,10,55,25,5,5,1,1,3,3,2,2,2,2,2,2,2,2,1,2,1,2,2,3,3,3,3,5,2,3
1,101,263,3,3,5,1,3,3,4,15,4,0,2,1,3,0,2,4,2,1,1,2,4,1,1,8,1,3,4,5,2,2,1,1,1,1,1,1,0,0,1,1,0,4,1,4,1,1,1,1,1,1,1,3,1,1,4,4,3,1,1,4,1,3,3,2,3,1,1,2,101,263,3,1,1,1,1,1,2,1,1,0,1,2,2,2,2,2,4,2,1,4,2,4,4,4,2,2,1,3,2,1,3,2,2,2,3,1,2,1,2,0,0,0,0,0,2,1,3,0,2,2,1,2,2,2,1,2,2,2,2,2,2,2,6,3,4,2,5,2
1,101,264,3,2,3,3,2,9,3,27,4,1,2,1,3,2,2,1,2,2,1,2,2,2,3,8,2,2,2,3,2,2,2,2,2,2,3,1,2,2,2,4,2,4,3,4,4,4,4,4,4,4,3,2,4,4,4,4,3,4,4,2,1,3,3,2,1,1,1,2,101,264,3,1,1,1,0,1,3,1,1,1,1,3,3,1,4,2,4,4,4,4,4,4,4,2,1,1,1,2,1,1,4,1,2,1,2,1,2,0,0,5,20,69,5,1,2,1,4,4,2,2,2,2,2,2,1,2,2,1,2,2,2,2,2,2,4,3,3,1
1,101,265,3,1,5,3,2,9,4,6,4,4,2,2,3,1,3,3,2,1,1,3,2,1,3,8,2,2,4,2,2,2,1,2,3,2,2,2,2,2,2,1,1,1,4,4,4,1,1,4,4,4,2,4,4,1,4,4,2,4,4,3,1,1,3,3,1,1,3,2,101,265,3,3,1,1,1,1,2,1,1,1,2,2,2,5,1,4,4,4,2,4,2,4,4,4,1,1,1,5,5,1,3,1,2,1,2,1,2,0,0,1,15,80,4,0,2,1,2,2,2,2,2,2,2,2,1,2,2,2,2,2,2,1,3,2,5,4,1,3
1,101,266,3,1,5,3,2,8,1,26,4,9,2,1,3,1,0,0,1,1,1,2,3,1,1,2,1,2,4,2,1,1,2,1,1,1,1,1,1,1,1,1,2,1,2,2,1,2,1,1,1,1,1,2,2,2,1,2,2,1,1,3,1,4,3,3,1,1,1,2,101,266,3,1,1,1,3,1,1,1,1,1,1,3,1,1,2,4,4,4,4,4,4,4,4,4,1,2,1,2,2,1,2,1,1,1,1,1,1,1,2,5,25,60,5,5,2,1,2,2,2,2,2,2,1,2,2,1,2,2,2,2,2,1,5,4,3,4,3,1
1,101,267,3,1,4,3,2,9,4,5,4,4,2,1,3,1,1,4,1,1,1,1,3,2,2,0,0,0,3,1,1,1,1,1,0,0,0,0,0,0,0,4,4,4,4,4,4,4,1,4,4,0,0,0,0,0,0,0,0,0,0,4,1,2,3,3,3,1,1,2,101,267,3,1,1,1,1,1,3,1,1,0,4,3,3,2,0,0,0,0,0,0,0,0,0,0,1,1,5,5,5,5,4,1,1,1,1,1,1,0,0,70,20,10,0,0,2,1,3,3,2,2,2,1,2,2,2,2,1,2,2,2,2,1,3,2,4,0,3,3
1,101,268,3,2,6,3,2,0,0,5,4,1,2,3,3,2,3,1,1,2,1,2,3,2,1,8,0,0,2,2,2,1,1,2,0,2,5,2,2,2,2,4,4,0,0,0,2,2,4,4,2,3,3,4,4,4,4,4,0,1,4,4,3,4,2,3,1,1,1,2,101,268,3,1,1,1,0,1,2,2,1,1,1,2,1,3,3,4,4,4,4,3,4,4,4,4,1,1,1,1,5,1,4,1,2,2,2,1,3,1,2,0,75,22,3,0,2,1,3,3,2,2,2,2,1,2,1,2,2,2,2,2,2,1,6,1,3,5,2,2
1,101,269,3,2,3,1,2,9,4,2,4,2,2,2,3,2,1,3,1,1,1,2,2,1,2,8,2,2,2,3,2,2,2,2,3,2,2,2,2,2,2,1,1,4,1,1,1,1,1,1,1,1,1,1,1,1,1,1,1,1,1,2,1,3,3,3,1,1,3,2,101,269,3,3,1,1,1,1,3,1,1,1,1,1,1,2,2,2,4,4,4,4,2,4,4,4,1,2,1,3,1,1,2,2,2,1,2,1,1,1,2,5,80,15,0,0,2,1,2,2,2,2,2,1,2,2,2,2,2,1,2,2,2,2,1,1,3,2,4,3
1,101,270,3,3,5,1,2,9,4,19,4,7,2,1,3,1,1,3,1,2,1,2,3,1,1,0,0,0,2,3,2,2,1,1,0,2,5,1,2,1,1,4,1,1,1,1,1,1,1,1,1,1,4,4,4,4,4,4,4,4,4,4,3,4,3,2,1,1,3,2,101,270,3,1,1,1,3,1,2,1,1,1,1,3,3,1,4,4,4,4,4,4,4,4,0,3,3,1,1,1,1,5,4,1,3,3,3,3,1,2,2,0,5,95,0,0,1,1,3,3,2,2,2,2,2,2,2,2,2,2,2,1,1,2,6,2,3,1,3,3
1,101,271,3,3,5,1,2,9,4,14,4,4,2,1,3,1,1,3,1,1,1,2,3,1,2,8,1,2,2,2,1,2,1,1,3,1,1,2,2,2,2,2,4,1,4,1,4,4,4,1,4,4,4,4,4,1,1,4,1,4,4,4,2,3,3,3,1,1,3,2,101,271,3,3,1,1,1,1,1,1,1,1,1,1,1,1,2,2,4,4,4,4,4,4,4,4,1,5,1,1,2,2,3,1,3,1,2,1,3,1,2,10,40,40,5,5,2,1,2,2,2,2,2,2,2,2,2,2,2,2,2,2,2,3,3,3,4,3,3,3
1,101,272,3,2,5,2,2,9,4,5,4,9,2,1,3,1,1,3,2,1,1,2,3,1,1,8,0,0,2,10,1,2,1,0,3,2,3,1,2,1,1,4,1,4,4,4,1,4,4,4,4,4,1,4,4,4,4,4,1,4,4,3,1,2,3,2,1,1,3,2,101,272,3,1,1,1,1,1,1,1,1,1,1,3,1,1,2,2,3,4,3,4,4,4,4,4,1,2,2,2,1,5,2,1,2,1,2,0,0,1,2,10,50,35,0,5,2,1,2,3,2,2,2,2,2,2,2,2,2,2,2,2,1,2,3,3,5,3,1,3
1,101,273,3,2,6,1,2,9,4,10,4,10,2,1,3,1,1,3,2,2,2,2,3,3,1,8,0,0,2,3,2,2,2,1,3,2,5,2,1,2,1,4,4,4,1,1,4,1,4,4,1,1,2,4,4,4,4,4,4,4,1,4,1,2,3,3,1,1,3,2,101,273,3,1,1,1,1,1,3,1,1,1,4,3,3,5,2,4,4,4,4,4,2,4,4,4,1,1,1,5,5,1,4,1,3,1,1,1,3,2,2,0,0,97,0,0,2,4,3,3,2,1,2,2,2,2,2,2,2,1,2,2,2,1,3,4,4,3,1,3
1,101,274,3,1,5,3,2,8,4,2,4,9,2,1,3,1,3,4,1,1,1,2,3,1,1,8,1,1,2,2,2,1,1,1,3,2,2,1,2,1,1,4,1,4,4,4,4,4,4,4,4,4,4,4,4,4,4,4,4,4,4,4,1,4,3,3,1,1,1,2,101,274,3,1,1,1,1,1,0,1,0,1,1,1,1,1,3,0,4,4,4,0,3,4,4,4,1,1,1,1,1,1,4,1,2,1,1,1,3,2,2,5,85,9,1,0,1,0,2,2,2,1,1,2,2,2,2,2,2,2,2,2,2,1,2,2,4,5,4,1
1,101,275,3,2,5,3,2,2,3,23,4,4,2,1,3,1,0,0,1,1,0,2,3,1,2,2,2,2,4,3,1,1,1,2,2,1,1,2,2,1,2,4,1,4,3,4,4,1,4,1,4,4,1,2,1,1,4,1,4,4,4,4,1,3,3,3,1,1,1,2,101,275,3,1,1,1,2,1,3,1,1,1,2,1,1,2,1,2,4,4,3,4,2,4,4,4,1,1,2,1,1,1,4,1,2,1,2,1,2,1,2,5,20,70,5,0,2,3,3,3,2,2,1,2,2,2,2,2,2,2,2,2,1,1,2,3,3,0,1,1
1,101,276,3,1,1,1,3,12,2,4,4,4,2,2,3,1,1,3,2,2,1,2,3,1,1,8,1,3,4,2,1,2,1,1,3,2,2,1,2,2,1,4,4,1,1,1,1,1,4,4,1,1,1,1,1,4,4,4,1,4,4,4,3,2,3,3,1,1,3,2,101,276,3,3,1,1,1,1,3,1,1,2,1,1,1,2,4,2,4,4,4,4,4,4,4,4,1,2,1,5,2,5,4,1,3,1,2,1,1,1,2,10,70,10,5,5,2,3,3,3,2,2,2,1,2,2,2,2,2,1,2,2,2,2,5,3,3,0,2,2
1,101,277,3,3,5,1,2,9,4,4,4,9,2,1,3,1,3,4,1,2,1,2,3,1,1,0,0,0,2,2,1,2,1,1,2,2,3,2,2,2,2,4,4,4,4,4,4,1,4,4,1,4,2,4,4,4,4,4,4,4,4,4,3,4,3,3,1,1,3,2,101,277,3,2,1,1,1,1,2,1,1,0,1,3,1,1,3,3,4,4,4,4,3,4,4,4,1,1,1,5,1,5,2,1,2,1,2,1,1,2,2,0,0,0,0,0,2,1,3,3,2,2,2,2,1,2,2,2,2,2,2,1,2,2,3,6,3,0,3,3
1,101,278,3,2,2,1,2,9,4,20,4,4,2,1,3,1,1,3,1,1,1,2,3,1,1,8,1,2,2,3,1,2,2,1,4,1,1,1,2,2,2,4,1,1,1,4,4,1,4,1,1,1,4,4,4,4,4,4,4,4,4,3,1,2,3,3,1,1,1,2,101,278,3,1,1,1,1,1,3,1,1,1,1,1,1,3,3,3,4,3,4,4,4,4,4,4,1,3,1,5,5,5,3,1,2,1,2,1,1,1,2,5,25,50,15,5,2,1,3,3,2,1,2,2,1,2,2,2,2,2,2,2,2,2,5,3,3,4,4,3
1,101,279,3,2,5,1,3,6,3,0,4,0,2,1,3,0,2,4,2,2,1,2,1,1,2,8,2,2,2,3,2,2,2,0,3,2,0,2,2,2,1,0,0,0,0,0,0,0,0,0,0,0,0,0,0,0,0,0,0,0,0,4,3,1,3,3,1,1,1,2,101,279,3,1,1,1,1,1,1,1,1,0,2,1,1,2,2,4,4,4,4,4,4,4,4,4,1,0,1,0,0,0,0,1,0,1,2,0,1,0,0,2,10,75,3,10,1,3,2,2,2,2,2,2,1,2,2,2,2,2,1,2,2,3,6,6,3,4,5,2
1,101,280,3,1,5,3,2,7,1,19,4,3,2,1,3,2,3,4,2,2,1,2,2,1,1,8,2,3,1,3,2,1,2,1,0,0,0,2,2,2,2,4,1,4,2,4,4,3,4,4,4,4,2,2,4,4,4,2,4,2,4,2,3,4,3,3,1,1,1,2,101,280,3,3,1,1,2,1,3,1,1,1,1,1,1,5,1,2,3,4,2,4,4,4,4,4,1,1,1,3,2,1,3,2,2,2,2,1,1,2,1,1,5,90,3,1,2,4,1,1,2,2,2,2,2,1,2,2,2,2,2,2,2,2,3,3,4,3,1,1
1,101,281,3,1,5,2,2,7,2,26,4,2,2,1,3,2,2,3,1,1,1,2,3,1,2,8,1,3,3,3,1,1,2,2,1,2,2,2,2,2,2,4,4,4,2,4,4,4,4,4,4,4,4,2,4,4,4,4,4,4,4,4,1,1,3,2,1,1,1,2,101,281,3,1,1,1,2,1,2,2,1,2,1,2,2,5,4,4,4,4,4,4,4,4,4,4,3,5,1,5,5,5,2,1,2,1,2,1,2,2,2,5,10,80,5,0,2,1,1,1,2,2,2,2,2,2,2,1,2,2,2,2,1,3,1,2,4,3,4,1
1,101,282,3,2,5,1,2,2,3,27,4,0,2,1,3,1,1,3,2,2,2,0,2,1,1,9,1,2,2,3,2,2,1,0,0,2,0,2,2,2,2,4,1,1,2,1,4,2,1,1,1,1,1,3,1,1,1,3,1,4,1,3,1,1,3,3,1,1,1,2,101,282,3,1,1,1,2,1,3,1,3,1,1,2,2,2,2,2,4,4,4,4,3,4,4,4,1,5,1,2,3,1,2,1,3,1,2,1,1,0,0,5,30,50,10,5,1,3,3,3,2,2,2,2,2,2,2,1,2,2,2,2,2,2,0,3,4,3,4,1
1,101,283,3,2,6,1,2,9,4,2,4,4,2,2,3,2,1,3,1,1,1,1,3,1,4,8,0,0,0,1,2,1,2,1,6,2,3,1,2,1,1,0,0,0,0,0,0,0,0,0,0,0,0,0,0,0,0,0,0,0,0,4,1,4,3,3,1,1,1,2,101,283,3,1,1,1,1,1,2,1,0,0,1,1,1,0,0,0,0,0,0,0,0,0,0,0,1,1,1,5,5,5,2,1,3,1,2,1,1,0,0,2,0,10,2,86,2,0,3,3,2,2,2,2,1,2,2,1,2,2,2,2,2,3,2,3,4,3,4,3
1,101,284,3,2,4,3,2,8,3,999,4,3,2,1,3,1,1,3,2,1,1,3,2,1,2,8,1,2,4,3,2,2,2,1,0,2,3,2,2,2,2,0,0,0,0,0,0,0,0,0,0,0,0,0,0,0,0,0,0,0,0,3,1,4,3,3,1,1,1,2,101,284,3,1,1,1,2,1,3,1,1,1,1,1,1,5,0,0,0,0,0,0,0,0,0,0,0,2,1,5,1,1,3,2,3,1,2,1,3,2,2,10,10,60,10,10,1,4,1,4,2,2,2,2,2,2,2,2,1,2,2,2,1,0,2,1,4,5,5,1
1,101,285,3,2,4,2,2,8,3,21,4,3,2,1,3,2,1,3,1,1,1,2,3,0,3,9,1,1,2,8,2,2,2,2,4,2,3,1,1,1,1,4,4,4,4,4,2,4,4,4,4,4,1,2,4,4,4,4,4,1,2,4,3,1,3,2,1,1,1,2,101,285,3,1,1,1,2,1,1,1,1,1,4,1,1,1,3,2,4,4,3,4,3,4,4,4,1,5,1,3,2,1,3,2,2,2,1,1,1,2,2,2,50,48,0,0,1,1,3,3,2,2,2,2,2,2,2,2,1,2,2,2,2,1,1,1,5,3,3,1
1,101,286,3,2,5,2,2,6,3,21,4,4,2,1,0,2,2,4,2,1,1,2,2,1,3,8,1,2,2,10,1,2,1,1,2,2,3,2,2,3,3,2,1,4,2,1,4,4,1,4,4,1,2,3,4,2,4,2,3,1,3,1,2,2,3,2,1,1,1,2,101,286,3,1,1,1,2,1,3,1,1,2,1,3,3,1,1,1,4,4,4,4,4,4,4,2,3,1,1,4,2,3,2,2,2,2,2,1,1,2,2,0,5,95,0,0,1,1,3,3,2,2,2,2,1,2,2,2,2,2,2,2,1,2,3,3,4,3,5,1
1,101,287,3,2,6,3,2,9,4,5,4,11,2,1,2,1,3,3,1,1,1,2,2,3,1,8,2,3,2,3,2,1,1,1,0,2,3,2,2,2,2,1,1,1,1,1,1,1,1,3,1,1,1,1,1,1,1,1,3,1,1,4,3,1,3,2,1,1,3,2,101,287,3,3,1,1,1,1,3,2,1,1,2,1,1,1,3,4,4,4,4,4,4,4,4,4,3,3,1,3,3,3,3,1,3,1,3,1,1,2,2,5,15,75,5,0,2,1,3,3,2,2,2,2,2,2,1,2,2,1,2,2,2,2,3,3,3,2,1,3
1,101,288,3,2,5,1,2,8,3,8,4,4,2,2,2,2,3,3,2,2,1,1,2,1,1,8,3,1,1,3,2,2,2,2,1,3,3,2,2,2,2,4,4,4,3,4,4,1,1,1,1,1,1,2,1,1,4,4,1,1,1,2,2,1,1,2,1,1,1,2,101,288,3,1,1,1,1,1,1,1,1,1,1,1,1,3,2,2,4,1,1,4,4,4,4,4,3,3,1,4,5,1,2,2,3,1,3,2,1,1,1,0,0,90,5,5,3,3,2,2,2,1,2,2,2,2,1,2,2,2,2,2,2,2,4,2,4,3,2,2
1,101,289,3,1,5,2,2,9,4,20,4,10,2,1,2,1,0,0,1,1,1,2,3,1,2,0,0,0,2,2,1,1,1,2,4,2,3,2,2,2,2,1,4,1,1,1,1,1,4,1,1,1,1,0,1,1,1,1,1,1,1,4,3,3,3,3,1,1,1,2,101,289,3,3,1,1,1,1,1,1,1,1,1,3,1,3,4,4,4,4,4,4,4,4,4,4,1,5,1,5,1,5,3,1,2,1,2,1,1,1,2,10,83,5,2,0,1,1,3,3,2,2,2,2,2,2,1,2,2,2,2,2,1,2,3,3,3,4,4,3
1,101,290,3,2,1,1,2,12,3,27,4,9,2,2,2,2,2,3,1,1,1,1,1,3,1,8,1,1,2,3,1,2,2,2,2,2,3,2,2,2,2,1,4,4,2,4,4,1,4,1,4,1,2,3,4,1,1,1,1,4,4,1,1,1,3,2,3,1,1,2,101,290,3,1,1,1,2,1,2,1,1,2,1,1,1,2,4,4,4,4,4,4,4,4,4,4,1,1,1,5,4,5,3,1,3,1,3,1,1,2,2,5,10,85,0,0,1,1,1,1,2,2,2,1,2,1,2,2,2,2,2,2,2,2,2,2,3,4,5,2
1,101,291,3,2,3,3,2,12,3,2,4,9,2,2,2,2,3,3,1,1,1,3,4,1,1,8,1,2,3,2,1,2,1,1,0,1,1,1,2,2,1,4,4,4,4,4,4,4,4,4,4,4,4,4,4,4,4,4,4,4,4,2,1,3,3,3,1,1,3,2,101,291,3,1,3,1,1,1,3,1,3,1,1,3,3,3,4,4,4,4,4,4,4,4,4,4,1,5,1,0,1,3,2,1,2,1,2,1,2,1,2,0,30,50,0,20,2,1,3,3,2,2,2,2,2,1,2,2,2,1,2,2,2,2,1,1,4,0,1,3
1,101,292,3,1,5,3,2,7,1,18,4,9,2,1,2,1,0,0,1,2,0,2,3,1,1,2,1,2,2,8,1,1,2,2,1,1,0,0,0,0,0,2,4,4,3,4,4,4,4,4,4,4,2,2,4,4,4,4,4,4,4,4,1,1,3,3,1,1,3,2,101,292,3,3,1,1,2,1,3,1,1,1,1,2,2,2,2,4,4,4,4,4,4,4,4,4,3,3,5,5,3,3,2,2,2,2,2,1,2,1,2,2,8,80,5,5,2,1,2,2,2,2,2,2,2,1,2,2,2,2,2,1,2,2,5,3,3,4,3,1
1,101,293,3,1,5,2,2,9,4,20,4,1,2,2,2,2,1,3,1,1,1,2,3,1,1,1,0,0,2,2,1,1,1,1,3,1,1,2,1,1,1,4,4,4,4,1,4,4,4,4,4,4,4,4,4,4,4,4,4,4,4,4,1,2,3,3,1,1,1,2,101,293,3,1,1,1,1,1,2,1,1,1,4,1,1,1,4,4,4,4,4,4,3,4,4,4,1,3,2,1,3,1,2,1,1,1,1,1,1,1,2,20,65,15,0,0,1,1,3,3,2,2,2,2,2,1,2,2,2,2,2,2,2,1,5,3,3,5,3,3
1,101,294,3,2,5,3,2,2,3,26,4,0,2,1,2,3,1,2,3,1,1,2,2,1,2,9,1,2,4,8,3,2,1,1,2,2,5,3,2,2,2,0,2,0,2,0,2,0,0,0,0,0,0,0,0,0,0,0,0,0,0,4,1,1,3,3,1,1,1,2,101,294,3,1,1,1,1,1,2,1,1,3,1,1,1,1,4,2,0,2,3,4,4,4,4,4,1,1,2,3,1,1,2,2,2,2,1,3,3,1,2,0,0,97,0,0,1,1,2,2,2,2,2,2,2,2,2,2,1,2,1,2,2,2,2,2,3,5,4,2
1,101,295,3,1,5,3,2,9,4,5,4,4,2,1,2,2,1,3,1,2,1,2,3,1,2,8,0,0,2,2,2,2,2,2,3,1,0,1,2,1,1,4,4,4,2,4,4,4,4,4,4,4,2,4,4,1,4,4,4,4,4,4,2,4,3,3,1,1,1,2,101,295,3,1,1,1,1,1,0,1,1,1,1,2,1,1,2,4,4,4,4,4,4,4,4,4,1,1,1,5,5,3,2,1,3,1,2,1,1,2,2,5,25,50,5,15,2,1,3,3,2,2,2,2,2,1,2,2,1,2,2,2,2,1,6,2,5,3,3,3
1,101,296,3,1,5,3,3,7,2,26,4,4,2,2,2,2,2,3,2,1,1,2,3,1,3,8,2,2,4,8,2,1,2,2,5,1,2,1,2,1,1,4,1,1,2,4,2,2,4,2,4,4,2,2,1,4,2,2,2,2,4,4,1,2,3,3,1,1,3,2,101,296,3,1,1,1,1,1,3,1,1,2,1,2,1,2,2,2,4,4,4,4,2,4,4,4,3,1,1,5,3,1,2,2,2,2,2,1,2,1,2,0,21,3,1,75,2,1,2,3,2,2,2,2,1,2,1,2,2,2,2,2,2,4,5,3,4,5,2,2
1,101,297,3,2,3,3,2,9,4,999,4,4,2,1,2,2,1,3,1,2,1,2,2,1,1,8,0,0,2,3,1,1,2,2,0,2,3,1,1,1,1,4,1,4,2,2,4,4,4,4,4,1,4,4,4,4,1,4,4,4,4,4,2,3,3,3,1,1,1,2,101,297,3,1,1,1,1,1,2,1,1,1,1,2,2,2,2,2,4,4,4,4,4,4,4,4,1,5,1,1,1,1,4,1,3,1,2,1,1,0,2,10,25,50,5,10,2,1,3,3,2,2,2,2,2,2,1,2,2,2,2,2,2,1,6,2,4,3,4,3
1,101,298,3,2,5,1,3,3,3,4,4,4,2,2,2,2,3,4,3,2,1,1,3,2,1,8,1,3,2,2,2,2,1,0,0,0,0,1,0,1,1,4,4,4,1,4,4,4,1,4,4,4,4,4,1,1,4,4,4,4,1,4,1,3,3,3,1,1,1,2,101,298,3,1,1,1,0,1,0,1,1,1,1,1,1,3,4,3,4,4,4,4,4,4,4,4,1,5,1,5,1,5,4,1,2,0,0,1,1,2,1,1,40,59,0,0,1,1,3,3,2,2,2,2,1,2,2,1,2,2,2,2,2,1,5,3,3,5,4,2
1,101,299,3,3,5,1,2,9,4,7,4,0,2,1,2,2,3,3,1,1,1,2,3,3,1,9,2,2,2,2,2,1,1,0,6,2,5,2,1,1,2,2,0,0,0,3,0,2,0,0,0,0,0,0,0,0,0,0,0,0,0,2,1,3,3,2,1,1,0,2,101,299,3,0,0,1,0,1,0,1,1,1,1,1,1,3,4,3,4,4,4,4,4,4,4,4,3,5,1,5,5,1,2,2,3,1,3,2,2,1,0,99,0,0,0,0,1,1,1,1,2,2,2,2,1,2,2,1,2,2,2,2,2,1,1,1,5,2,1,3
1,101,300,3,3,5,2,2,10,3,12,4,9,2,1,2,1,1,4,2,1,1,3,3,1,2,8,2,2,2,3,2,2,1,2,6,1,1,2,2,2,2,4,1,4,1,4,4,4,4,4,4,4,0,0,4,0,4,4,1,4,4,3,1,4,3,2,1,1,1,2,101,300,3,3,1,1,2,1,0,1,1,1,1,1,1,1,2,4,4,4,2,4,2,4,4,2,1,1,1,1,1,5,2,1,3,1,2,1,1,1,2,10,50,20,10,10,2,1,3,3,2,1,2,2,2,2,2,1,2,2,2,2,2,2,2,2,3,0,2,1
1,101,301,3,2,5,1,3,11,3,20,4,13,2,2,2,3,3,0,3,1,1,3,2,1,1,8,2,2,4,3,1,3,2,2,4,2,3,1,2,1,1,4,4,4,2,4,1,1,4,4,4,1,2,3,4,4,4,4,4,4,4,3,1,1,3,3,1,1,3,2,101,301,3,3,1,1,1,1,1,2,1,1,1,1,1,1,4,2,4,4,4,4,4,4,4,4,3,5,1,5,5,2,3,2,4,2,3,2,1,1,0,0,0,90,5,5,2,1,2,3,2,2,1,2,2,2,2,2,2,2,1,2,2,2,6,6,3,4,3,2
1,101,302,3,1,2,3,3,11,2,26,4,0,2,1,2,2,1,3,3,1,1,2,3,1,1,8,1,2,2,2,1,2,2,1,3,1,1,2,2,2,2,4,1,4,2,4,4,4,4,1,1,4,4,0,0,0,0,0,0,0,0,3,1,2,3,3,1,1,1,2,101,302,3,1,1,1,2,1,2,1,1,1,2,2,2,1,4,2,4,1,3,4,4,3,4,4,1,1,1,3,2,1,2,1,2,1,2,1,1,2,2,55,25,10,5,5,1,1,3,3,2,2,2,2,2,1,2,2,2,2,2,2,2,1,4,2,4,3,1,2
1,101,303,3,1,5,2,2,7,1,22,4,7,2,2,2,2,3,0,1,1,1,2,3,3,1,8,1,2,2,8,1,1,1,1,0,2,0,2,0,0,0,2,2,4,2,4,1,1,1,1,1,1,2,2,1,1,1,2,1,1,1,4,2,3,3,2,1,1,1,2,101,303,3,1,1,1,1,1,1,1,1,1,3,1,1,1,2,2,4,4,2,4,3,4,4,4,3,3,1,2,5,1,2,1,3,1,2,1,3,2,2,10,10,50,10,20,1,1,2,2,2,2,2,2,2,1,2,1,2,2,2,2,2,1,2,3,3,4,1,1
1,101,304,3,1,5,3,1,1,5,5,5,9,2,1,1,3,1,3,1,1,1,1,3,1,1,8,0,0,2,2,1,1,1,0,3,2,3,1,2,1,2,4,4,4,1,1,4,4,4,4,4,4,4,4,1,4,4,4,4,4,4,3,1,1,3,3,1,1,1,2,101,304,3,1,1,1,1,1,1,1,1,1,4,3,1,5,4,4,4,4,4,4,4,4,4,4,1,5,5,5,1,5,4,2,3,1,1,1,2,2,2,40,20,40,0,0,2,1,2,3,2,2,2,2,2,2,2,1,2,2,1,2,2,0,6,6,5,3,1,3
1,101,305,3,1,4,2,2,9,4,5,5,5,2,1,1,3,1,3,2,1,1,1,1,1,1,0,0,0,2,2,1,3,2,2,0,1,3,2,2,2,1,1,1,1,1,4,4,4,4,4,4,4,1,1,4,4,4,4,4,4,4,1,1,1,1,3,1,1,1,2,101,305,3,1,1,1,1,1,1,2,1,1,2,1,1,1,0,3,3,0,0,0,0,0,0,0,1,5,5,0,4,1,1,1,3,1,2,1,1,1,1,0,5,80,10,5,1,1,1,3,2,2,2,2,1,2,2,2,2,2,2,2,1,3,1,1,4,3,1,3
1,101,306,3,1,2,2,2,9,4,14,5,5,2,1,1,3,1,3,1,2,1,2,2,1,1,8,1,2,2,9,2,2,1,1,1,1,1,2,1,2,2,4,1,1,2,4,1,1,4,4,4,4,1,4,4,4,4,4,4,4,4,3,1,1,3,2,1,1,3,2,101,306,3,1,3,1,1,1,3,1,1,1,1,1,1,1,2,4,4,4,4,4,4,4,4,4,1,1,1,1,1,1,1,2,2,3,2,1,1,1,2,10,50,10,10,20,1,1,1,1,2,2,2,2,2,1,2,2,2,1,2,2,2,1,1,2,3,5,1,3
1,101,307,3,1,2,1,2,9,4,4,14,14,2,1,1,1,1,4,1,2,1,2,3,1,1,8,1,3,2,2,1,2,1,2,2,1,1,2,2,0,2,4,1,4,1,4,4,4,1,4,4,4,4,4,1,4,4,4,4,4,1,4,1,1,2,2,3,1,3,2,101,307,3,1,1,1,3,1,3,1,1,1,4,1,1,1,4,2,3,4,4,4,2,4,4,4,1,2,1,1,5,1,4,1,2,1,2,1,1,2,2,5,60,30,5,0,2,1,2,2,2,2,2,2,2,2,2,2,1,2,2,1,2,2,6,3,5,4,2,3
1,101,308,3,1,4,1,2,2,4,19,5,5,2,1,3,1,1,3,2,1,1,2,3,1,1,0,0,1,2,1,2,2,2,2,4,2,3,1,2,1,2,4,4,4,1,4,4,2,4,4,4,0,0,0,0,0,0,0,0,0,0,4,1,1,3,3,1,1,0,2,101,308,3,1,1,1,1,1,1,2,1,1,1,3,1,1,4,2,4,4,4,4,4,4,4,4,1,5,5,5,1,2,3,1,2,1,2,1,1,1,2,60,20,10,5,5,2,1,3,3,2,1,2,2,1,2,2,2,2,2,2,2,2,1,2,2,4,3,3,3
1,101,309,3,1,2,3,2,9,4,13,14,0,2,1,3,0,1,3,2,2,1,2,1,0,1,8,0,3,2,2,1,2,1,0,0,0,0,0,0,1,0,4,4,4,1,4,1,4,4,4,4,4,4,4,4,4,4,1,0,0,0,2,1,2,3,3,1,1,1,2,101,309,3,0,1,1,1,1,0,1,1,1,4,1,1,3,4,2,4,4,4,4,4,4,4,4,1,1,1,0,4,1,4,2,3,1,2,2,1,0,0,0,0,0,0,0,2,1,2,2,2,2,2,2,2,2,2,2,2,2,2,1,2,2,3,3,4,5,5,3
1,101,310,3,1,5,3,2,9,4,4,5,5,2,1,2,1,1,3,1,1,1,2,1,1,1,0,0,0,2,2,1,2,2,2,0,3,3,2,2,1,2,4,4,4,4,4,4,1,4,4,4,4,4,4,4,4,4,4,4,4,4,4,1,3,3,3,1,1,3,2,101,310,3,1,1,1,1,1,0,2,1,1,1,1,1,1,3,4,4,4,4,4,3,4,4,4,3,1,1,3,3,5,3,1,2,1,1,1,1,1,2,0,60,30,1,9,2,1,3,3,2,2,2,2,1,2,2,2,2,2,1,2,2,2,5,3,4,3,4,3
1,101,311,3,1,4,3,2,9,4,5,5,5,2,1,2,1,1,2,2,2,1,1,3,1,2,8,1,0,3,3,2,1,1,1,0,1,1,1,1,1,1,4,4,4,4,4,4,4,4,4,4,4,4,1,4,4,4,4,4,4,4,4,1,4,3,3,3,1,2,2,101,311,3,3,1,1,1,1,3,2,1,1,4,2,2,5,4,4,4,4,4,4,4,4,4,4,1,4,5,5,5,5,4,2,1,1,1,2,2,1,1,0,5,93,2,0,1,3,3,3,2,1,2,2,2,2,1,2,2,2,2,2,2,2,6,6,5,2,4,3
