CARD.,DECK.,BALLOT.,FORM.,Q.1.,Q.2.,Q.3.,Q.4.,Q.5.,Q.6.,Q.7.,Q.8A.,Q.8B.,Q.9.,Q.10.,Q.11.,Q.12.,Q.13.,Q.14.,Q.15.,Q.16.,Q.17.,Q.18.,Q.19.,Q.20.,Q.21.,Q.22.,Q.23.,Q.24.,Q.25.,Q.26.,Q.27.,Q.28.,Q.29.,Q.30.,Q.31.,Q.32A.,Q.32B.,Q.33.,Q.34.,Q.35.,Q.37.,Q.38.,Q.39.,Q.40A.,Q.40B.,Q.41.,Q.42.,Q.43.,Q.44.,Q.45.,Q.46.,Q.47.,Q.48.,Q.49.,Q.50A.,Q.50B.,Q.50C.,Q.50D.,Q.50E.,Q.50F.,Q.50G.,Q.50H.,Q.52.,V.54.,V.55.
1,192,1,2,2,1,4,6,1,3,5,1,2,5,6,6,1,1,2,1,1,4,1,1,1,1,1,4,1,1,1,2,1,1,1,3,1,1,2,2,1,1,1,1,1,1,1,2,1,1,2,1,2,1,1,3,2,3,3,2,3,3,2,2,2,18
1,192,2,2,1,3,2,7,1,3,5,2,2,2,2,2,2,1,2,1,1,2,2,1,1,3,2,4,2,1,2,1,1,1,1,3,1,1,2,2,1,2,2,1,1,1,1,2,1,1,2,1,4,2,1,2,1,2,3,1,3,3,3,5,2,5
1,192,3,2,1,2,2,7,1,3,5,2,2,4,2,2,2,1,0,1,1,2,5,3,1,1,2,4,1,3,3,1,2,2,2,3,2,3,1,2,1,3,4,2,2,1,1,1,1,1,2,2,1,2,1,2,3,2,3,1,2,3,2,2,2,26
1,192,4,2,1,3,2,8,1,3,5,2,2,4,3,3,2,2,3,3,1,2,3,1,1,3,1,4,1,2,1,0,3,1,1,0,1,1,2,2,1,3,0,1,2,3,1,1,3,1,2,2,4,2,1,3,3,2,3,1,2,2,2,4,3,28
1,192,5,2,1,2,2,7,1,3,5,2,2,2,2,1,2,1,2,2,1,3,2,1,1,1,1,3,1,1,1,2,1,2,2,3,1,2,2,3,1,2,3,1,3,1,1,1,1,1,2,2,4,1,1,2,3,3,3,1,1,3,3,2,5,31
1,192,6,2,1,2,3,7,1,3,5,2,2,5,6,6,4,4,2,3,3,1,4,3,1,1,3,4,1,2,4,2,1,2,2,5,2,2,2,2,2,2,1,1,1,2,1,1,3,1,3,1,2,1,4,3,1,3,3,3,3,3,3,4,4,0
1,192,7,2,1,3,3,6,1,3,5,2,2,5,6,6,5,3,2,1,1,2,1,1,1,3,1,4,1,1,1,1,2,2,2,3,2,1,2,2,1,2,2,1,1,1,1,1,1,1,2,1,1,1,1,3,3,2,3,3,3,3,3,2,2,80
1,192,8,2,1,2,3,6,1,3,5,2,2,5,6,6,2,1,1,3,0,2,2,1,1,2,1,3,1,2,1,2,2,2,2,3,2,2,2,2,1,2,3,1,1,1,2,2,0,1,1,2,2,1,2,3,2,2,3,3,2,2,1,5,2,17
1,192,9,2,1,3,3,6,1,3,5,2,2,5,3,3,1,3,2,2,1,2,3,3,3,2,2,3,2,4,5,1,3,3,2,3,1,2,2,2,2,5,2,4,3,3,2,2,1,0,3,2,4,2,1,3,3,3,3,2,3,3,2,2,3,19
1,192,10,2,2,3,3,6,1,3,5,2,2,5,1,1,0,3,2,2,2,2,3,3,1,3,1,4,2,3,2,0,3,2,2,3,1,2,2,2,2,2,4,1,1,3,2,2,1,2,2,2,2,4,1,2,3,2,2,3,3,3,3,5,1,30
1,192,11,2,1,3,3,8,1,3,5,2,2,4,2,2,3,3,2,2,1,1,3,3,2,2,2,3,2,3,3,2,3,2,2,3,2,2,2,2,1,2,2,1,2,1,2,2,0,2,2,2,1,1,3,3,2,1,3,2,3,3,2,5,1,29
1,192,12,2,1,3,3,6,1,3,5,2,2,2,2,2,2,1,2,1,1,3,1,1,1,1,1,4,1,1,1,2,3,2,1,5,1,2,2,2,1,1,1,1,1,1,1,1,1,1,2,2,3,1,1,3,3,2,3,3,3,3,3,2,5,7
1,192,13,2,1,4,4,7,1,3,5,2,2,5,6,1,2,1,2,3,1,1,2,3,3,0,1,4,1,3,1,0,3,2,2,5,1,2,1,2,1,2,3,1,2,1,1,1,1,1,3,1,2,1,1,3,3,2,3,2,2,2,3,4,2,24
1,192,14,2,1,3,4,6,1,3,5,2,2,5,6,6,3,3,2,1,1,2,2,2,1,2,1,3,1,1,1,2,1,2,2,4,2,1,2,3,1,2,2,1,1,3,1,1,0,3,2,1,4,2,1,3,3,2,3,3,2,2,3,5,2,85
1,192,15,2,1,3,4,6,1,3,5,2,2,5,4,2,2,1,2,1,1,3,2,1,1,2,1,4,1,1,1,1,1,2,1,4,1,2,2,2,3,2,2,1,2,1,2,1,2,1,2,1,1,2,2,2,2,2,3,3,2,2,2,5,3,20
1,192,16,2,1,3,4,6,1,3,5,2,2,5,3,2,2,1,2,2,2,1,5,1,1,1,1,2,2,2,1,1,2,2,1,4,1,2,2,3,3,2,2,1,1,1,1,2,1,2,1,2,1,1,1,2,3,1,3,1,3,3,3,2,3,22
1,192,17,2,1,2,4,6,1,3,5,2,2,5,4,4,1,1,2,1,1,1,2,3,1,3,2,3,1,4,2,1,2,3,2,3,1,1,2,3,1,1,2,1,1,1,1,2,1,1,3,1,1,1,1,3,3,2,3,3,3,3,3,1,3,9
1,192,18,2,1,4,4,7,1,3,5,2,2,4,4,3,2,1,2,2,1,2,2,3,2,1,2,4,2,1,2,1,2,3,2,5,1,2,3,2,2,1,2,1,1,1,2,2,1,2,1,1,4,2,2,3,3,2,3,2,3,3,2,4,3,3
1,192,19,2,1,5,4,8,1,3,5,2,2,5,2,2,1,1,3,1,1,3,1,3,1,1,1,3,1,2,1,2,1,1,1,2,1,2,2,3,1,2,2,1,1,1,1,2,2,1,1,1,3,1,2,3,2,1,3,2,1,2,1,5,1,33
1,192,20,2,1,2,4,7,1,3,5,2,2,5,2,2,2,2,2,2,1,2,2,1,1,3,1,4,1,2,2,2,1,2,1,2,1,4,2,2,1,2,2,1,1,1,1,1,1,1,3,2,3,1,1,3,3,0,3,3,3,3,2,5,1,66
1,192,21,2,2,3,4,6,1,3,5,2,2,5,2,2,1,2,2,4,1,4,2,2,1,2,1,4,1,3,1,3,2,4,2,4,3,3,2,2,1,2,2,1,3,1,1,2,2,3,1,2,2,1,1,3,3,2,3,1,3,3,3,2,1,12
1,192,22,2,2,3,4,6,1,3,5,2,2,5,2,2,2,3,2,3,3,1,3,3,2,3,2,4,1,1,3,2,2,4,2,5,2,2,1,3,1,1,2,1,2,2,3,2,3,2,3,2,1,1,3,2,1,2,3,1,3,2,1,5,1,79
1,192,23,2,1,3,4,7,1,3,5,2,2,5,2,2,1,2,2,1,1,2,1,1,1,3,1,4,1,1,1,2,1,2,1,4,1,2,2,2,2,2,2,2,1,1,2,1,1,2,2,1,3,1,1,3,3,2,3,2,3,2,2,5,1,41
1,192,24,2,1,3,4,6,1,3,5,2,2,5,6,2,5,2,2,2,1,2,2,1,1,2,1,4,1,1,1,2,2,2,2,3,1,2,2,2,1,2,2,1,1,1,1,2,1,2,3,2,2,1,1,3,3,2,3,3,3,3,0,3,5,45
1,192,25,2,1,1,5,7,1,3,5,2,2,5,6,6,2,1,2,1,1,3,3,3,3,1,1,4,1,3,3,2,3,2,2,3,1,2,2,2,1,2,2,1,1,1,2,1,1,1,3,2,3,1,1,3,3,2,3,3,3,3,3,4,4,6
1,192,26,2,1,3,5,7,1,3,5,2,2,5,6,1,2,1,2,1,1,2,3,1,1,2,1,4,1,1,2,0,1,1,1,3,1,2,2,2,1,2,2,1,0,1,2,2,1,1,3,2,3,2,2,2,2,2,3,2,2,1,1,5,4,5
1,192,27,2,2,2,5,8,1,3,5,2,2,4,4,4,2,2,3,3,2,2,2,1,1,2,1,3,2,2,3,2,1,1,1,2,1,1,2,2,2,2,2,1,1,0,1,2,1,1,2,2,3,2,1,3,3,2,2,2,3,3,3,2,4,24
1,192,28,2,1,3,5,6,1,3,5,2,2,5,6,6,2,3,2,2,1,2,2,1,1,2,2,3,2,1,2,1,2,2,2,3,2,1,2,2,1,2,3,1,3,3,2,1,1,1,2,2,1,2,1,3,3,2,3,3,3,3,3,2,2,65
1,192,29,2,1,5,5,6,1,3,5,2,2,5,2,2,5,3,2,4,2,2,3,1,2,3,2,4,1,4,1,2,1,1,1,3,1,1,1,2,2,3,3,2,2,1,2,1,1,0,2,2,1,2,1,3,3,1,3,1,2,3,3,5,2,82
1,192,30,2,1,3,5,6,1,3,5,2,2,5,6,6,2,1,2,2,1,2,2,3,1,3,1,4,1,1,1,2,3,3,2,3,3,2,2,3,1,2,2,1,1,1,1,1,1,1,2,2,2,1,1,3,3,2,3,2,3,3,3,6,2,19
1,192,31,2,2,3,5,6,1,3,5,2,2,5,6,6,2,1,2,2,1,2,1,3,1,3,1,4,1,1,1,2,3,2,2,3,3,2,2,3,1,2,2,1,2,1,1,1,1,1,2,2,2,1,1,3,3,2,3,2,3,3,3,6,2,2
1,192,32,2,1,3,5,6,1,3,5,2,2,5,6,5,5,1,2,2,1,2,1,3,1,1,2,4,1,1,1,2,1,2,1,3,1,2,3,3,1,2,2,1,1,1,2,2,1,1,1,2,2,1,1,2,3,2,3,2,3,3,2,4,2,45
1,192,33,2,1,3,5,8,1,3,5,2,2,5,7,6,1,1,3,2,1,2,2,1,1,2,1,4,2,1,1,2,1,1,0,2,1,1,2,0,1,2,2,1,0,1,2,2,2,1,3,1,3,1,1,3,3,3,3,3,2,2,2,1,2,95
1,192,34,2,2,2,5,6,1,3,5,2,2,5,6,6,1,1,2,1,1,2,2,1,1,1,1,4,1,1,1,3,2,2,2,2,1,1,2,2,1,2,2,1,3,1,2,2,2,1,3,2,2,1,1,3,3,3,3,2,3,3,2,5,2,87
1,192,35,2,1,2,5,6,1,3,5,2,2,5,6,6,2,1,2,1,1,2,2,1,1,3,1,3,2,1,2,1,2,3,2,3,2,2,2,2,1,2,2,1,1,1,1,1,1,1,2,2,2,1,2,2,3,1,2,2,2,2,2,2,2,76
1,192,36,2,1,3,5,7,1,3,5,2,2,3,2,2,2,1,2,1,1,2,1,3,1,2,2,4,1,3,3,1,2,2,2,3,2,2,1,2,1,3,4,2,2,1,1,1,1,1,2,2,1,2,1,3,3,2,3,2,2,3,2,2,2,29
1,192,37,2,1,2,5,7,1,3,5,2,2,5,6,6,2,1,2,1,1,2,2,1,1,3,1,4,2,1,1,2,3,3,2,2,2,1,2,2,2,1,2,1,1,1,1,2,1,1,2,2,3,2,1,3,3,2,3,2,2,1,2,5,2,36
1,192,38,2,1,2,5,6,1,3,5,2,2,4,4,4,4,4,2,4,2,1,4,3,2,3,2,3,2,3,2,1,2,4,2,5,1,1,2,2,1,3,2,1,3,1,2,2,2,2,2,2,1,4,1,3,3,2,3,3,3,3,2,4,3,14
1,192,39,2,1,3,5,7,1,3,5,2,2,5,3,3,2,3,2,2,2,1,2,3,1,2,2,4,1,2,2,1,2,4,2,4,1,1,2,2,1,2,2,1,1,1,1,1,1,2,3,1,1,1,1,3,3,2,3,3,3,3,3,5,3,0
1,192,40,2,1,3,5,7,1,3,5,2,2,5,3,1,4,2,2,2,1,1,2,3,2,3,2,3,2,3,2,1,3,4,2,4,1,1,2,2,1,2,2,1,3,3,1,1,2,2,2,2,1,2,2,2,3,3,3,2,3,3,3,3,3,13
1,192,41,2,1,3,5,6,1,3,5,2,2,5,3,2,1,2,2,2,1,2,3,1,1,2,1,3,1,2,2,1,2,3,2,5,2,1,2,3,1,2,2,1,1,1,1,1,2,1,2,2,4,1,1,3,2,2,3,2,3,3,3,5,3,27
1,192,42,2,1,3,5,6,1,3,5,2,2,5,3,3,2,1,2,2,0,1,2,3,2,2,2,2,1,2,2,1,1,2,2,4,1,2,2,3,2,2,2,1,1,1,2,2,3,2,2,1,1,1,1,3,2,2,3,2,3,3,2,4,3,16
1,192,43,2,1,2,5,8,1,3,5,2,2,4,2,2,3,1,3,1,1,3,1,3,1,1,2,4,2,1,2,2,1,1,1,2,1,1,2,2,1,2,2,1,1,1,1,1,1,1,3,1,4,1,1,3,3,3,3,2,3,3,2,5,1,76
1,192,44,2,2,3,5,7,1,3,5,2,2,6,2,2,2,2,2,2,1,4,2,3,1,3,2,3,1,4,1,3,3,2,2,4,1,2,2,2,1,2,2,1,1,1,1,2,1,1,2,2,2,1,2,2,2,1,3,2,3,2,2,2,1,52
1,192,45,2,2,2,5,7,1,3,5,2,2,6,2,2,2,2,2,2,2,2,2,1,1,2,1,3,2,2,2,2,3,1,2,3,3,2,2,2,1,2,2,1,3,1,1,1,3,1,3,1,1,2,1,2,2,2,3,2,2,2,3,4,1,44
1,192,46,2,2,2,5,6,1,3,5,2,2,5,6,6,1,1,2,2,1,4,2,3,1,1,1,4,1,2,1,2,3,3,1,4,2,2,2,3,1,2,2,2,1,1,2,1,3,1,1,1,1,1,3,3,2,3,3,1,3,2,3,1,1,80
1,192,47,2,2,3,5,6,1,3,5,2,2,6,6,6,3,4,2,3,1,1,4,3,2,2,1,4,1,3,4,2,2,2,1,4,1,4,1,1,1,3,4,3,2,1,1,2,1,2,3,2,1,1,2,3,3,2,3,2,3,3,3,5,1,87
1,192,48,2,2,2,5,6,1,3,5,2,2,5,1,1,2,1,2,2,1,4,2,3,1,1,1,4,1,4,2,2,3,2,1,3,3,3,2,2,2,5,3,4,1,1,1,2,1,1,2,2,2,2,1,3,3,1,3,2,3,3,2,5,1,86
1,192,49,2,2,2,5,7,1,3,5,2,2,4,1,1,2,3,2,2,1,2,3,3,3,1,2,3,1,3,3,2,3,2,1,3,2,2,2,2,1,5,2,4,3,1,1,1,1,1,2,2,1,1,1,3,3,2,3,3,3,3,3,2,1,67
1,192,50,2,2,2,5,6,1,3,5,2,2,5,7,2,2,2,2,2,1,4,2,1,1,1,1,4,2,1,1,2,3,3,2,3,1,1,2,2,1,2,2,1,1,1,1,1,1,1,2,2,1,1,2,3,3,2,3,3,3,3,3,2,5,14
1,192,51,2,1,3,5,6,1,3,5,2,2,5,6,2,2,1,2,1,1,2,1,1,1,2,1,0,1,1,1,2,3,2,2,3,1,1,2,2,1,2,2,1,1,1,1,1,1,1,2,1,2,1,1,3,3,2,3,2,3,3,0,4,5,5
1,192,52,2,1,3,5,6,1,3,5,2,2,5,5,2,1,1,2,1,1,4,1,1,1,1,1,4,1,1,1,2,1,2,2,4,1,1,2,2,1,2,2,1,1,1,1,1,1,1,2,2,2,1,2,3,2,1,3,2,3,3,3,5,5,4
1,192,53,2,1,3,5,6,1,3,5,2,2,5,7,2,1,1,2,1,1,3,2,1,1,1,1,4,1,1,1,2,2,3,2,3,1,1,2,3,1,2,2,1,1,1,1,2,3,1,2,1,4,1,1,2,3,2,3,1,3,2,2,3,5,17
1,192,54,2,2,2,5,6,1,3,5,2,2,4,5,2,5,1,2,2,1,2,2,1,1,2,2,4,2,1,1,2,1,1,1,3,1,2,2,2,2,2,2,1,1,1,2,2,1,1,1,2,1,1,2,3,3,2,2,2,3,2,2,6,5,25
1,192,55,2,2,3,5,6,1,3,5,2,2,5,7,1,2,2,2,2,1,4,2,1,2,3,2,2,1,1,2,2,3,3,2,4,1,2,2,2,2,2,2,1,3,1,1,1,1,1,2,1,4,1,1,2,3,2,2,2,2,2,2,2,5,21
1,192,56,2,2,2,5,6,1,3,5,2,2,5,7,2,2,2,2,2,1,2,3,1,1,1,1,4,1,1,2,1,2,2,1,2,1,2,1,3,2,2,2,1,2,1,1,1,1,1,2,2,2,2,2,3,2,1,3,1,2,3,2,5,5,13
1,192,57,2,2,3,5,7,1,3,5,2,2,5,5,2,5,1,2,2,1,2,2,1,1,1,2,4,2,1,1,2,1,1,1,3,1,2,2,3,2,3,3,1,1,1,2,2,1,1,1,2,1,1,2,3,3,2,2,2,3,2,2,6,5,24
1,192,58,2,2,2,5,6,1,3,5,2,2,4,5,2,2,1,2,1,1,2,2,1,1,1,2,4,1,1,1,2,2,2,2,4,1,1,2,2,1,2,3,1,2,1,1,1,1,1,2,2,4,1,1,3,3,2,3,3,3,3,3,5,5,11
1,192,59,2,1,2,5,7,1,3,5,2,2,5,5,1,2,1,2,1,1,1,1,1,1,3,1,3,1,2,1,1,3,1,1,3,1,2,2,2,1,2,3,2,1,1,1,2,1,1,1,2,4,1,1,3,2,2,3,2,2,3,2,5,5,6
1,192,60,2,1,2,1,6,1,3,5,2,2,2,2,2,3,3,2,3,2,1,3,1,1,1,1,4,1,4,1,1,1,1,1,3,2,2,1,2,1,2,2,1,1,1,1,1,1,2,2,1,1,1,1,3,2,3,3,2,3,3,3,5,2,32
1,192,61,2,1,2,1,7,1,3,5,2,2,2,2,2,2,1,2,1,1,2,2,3,1,1,1,4,1,2,1,2,1,1,1,3,1,2,2,2,2,2,2,1,1,1,1,2,1,1,2,2,3,2,1,2,3,2,3,2,2,2,2,5,2,15
1,192,62,2,2,2,6,7,1,3,5,0,2,5,7,2,2,2,0,2,0,2,2,1,1,1,1,1,2,1,1,2,1,2,2,2,1,1,2,2,1,2,2,1,1,1,2,2,1,1,2,2,2,2,1,3,3,2,3,2,3,2,2,2,5,26
1,192,63,2,2,2,7,7,1,3,5,1,2,5,5,5,2,1,1,1,1,2,2,3,1,2,2,3,2,1,1,2,0,3,2,3,1,1,2,3,2,2,2,2,1,1,2,2,1,2,2,2,2,2,1,3,2,2,3,2,3,3,2,5,5,0
1,192,64,2,1,2,7,5,1,3,5,1,2,4,2,2,1,1,2,2,1,2,1,1,1,2,2,4,2,1,1,3,0,2,0,3,1,1,2,2,1,2,3,1,1,1,1,1,1,1,2,1,3,1,3,3,2,2,3,2,2,2,3,5,5,22
1,192,65,2,1,2,7,6,1,3,5,1,2,2,2,2,1,2,2,1,1,2,5,3,1,1,1,3,2,1,1,2,2,2,1,3,1,1,2,2,1,2,2,1,3,1,1,1,1,1,1,2,3,1,1,3,2,2,3,3,3,3,3,5,5,9
1,192,66,2,1,3,7,7,1,3,5,1,2,5,6,2,2,1,2,2,1,2,1,1,1,1,1,3,2,2,2,2,2,3,2,3,1,2,2,3,1,2,2,1,1,1,1,1,1,1,2,2,3,1,1,3,3,2,3,3,3,3,3,5,5,12
1,192,67,2,2,0,5,7,1,3,5,0,2,5,2,2,0,1,1,0,1,1,3,3,0,0,0,0,1,2,1,0,1,1,1,0,1,1,0,0,1,0,3,2,2,1,2,2,1,1,2,1,0,1,1,3,3,2,3,3,2,3,2,0,1,0
1,192,68,2,2,2,7,7,1,3,5,1,2,5,6,6,1,1,2,1,1,3,2,1,1,1,1,4,1,1,3,2,3,2,2,3,2,1,2,3,2,2,2,1,3,1,2,1,1,1,2,2,2,1,1,3,3,2,3,3,3,3,2,5,2,89
1,192,69,2,1,3,7,6,3,3,4,1,2,5,2,2,1,1,2,1,1,2,1,1,1,1,1,4,1,1,1,2,1,2,1,3,1,3,2,2,1,2,2,1,1,1,1,1,1,1,2,1,2,1,1,3,3,2,3,2,2,3,3,5,1,18
1,192,70,2,3,2,7,6,1,3,5,1,2,6,6,6,1,1,2,1,1,3,2,3,1,3,1,3,2,2,1,2,1,1,1,2,1,1,1,2,2,2,2,1,1,1,1,1,3,1,2,2,2,1,1,3,3,2,3,3,2,3,3,6,2,8
1,192,71,2,3,2,7,8,1,3,5,1,2,5,6,6,2,1,1,2,1,3,1,3,1,1,2,4,1,2,1,2,2,4,2,4,2,2,2,2,1,1,2,1,1,1,1,1,1,1,2,1,3,1,1,3,3,2,3,2,3,3,3,3,2,5
1,192,72,2,1,2,7,4,1,3,5,1,2,5,6,6,1,1,2,1,1,4,1,1,1,1,1,4,1,1,1,2,1,1,1,1,1,1,2,2,1,1,1,1,1,1,1,1,1,1,2,2,3,1,1,3,3,2,3,3,3,3,3,5,2,50
1,192,73,2,2,3,7,6,1,3,5,1,2,5,6,5,5,1,2,2,2,2,2,3,3,0,1,3,2,1,2,2,1,1,1,2,3,2,0,2,2,2,2,1,1,1,1,1,1,1,2,2,2,2,2,2,2,2,3,2,3,3,0,6,4,3
1,192,74,2,1,3,7,7,3,3,4,1,2,5,7,7,2,2,2,3,2,1,1,3,3,2,2,4,2,2,1,1,2,4,2,3,1,2,2,2,1,2,2,1,2,2,1,2,1,1,3,2,2,2,1,3,2,2,3,3,3,3,3,5,2,44
1,192,75,2,3,1,7,6,1,3,5,1,2,5,6,6,1,1,1,1,1,4,1,1,1,1,2,4,2,1,1,2,1,1,1,2,3,1,2,2,2,2,2,1,1,1,2,1,1,1,2,1,1,1,1,3,3,2,3,1,3,2,3,4,2,99
1,192,76,2,1,3,6,6,1,3,5,1,2,2,2,2,5,1,2,1,1,3,1,1,1,2,2,4,1,1,1,2,1,1,1,3,2,2,2,2,1,1,1,1,1,1,1,2,1,1,2,2,2,1,1,3,2,1,3,1,3,3,3,5,2,39
1,192,77,2,2,4,6,6,1,3,5,1,2,6,6,6,5,1,2,2,1,2,4,2,2,3,2,4,1,2,3,2,1,2,1,2,1,1,1,2,3,1,2,1,1,1,2,1,3,1,1,2,0,1,1,3,3,1,3,2,3,3,3,5,2,6
1,192,78,2,2,2,6,6,1,3,5,1,2,5,6,6,1,1,2,1,1,2,2,1,1,1,1,3,2,1,1,2,1,1,1,2,1,2,2,2,2,2,2,1,1,1,1,1,2,1,2,2,3,1,1,3,3,2,1,3,3,2,2,5,2,25
1,192,79,2,2,2,6,6,1,3,5,1,2,5,6,6,1,1,2,2,1,4,1,1,1,1,2,4,2,1,1,3,3,3,1,2,3,1,2,2,1,1,2,1,1,1,2,2,2,1,2,1,2,1,1,3,3,2,3,3,3,1,2,4,2,46
1,192,80,2,2,2,6,7,1,3,5,1,2,5,2,2,5,1,2,4,1,4,1,3,1,2,2,4,2,3,3,3,3,2,1,4,1,4,2,2,1,3,3,1,2,1,1,1,1,1,1,2,3,1,1,3,3,1,3,2,3,2,1,5,1,73
1,192,81,2,2,2,6,8,1,3,5,1,2,5,2,2,1,1,1,2,1,2,2,3,1,2,1,4,2,2,2,3,3,2,1,2,3,2,2,2,1,2,3,1,2,1,1,2,1,0,2,1,2,1,2,3,3,2,3,2,3,3,3,2,1,49
1,192,82,2,3,1,6,6,1,3,5,1,2,5,2,2,1,1,1,2,1,3,1,1,1,1,0,0,1,1,1,2,0,1,1,2,1,1,3,2,1,2,2,1,1,1,1,2,1,1,2,2,3,1,1,3,3,2,3,2,3,3,3,4,1,6
1,192,83,2,1,3,6,0,1,3,5,1,2,5,2,2,1,3,2,2,2,2,3,1,1,1,2,4,2,2,2,1,3,1,1,2,1,1,2,2,1,2,2,1,3,2,1,1,2,2,2,3,3,3,1,3,3,2,3,2,3,3,2,5,1,45
1,192,84,2,1,3,6,7,1,3,5,1,2,4,2,2,1,2,2,2,1,3,2,3,3,1,1,4,1,2,2,2,1,1,1,2,1,2,2,2,1,2,2,1,1,1,1,2,2,1,2,2,3,1,1,3,3,2,3,2,3,3,3,6,1,8
1,192,85,2,1,3,6,6,1,3,5,1,2,5,6,6,2,3,2,3,1,1,4,3,2,0,2,3,2,1,3,2,1,1,1,3,1,3,2,2,0,2,2,1,1,1,2,1,1,1,1,2,1,0,2,3,3,1,3,2,3,1,3,5,1,1
1,192,86,2,2,2,6,7,1,3,5,1,2,6,7,2,3,2,2,2,1,1,3,2,1,3,1,4,2,4,3,2,1,2,1,5,2,4,1,2,1,2,0,1,2,2,2,2,1,1,3,2,3,1,1,3,3,3,3,2,3,3,3,5,1,93
1,192,87,2,1,3,6,7,1,3,5,1,2,4,2,2,5,4,2,3,3,1,4,3,2,2,3,3,3,4,5,2,3,2,2,5,1,2,2,2,2,2,3,2,3,3,1,1,1,2,2,2,2,2,2,3,3,2,3,2,3,3,3,5,1,56
1,192,88,2,1,1,7,6,1,3,5,2,2,5,6,5,1,1,2,1,1,1,4,3,2,0,2,4,1,1,4,2,1,4,2,1,2,2,2,2,1,2,2,1,1,1,1,1,1,2,3,1,3,1,2,3,3,3,3,3,3,3,0,5,4,13
1,192,89,2,2,2,7,6,1,3,5,2,2,5,6,6,1,1,2,2,1,2,2,1,3,1,2,4,1,1,3,2,1,1,1,2,1,1,2,2,2,1,1,1,1,1,2,2,2,1,1,2,3,1,1,3,2,2,2,2,2,3,1,1,4,16
1,192,90,2,2,2,7,6,1,3,5,2,2,5,6,6,2,1,0,1,1,2,2,1,1,1,2,3,1,1,2,2,1,1,1,3,1,2,2,2,1,2,1,1,1,1,2,2,1,1,2,2,1,2,1,2,3,2,3,1,3,2,2,6,4,7
1,192,91,2,1,2,7,7,1,3,5,2,2,5,5,5,1,1,2,3,1,1,4,3,2,2,2,4,2,3,4,2,1,1,1,4,1,1,1,2,1,1,2,2,1,2,2,1,1,1,2,2,2,3,1,3,3,3,3,3,3,3,3,5,4,15
1,192,92,2,2,2,7,7,1,3,5,2,2,5,6,5,1,2,2,2,1,2,2,1,1,1,2,4,1,1,2,2,1,2,1,2,1,2,2,2,1,2,2,1,1,1,2,1,1,1,2,2,2,1,1,3,3,2,3,2,3,3,3,4,4,20
1,192,93,2,3,1,7,6,1,3,5,2,2,5,6,1,1,1,1,4,1,2,4,3,1,1,1,3,1,1,1,0,3,0,2,0,3,1,1,2,3,5,0,4,2,1,1,1,3,1,3,1,3,1,1,3,3,2,3,2,3,1,3,5,2,7
1,192,94,2,2,2,7,6,1,3,5,2,2,5,6,6,1,1,2,3,1,2,3,1,1,1,0,4,1,1,1,1,2,3,2,3,2,1,2,2,1,2,2,1,1,1,1,1,2,1,2,2,1,1,1,3,3,2,2,2,3,3,2,1,2,67
1,192,95,2,2,3,7,7,3,3,4,2,2,5,6,6,2,2,2,2,1,2,2,3,1,1,1,4,1,1,2,3,2,4,2,3,2,1,2,2,1,2,2,1,3,1,1,2,1,1,2,1,2,3,2,3,2,2,2,1,3,3,1,5,2,40
1,192,96,2,1,2,7,7,4,3,4,2,2,5,6,1,2,2,2,1,1,1,2,3,1,1,1,4,1,1,1,2,2,1,1,3,2,4,1,3,1,2,3,1,1,1,1,2,1,1,2,2,4,1,1,3,3,0,3,2,3,3,3,5,1,51
1,192,97,2,2,5,7,5,1,3,5,2,2,5,2,2,5,4,1,3,1,3,4,3,1,1,2,3,2,4,3,3,3,3,2,5,1,1,2,2,1,2,3,1,3,1,1,2,0,2,0,2,2,1,2,3,2,1,3,1,3,3,2,5,1,77
1,192,98,2,2,2,7,6,1,3,5,2,2,5,2,2,5,2,2,2,2,1,4,3,3,2,0,4,2,1,1,2,1,1,1,4,1,2,2,3,1,2,2,1,1,0,1,3,0,2,0,1,1,1,1,3,3,1,3,1,3,3,0,1,1,74
1,192,99,2,1,0,7,5,1,3,5,2,2,5,2,1,2,2,2,2,1,2,2,1,1,3,1,4,1,1,2,2,3,2,2,2,1,1,2,2,1,2,2,1,3,1,1,1,3,1,1,2,4,1,1,3,3,3,3,3,3,3,3,2,1,50
1,192,100,2,1,2,7,7,3,3,1,2,2,5,2,2,1,1,2,1,1,1,1,1,1,1,1,4,1,1,1,2,1,1,1,1,2,2,2,2,1,2,2,1,2,1,1,2,3,1,3,1,2,1,1,3,3,1,3,1,3,3,3,4,1,97
1,192,101,2,1,2,6,6,1,3,5,2,2,5,6,6,2,1,2,1,1,4,1,1,1,1,2,4,1,1,1,2,2,2,1,5,1,1,2,2,1,2,2,1,1,1,1,2,1,1,2,1,3,1,1,3,3,2,3,2,2,2,3,5,2,96
1,192,102,2,1,3,6,6,1,3,5,2,2,2,2,2,2,3,2,4,1,4,3,1,1,1,2,4,1,4,5,2,2,3,1,4,1,1,2,2,2,2,2,1,1,1,1,1,3,2,2,1,1,2,1,3,3,2,3,3,3,3,3,5,2,35
1,192,103,2,2,1,6,7,1,3,5,2,2,5,6,6,3,1,2,1,1,1,1,3,1,3,1,4,1,1,1,3,1,1,1,2,2,1,1,2,1,1,2,1,1,1,1,2,1,1,3,1,2,1,1,3,3,1,3,3,3,3,3,5,2,47
1,192,104,2,2,3,6,6,1,3,5,2,2,5,6,6,1,1,2,2,1,2,1,3,1,1,1,4,1,1,1,2,3,2,1,3,3,2,2,3,1,2,2,1,2,1,1,2,2,1,2,2,3,1,1,3,3,3,3,3,3,3,3,6,2,3
1,192,105,2,1,1,6,7,1,3,5,2,2,5,6,6,2,1,2,1,1,2,2,1,1,3,1,4,2,2,2,3,3,2,2,3,3,1,2,2,1,2,3,1,3,1,1,2,1,1,2,1,1,1,3,2,2,1,2,2,2,2,2,4,2,97
1,192,106,2,2,2,6,6,1,3,5,2,2,4,6,6,2,1,2,2,2,4,3,1,1,1,2,3,2,1,2,2,3,1,1,2,1,2,2,2,1,1,2,1,1,1,2,2,3,1,2,1,3,2,1,3,3,2,3,3,3,3,2,5,2,33
1,192,107,2,2,2,6,8,1,3,5,2,2,4,4,4,2,2,3,2,1,3,2,3,1,1,1,3,2,4,2,2,1,1,1,0,1,1,0,2,1,2,0,0,0,1,1,2,3,1,2,2,4,2,1,3,3,3,3,2,2,3,2,6,1,35
1,192,108,2,2,2,6,6,1,3,5,2,2,5,2,2,2,1,2,2,2,3,2,1,1,1,1,3,2,1,1,2,1,2,2,3,1,1,2,3,1,2,2,1,1,1,1,2,1,1,1,1,4,1,1,3,3,2,3,2,3,2,2,5,1,53
1,192,109,2,2,2,6,6,1,3,5,2,2,5,2,2,2,2,2,4,1,4,3,3,1,0,1,3,1,1,1,2,0,2,1,3,1,3,3,2,1,2,2,1,1,1,2,2,1,1,1,3,1,3,1,3,3,2,2,2,3,3,3,5,1,43
1,192,110,2,1,3,6,8,1,3,5,2,2,4,2,2,2,3,4,3,1,3,2,3,1,3,1,3,1,2,1,0,3,1,2,3,1,3,2,2,1,2,2,1,2,1,1,2,1,1,2,1,1,1,1,3,3,1,3,2,1,3,2,5,1,11
1,192,111,2,1,3,6,6,1,3,5,2,2,4,2,2,1,3,2,2,1,1,2,1,1,1,2,4,1,2,2,2,3,2,2,0,1,1,2,3,1,2,0,1,2,1,1,2,1,1,2,0,1,1,1,3,2,3,3,3,3,3,3,5,1,84
1,192,112,2,1,3,6,6,1,3,5,2,2,5,2,1,2,1,2,1,1,3,1,1,1,1,1,3,1,1,1,2,3,1,1,5,1,4,2,2,1,2,2,1,1,1,1,1,1,1,3,2,1,1,1,3,3,2,3,3,3,3,3,6,5,36
1,192,113,2,3,2,6,8,1,3,5,2,2,5,7,2,2,1,1,1,1,2,2,2,1,3,1,3,2,1,1,0,0,0,0,2,1,1,2,2,1,2,2,1,1,1,1,2,1,1,2,2,3,1,1,2,3,2,3,2,2,2,2,2,5,28
1,192,114,2,1,2,6,6,1,3,5,2,2,5,2,1,3,1,2,1,1,2,1,1,1,1,1,3,1,1,1,2,3,1,1,5,1,3,2,2,1,1,1,1,1,1,1,1,1,1,2,2,1,1,1,3,3,2,3,3,3,3,3,6,5,19
1,192,115,2,1,3,6,6,1,3,5,2,2,5,7,2,2,1,2,2,1,2,2,1,1,1,2,4,2,1,2,2,2,3,2,4,1,2,2,3,1,2,3,2,1,1,1,1,1,1,2,2,2,1,1,2,2,2,3,2,3,2,2,4,5,37
1,192,116,2,1,4,6,6,2,1,1,1,4,4,5,2,2,1,2,4,1,1,1,1,1,2,1,4,1,3,5,1,2,4,2,5,1,1,2,3,1,2,2,1,1,1,1,1,1,1,2,2,1,3,1,3,3,2,3,3,3,3,3,6,5,40
1,192,117,2,1,2,4,8,2,1,4,1,4,4,2,1,2,3,2,2,1,3,2,3,2,3,1,4,1,1,1,2,3,3,2,5,1,3,2,2,2,1,2,1,1,1,1,2,1,2,2,2,1,1,1,2,3,2,1,1,3,3,1,5,5,35
1,192,118,2,1,2,5,7,2,2,4,1,4,5,0,6,2,2,2,1,1,2,5,3,1,2,2,4,1,1,1,2,2,4,2,3,3,2,2,2,2,2,2,1,3,3,1,1,2,1,1,2,1,1,1,2,3,1,3,2,2,3,2,1,2,66
1,192,119,2,3,2,0,7,1,3,5,1,2,5,6,6,2,1,1,1,1,4,1,1,1,1,1,2,2,1,1,2,1,1,1,1,3,2,2,2,1,2,2,1,3,1,1,2,1,1,2,2,2,1,1,3,3,2,3,2,2,2,3,5,2,94
1,192,120,2,1,2,0,8,1,3,5,1,2,5,7,7,2,1,4,1,1,3,1,1,1,1,1,3,2,1,2,3,2,2,2,2,1,2,2,2,1,2,2,2,2,1,1,2,2,1,2,2,2,1,2,3,3,2,3,3,2,2,2,5,2,13
1,192,121,2,1,2,6,7,2,1,4,2,4,5,6,6,3,1,2,2,1,2,2,1,1,1,1,4,1,1,1,2,3,3,1,3,2,1,2,2,1,2,2,1,2,1,1,1,2,1,3,1,1,1,1,3,3,3,3,3,3,3,3,5,2,74
1,192,122,2,1,2,6,6,2,2,4,2,4,5,6,6,1,2,2,1,1,2,2,2,1,3,2,4,2,2,3,1,2,4,2,3,3,1,2,2,2,2,2,1,1,1,2,2,2,1,2,1,3,2,1,3,3,2,3,2,3,3,3,5,2,27
1,192,123,2,1,3,6,7,2,2,4,2,4,5,2,2,4,4,2,3,3,2,4,3,2,2,2,4,2,4,2,2,2,2,2,3,1,1,2,2,1,2,2,1,2,1,1,1,1,2,0,2,1,4,1,3,3,2,3,2,3,3,2,5,1,5
1,192,124,2,1,5,6,6,2,1,4,2,4,5,2,2,1,2,2,2,1,3,2,1,1,1,1,4,1,2,2,2,1,2,1,2,1,1,1,2,1,1,2,1,2,1,1,1,1,1,3,2,3,1,1,3,3,2,3,3,3,3,3,5,1,15
1,192,125,2,1,3,2,7,2,2,4,2,4,4,2,2,4,3,2,2,1,1,3,1,2,3,2,4,2,3,2,1,2,3,1,5,2,2,2,2,1,2,3,1,2,2,1,2,3,2,2,1,4,3,1,2,2,1,3,2,3,2,2,5,2,64
1,192,126,2,1,2,2,6,2,2,4,2,4,5,2,1,2,1,2,1,1,3,1,1,1,1,1,4,1,1,1,2,3,2,2,4,1,1,2,3,2,3,3,1,2,1,1,1,1,1,2,2,1,1,2,2,3,2,3,1,3,3,1,3,5,10
1,192,127,2,1,3,3,8,2,2,4,2,4,5,6,6,2,1,2,4,1,1,3,1,1,1,1,4,1,1,4,2,1,1,1,1,1,1,2,2,1,1,2,1,1,1,1,1,1,1,1,1,3,1,1,3,3,2,3,1,2,3,3,5,4,23
1,192,128,2,1,3,3,6,2,2,4,2,4,5,6,6,2,2,2,2,1,2,2,1,1,3,2,4,2,1,1,3,2,4,2,3,1,2,2,3,2,2,2,1,1,1,2,2,3,1,2,1,2,1,2,1,3,2,3,2,3,3,1,5,2,75
1,192,129,2,1,2,3,6,2,2,4,2,4,4,5,4,5,1,2,3,1,1,3,3,1,0,1,4,2,3,1,2,3,2,1,3,2,2,2,2,1,2,0,0,1,1,1,2,1,1,3,1,4,1,2,3,3,2,3,2,3,2,2,5,1,3
1,192,130,2,1,2,3,6,2,2,4,2,4,5,2,2,2,2,2,2,1,1,3,3,2,3,2,3,2,4,3,2,1,2,2,3,1,3,2,2,2,2,2,1,3,3,2,2,1,3,2,1,1,3,2,3,3,2,2,3,2,3,1,5,1,4
1,192,131,2,1,3,3,7,2,2,4,2,4,5,2,2,2,3,2,3,2,2,3,1,2,2,2,4,2,3,2,2,3,3,1,4,1,3,2,1,2,5,3,3,2,2,2,1,1,1,1,2,2,2,1,3,3,2,3,2,3,3,3,2,1,83
1,192,132,2,1,5,3,8,2,2,4,2,4,5,5,3,5,2,2,2,2,1,2,3,1,3,1,4,2,4,2,2,3,2,2,4,2,2,2,2,2,2,3,4,3,3,2,2,3,1,2,2,4,3,2,2,2,1,3,2,3,3,1,4,1,24
1,192,133,2,1,2,3,6,2,1,4,2,4,1,1,1,1,1,2,1,1,1,1,1,1,3,1,4,1,1,1,2,3,3,2,3,1,2,2,2,1,2,2,1,0,1,2,2,1,1,1,2,3,1,1,3,3,1,3,2,3,2,3,5,5,48
1,192,134,2,1,3,3,7,2,2,4,2,4,4,5,2,2,1,2,1,1,2,1,1,3,3,1,4,2,3,1,1,2,4,2,5,1,1,2,2,1,2,3,1,2,1,2,3,3,1,1,3,1,4,1,3,3,1,3,2,3,3,1,4,5,33
1,192,135,2,1,3,4,6,2,1,4,2,4,4,3,3,1,1,2,2,2,1,2,3,1,1,2,3,1,3,2,1,2,2,1,4,1,1,2,2,3,2,2,1,1,1,2,3,1,2,1,1,2,3,1,3,2,1,3,1,3,3,2,2,3,25
1,192,136,2,1,3,4,6,2,2,4,2,4,5,2,2,5,3,2,3,2,3,3,3,3,2,2,3,2,3,2,2,3,2,2,4,1,4,2,2,1,2,2,1,2,2,2,2,3,2,2,2,2,2,1,3,3,2,3,2,3,3,3,5,1,27
1,192,137,2,1,5,4,6,2,2,4,2,4,6,6,5,4,1,2,3,3,1,4,3,2,2,2,4,2,4,2,2,1,2,1,3,2,2,2,2,1,2,2,1,2,2,2,3,3,2,1,2,1,3,3,3,1,2,3,2,3,3,1,5,1,89
1,192,138,2,1,3,5,6,2,2,4,2,4,4,2,2,2,1,2,3,1,2,2,3,0,3,2,4,1,4,1,2,1,1,1,5,3,1,1,2,1,5,3,2,3,3,1,2,1,2,3,1,3,1,1,2,2,2,3,2,1,2,2,5,2,12
1,192,139,2,1,3,5,7,2,2,4,2,4,5,3,3,2,3,2,4,2,2,3,1,3,2,2,4,2,4,2,2,2,4,2,5,1,2,2,3,1,2,2,1,1,1,2,2,3,3,3,2,4,3,3,3,2,2,3,3,3,2,2,5,3,6
1,192,140,2,1,3,5,8,2,2,4,2,4,5,3,3,2,1,2,2,1,2,1,1,1,3,2,4,2,1,1,1,2,4,2,4,1,2,2,3,1,2,2,1,1,1,1,1,1,1,2,1,2,2,1,3,3,2,3,2,3,3,2,5,3,11
1,192,141,2,1,2,5,7,2,2,4,2,4,4,2,2,2,1,2,2,1,1,2,1,1,3,1,3,1,2,2,2,1,1,1,1,2,4,1,3,1,2,2,1,3,2,1,2,1,1,2,2,1,2,1,2,3,0,2,2,2,2,1,4,1,13
1,192,142,2,1,2,5,6,2,1,4,2,4,4,2,2,2,2,2,1,1,3,2,3,1,2,2,3,2,2,1,2,1,2,1,2,1,1,2,2,1,2,2,1,2,2,2,2,3,1,3,2,2,1,1,3,3,2,3,2,3,3,3,5,1,81
1,192,143,2,2,3,7,6,2,2,4,2,4,5,6,6,2,1,1,1,1,2,4,1,2,1,1,4,1,1,4,2,1,1,1,2,1,2,2,2,1,1,2,1,1,1,1,1,1,1,2,2,3,1,1,3,3,3,3,3,3,3,3,5,4,18
1,192,144,2,1,2,7,7,2,2,4,2,4,6,2,2,2,1,2,3,2,2,4,3,2,2,2,3,2,3,3,3,2,1,1,3,1,2,2,2,1,2,2,1,2,2,2,3,2,2,2,2,3,2,3,3,2,1,3,1,2,2,2,2,1,59
1,192,145,2,1,3,0,7,1,3,5,2,3,4,4,4,1,1,4,1,1,4,1,1,1,1,1,4,1,1,1,2,1,1,1,1,1,1,2,2,1,1,1,1,1,1,1,1,1,1,2,2,3,1,1,3,3,2,2,3,3,3,2,0,2,51
1,192,146,2,1,0,0,6,1,3,5,2,1,4,4,4,4,4,2,2,1,1,0,0,2,0,2,3,1,1,1,1,0,1,1,2,2,1,2,2,1,0,1,1,1,1,1,2,3,2,2,1,1,2,1,3,2,2,3,1,3,2,2,2,3,1
1,192,147,2,1,3,4,6,1,3,5,0,3,4,2,2,5,0,2,3,2,3,3,0,3,2,2,1,1,0,3,2,1,3,2,0,1,1,2,2,2,2,0,1,1,1,2,2,1,2,3,0,3,1,1,3,3,3,3,2,0,3,3,5,1,25
1,192,148,2,2,2,5,6,1,3,5,0,3,5,2,2,2,3,2,2,2,3,3,3,2,0,2,4,2,3,2,0,2,3,2,3,1,1,1,2,2,2,2,1,0,0,2,1,3,2,2,1,1,0,1,3,3,2,3,2,3,3,0,4,1,2
1,192,149,2,3,2,5,8,1,3,5,1,3,6,2,2,2,1,1,2,1,3,2,3,1,1,2,3,2,1,1,2,3,2,1,2,3,3,3,2,2,2,3,2,2,1,2,2,1,1,2,2,2,1,2,3,3,2,2,1,2,2,2,6,1,82
1,192,150,2,1,2,5,6,1,3,5,1,3,5,2,2,2,2,2,2,1,3,2,3,2,3,2,4,1,4,3,0,2,4,2,4,1,2,2,2,1,2,2,2,2,1,1,2,1,2,3,1,1,3,1,3,3,2,3,2,3,3,3,5,1,94
1,192,151,2,1,2,4,7,1,3,5,1,1,5,5,2,2,4,2,4,2,1,4,3,2,2,1,4,3,3,2,2,3,2,1,2,1,2,1,3,1,3,2,1,2,2,1,1,1,2,3,2,3,3,1,3,3,2,3,2,3,3,3,5,1,92
1,192,152,2,1,3,5,6,1,3,5,1,3,4,5,3,2,1,2,2,1,2,2,3,1,3,2,4,2,0,2,2,0,0,2,4,2,2,2,2,2,3,0,2,1,0,2,2,1,1,2,1,1,1,2,2,2,2,1,2,3,3,2,5,1,62
1,192,153,2,2,3,3,6,1,3,5,1,3,5,1,1,1,3,2,4,2,2,3,1,2,3,1,4,2,1,3,2,2,2,2,3,1,1,2,2,1,2,2,1,3,1,2,3,1,2,2,1,4,3,1,3,2,2,3,2,3,1,2,5,1,42
1,192,154,2,1,2,1,6,1,3,5,2,3,2,2,2,2,1,2,4,1,2,1,3,1,2,1,3,2,1,1,2,1,1,1,3,1,1,2,2,2,2,2,1,3,2,1,1,1,1,2,2,1,2,2,2,2,1,3,2,3,3,3,2,2,73
1,192,155,2,1,3,1,7,1,3,5,2,3,2,2,2,1,1,2,1,1,2,2,1,3,2,2,3,1,2,1,1,3,2,2,3,2,2,2,2,2,2,2,2,1,1,2,2,1,2,2,2,1,3,2,3,3,2,3,2,3,3,3,5,2,53
1,192,156,2,1,3,1,6,1,3,5,2,3,2,2,2,3,1,2,2,1,1,2,3,2,1,1,4,1,4,1,1,3,2,1,4,3,3,2,2,3,3,3,2,2,3,1,2,1,1,1,2,1,1,1,3,3,2,3,2,2,3,3,6,2,77
1,192,157,2,1,3,1,6,1,3,5,2,3,2,2,2,2,1,2,2,1,1,1,1,1,1,2,4,1,1,1,1,1,1,1,4,3,2,2,2,1,2,4,1,1,1,1,2,2,1,3,1,1,1,1,3,3,2,3,3,3,3,3,1,2,81
1,192,158,2,1,2,1,7,1,3,5,2,3,2,2,2,2,2,2,1,1,4,1,1,1,1,1,3,1,1,1,2,1,1,2,3,2,4,2,2,1,2,2,3,1,1,1,1,2,1,2,2,2,1,1,3,3,3,3,3,2,2,2,1,2,43
1,192,159,2,1,2,1,6,1,3,5,2,3,2,2,2,3,2,2,1,1,4,1,1,1,1,1,4,1,1,1,2,1,1,1,4,1,2,2,2,1,2,2,1,1,1,1,2,1,1,2,1,2,1,1,2,2,1,3,1,1,2,1,2,2,55
1,192,160,2,1,3,1,6,1,3,5,2,3,2,2,2,5,3,2,3,1,3,5,1,1,3,1,4,2,1,2,2,1,2,1,3,1,2,2,2,1,5,2,1,3,1,1,1,1,1,2,2,1,2,1,3,3,2,3,3,3,3,2,5,5,41
1,192,161,2,1,3,1,8,1,3,5,2,3,2,2,2,2,1,2,1,1,3,1,1,2,3,1,3,1,1,1,2,1,2,2,3,1,2,2,3,1,2,2,1,1,2,1,1,2,1,2,1,3,2,1,2,2,2,2,3,3,2,2,5,5,47
1,192,162,2,1,3,1,7,1,3,5,2,3,2,2,2,2,2,2,2,1,2,2,1,1,3,1,3,2,1,2,2,1,2,2,4,1,1,2,2,1,2,3,1,1,1,1,1,1,2,2,2,1,1,1,3,3,2,3,2,2,3,3,5,5,1
1,192,163,2,1,1,2,8,1,3,5,2,3,3,3,2,4,2,1,2,1,2,1,1,1,1,1,3,2,2,1,2,2,3,1,3,1,2,2,2,2,3,3,1,2,1,1,1,1,1,2,2,3,2,1,2,1,2,3,3,2,3,3,4,2,54
1,192,164,2,1,2,2,8,1,3,5,2,3,3,2,2,2,2,2,2,1,3,2,1,1,1,1,4,1,2,2,2,1,2,2,3,1,2,2,2,1,3,3,2,1,1,1,1,1,1,2,2,3,2,1,3,3,2,2,2,3,3,2,5,2,16
1,192,165,2,1,3,2,6,1,3,5,2,3,4,6,5,2,2,2,2,1,2,3,3,1,2,2,3,2,2,1,3,3,4,2,4,2,2,2,2,2,1,2,1,1,1,2,3,3,1,1,2,4,1,2,3,1,1,3,1,2,3,2,5,2,2
1,192,166,2,2,2,2,7,1,3,5,2,3,5,2,2,3,3,2,3,1,2,3,3,3,3,2,4,1,2,2,2,2,3,2,4,1,2,2,2,1,2,2,1,2,1,2,2,3,1,2,1,4,1,2,3,3,3,3,2,3,2,2,6,1,16
1,192,167,2,1,3,2,6,1,3,5,2,3,4,2,2,2,2,2,2,1,3,2,1,1,2,1,4,2,2,2,2,2,2,1,3,1,2,2,2,1,2,2,1,2,1,1,1,1,1,3,2,2,1,1,3,3,2,3,2,3,2,2,6,1,31
1,192,168,2,1,2,2,6,1,3,5,2,1,2,2,2,4,3,2,2,0,1,3,1,2,1,1,4,1,4,1,2,1,1,1,3,1,2,1,2,1,3,2,1,1,1,1,1,1,2,3,1,1,1,3,3,2,3,3,3,3,3,3,5,2,58
1,192,169,2,1,4,3,7,1,3,5,2,3,5,6,1,2,2,2,2,1,1,2,3,1,2,1,4,1,3,2,1,3,2,2,5,2,2,2,2,2,2,3,2,2,3,1,1,1,1,3,2,1,1,2,3,2,1,3,2,1,2,3,4,2,7
1,192,170,2,1,1,3,6,1,3,5,2,3,5,6,6,2,1,2,2,1,2,1,1,1,2,1,3,1,1,1,2,1,1,2,2,2,2,2,2,1,2,2,1,3,1,2,2,1,1,2,2,4,1,1,3,3,2,3,2,2,2,2,4,2,84
1,192,171,2,1,3,3,7,1,3,5,2,3,3,3,2,5,1,2,2,1,2,2,1,1,3,1,4,1,1,1,1,1,1,1,4,1,2,2,3,3,2,2,1,1,1,2,1,1,2,3,0,1,1,1,3,2,2,3,3,2,3,2,5,3,7
1,192,172,2,1,3,3,6,1,3,5,2,3,5,4,2,5,1,2,1,1,1,2,1,1,3,1,4,1,1,1,1,1,1,1,4,1,2,2,3,3,2,2,1,1,1,2,1,1,1,2,2,1,1,1,2,3,2,3,2,2,3,2,5,3,21
1,192,173,2,1,2,3,8,1,3,5,2,3,4,5,4,2,2,2,2,1,2,2,1,1,1,1,4,2,1,2,2,1,2,1,3,1,2,2,2,1,3,3,1,2,2,1,1,1,1,2,2,2,2,1,3,3,2,3,2,3,3,3,5,1,17
1,192,174,2,1,2,3,7,1,3,5,2,3,4,2,2,2,1,2,1,1,2,2,1,1,3,1,4,1,4,2,2,2,2,1,3,1,2,2,2,1,2,2,1,2,1,1,1,1,1,2,2,3,1,1,3,3,2,3,2,2,2,2,5,1,88
1,192,175,2,1,3,3,7,1,3,5,2,3,5,7,1,2,2,2,1,1,2,2,3,3,3,1,3,1,4,1,2,1,1,1,3,2,2,3,2,1,1,2,1,1,1,2,2,1,2,2,2,2,1,3,2,2,1,2,1,2,1,1,4,1,68
1,192,176,2,1,3,3,8,1,3,5,2,3,5,1,1,2,3,2,4,2,1,5,3,3,2,3,3,1,4,3,3,2,3,2,4,3,2,2,2,1,3,2,3,2,2,2,2,1,2,2,2,4,2,1,3,3,2,2,1,2,2,2,1,1,22
1,192,177,2,1,3,3,6,1,3,5,2,1,5,6,6,1,1,2,1,1,4,1,1,1,1,2,4,1,1,3,2,1,1,1,2,1,3,2,2,1,1,1,1,1,1,2,2,3,1,2,2,3,1,1,2,2,2,3,1,3,3,2,5,4,11
1,192,178,2,1,2,3,6,1,3,5,2,1,5,6,5,2,2,2,3,3,3,4,3,2,2,2,4,1,2,3,2,1,1,2,2,2,2,1,2,1,2,1,1,3,3,1,1,0,1,2,2,2,1,3,3,2,1,3,2,3,3,2,5,4,9
1,192,179,2,2,2,3,6,1,3,5,2,1,5,2,1,2,1,2,2,1,1,2,1,1,1,1,4,1,1,1,2,1,2,1,3,2,2,1,2,1,2,2,1,1,1,1,1,1,1,3,1,3,1,1,3,3,3,3,3,3,3,3,2,2,71
1,192,180,2,1,2,3,6,1,3,5,2,1,5,6,6,3,1,2,3,2,1,2,1,1,3,1,4,1,3,2,2,2,4,2,2,2,2,2,3,1,1,1,1,1,1,1,2,3,1,2,2,2,4,1,3,2,1,3,1,3,3,3,5,2,34
1,192,181,2,1,3,3,6,1,3,5,2,1,3,2,2,1,1,2,1,1,2,2,1,1,1,1,4,1,1,2,2,1,1,1,3,1,2,2,3,1,2,2,1,1,1,1,2,1,1,2,2,3,1,1,3,3,2,3,3,3,3,2,5,5,23
1,192,182,2,1,3,4,6,1,3,5,2,3,5,6,6,3,3,2,3,2,1,4,3,2,2,2,4,1,2,3,2,1,1,1,3,1,1,2,2,2,2,1,1,2,1,2,2,1,1,3,3,1,2,1,3,3,1,2,2,3,3,3,2,4,4
1,192,183,2,1,4,4,7,1,3,5,2,3,5,6,1,2,2,2,2,1,1,2,3,1,2,1,4,1,2,2,1,3,2,2,4,1,1,1,2,1,3,3,2,1,1,1,2,1,1,2,2,4,2,2,3,3,2,2,3,3,3,3,2,2,9
1,192,184,2,1,3,4,6,1,3,5,2,3,5,6,6,1,1,2,1,1,3,1,3,1,1,1,4,1,1,1,2,1,1,2,4,1,1,2,2,1,1,2,1,1,1,1,2,1,1,1,1,2,1,1,2,2,2,3,3,3,3,3,2,2,59
1,192,185,2,2,2,4,6,1,3,5,2,3,5,5,5,2,1,2,1,1,2,1,1,1,1,1,3,1,2,1,2,3,2,2,2,1,1,2,2,1,2,2,1,3,1,1,1,1,1,2,1,2,1,1,3,3,2,3,2,3,3,2,4,2,20
1,192,186,2,2,3,4,6,1,3,5,2,3,6,6,6,3,1,2,1,1,3,1,1,1,1,1,4,1,1,1,2,2,3,2,5,1,2,2,2,2,2,2,1,2,1,2,2,1,2,2,1,1,1,1,3,3,1,3,1,3,3,2,2,2,38
1,192,187,2,1,2,4,6,1,3,5,2,3,6,6,4,5,1,2,4,2,2,5,3,1,3,1,4,2,4,5,2,1,1,1,3,3,3,2,2,2,5,2,4,3,3,2,2,3,1,1,3,1,3,1,3,2,1,2,2,2,2,2,5,2,23
1,192,188,2,1,3,4,6,1,3,5,2,3,2,2,2,2,3,2,2,2,2,2,3,3,3,2,4,1,1,1,2,1,1,1,3,3,1,2,2,1,3,3,2,3,1,2,2,1,2,3,1,1,3,1,3,3,1,3,2,3,3,2,6,2,72
1,192,189,2,1,2,4,7,1,3,5,2,3,2,2,2,2,1,2,2,1,2,3,3,3,2,1,4,2,3,3,1,1,2,1,3,2,2,1,2,1,5,4,2,2,2,1,2,1,2,2,2,1,1,2,3,2,2,3,2,3,2,1,5,2,69
1,192,190,2,1,2,4,6,1,3,5,2,3,5,5,3,2,1,2,2,2,1,2,3,1,2,1,4,2,3,1,2,2,2,2,4,1,1,2,2,1,3,2,1,1,1,1,1,3,2,2,2,1,2,2,3,2,1,3,2,2,3,3,5,1,90
1,192,191,2,2,3,4,6,1,3,5,2,3,5,2,2,3,1,2,2,2,1,2,1,3,2,1,3,3,3,2,2,2,2,2,3,1,2,2,2,3,2,2,1,1,1,2,3,1,1,1,2,1,3,3,2,2,1,2,1,3,1,0,4,1,96
1,192,192,2,1,3,4,6,1,3,5,2,3,5,5,3,1,1,2,4,1,3,1,3,1,2,1,4,2,1,1,1,3,2,2,5,1,1,2,3,1,5,2,3,2,2,2,1,1,1,2,2,1,1,1,3,3,2,3,1,2,3,3,3,1,20
1,192,193,2,1,2,4,6,1,3,5,2,1,5,6,4,1,2,2,1,1,3,1,1,1,2,2,4,2,2,1,2,1,1,1,2,1,2,2,2,2,2,2,1,1,1,1,2,3,1,2,2,2,1,1,3,3,2,3,2,3,3,2,5,2,6
1,192,194,2,1,2,4,8,1,3,5,2,1,4,4,3,2,2,3,3,2,3,3,3,3,3,2,4,2,4,2,1,3,3,2,3,1,2,2,2,1,3,2,1,2,3,2,1,2,2,1,2,1,3,2,3,3,2,3,3,3,3,3,4,3,23
1,192,195,2,1,2,4,6,1,3,5,2,1,5,7,1,5,1,2,1,1,3,1,3,1,2,1,3,1,1,1,2,3,2,2,3,3,2,2,2,1,2,2,1,1,1,1,1,1,1,1,1,2,1,2,3,3,3,3,2,2,2,3,5,1,63
1,192,196,2,1,2,5,6,1,3,5,2,3,5,6,6,3,1,2,1,1,2,1,3,1,2,2,4,2,1,1,2,2,2,2,3,1,1,2,2,2,2,2,1,3,1,2,2,1,1,1,2,1,2,1,3,2,1,2,2,2,1,2,5,2,90
1,192,197,2,1,4,5,7,1,3,5,2,3,5,2,2,2,1,2,1,1,4,1,1,1,1,1,4,1,1,1,2,1,2,1,3,1,2,2,2,1,1,2,1,1,1,1,1,1,1,1,1,3,1,1,2,1,1,1,3,2,2,2,5,2,70
1,192,198,2,1,4,5,6,1,3,5,2,3,5,6,6,4,2,2,2,1,2,3,1,1,1,2,4,1,1,2,1,2,3,2,4,2,2,2,3,2,2,2,2,2,1,1,1,1,1,2,2,1,1,1,3,3,2,2,3,3,2,2,6,2,3
1,192,199,2,1,4,5,8,1,3,5,2,3,4,2,2,3,1,2,1,1,3,1,1,1,1,2,3,1,1,1,2,1,2,1,3,1,1,2,2,2,2,2,1,1,1,2,2,1,0,2,1,4,1,3,3,2,2,2,2,3,3,1,5,2,98
1,192,200,2,2,2,5,8,1,3,5,2,3,4,4,4,2,1,4,1,1,3,1,1,1,1,1,4,1,2,1,2,1,1,1,1,1,1,3,2,1,3,3,3,2,1,1,2,3,1,2,1,1,1,1,3,3,3,3,3,3,2,3,5,3,4
1,192,201,2,1,2,5,6,1,3,5,2,3,5,3,3,5,1,2,1,1,2,1,1,3,3,1,4,2,2,1,1,1,1,1,4,1,1,2,2,3,2,3,1,3,1,1,2,2,1,1,2,1,2,1,3,3,2,3,2,3,3,2,5,3,24
1,192,202,2,1,2,5,6,1,3,5,2,3,4,4,3,2,2,2,4,2,1,3,1,2,2,2,3,2,2,3,1,2,1,2,3,2,2,2,2,2,2,2,1,2,2,2,2,1,2,2,2,1,2,2,3,2,3,3,2,1,2,3,2,3,18
1,192,203,2,1,3,5,7,1,3,5,2,3,4,3,3,2,2,2,2,2,1,2,1,2,2,3,3,4,4,2,1,3,2,2,5,1,1,2,3,2,2,2,1,1,2,2,2,3,2,3,2,1,3,3,3,2,1,2,3,3,3,2,5,3,5
1,192,204,2,1,5,5,6,1,3,5,2,3,5,3,3,2,2,2,2,2,2,2,1,3,2,2,4,2,2,1,1,3,2,2,4,1,1,2,3,2,2,2,1,1,1,2,2,1,1,2,2,4,1,2,2,3,2,3,2,2,3,3,5,3,26
1,192,205,2,2,2,5,6,1,3,5,2,3,6,2,2,3,1,2,2,1,2,2,3,1,3,2,3,2,4,3,2,1,1,1,3,3,4,1,3,1,2,2,1,1,1,2,3,1,1,1,2,2,2,2,3,2,2,2,1,3,2,1,1,1,65
1,192,206,2,2,2,5,6,1,3,5,2,3,5,2,2,2,2,2,2,1,2,3,3,1,3,1,4,2,1,1,2,2,1,2,3,1,3,2,2,1,2,2,1,2,2,1,1,1,2,2,2,2,1,2,3,3,2,3,2,2,3,3,5,1,70
1,192,207,2,1,2,5,6,1,3,5,2,3,5,1,1,2,2,2,3,2,2,4,3,2,2,2,3,2,4,3,2,2,2,2,3,1,2,2,2,2,2,2,1,1,1,2,2,1,1,2,2,1,2,2,3,3,2,3,3,3,2,2,5,1,38
1,192,208,2,1,3,5,6,1,3,5,2,3,5,2,2,2,1,2,2,1,2,3,1,2,1,1,4,2,2,1,2,3,1,1,2,1,4,1,2,1,1,2,1,1,1,1,1,1,2,2,2,2,1,1,3,3,2,3,2,3,3,2,5,1,60
1,192,209,2,2,3,5,7,1,3,5,2,3,5,6,1,5,4,2,3,3,1,4,3,2,3,2,4,1,3,4,3,3,0,2,4,2,2,1,2,1,2,0,1,2,2,1,1,1,1,3,1,4,1,2,3,3,2,3,3,3,3,3,6,1,14
1,192,210,2,1,3,5,6,1,3,5,2,3,5,2,2,2,2,2,3,2,2,3,3,2,2,1,4,1,3,3,3,3,1,2,3,1,2,2,3,1,2,3,2,2,1,3,1,3,2,2,2,1,4,3,3,3,2,3,2,3,3,3,5,1,55
1,192,211,2,1,2,5,6,1,3,5,2,3,6,7,2,5,1,2,3,3,2,3,3,1,2,1,3,2,3,3,2,1,1,1,3,2,2,2,2,1,3,0,2,2,2,1,1,1,1,2,2,4,1,2,3,3,2,3,2,2,3,2,5,1,37
1,192,212,2,1,3,5,7,1,3,5,2,3,5,6,4,5,3,2,3,3,1,4,3,2,3,2,4,2,3,3,2,3,2,2,0,2,2,1,2,1,5,0,4,2,1,2,2,1,2,2,2,1,3,2,3,2,2,3,3,3,3,0,5,1,48
1,192,213,2,1,3,5,6,1,3,5,2,3,4,5,2,3,2,2,2,2,2,3,1,2,2,1,2,2,3,3,2,3,3,2,4,1,1,2,3,1,2,2,1,2,2,1,2,1,0,2,2,1,3,1,3,2,2,2,3,3,3,2,4,5,39
1,192,214,2,2,2,5,6,1,3,5,2,3,5,2,1,1,1,2,2,1,2,2,1,1,1,1,4,2,1,1,3,3,2,2,3,1,2,2,2,2,3,3,1,2,1,2,2,3,1,2,2,2,1,1,3,3,1,3,2,2,3,3,4,5,8
1,192,215,2,2,2,5,6,1,3,5,2,3,4,2,1,2,2,2,2,1,1,3,1,1,3,2,3,2,2,3,2,1,2,2,3,1,2,2,2,2,3,3,2,1,1,1,2,3,1,1,2,3,2,1,3,2,1,3,1,3,2,1,5,5,43
1,192,216,2,2,2,5,6,1,3,5,2,3,6,2,1,2,2,2,1,1,2,3,1,1,1,2,3,2,1,1,2,3,1,1,2,1,2,2,2,1,2,3,1,2,1,1,2,1,1,2,2,1,2,1,3,2,1,3,2,3,3,3,5,5,44
1,192,217,2,1,4,5,6,1,3,5,2,3,5,6,2,2,1,2,1,1,3,2,1,1,1,1,4,1,1,1,1,2,3,1,5,1,2,2,3,1,2,3,1,1,1,1,1,2,1,2,2,2,1,2,3,2,2,2,2,2,2,2,5,5,46
1,192,218,2,1,3,5,7,1,3,5,2,3,5,6,6,2,1,2,2,1,2,2,1,1,1,1,4,1,1,3,2,1,1,1,2,3,2,2,2,3,2,2,1,1,1,1,1,1,1,2,2,2,1,1,3,3,3,3,3,3,3,3,5,4,17
1,192,219,2,2,2,5,6,1,3,5,2,3,6,2,2,2,1,2,1,1,2,1,1,1,1,1,4,1,1,1,2,1,1,1,0,2,2,2,2,1,2,2,2,1,1,1,1,1,1,2,1,3,1,1,3,3,2,3,3,3,3,3,5,2,52
1,192,220,2,1,2,5,6,1,3,5,2,3,5,6,6,5,1,2,1,1,4,1,1,1,1,1,4,1,1,1,1,2,3,2,3,1,2,2,2,3,1,2,1,3,1,1,2,1,1,3,2,2,1,1,3,2,2,3,3,3,3,3,1,2,68
1,192,221,2,2,2,5,6,1,3,5,2,3,5,6,6,2,1,2,2,1,4,1,1,1,1,1,4,2,1,1,2,3,2,1,3,3,2,2,3,1,2,2,1,3,1,1,2,1,1,2,2,4,1,2,3,3,2,3,2,3,3,3,6,2,4
1,192,222,2,1,3,5,7,1,3,5,2,3,5,6,1,2,2,2,1,1,3,2,3,1,1,1,4,1,4,2,3,1,2,2,3,1,1,1,2,1,2,2,1,3,1,1,1,1,1,3,2,2,2,2,3,3,2,3,2,2,2,2,2,2,8
1,192,223,2,2,2,5,6,1,3,5,2,3,5,6,6,2,1,2,1,1,3,1,1,1,1,1,3,2,1,1,2,1,1,1,1,1,1,2,2,1,2,2,1,3,1,1,2,1,1,2,2,2,2,1,2,0,2,2,2,2,3,2,5,2,48
1,192,224,2,1,4,5,6,1,3,5,2,1,5,6,6,4,2,2,2,2,2,3,3,2,2,1,4,1,1,4,1,2,3,2,5,2,2,2,2,2,3,2,1,2,2,1,1,1,1,3,1,1,2,2,3,3,2,3,2,3,3,3,5,2,4
1,192,225,2,2,2,5,7,1,3,5,2,1,5,6,6,1,1,2,1,1,3,2,1,1,1,1,4,1,1,1,2,2,2,2,2,1,1,2,2,1,2,2,1,3,1,2,1,3,1,2,2,1,2,1,3,3,1,3,2,3,2,2,5,2,78
1,192,226,2,1,2,5,6,1,3,5,2,1,1,2,2,1,1,2,1,1,2,1,3,1,3,2,3,2,2,2,2,1,1,1,1,2,1,2,2,2,2,3,3,1,1,2,2,1,1,3,1,1,2,1,3,3,2,3,2,3,3,2,6,2,83
1,192,227,2,1,5,5,7,1,3,5,2,1,6,6,6,2,1,2,4,2,2,2,3,1,2,1,3,2,2,1,2,1,1,1,3,3,2,2,2,3,2,2,2,3,3,1,2,1,3,3,2,4,2,1,3,3,2,2,2,3,3,2,4,2,21
1,192,228,2,2,2,5,6,1,3,5,2,1,6,2,2,5,3,2,3,2,1,4,3,2,3,3,4,3,4,5,2,3,2,2,3,3,2,1,1,3,5,2,1,3,3,3,3,3,2,0,3,1,3,2,3,3,2,3,1,3,3,1,6,1,36
1,192,229,2,1,2,5,6,1,3,5,2,1,5,2,2,2,3,2,3,2,2,2,1,1,2,0,3,3,2,2,2,2,4,2,3,1,1,2,2,1,2,2,1,1,1,1,2,1,2,1,2,2,1,2,2,3,2,3,2,1,2,3,1,1,7
1,192,230,2,2,2,5,6,1,3,5,2,1,4,5,2,5,1,2,1,1,3,1,3,1,2,1,2,2,3,2,2,3,3,2,4,1,2,2,2,1,3,2,1,1,1,2,2,1,1,1,2,1,1,1,3,3,2,3,1,1,2,3,5,5,34
1,192,231,2,1,3,5,6,1,3,5,2,1,5,6,2,2,1,2,2,2,1,2,1,1,2,1,4,1,2,1,1,2,3,2,5,1,2,2,2,2,2,2,2,2,1,1,1,1,2,2,2,1,1,1,3,3,3,3,2,3,3,2,5,5,38
1,192,232,2,2,2,6,7,1,3,5,1,3,5,7,7,5,2,2,2,2,1,2,1,3,1,2,4,2,1,2,2,2,3,2,3,1,1,2,2,1,2,2,1,1,1,2,1,2,1,1,1,1,1,1,3,3,2,3,3,3,3,3,5,2,1
1,192,233,2,1,2,6,7,1,3,5,1,3,2,2,2,2,0,2,4,1,2,5,3,1,1,1,4,1,1,1,2,3,0,1,0,1,2,2,2,1,2,2,1,1,1,1,1,1,1,2,2,4,2,1,3,3,2,3,2,3,3,3,4,2,56
1,192,234,2,1,3,6,6,1,3,5,1,3,5,6,6,5,1,2,1,1,3,2,1,2,1,2,3,1,1,1,2,1,1,1,5,2,2,2,3,1,2,2,1,1,1,2,2,1,1,1,2,1,1,1,2,3,3,3,1,3,2,1,5,2,92
1,192,235,2,1,3,6,7,1,3,5,1,3,5,6,5,2,2,2,1,1,2,2,3,1,2,1,4,2,1,5,3,3,0,2,4,1,2,1,2,1,2,2,1,1,1,2,1,1,1,2,2,1,2,1,3,3,2,3,1,3,3,0,6,2,0
1,192,236,2,2,2,7,7,1,3,5,1,3,5,6,4,2,2,1,2,1,4,1,3,1,1,1,4,1,2,1,2,1,1,1,3,2,2,2,2,2,2,2,1,1,1,1,1,1,1,2,2,1,1,2,3,2,3,3,3,3,3,3,6,2,31
1,192,237,2,1,3,6,7,1,3,5,1,3,5,6,3,2,1,2,1,1,2,2,1,1,1,0,0,0,0,0,0,0,2,2,4,1,3,2,2,1,3,2,1,1,1,1,1,1,1,3,1,3,1,2,3,3,2,3,2,3,2,2,4,1,39
1,192,238,2,2,2,6,6,1,3,5,2,1,5,7,2,1,1,2,1,1,3,1,1,1,1,1,3,1,1,1,2,1,1,2,2,1,2,2,2,1,2,2,1,1,1,1,2,1,1,1,2,3,1,1,3,3,3,3,2,2,2,2,5,5,49
1,192,239,2,1,3,7,7,1,3,5,2,3,5,5,5,2,1,2,2,1,2,1,1,1,1,1,4,1,2,2,2,1,2,1,3,1,1,1,2,1,1,2,1,1,1,1,2,1,1,2,1,3,1,1,3,2,2,3,3,2,3,3,5,4,14
1,192,240,2,3,3,7,7,1,3,5,2,3,5,6,6,2,1,1,1,1,2,2,1,2,1,2,3,1,1,4,0,0,0,0,2,1,2,2,2,1,1,2,1,1,1,1,2,1,1,2,1,3,1,1,2,3,2,3,3,3,3,3,5,4,1
1,192,241,2,3,2,7,7,4,3,4,2,3,5,6,5,2,1,1,3,1,1,3,1,2,0,1,4,1,1,3,2,1,1,1,2,1,2,2,2,1,1,2,1,1,3,1,2,1,1,2,2,3,1,1,3,3,2,3,2,3,3,3,5,4,10
1,192,242,2,2,2,7,7,1,3,5,2,3,5,6,4,1,1,2,3,3,1,1,3,1,1,2,4,2,3,1,2,3,1,1,4,1,4,2,2,1,2,2,1,1,1,2,2,1,1,3,1,0,1,1,3,3,3,3,3,3,3,3,4,2,42
1,192,243,2,2,2,7,6,1,3,5,2,3,5,6,6,2,1,2,1,1,4,1,1,1,1,2,3,2,1,1,2,1,2,1,3,2,2,2,3,2,2,2,1,1,1,1,1,2,1,2,2,1,1,1,3,3,3,2,3,3,3,3,1,2,37
1,192,244,2,1,2,7,7,1,3,5,2,3,5,6,6,3,1,2,2,1,2,2,1,1,2,1,4,2,1,1,2,2,2,1,3,1,1,2,2,1,2,2,3,1,1,2,2,1,1,2,2,1,1,2,2,3,2,3,2,2,2,2,5,2,28
1,192,245,2,1,3,7,7,1,3,5,2,3,3,2,2,2,1,2,1,1,4,1,1,1,1,1,4,1,1,1,2,1,1,1,3,3,2,2,2,1,2,2,1,3,1,1,2,1,1,2,2,2,1,1,3,3,2,3,1,3,3,2,4,2,88
1,192,246,2,1,3,7,6,1,3,5,2,3,4,6,5,2,2,2,2,1,2,3,3,1,2,2,4,2,2,1,3,3,4,2,4,2,3,2,2,2,1,2,1,1,1,1,3,3,0,1,1,4,2,2,3,2,1,3,1,3,3,0,5,2,1
1,192,247,2,2,3,7,6,3,3,4,2,3,4,3,3,5,1,1,2,1,2,1,1,1,2,2,3,1,2,1,2,1,2,1,2,2,1,3,2,1,2,2,1,1,1,1,2,1,0,2,2,1,1,1,3,3,2,3,2,3,3,2,5,3,12
1,192,248,2,1,3,7,8,1,3,5,2,3,5,2,2,2,2,2,3,1,2,2,1,1,2,2,3,2,3,2,2,2,4,2,3,3,3,2,3,1,2,2,1,3,1,1,2,1,2,2,2,1,2,2,3,2,1,2,2,1,2,2,5,1,71
1,192,249,2,2,2,7,6,1,3,5,2,3,5,2,2,1,3,2,2,1,2,3,1,1,3,1,3,2,1,2,2,3,2,1,3,3,2,2,3,1,2,2,1,1,1,2,2,2,1,2,2,4,2,2,3,3,2,3,2,3,2,2,5,1,40
1,192,250,2,2,3,7,6,1,3,5,2,3,5,2,2,2,3,2,3,2,3,3,1,2,1,2,3,2,3,2,2,3,1,1,3,1,3,2,2,2,2,2,1,3,2,1,2,3,2,1,2,1,1,1,3,3,3,3,2,3,3,2,4,1,72
1,192,251,2,1,2,7,2,1,3,5,2,3,5,6,2,2,1,2,2,0,4,2,1,1,2,2,4,2,1,2,2,3,2,0,2,1,2,2,2,2,2,2,1,1,1,2,2,0,1,2,2,4,2,2,3,3,2,3,2,3,3,3,4,5,18
1,192,252,2,1,4,7,7,1,3,5,2,3,2,2,2,3,1,2,2,1,2,1,1,1,1,1,4,1,2,1,1,3,3,2,5,1,2,2,3,1,2,3,1,3,1,1,2,1,1,2,2,1,1,1,3,3,1,3,2,3,2,2,4,5,29
1,192,253,2,1,3,7,7,1,3,5,2,1,5,6,6,1,1,2,1,1,4,1,1,1,2,1,4,1,1,1,2,1,1,1,3,1,2,2,2,1,1,2,1,1,1,1,1,1,1,2,1,3,1,1,3,3,0,3,2,2,3,3,5,1,85
1,192,254,2,1,2,7,7,4,3,1,2,1,5,5,1,1,1,2,3,1,2,3,3,1,2,1,4,1,3,1,2,2,4,2,4,1,1,2,2,1,3,2,2,1,1,1,1,2,1,3,1,3,3,3,2,3,3,3,2,3,3,3,4,5,27
1,192,255,2,1,5,6,8,1,3,5,2,3,6,6,5,1,1,2,1,1,2,1,1,1,3,2,3,1,1,3,2,3,1,1,3,1,1,2,2,1,2,2,1,2,1,2,2,1,1,3,2,4,1,2,3,2,2,3,2,3,3,1,6,4,21
1,192,256,2,1,3,6,7,1,3,5,2,3,5,6,5,2,3,2,3,2,1,3,3,3,2,1,3,2,2,3,2,3,2,1,3,1,2,1,2,1,2,1,1,2,2,1,2,1,2,2,2,2,2,1,3,3,2,2,2,3,3,2,6,4,8
1,192,257,2,1,2,6,6,1,3,5,2,3,5,6,1,2,1,2,3,3,1,4,1,1,1,1,3,1,1,4,2,1,1,1,2,1,3,1,2,3,1,2,1,2,2,1,1,1,1,2,2,2,1,1,3,3,1,3,3,3,3,3,5,4,2
1,192,258,2,1,2,6,7,1,3,5,2,3,5,6,6,2,2,2,3,1,2,2,3,1,3,1,4,1,2,1,2,2,2,2,2,1,1,2,2,1,2,2,1,3,3,1,1,1,1,3,2,4,3,1,3,3,2,3,3,3,3,3,4,2,79
1,192,259,2,2,2,6,6,1,3,5,2,3,5,6,4,2,1,2,2,1,4,1,3,1,2,1,4,1,2,1,2,3,1,1,2,3,2,2,2,2,2,2,1,1,1,1,1,1,1,2,2,3,1,2,2,3,1,3,3,2,3,3,5,2,57
1,192,260,2,2,2,6,8,1,3,5,2,3,5,6,6,1,1,4,1,1,3,1,1,1,1,1,4,1,1,1,2,1,1,1,3,1,1,2,2,1,1,2,1,1,1,1,1,1,1,1,1,2,1,1,3,3,1,3,2,3,3,3,2,2,91
1,192,261,2,2,3,6,7,1,3,5,2,3,5,6,6,2,2,2,1,1,3,1,1,1,1,1,4,1,1,1,2,1,3,2,3,2,1,2,2,1,1,2,1,1,1,1,2,1,1,3,1,2,1,1,3,3,2,3,1,3,3,3,4,2,93
1,192,262,2,1,2,6,7,1,3,5,2,3,5,6,6,2,1,2,1,1,4,1,3,1,2,1,2,1,1,1,2,1,1,1,3,2,1,2,2,1,1,2,1,1,1,1,1,1,1,2,2,2,1,1,3,2,2,3,3,2,3,3,5,2,61
1,192,263,2,1,3,6,7,1,3,5,2,3,2,2,2,2,1,1,1,1,2,2,1,1,3,2,3,1,1,1,2,1,1,1,2,3,1,2,2,2,2,2,1,1,1,1,1,1,1,2,1,3,1,1,2,3,2,2,2,2,2,2,5,2,14
1,192,264,2,2,2,6,6,1,3,5,2,3,6,4,4,3,1,1,2,1,4,1,1,1,1,1,3,1,2,1,2,3,1,1,3,2,2,3,2,2,3,3,3,2,2,2,2,3,1,2,2,1,1,1,3,3,3,3,2,2,3,2,6,3,10
1,192,265,2,2,2,6,6,1,3,5,2,3,6,4,4,2,1,1,2,1,1,2,1,1,1,2,4,2,2,1,1,2,2,2,3,1,1,2,2,2,3,2,1,2,1,2,2,1,1,3,1,2,1,2,3,3,3,2,3,2,2,1,5,3,17
1,192,266,2,1,3,6,7,1,3,5,2,3,4,3,3,2,1,2,1,1,2,1,1,1,1,1,4,1,2,1,1,2,3,2,3,1,1,2,2,1,2,2,1,1,1,1,1,1,2,2,1,1,1,1,3,3,3,3,3,3,3,3,5,3,15
1,192,267,2,1,2,6,6,1,3,5,2,3,5,3,3,2,1,2,1,1,1,1,1,1,1,2,4,2,3,1,2,2,4,2,4,2,2,2,2,1,2,2,1,1,1,2,1,1,1,2,2,1,2,3,3,2,1,3,3,3,3,3,2,3,2
1,192,268,2,1,2,6,7,1,3,5,2,3,5,4,4,2,1,2,2,1,1,1,3,1,2,1,4,1,2,2,1,1,1,1,2,1,2,2,3,2,2,2,1,1,1,3,1,1,1,3,2,1,1,3,3,2,3,2,3,2,3,3,5,3,8
1,192,269,2,1,3,6,8,1,3,5,2,3,4,2,2,1,2,2,2,1,2,2,1,1,3,1,4,2,2,1,2,1,2,1,3,1,2,2,2,2,2,3,1,2,1,1,1,2,1,2,2,4,2,1,3,3,2,3,2,2,2,3,5,1,10
1,192,270,2,1,3,6,7,1,3,5,2,3,6,6,1,2,3,2,2,1,1,2,1,1,3,2,2,2,2,2,2,1,1,1,2,3,2,1,2,1,2,2,1,1,1,1,1,3,1,1,2,2,3,1,3,3,2,3,1,2,3,2,5,1,34
1,192,271,2,1,3,6,7,1,3,5,2,3,5,2,2,2,1,2,2,1,2,2,1,1,2,1,3,1,2,3,2,2,1,2,3,1,2,2,2,1,1,2,1,1,1,2,2,3,0,1,2,1,1,1,3,2,1,3,2,2,1,2,1,1,23
1,192,272,2,1,2,6,6,1,3,5,2,3,5,2,2,2,2,2,2,1,4,3,3,1,2,2,4,1,1,2,2,1,1,1,3,1,2,2,2,1,1,2,1,1,1,1,2,1,1,2,2,2,2,1,3,3,2,3,3,3,2,3,6,1,91
1,192,273,2,1,3,6,6,1,3,5,2,3,5,2,2,1,1,1,1,1,3,1,1,2,1,1,4,1,4,1,1,1,1,2,3,3,2,2,2,1,1,1,1,3,1,1,1,1,1,2,2,2,2,1,2,2,2,2,2,3,3,2,4,1,19
1,192,274,2,1,2,6,6,1,3,5,2,3,5,7,2,2,1,0,2,2,1,1,1,1,2,2,4,1,1,1,1,2,3,2,2,1,2,2,3,2,0,2,1,2,1,1,2,1,1,2,2,3,2,3,3,2,2,2,3,3,3,1,2,5,16
1,192,275,2,1,3,6,6,1,3,5,2,3,5,6,2,5,1,2,1,1,4,2,1,1,1,1,0,1,1,1,2,1,2,1,3,1,1,2,2,2,1,2,1,1,1,1,1,1,1,2,2,4,1,1,3,3,1,3,2,2,3,2,5,5,2
1,192,276,2,1,2,6,8,1,3,5,2,3,5,6,2,2,1,3,2,1,2,1,1,1,2,1,0,2,1,1,0,3,2,2,4,1,1,3,2,1,2,0,1,2,1,2,2,1,1,1,2,2,2,1,3,3,2,2,2,3,3,1,3,5,15
1,192,277,2,2,2,6,7,1,3,5,2,1,5,6,6,2,1,2,1,1,2,1,1,1,1,1,4,1,1,1,2,3,1,1,2,2,1,2,2,1,2,3,2,1,1,1,1,1,1,3,1,2,1,2,3,3,3,3,3,3,3,3,5,2,86
1,192,278,2,1,3,6,6,1,3,5,2,1,4,2,2,2,1,2,1,1,2,1,3,1,3,1,4,2,4,1,2,3,0,2,3,2,2,2,2,1,2,3,1,1,1,1,1,3,1,2,1,1,2,1,3,3,2,3,3,3,3,3,5,2,10
1,192,279,2,2,2,6,6,1,3,5,2,1,6,6,6,2,1,0,1,1,3,1,3,1,3,2,4,2,1,1,1,3,3,2,4,2,1,2,3,2,1,2,1,1,1,2,2,1,1,2,2,3,3,1,1,2,3,3,2,2,3,3,5,2,41
1,192,280,2,1,2,6,6,1,3,5,2,1,5,6,4,1,2,2,1,1,2,1,1,1,2,2,4,2,2,1,2,1,1,1,2,1,2,2,2,2,2,2,1,1,1,1,2,2,1,2,1,2,1,2,3,3,2,3,3,3,2,2,5,2,9
1,192,281,2,1,3,6,6,1,3,5,2,1,5,2,2,2,1,2,2,2,1,2,3,1,2,1,4,1,2,2,3,2,3,2,5,1,3,3,3,1,3,3,2,2,2,2,2,1,1,3,2,1,2,2,3,3,2,3,2,3,2,2,5,1,98
1,192,282,2,2,2,4,6,1,3,5,1,2,5,6,6,2,1,2,1,1,4,1,1,2,1,2,2,1,1,1,2,1,2,2,2,2,2,2,2,2,2,2,1,3,1,2,2,1,1,2,2,2,1,2,3,3,2,3,1,3,3,3,5,2,60
1,192,283,2,1,3,7,5,1,3,5,2,2,5,2,2,1,1,2,1,1,3,2,3,1,1,2,4,1,4,5,2,3,1,1,5,3,2,2,2,1,2,2,1,1,1,1,1,1,2,3,1,3,1,1,3,3,2,3,3,3,3,3,5,1,95
1,192,284,2,1,2,7,8,1,3,5,2,2,5,2,2,2,1,3,2,1,3,1,2,1,1,1,3,1,2,2,2,1,1,1,2,1,2,2,2,2,2,2,1,1,1,1,1,1,2,2,2,3,1,1,3,3,2,2,3,2,3,3,4,1,78
1,192,285,2,2,2,7,6,1,3,5,2,2,5,2,2,2,2,2,2,1,2,2,1,1,2,1,3,1,2,2,2,1,2,1,4,1,2,3,3,1,1,2,1,1,1,1,2,2,1,1,2,1,2,3,3,2,2,3,2,2,2,3,2,1,69
1,192,286,2,2,2,7,6,1,3,5,2,2,5,2,2,5,1,2,2,1,3,2,3,1,3,1,4,2,1,1,2,1,2,1,3,1,2,2,3,1,2,0,1,3,3,1,2,3,2,0,2,2,1,1,3,3,1,3,2,2,2,2,5,1,75
1,192,287,2,1,2,7,6,3,3,4,2,2,5,2,2,1,1,2,1,1,4,1,3,1,2,1,4,1,1,1,2,3,0,0,5,1,2,3,2,1,1,1,1,1,1,1,1,1,1,1,2,3,1,1,3,3,1,3,3,1,3,3,6,1,26
1,192,288,2,1,3,7,8,1,3,5,2,2,5,4,1,2,1,2,3,1,2,1,1,1,2,1,3,1,1,1,1,3,3,0,3,1,1,2,2,1,2,2,1,2,2,1,1,1,1,3,2,2,2,1,3,3,3,3,3,2,3,3,5,5,42
1,192,289,2,3,2,7,6,1,3,5,2,2,5,6,1,2,1,1,1,1,4,2,1,1,1,1,4,1,1,1,2,1,1,1,1,1,1,2,2,1,1,2,1,1,1,1,1,1,1,2,3,3,1,1,3,3,2,3,3,3,2,3,1,5,32
1,192,290,2,1,4,7,6,1,3,5,2,2,5,1,1,3,1,2,2,1,4,1,1,1,1,3,4,1,3,2,3,2,0,2,5,1,2,2,2,3,3,4,3,2,1,1,1,1,1,2,2,1,1,1,3,3,2,3,2,3,3,3,6,5,3
1,192,291,2,1,3,6,6,1,3,5,2,2,5,6,6,2,1,2,3,1,1,4,3,1,1,1,4,1,1,3,2,1,1,1,3,1,2,2,2,1,1,2,1,1,1,1,1,1,1,2,2,2,3,1,3,3,1,3,3,3,3,3,4,4,22
1,192,292,2,1,3,6,6,1,3,5,2,2,5,6,6,2,2,2,2,1,2,3,3,1,2,2,4,1,1,2,2,1,2,2,3,1,1,2,2,2,2,2,1,1,1,1,1,1,1,2,2,3,0,1,3,3,3,3,3,3,2,2,4,4,19
1,192,293,2,1,3,2,6,1,3,5,1,2,2,2,2,5,1,2,2,1,3,1,1,1,2,2,4,2,1,1,2,1,1,1,3,1,2,2,2,1,2,2,1,1,1,1,2,1,1,1,1,4,1,1,2,2,1,3,1,2,2,3,5,2,22
1,192,294,2,1,3,2,7,1,3,5,1,2,2,2,2,3,1,2,3,1,4,1,1,1,1,1,4,1,1,1,2,1,1,1,0,2,2,2,2,1,2,2,1,1,1,1,2,2,1,3,1,3,1,1,3,3,2,3,1,3,3,3,5,2,63
1,192,295,2,1,3,3,6,1,3,5,1,2,5,2,2,1,2,2,1,1,4,1,3,1,2,2,4,1,2,2,1,2,3,2,5,1,2,2,2,1,2,3,1,3,1,1,1,1,1,2,2,2,1,1,3,3,3,3,3,2,3,3,5,1,21
1,192,296,2,1,3,3,7,1,3,5,1,2,5,6,1,5,3,2,1,1,2,3,1,1,1,1,4,1,1,1,2,1,1,1,2,1,2,1,2,1,2,1,1,1,1,1,2,1,1,2,1,1,1,1,3,2,2,3,2,3,2,3,4,2,30
1,192,297,2,2,3,3,7,1,3,5,1,2,5,2,2,2,1,2,1,2,2,2,1,3,1,1,3,1,1,1,2,1,3,2,4,1,2,2,2,1,2,2,1,3,3,2,2,1,1,2,2,2,2,1,2,3,2,3,1,3,2,1,5,1,64
1,192,298,2,1,2,3,6,1,3,5,1,2,5,2,2,3,1,2,1,1,1,2,3,1,2,1,4,1,2,2,2,1,2,2,3,2,4,3,2,2,2,2,1,2,2,2,1,1,1,3,2,1,2,1,2,3,1,3,2,3,3,3,5,1,58
1,192,299,2,1,3,4,6,1,3,5,1,2,5,2,2,3,1,2,3,1,2,1,3,2,2,2,3,2,3,3,1,2,4,2,5,1,2,1,2,1,4,2,2,2,0,3,3,1,1,1,3,3,1,1,3,3,1,3,2,1,3,2,6,1,9
1,192,300,2,1,5,4,8,1,3,5,1,2,4,2,2,2,1,4,1,1,3,1,1,1,3,1,3,2,2,1,2,1,1,1,2,1,1,2,2,1,1,2,1,1,1,1,1,0,0,2,2,4,2,1,2,3,2,3,2,2,3,2,2,1,57
1,192,301,2,2,2,4,6,1,3,5,1,2,5,2,2,2,2,2,2,2,3,2,3,3,3,2,4,1,2,1,2,3,2,2,4,1,3,3,2,3,2,3,2,3,1,1,2,1,2,2,2,1,2,1,1,3,2,3,2,3,3,2,2,1,46
1,192,302,2,1,3,3,6,1,3,5,1,2,4,2,2,5,4,2,4,2,2,3,3,2,2,2,2,4,2,2,2,3,2,2,4,3,1,1,2,1,2,2,1,2,2,1,2,1,2,1,2,1,2,1,3,2,2,2,3,3,2,2,4,1,28
1,192,303,2,1,3,5,8,1,3,5,1,2,5,6,6,3,1,2,2,1,3,1,1,1,1,1,4,1,2,1,3,2,2,2,4,2,2,2,2,1,2,2,1,1,1,1,2,1,1,3,1,1,1,1,3,2,2,3,2,3,3,2,5,2,11
1,192,304,2,1,3,5,6,4,3,4,1,2,2,2,2,2,2,2,1,1,3,1,1,1,1,2,3,2,1,1,2,1,1,2,5,1,1,2,3,3,3,3,1,3,1,2,2,3,2,2,2,2,1,3,1,2,2,2,1,2,3,2,2,2,49
1,192,305,2,2,2,5,6,1,3,5,1,2,5,6,6,5,1,2,1,1,3,1,1,1,1,1,4,1,1,1,2,1,1,1,3,2,1,2,3,1,5,3,2,1,1,1,2,3,2,1,1,4,1,3,3,1,2,3,3,3,3,2,5,2,62
1,192,306,2,2,2,5,6,1,3,5,1,2,5,2,2,4,4,2,3,2,4,3,1,0,1,2,3,1,3,3,2,2,3,2,2,2,4,2,2,1,2,2,1,2,1,2,1,3,2,2,1,3,2,2,3,2,2,2,3,3,2,3,4,1,61
1,192,307,2,2,2,5,6,1,3,5,1,2,5,1,1,2,1,2,1,1,2,1,1,1,1,1,3,2,1,1,2,1,2,1,3,1,3,2,2,1,2,2,1,1,1,2,2,1,2,2,2,2,2,1,2,3,3,3,2,3,2,2,5,1,47
1,192,308,2,2,2,5,6,1,3,5,1,2,5,2,2,2,2,2,2,1,3,2,1,1,3,1,3,1,1,1,3,2,2,1,3,1,2,2,2,1,2,2,1,1,1,1,2,2,1,2,2,2,2,2,3,3,2,3,2,2,2,2,5,1,54
1,192,309,2,1,3,5,7,1,3,5,1,2,6,6,5,4,3,2,1,1,1,2,3,3,3,2,4,1,3,4,1,2,4,2,3,2,3,1,2,1,3,3,2,2,1,1,1,1,1,3,2,3,3,3,3,3,3,3,2,3,3,3,5,1,32
1,192,310,2,1,3,5,7,1,3,5,1,2,2,2,2,5,2,2,2,1,1,2,3,1,1,1,4,1,2,2,2,1,3,2,3,1,1,1,2,1,2,3,1,2,1,1,2,1,1,2,2,1,1,1,3,2,2,3,3,3,3,3,5,5,20
1,192,311,2,1,3,5,6,1,3,5,1,2,5,7,2,2,1,2,1,1,4,1,1,1,1,2,4,1,2,1,2,1,4,2,5,1,2,2,3,1,2,3,1,0,1,2,1,1,1,3,1,3,1,1,2,3,2,3,3,3,3,0,5,5,30
1,192,312,2,1,3,5,6,1,3,5,1,2,5,6,6,2,2,2,1,1,4,2,1,1,2,1,2,1,1,2,2,2,3,2,3,1,1,2,2,1,2,2,1,1,1,2,2,2,2,1,2,2,1,2,3,3,1,1,2,1,3,3,4,2,0
