CARD.,DECK.,BALLOT.,FORM.,Q.1.,Q.2.,Q.3.,Q.4.,Q.4..1,Q.5B.,Q.5C.,Q.6.,Q.7.,Q.8A.,Q.8B.,Q.8C.,Q.9.,Q.10.,Q.11.,Q.12A.,Q.12B.,Q.13.,Q.14.,Q.15A.,Q.16.,Q.17.,Q.18A.,Q.18B.,Q.19.,Q.20A.,Q.20B.,Q.21.,Q.22.,Q.23.,Q.24.,Q.25A.,Q.25B.,Q.26.,Q.27.,Q.28A.,Q.28B.,Q.28C.,Q.29.,Q.30.,Q.31.,Q.32A.,Q.32B.,Q.33.,Q.34.,Q.35A.,Q.35B.,Q.35C.,Q.35D.,Q.35E.,Q.35F.,Q.35G.,Q.36.,Q.37.,Q.38A.,Q.38B.,Q.39A.,Q.39B.,Q.39C.,Q.39D.,Q.39E.,Q.39F.,Q.39G.,Q.39H.,CARD..1,DECK..1,BALLOT..1,FORM..1,Q.40A.,Q.40B.,Q.40C.,Q.40D.,Q.40E.,Q.41.,Q.42.,Q.43A.,Q.43B.,Q.43C.,Q.43D.,Q.43E.,Q.43F.,Q.43G.,Q.43H.,Q.43I.,Q.43J.,Q.44A.,Q.44B.,Q.45.,Q.46.,Q.48A.,Q.48B.,Q.49A.,Q.49B.,Q.50A.,Q.50B.,Q.50C.,Q.50D.,Q.50E.,Q.51D.,Q.52.,Q.53.,Q.54.,Q.55.,Q.56.,Q.57A.,Q.57B.,Q.57C.,Q.58.,Q.59.,Q.60A.,Q.60B.,Q.61.,Q.62.,Q.63.,Q.63..1,Q.63..2,Q.63..3,Q.63..4,Q.63..5,Q.63..6,Q.63..7,Q.63..8,Q.63..9,Q.63..10,Q.63..11,Q.63..12,Q.63..13,Q.63..14,Q.64.,V.66.,V.67.,V.68.
1,100,1,7,3,4,2,10,4,60,40,2,4,3,3,2,2,2,2,1,2,3,4,2,1,1,2,2,0,2,2,1,9,3,2,1,1,3,3,2,2,4,3,3,4,1,3,2,4,1,1,0,0,0,1,0,1,5,1,1,2,2,2,2,2,2,2,2,2,100,1,7,3,3,3,2,2,2,3,2,4,2,4,4,4,2,4,4,3,2,1,1,1,2,4,3,3,5,2,2,2,1,5,2,2,8,4,2,1,1,2,1,2,2,3,2,2,2,1,2,2,2,2,1,2,2,2,2,2,2,2,2,0,4,3,54
1,100,2,7,2,4,9,10,4,6,4,1,4,0,0,0,2,2,2,3,3,1,3,6,1,1,2,2,8,2,2,2,3,2,2,2,2,3,2,0,2,0,2,1,4,3,0,2,4,1,1,3,3,3,3,3,1,1,1,1,2,2,2,2,2,2,1,1,2,100,2,7,2,1,3,3,2,3,3,2,2,3,4,4,4,4,4,4,4,2,1,1,2,2,3,2,2,5,1,4,5,1,2,3,1,5,4,1,2,1,2,3,2,2,1,1,3,2,2,2,2,1,2,2,2,2,1,2,2,2,2,2,2,4,3,84
1,100,3,7,2,4,2,10,4,30,9,1,3,7,1,0,1,1,2,2,2,3,4,3,2,1,2,0,0,1,2,2,4,2,2,2,2,2,3,2,2,2,2,2,1,2,2,3,0,0,0,0,0,0,0,0,0,0,0,0,0,0,0,1,2,2,2,2,2,100,3,7,3,2,2,3,1,2,3,4,0,0,2,1,4,4,4,4,2,1,1,1,1,1,4,3,3,2,2,2,3,2,3,4,1,5,4,2,2,1,2,3,3,2,1,2,2,2,2,2,2,1,2,2,2,2,1,2,2,2,2,2,2,1,3,15
1,100,4,7,1,4,8,9,4,150,98,1,3,4,3,2,3,3,3,4,1,2,3,3,3,2,2,1,8,1,1,4,3,1,3,1,1,1,4,4,4,4,1,1,1,2,2,4,4,0,1,0,0,0,0,0,1,2,3,3,1,1,1,1,2,2,2,1,2,100,4,7,1,0,0,1,0,2,3,1,1,0,1,0,0,0,0,0,0,2,2,1,2,1,4,2,1,4,1,1,4,1,1,1,1,4,3,2,1,2,1,2,3,1,1,3,3,2,1,2,2,2,2,2,2,2,2,2,2,2,2,2,1,1,1,57
1,100,5,7,3,4,4,9,4,90,15,1,3,2,2,2,1,2,2,1,2,1,3,1,2,1,2,2,0,3,3,2,3,2,2,1,1,3,4,4,4,4,2,1,4,1,2,2,4,1,0,0,0,0,0,0,2,1,0,0,0,0,0,2,2,2,2,2,2,100,5,7,0,0,0,1,0,3,3,0,1,0,0,0,0,0,0,0,0,1,2,2,2,1,3,2,2,1,1,2,1,5,2,1,1,9,2,2,1,2,0,0,0,0,1,3,3,2,2,2,2,2,1,2,2,2,2,2,2,2,2,2,2,1,1,70
1,100,6,7,2,4,13,9,4,50,20,1,4,7,3,0,1,2,1,1,4,2,1,2,2,1,0,0,0,0,0,1,4,2,3,1,2,3,3,2,1,1,1,3,4,2,3,1,2,0,0,0,0,0,0,0,1,1,1,1,1,1,1,3,1,2,2,2,2,100,6,7,0,0,0,1,0,3,1,1,1,0,0,0,0,1,0,0,1,2,1,3,1,1,5,1,1,1,1,1,1,1,1,4,1,6,4,2,1,1,2,1,2,1,3,3,3,2,2,2,2,2,1,2,2,2,2,2,2,2,2,2,4,1,3,19
1,100,7,7,2,4,11,9,4,90,65,1,2,3,3,1,1,3,2,2,1,3,2,1,3,1,1,2,0,2,0,4,4,3,3,1,1,1,4,4,5,5,4,1,2,3,3,1,4,1,0,0,0,0,0,0,3,1,2,1,1,1,1,2,2,2,2,2,2,100,7,7,3,1,2,1,1,3,2,1,1,1,2,2,4,2,4,4,2,1,1,1,1,1,4,2,2,5,5,5,2,1,5,1,1,7,4,2,2,2,2,2,1,1,3,2,2,2,2,2,2,2,1,2,2,2,1,2,2,2,2,2,2,1,3,25
1,100,8,7,2,4,3,9,4,90,60,3,4,7,0,0,1,3,2,1,1,1,2,6,3,2,2,0,8,2,1,4,4,3,3,2,1,3,4,4,4,4,2,1,2,3,3,2,4,1,1,1,1,1,1,3,2,5,3,3,1,2,1,1,1,3,2,2,2,100,8,7,2,1,1,1,1,3,2,1,1,1,2,1,0,1,4,4,2,1,1,1,2,1,4,1,3,2,2,2,1,1,4,2,1,9,4,0,2,1,2,3,3,2,2,2,4,2,2,1,2,2,2,1,2,2,2,2,2,2,2,2,0,1,2,18
1,100,9,7,3,4,3,10,4,60,9,1,4,6,1,6,1,2,1,1,1,1,1,6,1,1,2,2,8,1,3,3,3,1,2,1,1,1,1,1,1,1,4,1,1,3,3,2,4,1,1,1,1,1,1,1,2,1,3,1,1,2,1,1,1,2,2,2,2,100,9,7,3,3,3,3,3,1,1,2,2,2,1,4,2,1,4,4,1,1,1,1,2,1,4,1,2,1,1,1,1,1,5,2,4,8,2,1,1,1,1,1,2,1,2,3,3,2,2,1,2,2,2,2,2,2,2,2,2,2,2,2,4,1,3,96
1,100,10,7,2,4,7,0,0,999,98,1,4,3,3,1,1,3,1,1,1,1,3,6,2,1,1,2,0,3,2,2,2,2,2,1,1,1,3,4,4,4,4,1,1,2,1,1,4,1,0,0,0,0,1,1,2,5,3,3,2,1,1,2,1,3,2,2,2,100,10,7,3,3,2,3,3,1,1,1,4,1,3,2,1,4,4,0,4,1,2,2,2,1,4,2,2,1,1,1,1,5,1,1,1,9,4,1,1,1,2,2,1,1,1,3,3,1,1,2,2,2,2,2,2,2,2,2,2,2,2,2,2,1,1,26
1,100,11,7,3,4,13,11,3,120,5,1,2,2,1,2,1,2,2,2,3,3,2,1,1,2,1,1,8,1,1,1,4,2,3,2,2,1,4,4,4,4,2,1,4,3,3,3,4,0,0,0,0,0,0,0,2,5,2,2,1,2,1,2,1,3,2,2,2,100,11,7,2,2,2,2,2,2,2,1,1,0,1,2,0,2,4,0,1,1,2,1,1,1,4,2,2,1,1,1,1,1,4,1,1,8,2,2,1,2,1,2,1,1,2,2,2,1,1,2,2,2,2,2,2,2,2,2,2,2,2,2,3,1,1,79
1,100,12,7,3,4,13,11,3,120,99,1,2,2,1,2,1,2,2,2,3,3,2,1,2,2,1,1,0,1,1,4,4,3,3,2,2,1,5,4,4,4,2,1,4,2,2,3,4,1,1,0,1,0,1,1,2,4,3,3,1,2,1,2,1,3,2,2,2,100,12,7,2,2,2,2,2,2,2,1,1,2,2,1,2,2,4,4,1,1,2,1,1,1,4,2,2,1,1,1,1,1,4,2,2,7,3,2,1,2,1,2,1,1,2,2,2,1,1,2,2,2,2,2,2,2,2,2,2,2,2,2,4,1,1,81
1,100,13,7,5,4,9,10,1,120,1,1,4,3,3,7,2,2,0,2,1,1,1,1,0,1,2,1,0,0,0,0,3,0,2,2,2,0,3,4,4,4,4,1,3,2,2,2,0,1,1,0,0,0,1,0,0,1,3,3,0,0,0,0,0,0,0,0,2,100,13,7,0,0,0,0,0,0,0,0,0,0,0,0,0,0,0,0,0,0,0,0,0,0,0,2,0,0,1,1,1,1,4,3,1,8,4,2,1,1,1,1,1,1,1,3,3,2,2,2,2,2,2,2,2,2,2,2,2,2,1,2,2,0,1,72
1,100,14,7,3,4,9,9,4,120,14,1,4,1,3,1,4,3,1,1,1,1,2,6,1,1,2,2,8,1,0,1,5,3,3,2,2,3,4,4,4,4,2,1,4,3,3,0,0,0,0,0,0,0,0,0,0,0,0,0,0,0,0,1,1,2,3,2,2,100,14,7,2,2,1,1,2,3,2,1,1,1,1,2,2,1,1,4,1,2,1,1,1,3,5,3,3,5,1,5,5,2,3,3,1,7,4,2,1,2,2,2,2,1,3,2,2,2,2,2,2,2,2,1,2,2,1,2,2,2,2,2,0,0,2,57
1,100,15,7,5,4,3,1,5,110,1,1,4,7,1,3,3,3,2,1,3,1,2,6,2,2,2,1,8,1,2,4,8,2,3,1,1,2,4,4,4,5,4,1,3,2,3,5,1,1,1,0,0,0,1,0,1,1,3,3,1,1,1,1,1,2,2,2,2,100,15,7,1,3,3,3,3,2,1,2,2,3,2,4,4,2,4,4,4,1,1,1,2,1,4,1,1,5,1,5,5,1,4,1,1,6,4,2,2,1,1,3,2,1,3,3,3,2,2,2,2,2,2,2,2,2,2,2,2,2,1,2,1,0,1,83
1,100,16,7,2,4,8,1,5,38,14,1,4,2,1,2,4,3,2,1,1,1,1,1,1,1,2,2,8,0,3,1,4,2,2,1,1,1,1,4,1,1,1,1,2,1,1,1,4,0,0,0,0,0,0,1,1,5,2,1,1,1,1,1,1,2,2,2,2,100,16,7,0,0,0,0,0,2,2,0,0,0,0,0,0,0,0,0,0,1,1,1,2,1,4,1,2,1,1,1,1,1,1,2,2,3,2,2,1,2,2,2,1,1,1,1,1,2,1,2,2,2,2,2,2,2,1,2,2,2,2,2,1,0,3,22
1,100,17,7,2,4,3,9,4,90,2,1,4,3,1,2,1,3,1,1,1,1,3,1,3,3,2,1,0,1,1,3,8,3,1,1,1,1,3,3,4,4,4,3,3,2,2,1,1,1,0,0,1,1,1,1,1,5,1,1,1,1,1,1,1,1,1,2,2,100,17,7,1,0,0,1,0,3,1,1,0,0,0,0,0,0,0,0,0,0,1,1,2,2,3,1,1,5,1,1,1,1,5,2,3,9,2,2,1,1,2,1,1,2,3,2,2,2,2,1,2,2,2,2,2,2,2,2,1,2,2,2,1,0,1,13
1,100,18,7,4,4,10,9,4,120,99,1,4,3,2,7,1,2,2,1,1,3,4,6,3,1,2,1,8,1,0,2,3,3,3,1,1,2,3,4,5,5,2,1,1,1,3,5,2,1,1,1,1,1,1,1,1,5,3,1,1,1,1,1,1,1,1,2,2,100,18,7,2,1,1,1,2,3,1,1,2,4,1,1,4,1,4,4,4,2,1,1,1,1,5,2,2,5,1,5,5,1,1,2,1,9,4,2,1,1,2,2,1,1,3,1,3,2,1,2,2,1,2,2,2,2,2,2,2,2,2,2,4,0,1,30
1,100,19,7,2,4,4,9,4,90,90,1,3,2,1,2,1,2,2,1,1,1,3,2,1,1,1,1,8,1,1,4,3,2,3,2,0,1,2,1,1,1,4,1,1,3,3,2,4,1,1,0,0,0,0,0,2,2,1,1,1,1,1,1,1,3,2,1,2,100,19,7,0,0,0,0,0,1,1,2,2,4,4,4,4,4,4,4,4,2,1,1,2,1,5,2,2,1,1,1,1,1,1,1,3,7,2,2,1,1,2,1,2,1,1,2,3,2,2,2,2,2,2,2,2,2,2,2,1,2,2,2,3,0,1,66
1,100,20,7,2,4,10,9,4,60,20,1,2,7,3,4,1,3,2,2,1,2,1,6,3,1,2,2,8,1,2,1,8,3,3,1,1,2,4,4,4,4,1,2,2,3,2,3,4,1,0,0,0,0,0,0,1,2,3,1,1,1,1,1,1,3,2,2,2,100,20,7,1,1,1,1,1,3,2,1,1,2,1,2,2,1,3,4,1,2,2,1,1,1,3,1,2,4,3,2,1,1,3,2,3,9,4,2,1,2,2,1,2,1,2,2,2,2,2,1,2,2,2,1,2,2,2,2,2,2,2,2,2,0,2,48
1,100,21,7,2,4,0,0,5,999,98,1,4,0,3,2,0,0,0,0,2,1,0,6,3,0,2,2,8,0,3,0,2,0,0,0,0,2,2,0,2,5,0,0,0,0,0,3,2,1,1,1,1,1,1,1,0,4,0,0,0,0,0,2,1,3,0,1,2,100,21,7,3,3,3,3,3,2,0,0,0,0,0,0,0,0,0,0,0,0,0,0,0,2,0,0,0,0,0,0,0,0,0,6,4,0,0,0,0,0,0,0,0,0,0,0,0,2,2,2,2,2,2,2,2,2,2,2,2,2,2,1,0,0,1,0
1,100,22,7,2,4,8,9,4,999,98,1,3,2,3,2,2,2,2,1,2,3,2,6,3,1,2,2,8,2,2,2,9,3,2,2,1,2,2,2,2,3,2,1,4,2,2,5,0,1,1,1,0,0,1,0,1,3,0,1,1,1,2,1,1,2,1,1,2,100,22,7,1,2,1,1,1,2,4,1,2,4,4,4,4,2,4,4,4,2,1,0,0,1,4,3,1,1,1,2,1,1,1,3,1,7,4,1,1,1,1,1,2,2,1,3,3,2,2,2,2,1,2,2,2,2,1,2,2,2,2,2,2,1,3,75
1,100,23,7,5,4,4,9,4,240,15,1,2,3,3,7,1,1,2,1,1,1,3,2,3,1,2,2,8,1,3,1,8,1,2,1,2,3,2,2,3,2,4,3,3,2,2,2,4,1,1,1,0,0,0,0,2,5,1,1,1,1,1,2,1,3,2,2,2,100,23,7,3,3,2,3,3,1,1,2,4,2,1,4,4,4,4,2,1,1,2,1,1,2,4,2,2,1,1,1,1,1,2,5,2,10,4,2,1,1,1,2,1,1,2,3,3,2,1,2,2,2,2,2,2,2,1,2,2,2,2,2,3,0,2,32
1,100,24,7,2,4,9,9,4,999,98,1,4,0,2,1,4,3,3,1,1,1,2,3,3,0,2,2,8,3,1,3,3,1,2,1,1,1,1,3,3,3,1,1,1,1,3,3,2,1,1,1,1,1,1,1,2,1,3,1,1,1,1,2,1,3,2,2,2,100,24,7,3,3,3,3,3,3,1,4,4,4,4,4,4,4,4,4,4,1,1,1,2,1,2,1,3,5,1,1,2,1,2,2,1,9,3,2,1,2,2,2,1,4,3,1,3,2,1,1,2,2,2,2,2,2,2,2,2,2,2,2,4,0,1,60
1,100,25,7,2,4,13,11,3,150,99,1,2,2,1,2,1,2,2,4,3,3,2,1,2,2,1,1,8,1,1,1,4,3,3,2,2,1,5,4,4,4,2,1,4,3,3,3,4,1,1,0,1,0,1,1,2,1,3,3,1,1,1,2,1,3,2,2,2,100,25,7,2,2,2,2,2,2,2,1,1,2,2,1,2,2,4,4,1,1,2,1,1,1,4,2,2,1,1,1,1,1,4,1,2,6,3,2,1,2,1,2,1,1,2,2,2,1,1,2,2,2,2,2,2,2,2,2,2,2,2,2,4,0,1,80
1,100,26,7,4,4,1,9,4,100,14,2,3,3,2,7,1,1,1,1,1,3,2,6,3,2,2,1,8,0,2,2,3,2,2,1,1,1,4,5,5,4,3,1,4,3,3,4,4,0,0,0,0,0,0,0,1,0,0,0,0,0,0,1,3,3,2,2,2,100,26,7,3,3,3,2,2,1,1,3,4,4,4,4,4,2,4,4,4,1,2,1,2,1,4,2,2,2,1,2,0,1,2,3,1,7,4,2,1,1,2,2,1,1,1,4,0,2,1,2,2,2,2,1,2,2,2,2,2,2,2,2,1,2,2,45
1,100,27,7,2,4,10,10,4,999,8,2,4,6,1,5,1,2,1,1,1,3,1,6,1,1,2,2,0,1,0,1,3,2,2,1,1,0,2,1,1,1,2,1,2,1,1,1,1,0,0,0,0,1,0,0,2,2,3,1,1,1,1,2,3,2,2,2,2,100,27,7,0,0,0,1,0,1,2,0,1,0,0,0,0,0,0,0,0,1,2,1,2,1,3,2,1,0,2,1,1,1,4,2,1,4,2,2,1,2,2,2,2,1,2,3,3,2,1,2,2,2,2,2,2,2,1,2,2,2,2,2,4,2,3,64
1,100,28,7,3,4,9,1,5,14,7,1,3,0,1,6,1,1,2,1,1,1,3,1,1,1,1,1,8,1,1,2,9,3,1,2,2,1,2,1,1,1,4,1,3,2,2,3,4,1,1,1,1,1,1,1,2,1,3,1,1,1,1,2,3,2,2,2,2,100,28,7,1,3,2,2,1,1,0,1,1,4,4,1,4,0,4,4,4,1,0,1,2,2,3,1,2,1,1,5,2,1,2,4,2,2,2,2,2,1,1,1,2,1,1,2,3,2,2,2,2,1,2,1,2,2,2,2,2,2,2,2,1,2,1,42
1,100,29,7,2,4,8,9,4,120,14,1,2,2,2,7,1,2,2,1,2,1,2,6,2,2,2,1,0,2,2,1,4,3,2,1,1,3,2,3,4,4,2,1,4,3,2,2,2,1,1,1,0,0,0,0,2,1,3,1,1,1,1,3,2,3,2,2,2,100,29,7,1,3,1,1,3,3,3,2,2,2,0,2,0,2,0,0,0,0,1,1,2,1,3,1,1,1,1,5,1,1,5,1,1,9,3,2,1,1,2,2,2,2,2,2,0,2,2,2,2,2,1,1,2,2,2,2,2,2,2,2,2,2,2,36
1,100,30,7,5,4,3,9,4,150,99,1,4,5,2,1,1,3,1,2,1,1,2,3,1,1,2,1,0,0,1,4,4,3,3,1,1,3,4,4,4,4,1,3,1,3,1,2,4,1,1,1,1,1,1,1,3,5,3,3,2,1,1,1,2,3,2,1,2,100,30,7,3,3,3,3,3,2,1,2,2,4,3,4,4,3,4,4,2,2,0,3,2,1,3,2,2,1,1,1,1,1,5,3,1,5,2,2,1,1,2,1,2,2,2,3,3,2,2,2,2,2,2,2,2,2,2,2,2,2,1,2,2,2,1,43
1,100,31,7,4,4,9,1,5,110,2,1,4,2,1,2,1,2,1,1,1,1,2,6,1,3,2,2,0,1,2,4,7,1,3,2,1,2,2,4,4,3,4,3,4,2,2,5,4,1,1,1,0,0,1,0,1,5,3,3,1,2,1,1,2,2,2,2,2,100,31,7,3,3,3,3,2,2,4,3,3,4,4,3,4,2,4,4,4,1,1,1,2,1,4,3,2,2,1,5,1,1,2,1,1,5,2,2,1,2,1,1,2,1,3,3,3,2,1,2,2,2,2,1,2,2,2,2,2,2,2,2,2,2,1,82
1,100,32,7,3,4,9,9,4,90,60,1,3,2,3,2,2,2,2,1,2,1,3,3,3,3,2,1,8,1,2,4,9,2,2,2,1,3,2,4,2,2,3,1,4,2,3,3,3,1,1,3,3,3,1,3,1,5,1,1,1,2,1,1,2,3,2,1,2,100,32,7,3,2,2,1,3,2,3,1,2,2,2,1,4,3,4,4,3,1,1,1,2,1,4,3,1,2,1,1,3,1,5,4,1,6,2,2,1,1,1,3,2,2,4,3,3,2,1,2,2,2,2,2,2,2,1,2,2,2,2,2,2,2,1,18
1,100,33,7,4,4,2,9,4,106,99,1,4,3,2,1,2,2,2,1,3,3,2,3,3,1,1,1,8,1,2,1,4,3,2,1,1,1,3,4,4,4,3,1,4,1,3,1,4,1,0,0,0,0,1,0,2,1,1,3,1,2,1,1,2,1,1,2,2,100,33,7,2,3,3,2,1,3,3,1,2,3,2,1,2,2,3,3,3,1,2,1,1,3,3,3,1,2,1,1,1,1,5,1,1,6,3,1,1,2,2,2,2,2,3,3,3,2,2,1,2,2,2,2,2,2,2,2,2,2,2,2,2,2,1,32
1,100,34,7,1,4,3,9,4,999,15,1,3,4,2,2,2,3,2,2,2,3,4,6,3,1,2,1,0,1,3,2,4,3,3,1,1,3,3,4,5,5,4,3,4,3,3,4,3,1,1,3,3,3,1,3,1,5,3,1,1,0,2,2,2,3,2,2,2,100,34,7,2,2,2,2,3,2,4,2,2,2,2,2,4,4,4,4,2,2,1,1,2,2,3,1,1,5,1,1,3,1,4,3,1,5,3,2,2,2,0,2,3,2,3,3,3,2,1,2,2,2,2,1,2,2,2,2,2,2,2,2,1,2,2,62
1,100,35,7,2,4,3,1,5,120,15,1,4,7,3,2,1,2,2,1,2,1,2,6,3,1,1,1,8,2,2,4,9,2,2,2,2,6,2,1,2,3,3,3,4,3,3,2,4,1,1,1,3,1,1,3,1,1,2,1,1,1,2,2,2,3,2,2,2,100,35,7,1,2,1,1,2,2,4,1,2,1,2,3,4,4,4,3,2,2,1,1,1,1,3,2,2,4,1,1,1,1,2,4,1,7,2,2,2,1,2,2,2,2,3,3,3,2,2,1,2,2,2,2,2,2,1,2,2,2,2,2,3,2,2,29
1,100,36,7,1,4,9,1,5,80,11,1,2,3,1,2,1,2,2,2,1,1,2,6,3,1,2,2,8,1,3,4,4,2,3,1,2,3,4,4,3,3,3,3,4,3,3,2,4,1,1,1,3,3,1,3,2,1,3,1,1,1,2,2,2,3,2,2,2,100,36,7,1,2,1,1,2,3,2,1,4,2,0,1,2,1,4,3,2,2,1,1,2,1,3,2,2,2,2,2,1,1,4,4,2,4,2,2,3,1,1,2,3,2,2,2,3,2,2,2,2,2,2,2,1,2,1,2,2,2,2,2,2,2,3,86
1,100,37,7,6,4,2,9,4,120,90,1,2,5,0,2,2,2,1,2,1,1,2,1,2,2,2,1,8,2,2,2,3,2,2,2,2,6,3,4,3,3,2,2,4,3,3,2,2,1,1,1,1,1,1,1,2,1,3,1,1,1,2,2,2,3,2,2,2,100,37,7,1,2,1,1,2,3,3,1,2,2,2,2,4,1,2,4,4,2,1,1,2,1,3,1,1,1,1,5,1,2,2,2,1,5,4,2,1,1,2,1,2,1,1,3,3,2,1,2,2,2,2,2,2,2,1,2,2,2,2,2,0,2,1,39
1,100,38,7,1,4,3,9,4,120,14,1,2,2,3,1,1,2,1,1,2,1,2,6,3,2,2,0,8,2,1,1,11,2,2,2,2,3,4,4,4,4,2,3,4,3,3,2,3,1,1,1,0,0,0,0,2,2,3,2,1,1,2,2,2,3,2,2,2,100,38,7,2,0,0,0,0,3,2,2,0,0,0,0,0,0,0,0,0,2,1,1,2,1,3,3,3,1,1,1,2,1,4,2,1,6,3,2,1,1,2,3,2,2,3,2,0,2,1,2,2,2,2,2,2,2,2,2,2,1,2,2,2,2,2,41
1,100,39,7,2,4,10,10,4,78,7,1,3,5,1,3,1,2,2,1,3,1,2,1,1,1,2,1,8,2,2,1,4,3,2,1,1,0,3,3,3,3,2,1,4,3,2,3,4,1,1,1,3,3,1,3,1,1,1,1,1,1,2,2,2,2,2,1,2,100,39,7,2,1,1,3,2,2,4,1,3,4,4,1,4,2,4,4,4,1,1,1,2,1,5,2,2,5,1,5,5,1,3,3,1,5,4,2,1,1,1,2,1,1,2,4,3,2,1,2,2,1,2,2,2,2,2,2,2,2,2,2,2,2,3,10
1,100,40,7,2,4,13,9,4,45,98,1,4,5,1,2,1,2,1,1,1,1,2,1,1,1,0,0,0,1,0,2,11,2,3,2,2,0,2,2,1,1,4,1,2,2,2,2,3,1,1,1,0,0,1,0,1,1,1,1,2,1,0,2,2,2,1,2,2,100,40,7,1,2,1,2,1,3,2,1,0,2,0,2,0,2,0,0,0,1,1,1,1,1,3,1,1,2,1,1,5,1,4,1,1,9,4,2,1,1,1,1,2,2,3,2,3,2,2,2,2,2,1,2,2,2,1,2,2,2,2,2,2,2,3,42
1,100,41,7,3,4,2,9,4,240,15,1,2,3,3,7,2,2,2,1,2,1,4,1,3,1,2,2,1,1,3,1,7,3,2,2,2,3,2,4,5,5,2,1,1,3,2,2,4,1,1,3,3,1,1,3,1,1,1,1,2,1,1,2,2,2,2,2,2,100,41,7,2,3,3,2,3,2,4,1,2,2,4,1,4,3,4,4,3,1,1,3,1,1,4,1,2,5,2,2,1,1,4,3,1,7,4,2,2,0,2,2,2,2,4,4,3,2,2,2,2,2,2,1,2,2,1,2,2,2,2,2,2,2,2,35
1,100,42,7,2,4,10,9,4,120,99,1,4,2,2,3,1,2,1,2,1,1,1,6,3,3,0,0,0,1,1,1,8,3,3,1,1,3,3,4,4,4,4,2,2,3,3,3,4,1,1,0,0,0,1,0,3,2,3,3,1,2,1,2,2,2,2,2,2,100,42,7,2,3,1,2,1,3,3,2,1,2,1,2,3,4,4,3,1,1,1,1,1,1,5,1,2,2,1,1,1,1,5,3,1,5,3,2,2,1,0,2,2,1,2,3,3,2,1,2,2,2,2,2,2,2,2,2,2,2,2,2,1,2,2,9
1,100,43,7,3,4,10,9,4,60,6,1,4,3,1,3,2,2,2,2,3,1,2,6,2,1,2,2,8,2,2,4,4,2,2,2,1,3,2,1,1,3,3,3,2,1,2,1,3,1,1,3,1,3,1,3,1,1,1,1,1,2,1,2,2,3,2,2,2,100,43,7,2,1,3,1,1,3,1,2,2,3,1,2,4,2,4,4,2,1,1,1,2,1,3,1,3,2,1,2,4,1,4,2,1,5,4,2,1,0,2,3,2,2,1,2,3,2,2,2,2,2,1,1,2,2,2,2,2,2,2,2,2,2,3,67
1,100,44,7,0,4,2,5,5,10,98,1,4,6,3,1,3,2,2,2,2,1,1,6,3,1,2,1,1,1,3,4,7,2,2,1,2,3,4,4,4,5,2,2,4,1,3,2,2,1,0,0,0,0,0,0,1,5,1,1,1,1,2,3,1,2,1,2,2,100,44,7,1,2,1,2,2,3,2,1,4,2,4,2,4,1,4,4,2,2,1,2,2,2,3,1,2,1,5,1,2,1,4,2,2,5,1,2,1,1,1,2,2,3,3,3,3,2,2,2,2,1,2,1,2,2,2,2,2,2,2,2,2,2,3,73
1,100,45,7,3,0,13,9,4,120,10,1,3,2,1,2,2,2,3,1,2,1,2,6,1,1,0,0,0,0,0,1,4,2,2,1,1,3,4,4,4,4,4,1,1,3,2,3,0,1,0,0,0,0,0,0,2,5,3,3,1,1,2,3,1,1,2,2,2,100,45,7,3,0,0,0,0,3,2,0,0,0,0,0,0,0,0,0,0,1,1,1,2,0,5,2,2,3,2,1,4,5,1,1,1,5,3,2,1,0,0,2,1,0,1,3,3,2,2,2,2,2,2,2,2,2,2,2,2,2,2,1,1,2,1,74
1,100,46,7,2,4,12,9,4,90,60,1,3,2,1,2,1,3,2,2,1,3,4,4,1,1,2,1,8,1,1,1,11,3,2,1,1,0,4,4,4,4,3,2,3,3,3,1,4,1,1,1,1,1,3,3,1,1,1,1,1,2,1,3,1,1,1,1,2,100,46,7,2,1,2,1,1,3,1,1,1,1,2,4,2,2,4,4,2,1,1,1,1,2,4,3,1,5,2,5,4,1,2,1,1,3,4,1,2,1,2,1,2,1,4,3,3,2,2,2,2,2,1,2,1,2,2,2,2,2,2,2,2,2,1,69
1,100,47,7,2,4,13,9,4,100,14,1,1,2,1,2,1,3,1,1,1,2,1,6,3,1,2,1,8,1,2,1,5,3,3,1,2,6,4,4,4,4,1,1,4,3,3,3,4,1,1,2,0,0,1,1,3,1,1,1,1,2,1,3,1,3,2,2,2,100,47,7,3,3,2,1,1,3,2,1,2,1,2,4,4,1,4,3,4,2,1,3,2,1,4,2,2,1,1,2,4,1,3,4,1,6,3,2,1,1,1,3,2,2,2,1,2,2,2,2,2,2,1,2,2,2,1,2,2,2,2,2,4,2,2,52
1,100,48,7,4,4,4,9,4,87,87,1,2,7,1,6,1,1,1,1,1,1,3,1,1,2,1,2,2,1,2,1,3,2,2,1,1,2,1,2,2,1,2,1,2,1,2,2,2,1,1,3,3,3,1,3,2,1,3,1,1,2,2,2,1,3,2,1,2,100,48,7,3,3,3,3,3,1,3,1,3,2,2,1,2,2,4,4,2,1,1,2,1,1,4,3,2,1,1,2,1,1,1,4,1,7,4,1,1,1,0,1,1,1,1,3,3,2,1,2,2,2,2,2,2,2,2,2,2,2,2,2,4,2,3,23
1,100,49,7,2,4,7,0,0,999,98,1,4,3,2,1,1,3,1,0,0,1,3,6,2,1,1,1,0,3,2,2,2,2,2,1,1,1,0,4,4,4,4,1,1,2,2,3,2,1,0,0,0,0,1,1,3,5,3,3,2,2,2,2,1,3,2,2,2,100,49,7,0,3,3,0,0,1,1,0,0,0,1,0,0,1,1,0,1,0,0,2,2,1,4,2,2,0,1,1,1,5,0,0,0,0,0,0,0,0,0,0,0,0,0,0,0,2,2,2,2,2,2,2,2,2,2,2,2,2,2,1,0,3,1,24
1,100,50,7,6,3,3,1,5,90,12,2,3,1,1,1,1,2,1,1,2,1,2,6,1,1,1,0,8,2,2,4,3,2,1,2,2,3,2,2,1,2,3,1,1,3,3,1,4,1,1,1,3,1,1,3,1,1,3,3,2,2,2,2,1,2,2,2,2,100,50,7,0,1,0,1,0,1,1,0,1,0,2,3,0,0,0,0,0,1,1,1,1,1,4,1,2,5,1,5,5,1,2,1,2,6,2,2,2,1,0,1,2,2,3,3,3,2,2,2,2,2,2,2,2,2,1,2,2,2,2,2,2,3,3,65
1,100,51,7,1,1,1,9,4,115,30,1,4,6,1,6,1,2,1,1,1,1,2,6,2,2,2,2,0,0,1,2,4,3,2,1,1,3,1,2,2,4,4,1,1,3,3,2,4,1,1,3,3,1,1,3,1,5,3,3,1,1,1,3,3,3,2,1,2,100,51,7,2,3,2,1,3,2,3,1,4,4,2,4,4,2,4,4,4,2,1,1,1,1,5,1,2,3,1,5,3,1,4,2,3,8,3,1,1,1,2,2,2,1,1,3,3,2,1,2,2,2,2,2,2,2,1,2,2,2,2,2,4,3,3,5
1,100,52,7,3,4,3,9,4,150,99,1,4,5,3,1,1,1,1,1,1,1,2,6,1,1,2,2,0,1,3,1,0,3,3,1,2,3,4,4,2,4,2,1,1,3,3,2,4,1,1,1,1,1,1,1,2,5,3,1,2,1,1,1,3,3,2,2,2,100,52,7,1,0,0,0,1,1,1,1,1,0,0,1,0,0,0,0,0,1,1,1,1,1,4,3,2,1,1,1,1,1,1,3,1,6,2,2,1,1,1,2,2,1,2,3,3,2,1,1,2,2,2,2,2,2,2,2,2,2,2,2,3,3,1,84
1,100,53,7,2,4,13,1,4,120,14,1,3,4,2,2,3,3,2,3,2,3,2,6,2,1,0,0,8,1,2,4,4,2,3,1,2,3,4,4,4,4,4,3,3,3,3,3,4,1,1,1,1,1,1,3,1,5,3,1,1,2,1,1,3,3,2,2,2,100,53,7,2,3,3,2,2,2,3,1,2,3,1,3,3,4,4,2,4,2,1,1,1,2,4,1,1,2,2,5,1,1,4,4,1,5,3,2,1,1,2,3,3,1,2,3,3,2,2,2,2,2,1,2,2,2,1,2,2,2,2,2,2,3,2,14
1,100,54,7,2,4,13,9,4,90,15,1,3,2,2,1,4,3,1,1,1,3,4,6,3,2,0,0,0,0,2,4,8,2,3,1,1,0,4,4,4,3,4,1,1,0,3,2,4,1,0,0,0,1,1,1,1,0,3,3,1,1,2,2,3,2,2,2,2,100,54,7,1,0,1,1,0,3,2,1,0,0,0,1,0,1,0,0,0,1,1,3,1,2,4,2,2,2,5,0,1,1,5,1,1,11,4,2,1,1,1,1,3,1,2,2,3,2,1,2,2,2,2,2,1,2,2,2,2,2,2,2,1,3,2,50
1,100,55,7,3,4,9,7,4,76,10,1,4,3,2,7,1,1,3,1,1,2,1,2,3,1,2,2,8,0,0,4,4,3,3,1,0,1,4,5,4,4,2,3,4,3,3,5,3,1,1,3,1,0,1,3,1,5,3,1,0,2,1,1,3,3,2,2,2,100,55,7,2,3,2,1,3,3,1,1,2,3,2,2,3,4,0,2,4,1,1,1,1,1,3,3,1,5,5,5,1,1,2,5,2,6,4,2,2,1,2,2,3,2,4,4,4,2,2,2,2,1,2,2,2,2,2,2,2,2,2,2,1,3,3,79
1,100,56,7,6,4,0,0,0,999,14,1,3,1,2,7,1,3,2,1,2,3,4,6,3,3,0,0,8,0,1,1,3,2,2,1,2,3,2,4,4,4,3,1,2,2,2,5,4,1,1,3,3,3,3,3,2,5,3,3,2,1,1,2,3,2,2,2,2,100,56,7,3,3,2,1,2,2,3,3,4,4,1,3,4,3,4,4,4,1,2,3,1,2,4,2,2,2,3,3,2,1,2,3,2,9,4,2,1,1,2,2,1,1,2,3,3,2,2,2,2,1,2,2,2,2,1,2,2,2,2,2,4,3,2,15
1,100,57,7,4,4,4,9,4,95,25,1,3,7,2,0,4,2,2,2,2,1,4,6,3,2,0,1,8,0,2,4,4,1,3,1,1,2,2,4,4,4,3,1,1,2,3,2,4,0,0,0,0,0,0,0,1,5,3,3,2,1,1,2,3,2,2,2,2,100,57,7,2,3,2,1,1,2,3,0,2,2,1,3,2,0,3,1,2,1,2,0,1,1,3,3,3,5,2,3,3,2,5,2,1,5,4,2,3,0,2,2,2,3,2,3,3,2,2,2,2,2,2,2,2,2,1,2,2,2,2,2,0,3,2,11
1,100,58,7,3,4,13,10,4,150,99,1,4,5,1,3,2,2,2,2,1,1,3,6,1,1,2,1,8,1,0,4,4,3,3,2,2,3,2,2,2,2,2,3,1,3,3,2,4,1,1,1,1,0,1,0,2,1,1,1,1,1,2,3,2,2,2,2,2,100,58,7,2,2,2,1,1,3,1,1,4,4,3,4,4,3,4,4,4,2,1,1,1,1,5,2,2,2,1,3,2,1,4,3,1,10,4,2,1,1,1,1,2,1,2,2,2,2,1,2,2,2,2,2,2,2,2,2,1,2,2,2,3,3,1,28
1,100,59,7,0,0,0,9,4,120,10,1,3,2,1,2,1,3,3,1,2,1,2,1,1,1,0,0,0,0,0,1,3,2,2,1,1,3,4,4,4,4,4,1,0,0,0,3,4,0,0,0,0,0,0,0,0,1,3,3,1,1,2,3,2,2,2,2,2,100,59,7,0,0,0,1,0,1,1,0,0,0,0,0,0,0,0,0,0,0,0,1,2,0,3,1,2,1,1,1,0,1,0,0,0,0,2,2,1,0,0,0,0,0,0,0,0,2,2,2,2,2,2,2,2,2,2,2,2,2,2,1,0,3,1,71
1,100,60,7,5,4,3,9,4,120,30,1,1,6,3,3,4,2,2,2,2,3,2,2,3,0,2,1,8,2,3,1,4,3,2,1,1,2,3,3,3,3,4,3,4,3,3,2,4,1,1,1,3,1,1,1,1,5,3,1,1,1,2,3,2,2,2,1,2,100,60,7,2,3,2,2,2,2,1,1,2,2,2,2,2,2,4,2,1,2,1,1,1,1,3,2,2,1,1,1,1,1,4,3,3,9,4,2,2,1,2,2,2,2,2,3,3,2,2,2,2,2,2,1,2,2,2,2,2,2,2,2,2,3,3,9
1,100,61,7,1,4,3,9,4,22,17,1,4,7,3,0,4,3,1,1,1,3,2,4,2,1,2,1,0,2,3,4,4,3,3,1,1,2,2,3,3,3,1,3,1,2,3,3,3,1,1,0,0,1,1,1,0,5,1,1,1,1,2,3,2,3,2,1,2,100,61,7,1,0,1,0,2,3,1,2,1,2,2,2,2,3,4,2,3,1,1,1,1,1,4,1,1,2,1,4,3,5,4,1,1,5,4,1,1,1,0,3,0,1,2,4,4,2,2,2,2,1,2,2,2,2,2,2,2,2,2,2,2,3,3,37
1,100,62,7,5,4,4,0,0,120,14,1,4,6,2,7,1,3,2,1,2,1,3,1,3,2,1,1,1,1,1,1,6,2,2,2,2,3,2,4,4,4,3,1,4,2,2,2,4,0,1,0,0,1,0,0,2,0,3,3,2,1,1,3,2,2,2,2,2,100,62,7,0,2,0,0,2,2,4,1,4,4,4,4,4,3,4,4,4,1,1,3,1,2,4,2,2,2,2,3,1,1,5,4,1,9,4,2,2,1,1,2,2,2,1,3,3,2,2,2,2,2,2,2,2,2,1,2,2,2,2,2,4,3,2,51
1,100,63,7,2,4,10,9,4,105,14,2,3,1,2,1,2,1,2,4,3,1,2,6,3,1,2,1,0,1,2,2,9,3,2,1,1,2,4,4,4,5,3,1,4,1,3,3,4,1,1,1,1,1,1,1,1,5,1,1,2,1,1,3,2,2,2,2,2,100,63,7,2,3,2,3,2,2,1,3,3,4,3,3,4,3,4,4,4,1,1,1,1,1,4,1,1,1,1,5,3,1,2,3,1,8,4,2,1,1,1,2,2,2,1,1,3,2,2,2,2,2,1,1,2,2,2,2,2,2,2,2,2,3,2,54
1,100,64,7,2,4,3,9,4,115,15,1,3,4,2,2,2,3,2,2,2,1,2,2,3,1,2,1,1,1,2,2,4,3,1,3,1,3,4,4,5,5,4,3,4,2,3,3,4,1,1,1,1,1,1,1,2,5,3,1,2,1,1,3,2,3,2,2,2,100,64,7,3,2,2,1,3,1,3,2,3,1,1,2,2,3,4,3,1,2,1,1,1,2,4,2,1,1,1,1,1,1,4,2,1,2,3,2,2,2,2,2,2,2,3,2,3,2,1,2,2,2,2,1,2,2,2,2,2,2,2,2,2,3,2,63
1,100,65,7,1,4,13,5,5,25,25,1,1,2,1,2,1,2,2,3,2,1,2,1,1,1,2,1,8,1,2,2,9,2,2,1,1,3,2,2,2,2,4,1,2,2,2,1,4,1,1,1,1,1,1,1,1,1,3,3,1,2,1,3,2,3,2,2,2,100,65,7,2,2,1,2,3,2,1,1,1,1,1,2,2,1,4,4,1,1,2,1,1,3,3,1,1,1,1,1,1,1,4,3,1,4,1,2,1,1,2,3,2,2,1,3,3,2,2,2,2,2,2,2,2,2,1,2,2,2,2,2,1,3,3,56
1,100,66,7,5,4,2,9,4,90,2,1,3,1,1,1,2,2,2,1,2,1,3,1,1,2,2,2,8,1,2,2,8,2,2,1,1,2,2,2,1,2,4,3,4,2,2,1,4,1,1,2,2,2,1,3,2,1,3,1,2,1,2,1,2,1,1,2,2,100,66,7,3,2,1,1,3,1,3,3,4,4,1,2,4,4,4,4,3,1,1,1,2,1,4,3,2,5,1,1,3,1,2,0,0,0,4,2,2,1,1,1,1,2,1,3,3,2,2,2,2,2,2,1,2,2,2,2,2,2,2,2,1,3,1,75
1,100,67,7,1,3,3,1,5,90,14,1,3,1,1,1,1,1,1,1,2,1,2,2,1,1,2,2,0,1,3,2,3,2,1,1,0,1,3,2,2,2,3,3,4,1,2,5,0,1,1,1,0,1,1,0,1,5,2,3,1,2,2,1,2,2,2,2,2,100,67,7,3,3,3,2,3,3,1,0,0,0,0,2,0,2,0,0,0,2,1,1,2,1,3,1,1,2,1,2,5,1,5,1,1,7,2,2,2,1,2,1,2,2,3,3,3,2,2,2,2,2,2,1,2,2,2,2,2,2,2,2,2,3,3,11
1,100,68,7,2,4,10,9,4,105,15,1,3,7,3,7,1,2,1,1,1,1,0,6,1,1,2,2,8,1,2,4,3,2,3,1,1,1,3,1,1,1,4,3,4,3,3,5,4,1,1,0,0,0,1,0,1,1,1,1,2,2,1,1,2,1,2,2,2,100,68,7,0,0,1,0,1,2,2,1,0,0,1,1,0,0,0,0,0,1,2,1,1,2,5,1,1,5,5,5,5,1,4,2,1,8,4,2,1,2,2,1,2,4,4,4,4,2,2,1,2,2,2,1,2,2,2,2,2,2,2,2,0,3,3,95
1,100,69,7,2,4,9,12,4,105,15,1,1,1,1,1,4,2,2,1,1,1,2,6,3,2,2,2,8,1,3,4,4,2,3,2,2,3,4,4,4,4,4,3,4,3,3,2,4,1,1,0,0,0,1,0,1,5,1,1,2,2,1,1,2,2,2,2,2,100,69,7,2,2,2,1,2,2,2,1,2,2,2,2,4,2,4,4,4,2,1,1,2,2,4,2,2,3,3,3,3,1,3,3,1,3,2,2,1,1,2,2,3,2,4,3,3,2,2,2,2,2,2,1,2,2,1,2,2,2,2,2,1,3,2,2
1,100,70,7,1,4,10,9,4,90,30,2,3,2,3,2,3,3,2,3,2,2,2,6,3,3,1,0,0,0,0,0,8,3,2,2,1,0,4,4,4,4,2,3,4,3,3,5,3,1,0,0,0,0,0,0,2,2,3,1,2,1,2,2,2,3,2,2,2,100,70,7,1,0,0,0,0,2,2,0,0,0,0,0,0,0,1,0,0,1,1,1,2,2,4,1,2,2,1,2,1,1,4,3,1,8,2,1,1,1,2,2,2,1,2,3,3,2,1,2,2,2,1,2,2,2,2,2,2,2,2,2,2,3,1,50
1,100,71,7,3,4,10,9,4,90,3,1,4,2,1,2,1,3,1,1,2,1,1,1,1,1,2,2,0,0,0,1,4,3,3,1,1,2,4,2,2,2,3,1,4,3,3,0,2,1,1,1,1,1,1,0,2,5,3,3,2,1,2,2,2,2,2,2,2,100,71,7,3,2,3,1,3,2,1,2,2,2,1,2,0,1,4,2,4,1,1,1,2,3,3,1,3,2,1,1,2,2,5,1,2,9,4,1,1,0,1,1,2,1,3,3,3,2,2,2,2,2,2,2,2,2,2,1,2,2,2,2,2,3,1,78
1,100,72,7,2,4,3,10,4,102,14,1,3,7,2,1,1,2,1,1,1,1,2,6,2,2,2,2,8,1,2,2,4,2,2,1,1,3,4,4,4,4,4,3,2,1,2,2,4,1,1,1,3,3,1,1,2,5,2,1,2,1,2,2,2,3,2,2,2,100,72,7,2,3,2,2,3,2,1,1,1,2,2,2,4,2,3,4,3,2,1,1,2,1,3,1,3,1,2,3,3,1,4,4,1,7,4,2,1,1,2,3,2,1,3,3,3,2,2,2,2,2,1,2,2,2,1,2,2,2,2,2,2,3,2,7
1,100,73,7,2,4,3,9,4,90,14,1,3,7,2,1,1,2,2,1,2,3,1,2,3,1,2,2,8,1,3,2,10,2,2,1,1,2,3,4,4,4,2,1,2,3,2,2,2,1,0,0,0,0,0,0,1,5,3,3,2,1,2,2,2,2,2,2,2,100,73,7,1,3,3,3,3,3,1,1,1,2,1,1,4,1,4,4,4,1,1,0,0,1,3,1,2,2,2,2,1,1,3,2,1,8,4,2,1,2,2,1,2,2,2,3,3,2,1,2,2,2,2,2,2,2,1,2,2,2,2,2,2,3,3,52
1,100,74,7,4,4,8,9,4,90,90,1,4,5,1,5,1,2,1,1,1,1,3,1,1,1,2,1,0,1,2,2,4,2,2,1,1,3,1,1,1,1,4,3,3,3,3,1,4,1,1,1,1,1,1,1,1,1,1,1,2,1,2,2,2,3,2,2,2,100,74,7,2,2,2,2,2,2,2,2,0,0,0,0,0,2,0,0,0,1,1,1,2,1,4,1,1,2,1,1,1,1,2,5,1,9,4,2,1,2,1,1,2,2,1,3,3,2,2,2,2,2,2,2,2,2,2,2,1,2,2,2,1,3,3,71
1,100,75,7,5,4,9,9,4,120,90,1,4,4,3,3,2,2,2,1,3,1,2,6,3,1,2,1,8,1,3,0,9,2,3,1,1,3,3,3,3,4,3,3,4,2,3,1,4,1,1,3,3,3,1,3,1,1,3,1,1,2,2,2,2,3,2,2,2,100,75,7,1,2,1,1,2,2,1,1,2,1,1,2,1,2,4,1,2,2,1,1,2,1,3,1,2,1,1,1,1,1,2,3,1,8,2,2,1,1,2,1,2,1,4,4,3,2,1,2,2,1,2,2,2,2,2,2,2,2,2,2,1,3,1,64
1,100,76,7,1,3,9,1,4,110,99,1,4,4,1,3,1,2,2,1,1,1,2,6,3,1,1,0,8,2,2,1,4,2,3,2,2,3,2,2,2,2,3,1,4,3,3,2,4,1,1,1,3,1,1,3,1,5,1,1,1,2,2,2,2,2,2,2,2,100,76,7,2,1,1,3,2,3,3,1,2,3,0,2,2,3,4,4,4,1,1,1,1,1,4,2,2,2,1,5,1,1,4,4,1,6,2,2,3,0,2,2,2,2,2,3,3,2,1,2,2,2,2,2,2,2,1,2,2,2,2,2,2,3,3,16
1,100,77,7,1,4,9,9,4,120,90,1,3,3,3,3,4,2,2,2,2,1,2,6,2,1,2,1,8,2,3,2,3,2,2,1,1,2,4,3,3,3,3,3,4,3,3,2,4,0,1,1,0,0,1,0,1,1,3,1,2,2,1,2,2,2,3,2,2,100,77,7,3,3,3,2,3,2,1,1,2,4,4,2,4,4,4,4,4,2,1,1,1,1,3,2,2,1,2,2,2,1,4,4,2,9,4,2,2,1,0,0,0,0,0,0,0,2,2,2,2,2,2,2,2,2,2,2,2,2,2,1,4,3,1,37
1,100,78,7,2,4,13,9,4,120,90,1,1,2,3,4,3,3,2,1,3,2,2,2,1,2,2,2,0,0,0,0,4,3,3,6,2,0,2,4,1,2,2,2,3,3,3,3,4,1,0,0,0,0,0,0,3,1,3,3,2,2,1,2,2,1,1,1,2,100,78,7,0,0,0,1,0,3,2,1,0,0,1,0,0,0,0,1,0,1,1,1,0,2,3,2,2,1,5,1,5,1,1,1,3,5,2,2,2,2,2,3,2,2,2,1,3,2,2,2,2,2,2,2,2,2,2,2,2,2,1,2,2,3,1,53
1,100,79,7,2,4,0,9,4,45,98,1,4,5,1,5,1,2,3,2,1,1,3,1,3,1,0,1,0,1,0,1,4,0,3,2,1,0,1,1,2,1,4,3,0,3,3,2,4,0,0,1,0,0,1,0,3,1,3,2,2,1,2,3,0,0,0,2,2,100,79,7,0,0,0,0,0,3,2,0,0,0,0,0,0,0,0,0,0,0,0,0,1,2,0,2,2,1,5,1,4,1,0,2,1,10,4,2,1,1,2,2,1,2,1,3,3,2,1,2,2,2,2,2,2,2,2,1,2,2,2,2,0,3,3,43
1,100,80,7,2,4,10,9,4,100,70,1,4,2,3,2,1,2,2,1,2,1,3,3,3,1,1,2,8,1,3,2,3,2,2,1,1,3,2,3,3,3,4,1,4,3,3,3,3,1,1,3,3,3,1,3,1,1,1,1,2,1,2,3,3,2,2,1,2,100,80,7,3,3,2,1,2,2,1,2,4,4,4,4,4,3,4,4,4,2,1,1,1,1,3,1,2,1,2,3,5,2,4,3,1,9,2,2,1,1,1,2,1,2,1,3,3,2,2,2,2,2,2,1,2,2,1,2,2,2,2,2,1,5,1,17
1,100,81,7,2,4,8,9,4,160,99,2,4,2,2,1,2,2,1,1,1,1,2,1,2,2,2,2,8,1,3,4,4,2,2,2,2,6,3,4,3,2,4,3,1,0,3,2,1,1,1,1,3,3,1,3,0,5,3,0,2,1,2,3,3,1,1,1,2,100,81,7,3,2,1,3,1,3,3,4,2,1,2,1,4,2,4,4,2,2,1,1,1,1,4,1,2,4,1,3,5,5,2,1,1,3,2,1,1,1,2,2,1,1,1,3,3,2,2,2,2,1,2,2,2,2,2,2,2,1,2,2,3,5,1,20
1,100,82,7,3,4,9,9,4,999,15,1,2,1,2,3,1,2,2,1,1,3,3,6,3,3,2,1,8,1,3,4,3,3,2,1,1,3,2,3,4,3,4,3,4,3,3,2,2,1,0,0,0,1,0,0,2,2,3,1,1,2,2,3,3,2,2,2,2,100,82,7,3,1,3,2,2,3,2,1,2,2,2,2,4,1,4,2,2,2,1,3,1,1,4,2,2,1,1,1,1,1,4,2,1,5,3,2,1,1,1,2,1,1,0,0,0,2,2,2,2,2,2,2,2,2,2,2,2,2,2,1,2,5,2,53
1,100,83,7,2,4,9,9,4,60,3,1,4,7,1,2,2,2,2,2,2,1,3,1,2,1,2,2,8,1,0,2,3,1,2,1,1,2,3,3,3,3,4,1,2,3,3,2,4,1,1,0,0,0,0,0,1,1,3,3,2,2,0,3,3,3,2,2,2,100,83,7,3,3,3,3,1,2,1,2,3,4,3,2,4,3,4,4,4,2,2,1,2,3,3,2,2,5,1,2,1,1,5,4,1,9,4,2,1,1,2,1,2,1,1,3,3,2,1,2,2,1,2,2,2,2,2,2,2,2,2,2,2,5,1,19
1,100,84,7,2,4,2,9,4,90,8,1,2,7,0,0,1,1,2,1,2,1,4,3,1,1,1,1,8,1,3,4,3,1,2,2,1,3,2,5,4,2,2,3,2,1,3,2,4,1,1,1,3,3,1,3,1,1,3,1,2,2,1,3,3,3,2,1,2,100,84,7,1,3,1,1,2,2,2,2,4,4,4,4,4,4,4,4,4,2,1,1,1,1,4,1,3,5,2,5,1,2,2,2,1,7,4,1,1,1,2,1,3,2,1,3,3,1,2,2,2,2,2,2,2,2,1,2,2,2,2,2,2,5,3,26
1,100,85,7,1,4,4,9,4,120,10,1,3,2,1,2,1,2,2,2,2,3,2,1,3,3,2,1,8,0,3,1,4,2,2,1,0,3,4,4,4,4,4,1,3,3,3,3,4,1,1,1,1,1,1,0,3,1,3,3,2,2,2,1,3,3,2,2,2,100,85,7,3,2,3,1,2,1,1,2,1,1,4,1,4,1,4,4,4,2,1,1,2,1,4,1,2,1,1,1,2,1,3,5,1,8,4,2,1,1,2,2,1,1,3,3,3,2,2,2,2,2,2,2,2,2,1,2,2,2,2,2,1,5,1,73
1,100,86,7,5,4,1,9,4,40,5,1,4,6,1,5,1,2,2,1,3,1,2,6,1,1,1,1,0,0,0,2,4,2,2,1,1,2,2,2,2,2,2,1,2,2,1,2,4,1,1,1,1,1,1,1,1,1,1,1,2,2,2,1,3,2,2,2,2,100,86,7,0,0,0,0,1,2,3,0,1,0,0,1,0,0,0,0,0,1,1,1,1,1,4,1,1,1,1,1,3,1,5,3,1,8,2,2,2,2,2,1,2,1,1,3,3,2,2,2,2,2,2,2,2,2,2,1,1,2,2,2,1,5,3,38
1,100,87,7,2,4,9,8,4,90,15,1,3,4,3,1,1,2,2,1,2,1,4,6,1,1,2,0,0,3,3,1,4,2,0,1,1,0,5,5,3,0,4,1,3,1,1,1,0,0,0,0,0,0,0,0,0,5,3,0,1,2,3,2,3,3,2,2,2,100,87,7,0,0,1,1,0,3,2,1,0,2,0,0,0,0,0,0,0,1,2,1,2,3,3,2,2,3,3,2,1,3,4,1,1,5,4,2,2,0,2,1,2,2,2,3,3,2,1,1,2,2,2,2,2,2,2,2,2,2,2,2,0,5,2,39
1,100,88,7,5,4,9,8,4,0,98,1,4,1,2,7,3,2,1,2,3,1,3,3,3,2,2,2,0,3,1,3,6,1,3,1,1,2,2,4,4,4,4,1,3,3,3,2,4,1,1,1,3,1,1,3,2,3,1,1,2,2,2,2,3,3,2,1,2,100,88,7,3,3,3,3,3,1,1,2,3,4,4,1,4,3,4,4,4,1,1,1,1,3,3,1,2,5,5,5,5,1,2,5,1,8,4,1,1,1,1,1,1,1,1,1,1,2,1,2,2,2,2,2,2,2,2,2,2,1,2,2,4,5,3,21
1,100,89,7,3,4,4,9,4,85,14,3,3,5,3,3,1,2,1,1,3,1,2,1,3,3,2,1,8,3,2,1,3,2,3,2,2,3,2,2,2,4,4,3,4,3,3,2,4,1,1,3,3,3,1,1,2,2,2,1,2,2,2,2,3,3,2,2,2,100,89,7,2,3,2,3,3,1,2,3,2,0,4,2,4,4,4,4,4,1,2,3,1,2,4,3,2,5,1,2,1,5,1,3,1,9,4,2,1,1,1,3,2,1,3,3,3,2,2,2,2,1,2,2,2,2,2,2,1,2,2,2,3,5,3,41
1,100,90,7,5,4,9,10,4,85,7,1,3,5,1,3,1,2,1,1,2,1,2,1,3,1,2,1,8,2,2,2,3,2,1,2,2,0,2,2,2,2,4,1,4,3,3,2,4,1,1,3,3,1,1,3,1,1,3,1,2,2,2,2,3,2,2,2,2,100,90,7,2,2,2,1,2,2,1,2,4,4,4,2,4,4,4,4,4,1,1,1,2,1,3,1,2,1,1,1,1,2,2,4,1,6,4,2,2,1,2,1,2,2,1,2,3,2,2,2,2,1,2,2,2,2,1,2,2,2,2,2,2,5,3,58
1,100,91,7,5,4,1,10,4,80,20,2,3,5,3,4,1,2,1,1,2,1,2,1,1,2,1,1,0,2,3,3,5,2,2,2,2,0,2,2,2,2,2,0,2,3,2,1,4,1,1,3,3,1,1,2,1,1,3,0,2,2,2,2,3,2,2,2,2,100,91,7,0,0,0,0,0,3,3,1,0,0,0,3,0,0,0,0,0,1,1,1,1,1,5,1,2,1,2,4,1,1,4,3,1,9,4,2,1,1,0,1,1,1,3,0,3,2,1,1,2,2,2,2,2,2,2,2,2,2,2,2,0,5,3,61
1,100,92,7,3,4,6,9,4,999,98,1,4,4,3,3,2,2,2,1,2,1,2,6,2,1,2,0,8,1,3,4,3,2,2,2,2,2,2,2,3,2,2,3,4,2,3,2,2,1,1,3,3,1,0,1,1,2,3,1,2,2,2,2,3,2,1,2,2,100,92,7,2,3,2,1,2,2,1,2,2,2,3,2,0,4,4,4,4,2,2,1,2,1,4,1,3,3,1,2,1,1,4,3,1,9,2,2,1,1,1,3,2,2,4,3,3,2,1,2,2,2,2,1,2,2,2,2,2,2,2,2,2,5,1,61
1,100,93,7,2,4,4,9,4,120,10,1,3,2,1,2,2,3,2,1,1,1,2,1,1,1,2,0,8,0,0,1,3,2,2,1,1,3,4,4,4,4,1,1,3,3,3,0,4,1,1,3,3,1,1,1,1,1,3,3,2,2,2,2,3,1,1,2,2,100,93,7,3,3,3,1,3,3,1,1,1,4,1,4,4,2,4,3,2,2,1,1,1,1,3,1,2,1,1,1,1,1,3,4,1,8,2,2,2,0,0,1,2,1,3,3,3,2,2,2,2,1,2,2,2,2,2,1,2,2,2,2,1,5,1,65
1,100,94,7,2,4,11,9,4,20,15,1,3,1,1,1,3,3,2,2,3,1,1,6,1,3,2,2,8,1,1,1,4,3,2,6,1,3,1,5,4,5,3,1,2,2,2,3,4,1,1,3,3,0,1,3,2,5,3,3,2,2,2,2,3,3,2,2,2,100,94,7,2,3,2,1,1,3,2,4,2,1,1,1,2,2,0,1,2,1,1,3,1,2,5,2,2,5,1,1,1,5,3,2,1,3,2,2,2,1,2,1,1,1,2,3,3,2,1,1,2,2,2,2,2,2,2,2,2,2,2,2,1,5,2,27
1,100,95,7,4,4,11,9,4,90,60,1,4,5,3,4,1,2,1,2,2,1,4,6,2,1,2,2,8,1,2,1,3,2,3,1,2,3,3,2,2,2,2,2,3,2,2,1,4,1,1,1,3,1,1,3,1,1,3,1,2,2,2,2,3,3,2,2,2,100,95,7,3,3,2,1,2,2,1,4,4,4,4,2,4,3,4,4,4,2,2,3,1,1,3,1,1,2,1,2,1,1,5,3,1,8,3,2,1,1,1,1,1,1,1,2,2,2,2,2,2,2,2,2,2,2,1,2,2,1,2,2,2,5,2,60
1,100,96,7,4,4,1,9,4,120,99,1,3,7,3,3,1,2,2,1,1,1,3,6,3,1,2,2,8,0,0,1,6,1,2,1,2,3,2,3,3,3,4,3,4,3,3,1,4,1,0,0,0,0,1,0,0,0,3,1,2,2,2,2,3,1,3,2,2,100,96,7,0,0,0,1,1,1,3,2,4,4,4,0,0,1,4,4,2,2,1,1,2,1,3,3,2,5,1,1,1,2,3,3,1,8,4,2,1,1,1,1,1,2,4,3,3,2,1,2,2,2,2,2,2,2,2,1,2,2,2,2,2,5,2,61
1,100,97,7,2,4,9,9,4,120,90,1,3,3,2,1,3,2,2,2,2,1,2,6,2,1,1,0,0,0,2,0,8,3,2,2,2,2,4,3,3,3,4,1,3,3,3,0,4,1,1,3,3,1,1,1,2,1,1,1,2,2,2,2,3,2,1,1,2,100,97,7,3,3,3,1,2,3,1,2,2,4,4,4,4,4,4,4,4,2,1,3,1,2,4,1,1,5,1,5,2,1,4,3,3,10,3,2,2,1,1,1,1,1,1,2,2,2,2,2,2,2,2,1,1,2,2,2,2,2,2,2,0,5,1,3
1,100,98,7,2,4,4,9,4,100,70,1,3,2,0,2,1,1,2,2,2,3,1,3,3,1,1,0,0,1,2,2,2,1,3,2,0,2,4,3,3,3,2,1,3,2,3,3,4,1,1,3,0,1,1,1,1,2,1,1,2,2,2,2,3,2,2,1,2,100,98,7,2,3,2,1,1,3,1,1,0,2,4,4,4,3,4,4,4,2,1,1,1,1,4,2,2,2,1,5,5,5,2,1,2,10,2,2,1,1,1,2,3,2,1,3,3,2,2,2,2,2,2,2,2,2,2,2,2,2,1,2,2,5,1,9
1,100,99,7,3,4,11,9,4,120,90,1,3,3,3,2,1,2,1,2,1,1,2,1,1,2,1,2,0,1,2,4,3,2,3,2,2,3,3,2,3,3,4,2,3,2,3,2,2,1,1,1,1,1,1,3,1,1,2,1,2,2,2,2,3,2,2,1,2,100,99,7,2,3,3,3,2,2,3,1,2,4,4,4,4,3,4,4,4,2,1,1,1,1,4,3,2,2,1,1,1,1,3,3,1,6,4,2,1,0,2,3,2,1,3,1,3,2,1,2,2,1,2,2,2,2,2,2,2,2,2,2,2,5,1,58
1,100,100,7,4,4,11,9,4,90,60,1,4,3,3,2,2,2,2,1,2,1,3,6,1,2,2,1,8,0,0,4,3,2,2,2,2,3,4,3,4,3,3,1,4,2,3,2,3,1,1,0,0,0,1,1,1,1,2,2,1,2,2,4,2,3,3,2,2,100,100,7,2,1,3,1,3,3,1,1,3,4,4,4,4,2,3,4,2,2,1,1,2,3,4,2,1,5,3,2,3,1,2,5,1,9,2,2,1,0,1,1,2,1,3,4,3,2,2,2,2,2,2,1,2,2,1,2,2,2,2,2,1,5,1,34
1,100,101,7,2,4,10,9,4,110,99,1,2,7,1,7,1,2,2,2,2,3,2,6,2,1,2,1,8,1,2,1,4,2,2,1,1,3,2,4,4,3,3,2,3,3,3,3,4,1,3,3,3,1,1,1,1,5,3,1,2,3,1,3,2,2,3,2,2,100,101,7,1,1,0,0,2,2,2,1,2,1,3,4,4,2,4,2,1,1,1,3,1,1,4,1,2,1,3,1,1,1,3,1,1,5,4,2,2,2,1,3,2,1,1,1,3,2,2,2,2,2,2,2,2,2,2,2,1,2,2,2,1,5,2,6
1,100,102,7,1,3,0,1,5,999,98,1,4,0,0,0,0,0,0,0,0,0,0,0,0,0,0,0,0,0,0,0,0,0,3,1,0,3,4,4,4,0,0,3,2,0,0,5,3,0,0,0,0,0,0,0,0,5,3,0,2,1,3,3,2,1,1,2,2,100,102,7,2,3,2,2,2,3,2,2,2,4,4,3,4,2,4,4,4,2,1,1,2,2,5,2,3,1,4,5,1,1,3,4,1,6,2,2,3,2,2,1,2,4,4,3,3,2,2,2,2,2,1,2,2,2,1,2,2,2,2,2,2,5,3,87
1,100,103,7,3,4,9,9,4,999,65,2,3,6,3,5,1,3,2,2,1,1,4,1,2,1,1,0,0,1,2,2,3,2,3,1,2,3,3,2,3,2,0,3,2,3,2,2,2,1,1,0,0,0,1,0,1,5,1,1,2,1,3,3,2,1,3,2,2,100,103,7,2,3,1,2,1,2,3,1,4,3,4,2,4,2,4,3,2,2,2,3,2,1,3,3,3,1,5,1,2,1,2,3,1,4,3,2,2,1,2,2,2,2,1,4,1,2,2,2,2,2,2,2,2,2,1,2,2,2,2,2,0,5,1,63
1,100,104,7,4,4,4,9,4,155,99,1,4,5,3,2,1,1,1,1,2,1,3,2,1,1,2,2,8,1,0,1,3,2,2,2,2,0,2,4,2,3,4,1,4,3,2,2,4,1,1,1,1,1,1,0,1,5,3,1,1,2,3,3,2,2,2,2,2,100,104,7,3,2,0,1,2,3,2,2,4,4,2,4,4,4,4,4,2,2,2,3,2,1,4,2,2,1,1,1,2,1,4,4,1,6,2,2,1,1,0,2,1,1,1,0,2,2,2,1,2,2,2,2,2,2,1,2,2,2,2,2,4,5,1,27
1,100,105,7,2,4,2,1,5,30,4,1,3,7,1,0,1,2,2,2,2,1,4,1,1,1,2,2,8,1,3,1,2,2,2,1,1,3,1,2,2,2,4,1,3,2,2,2,4,1,1,0,0,0,0,0,1,5,2,1,2,2,3,1,2,2,2,2,2,100,105,7,2,3,2,1,3,2,4,2,0,0,0,0,0,0,0,0,0,2,1,1,2,3,3,1,3,1,1,1,2,1,2,2,1,4,2,2,2,2,2,1,2,2,1,3,3,2,2,2,2,2,2,2,2,2,1,2,2,2,2,2,2,5,3,72
1,100,106,7,3,4,4,9,4,105,14,2,0,3,2,7,1,3,2,2,2,1,3,6,3,1,2,1,0,0,0,1,5,2,2,2,0,0,4,4,4,4,3,1,4,3,3,4,0,1,0,0,0,0,0,0,0,5,3,0,2,2,3,0,2,3,2,1,2,100,106,7,0,0,0,0,0,2,3,0,0,0,0,0,0,0,0,0,0,2,1,3,1,1,3,1,1,1,1,0,1,0,1,3,1,7,4,2,0,1,2,0,1,1,1,3,3,2,2,2,2,2,2,1,2,2,2,2,2,2,2,2,0,5,2,46
1,100,107,7,5,4,7,0,0,999,14,0,4,1,2,7,1,3,2,1,2,3,4,6,3,3,2,2,1,0,1,1,3,2,2,2,0,3,2,4,4,5,4,3,4,1,2,2,4,1,1,3,3,3,1,3,2,1,3,3,2,2,2,3,2,2,2,2,2,100,107,7,3,3,2,2,2,2,2,4,2,2,3,4,4,4,4,4,4,2,1,3,1,2,4,2,2,1,1,1,1,1,2,3,1,7,4,2,1,1,0,2,1,2,1,3,3,2,1,2,2,2,2,2,2,2,2,2,1,2,2,2,3,5,2,64
1,100,108,7,5,4,2,9,4,66,52,3,4,7,2,1,1,1,1,1,1,1,3,1,3,2,2,2,0,1,3,2,2,2,2,1,2,3,3,4,4,4,3,1,4,3,3,4,4,1,1,1,3,1,1,3,1,1,3,1,2,2,2,3,2,2,2,2,2,100,108,7,2,3,2,3,2,2,1,1,2,2,2,2,4,2,4,4,4,1,1,1,1,1,3,3,2,5,1,5,1,1,2,2,3,8,4,1,1,1,2,3,1,2,1,2,3,2,2,2,2,1,2,1,2,2,2,2,2,2,2,2,3,5,1,23
1,100,109,7,3,4,0,9,4,110,2,1,2,5,2,1,3,2,3,2,3,2,3,3,1,1,2,2,8,1,3,2,9,1,2,2,1,1,2,4,4,4,2,1,1,2,3,3,4,1,1,1,1,1,3,3,1,2,1,1,2,2,2,3,2,2,2,1,2,100,109,7,3,1,3,3,2,3,1,2,4,4,4,4,4,4,4,4,4,2,2,1,1,1,3,1,1,3,1,2,3,5,2,3,1,10,4,1,1,1,2,1,2,2,3,3,3,2,2,2,2,2,2,2,2,2,2,2,2,2,1,2,2,5,1,29
1,100,110,7,2,4,9,9,4,80,2,1,3,5,3,2,4,2,2,2,2,1,2,1,3,1,2,2,8,0,3,2,3,2,1,2,2,0,4,4,4,3,2,1,2,2,2,2,4,1,1,1,3,3,1,3,1,5,1,1,2,2,2,3,2,2,2,2,2,100,110,7,3,3,3,3,2,2,3,2,4,4,4,4,4,3,4,4,4,2,1,1,2,1,3,1,2,2,2,2,1,1,4,2,1,9,3,2,2,2,2,2,2,2,1,2,2,2,1,2,2,1,2,2,2,2,2,2,2,2,2,2,2,5,1,62
1,100,111,7,3,4,10,9,4,120,25,1,3,7,3,3,1,3,2,1,1,1,3,6,2,2,0,1,1,0,0,2,5,2,2,2,2,1,4,4,3,4,4,3,4,0,3,5,0,1,1,1,0,0,0,0,1,5,3,1,2,2,2,3,2,2,2,1,2,100,111,7,0,0,0,0,2,2,3,1,0,0,0,0,0,0,0,0,0,1,1,1,1,3,3,2,2,2,1,2,1,1,2,3,1,4,4,2,2,1,1,2,2,2,1,3,3,2,2,2,2,2,2,2,2,2,1,2,2,2,2,2,3,5,2,21
1,100,112,7,5,4,1,9,4,120,99,1,3,7,3,3,2,2,2,1,1,1,3,6,3,2,2,1,8,1,1,2,4,1,3,2,2,3,1,3,3,4,2,1,1,3,3,3,4,1,1,1,1,1,1,0,2,5,3,1,2,2,2,3,2,2,3,2,2,100,112,7,3,3,2,1,3,1,2,1,1,4,2,4,4,4,4,4,4,2,1,1,2,1,3,1,2,1,1,2,5,1,2,3,4,11,4,2,1,1,2,1,2,2,1,2,3,2,2,2,2,2,2,1,2,2,2,2,2,2,2,2,2,5,2,31
1,100,113,7,2,4,13,9,4,240,14,1,2,2,2,7,1,1,1,2,2,1,4,6,3,2,2,0,8,2,0,1,11,2,2,2,2,3,4,4,4,4,4,3,4,3,2,2,3,1,1,1,0,0,0,0,2,2,1,1,2,2,2,3,2,3,2,2,2,100,113,7,2,0,0,0,0,3,2,0,1,2,2,0,0,0,0,0,0,2,1,1,1,1,4,1,3,1,1,1,2,1,4,1,1,7,4,2,1,1,2,3,2,1,3,2,0,2,1,2,2,2,2,2,2,2,2,2,2,1,2,2,2,5,2,42
1,100,114,7,1,4,4,9,4,120,90,1,3,5,2,2,1,2,2,2,2,3,2,6,2,1,2,2,9,0,2,2,3,2,2,1,1,3,2,3,2,1,2,3,4,3,3,1,4,1,1,3,3,1,1,3,2,5,1,1,2,2,3,2,2,2,2,1,2,100,114,7,2,3,2,1,1,2,1,1,2,4,2,2,4,4,4,4,4,1,1,1,2,1,3,3,1,5,1,2,4,1,5,3,1,5,2,2,1,2,1,3,2,3,3,3,3,2,2,2,2,1,2,2,2,2,2,2,1,2,2,2,2,5,1,40
1,100,115,7,2,4,10,9,4,120,25,1,3,7,3,3,1,3,2,1,1,1,3,6,2,0,0,1,8,0,1,2,9,3,3,2,0,6,4,4,3,4,4,3,4,0,3,5,0,1,1,1,3,3,3,3,1,5,2,2,2,2,3,2,2,2,2,2,2,100,115,7,0,0,0,0,2,2,3,0,0,0,0,0,0,0,0,0,0,1,2,1,1,1,3,1,3,4,1,3,1,2,4,3,1,5,3,2,2,1,1,2,1,1,1,3,3,2,2,2,2,2,2,2,2,2,1,2,2,2,2,2,3,5,2,5
1,100,116,7,3,4,6,9,4,999,9,1,4,7,2,3,1,2,1,1,0,0,2,3,3,2,1,2,8,2,3,2,11,2,3,2,2,6,4,4,5,5,3,1,1,3,2,3,4,1,1,3,1,3,1,0,1,2,3,1,2,2,3,2,2,2,2,2,2,100,116,7,3,3,3,3,3,2,4,3,4,4,4,4,4,4,4,4,4,1,2,1,1,2,3,3,2,5,2,5,1,1,4,3,1,3,4,2,1,0,1,3,2,1,3,3,3,2,2,1,2,2,2,2,2,2,2,2,1,2,2,2,0,5,3,0
1,100,117,7,3,4,4,10,4,120,99,1,4,3,1,3,1,2,1,1,1,1,2,6,1,1,2,1,8,1,1,2,4,2,2,1,1,3,2,2,2,2,3,3,4,3,3,2,4,1,1,2,3,1,1,3,2,1,1,1,2,2,3,2,2,3,2,2,2,100,117,7,3,2,3,1,2,2,2,2,2,4,2,2,4,4,4,1,1,1,1,1,1,1,3,1,1,3,5,3,1,1,5,3,1,11,3,2,1,1,2,1,2,1,1,3,3,2,2,1,2,2,2,2,2,2,2,2,1,2,2,2,3,5,3,48
1,100,118,7,3,4,0,9,4,90,98,1,3,2,1,2,4,2,1,1,1,1,3,6,0,1,2,0,8,1,3,1,3,2,2,1,0,0,2,4,4,4,2,1,1,3,3,3,4,1,1,0,0,0,0,0,2,2,3,2,1,3,3,2,2,3,2,2,2,100,118,7,3,3,3,0,1,3,1,1,2,0,4,4,0,3,4,4,4,2,1,1,2,1,5,2,2,5,0,5,5,1,3,3,1,5,3,2,2,2,1,2,2,1,1,3,3,2,2,2,2,2,2,2,2,2,2,2,1,2,2,2,4,5,1,68
1,100,119,7,1,4,10,9,4,135,99,1,3,2,1,2,1,1,1,1,1,1,1,1,2,1,2,2,0,1,2,4,3,2,2,1,1,3,2,2,2,2,4,3,4,2,2,2,4,1,1,1,3,1,1,3,1,1,3,3,2,3,2,2,2,3,2,1,2,100,119,7,2,2,2,1,2,3,2,1,1,1,2,4,4,1,4,4,4,1,1,1,2,1,3,1,1,2,2,2,2,1,4,1,1,7,3,2,1,2,2,3,2,2,1,4,3,2,2,2,1,2,2,2,2,2,2,2,2,2,2,2,2,5,1,47
1,100,120,7,4,4,2,10,4,60,12,1,3,7,1,2,1,1,1,1,1,2,3,3,2,1,2,1,9,2,1,2,3,1,1,2,2,1,1,1,1,1,4,1,1,3,3,1,4,1,1,1,1,0,1,0,2,1,3,3,3,1,3,3,3,2,2,2,2,100,120,7,1,3,3,3,3,1,3,2,1,4,1,4,4,4,4,4,1,2,2,1,2,1,4,2,2,5,1,1,1,5,5,4,1,8,4,2,1,1,1,1,2,2,1,3,3,2,2,2,1,2,2,2,2,2,1,2,2,2,2,2,3,7,3,47
1,100,121,7,1,4,2,4,5,15,15,1,1,4,2,2,2,2,2,2,2,1,2,6,3,1,2,1,8,1,3,4,3,2,2,2,2,3,4,4,4,4,3,1,4,3,3,3,2,1,1,3,3,1,3,3,1,5,3,0,2,2,3,3,3,2,1,2,2,100,121,7,2,3,3,1,2,2,2,1,0,0,0,0,0,0,0,0,0,2,2,1,1,1,3,1,2,5,2,5,4,1,3,5,1,9,1,2,3,1,1,2,3,2,3,2,3,2,2,2,2,1,2,1,2,2,2,2,2,2,2,2,2,7,3,6
1,100,122,7,2,4,4,8,3,60,15,1,3,1,1,1,2,2,2,1,2,1,3,6,2,2,2,2,8,2,2,2,3,1,2,2,1,3,3,3,3,3,4,1,4,3,3,2,2,1,1,0,0,0,0,0,1,5,0,0,2,2,3,3,3,3,2,2,2,100,122,7,3,3,2,3,2,2,1,2,4,4,4,4,4,4,4,4,4,1,1,1,1,1,4,1,1,1,1,2,4,1,2,4,1,5,4,2,2,1,2,3,2,2,1,2,2,2,1,2,2,2,2,2,2,2,2,2,1,2,2,2,0,7,2,19
1,100,123,7,2,4,3,9,4,90,15,1,4,1,1,6,1,2,1,2,3,3,1,6,3,1,2,2,8,1,3,1,3,1,3,1,1,1,4,4,4,4,2,3,3,2,3,1,4,1,1,0,0,0,1,0,1,5,1,1,2,2,3,3,3,2,2,2,2,100,123,7,1,2,3,1,2,2,1,2,4,1,1,2,2,2,4,3,2,2,1,1,2,1,4,1,3,2,2,1,1,1,4,3,1,9,4,2,1,0,2,2,3,2,1,3,3,2,1,1,2,2,2,2,2,2,2,2,2,2,2,2,0,7,2,10
1,100,124,7,2,4,9,9,4,120,99,1,3,7,3,7,2,2,1,2,2,1,2,6,2,1,2,1,8,2,2,4,4,2,3,2,2,2,4,4,4,4,2,2,1,3,3,2,4,1,1,1,1,1,1,0,2,5,1,1,2,2,3,3,3,2,2,2,2,100,124,7,2,3,2,2,1,3,2,2,1,4,1,4,4,1,2,4,4,2,1,1,2,2,3,1,2,3,1,2,2,1,4,4,1,4,2,2,3,1,1,2,3,3,3,3,3,2,2,1,2,2,2,2,2,2,1,2,2,2,2,2,2,7,2,59
1,100,125,7,3,4,11,2,4,30,30,1,1,7,3,2,4,3,2,2,2,3,2,4,1,2,2,1,8,2,3,4,11,2,2,2,2,3,3,2,2,2,3,1,4,3,3,2,3,1,1,1,1,1,1,2,1,2,2,2,2,2,3,3,3,3,2,2,2,100,125,7,2,3,2,2,2,2,4,4,4,4,4,4,3,2,4,4,4,2,2,1,1,1,2,1,2,2,1,2,1,3,2,5,1,7,4,2,3,1,2,1,2,2,1,3,3,2,2,2,2,1,2,1,2,2,2,2,2,2,2,2,3,7,3,14
1,100,126,7,4,4,4,9,4,90,10,1,2,6,1,6,1,2,2,1,2,1,2,6,1,1,2,2,0,1,2,3,3,2,0,2,1,3,1,1,1,2,4,3,4,2,2,2,4,1,1,3,3,1,1,3,1,5,0,1,2,2,3,3,3,2,2,2,2,100,126,7,2,2,3,2,1,2,1,2,2,4,4,2,4,2,4,4,4,1,1,3,1,1,4,1,0,5,1,5,5,1,5,1,1,8,4,2,1,1,2,1,2,0,3,2,4,2,2,2,2,2,2,2,2,2,1,2,2,2,2,2,2,7,3,30
1,100,127,7,6,4,4,9,4,34,16,1,3,4,0,2,1,1,2,1,1,1,2,1,2,2,2,2,1,2,2,2,3,2,1,1,2,3,2,3,3,3,4,1,4,3,3,1,4,1,1,1,1,0,1,1,1,1,3,1,2,2,3,3,3,2,2,2,2,100,127,7,2,3,2,2,2,1,1,2,4,4,3,2,4,4,4,4,3,2,1,1,1,1,2,1,1,2,2,1,1,1,2,4,2,6,4,2,1,1,1,3,1,1,1,1,3,2,2,2,2,1,2,2,2,2,2,1,2,2,2,2,2,7,3,35
1,100,128,7,2,4,2,9,4,30,9,1,4,3,1,2,4,2,2,2,2,2,3,6,3,2,2,1,8,1,2,2,4,1,2,2,2,3,3,1,1,4,4,3,1,3,2,0,4,1,1,3,3,1,1,3,1,5,0,0,2,2,3,3,3,2,2,1,2,100,128,7,2,1,2,1,3,3,1,3,1,4,4,4,4,4,4,4,2,1,2,1,2,1,3,1,2,5,2,5,3,1,4,3,2,9,4,1,1,1,0,1,3,2,1,2,3,2,2,1,2,2,2,2,2,2,1,2,2,2,2,2,3,7,3,74
1,100,129,7,4,4,4,9,4,70,60,1,3,3,3,2,2,2,2,1,2,1,3,6,2,2,2,1,8,1,3,2,3,2,2,2,1,3,2,2,2,3,4,3,4,3,2,2,4,1,1,1,1,1,1,3,1,5,2,1,2,3,2,3,3,2,2,2,2,100,129,7,3,3,2,2,2,2,1,2,4,2,4,2,4,4,4,4,4,2,1,1,2,1,4,2,2,1,1,1,2,3,2,4,1,8,4,2,1,1,2,2,2,2,1,4,3,2,1,2,2,2,2,2,2,2,1,2,2,2,2,2,3,7,1,2
1,100,130,7,4,4,6,9,4,90,60,1,3,2,1,2,2,1,2,1,2,1,2,3,3,2,1,2,8,1,2,2,3,2,1,2,1,2,3,2,1,2,2,2,2,3,3,1,2,1,1,3,3,1,1,1,1,1,1,3,2,3,2,3,3,2,2,2,2,100,130,7,2,3,1,3,3,3,3,1,2,4,2,1,4,1,4,4,4,1,1,1,2,1,3,1,2,5,3,5,4,5,4,4,1,4,2,2,1,1,2,2,2,2,1,3,3,1,2,2,2,2,2,1,2,2,2,2,2,2,2,2,0,7,1,31
1,100,131,7,5,4,4,9,4,91,3,1,3,6,2,3,1,1,2,1,1,1,2,1,3,1,1,0,8,1,2,2,3,1,1,1,2,1,3,3,3,1,3,1,4,3,3,1,4,1,1,3,3,1,1,3,1,2,3,1,2,3,2,3,3,3,2,1,2,100,131,7,2,2,3,1,3,1,3,2,2,4,4,4,4,2,2,4,4,1,1,1,2,1,3,2,2,1,1,5,1,1,5,3,1,3,4,1,1,2,2,2,1,1,3,3,3,1,2,2,2,1,2,2,2,2,2,2,2,2,2,2,1,7,1,55
1,100,132,7,1,4,3,9,4,65,15,1,3,7,2,3,1,2,1,1,2,1,3,3,1,1,2,1,1,0,1,1,3,2,3,1,2,3,4,4,4,4,3,3,0,0,3,3,4,1,1,0,0,0,1,0,1,5,3,1,2,3,2,3,3,3,2,2,2,100,132,7,3,3,2,2,1,2,2,2,1,4,2,2,4,3,4,4,4,2,1,1,2,1,4,0,0,2,1,2,2,1,1,3,1,3,4,2,1,1,2,1,2,2,2,2,3,1,2,2,2,1,2,2,2,2,2,2,2,2,2,2,2,7,2,17
1,100,133,7,4,4,4,10,4,102,14,1,3,7,2,1,1,2,2,1,1,1,2,6,2,1,2,1,8,0,0,2,6,2,1,1,1,3,4,4,4,4,4,3,4,3,3,3,1,1,1,0,0,0,1,0,2,1,1,1,2,3,2,3,3,2,2,2,2,100,133,7,2,2,0,3,1,2,4,2,4,4,4,4,4,4,4,4,4,1,2,1,1,1,4,1,1,5,5,5,5,1,4,3,1,6,4,2,1,1,2,3,0,1,1,3,3,2,1,2,2,1,2,2,2,2,2,2,2,2,2,2,0,7,2,25
1,100,134,7,5,4,9,9,4,0,5,1,3,5,0,4,2,2,2,2,2,1,3,3,1,1,2,2,1,1,2,4,3,2,2,1,1,3,2,2,2,3,2,3,3,3,2,2,4,1,1,1,3,1,1,3,1,5,1,1,2,3,2,3,3,2,3,2,2,100,134,7,2,3,2,1,1,2,1,2,4,4,4,4,4,4,4,4,4,2,1,3,1,1,3,1,2,5,2,5,2,5,2,5,1,10,4,2,1,2,1,1,2,2,4,3,3,2,2,2,2,1,2,2,2,2,2,2,2,1,2,2,2,7,3,39
1,100,135,7,2,4,4,10,4,85,34,1,4,0,1,3,1,2,2,2,3,2,4,1,3,3,1,1,0,3,2,4,3,2,2,2,2,2,3,2,3,4,4,1,4,3,3,3,2,1,1,3,2,2,1,1,2,2,3,2,2,3,2,3,3,2,2,1,2,100,135,7,3,3,3,3,2,2,3,4,1,4,0,1,4,4,4,4,4,1,1,0,1,1,3,3,3,5,5,1,1,5,5,3,1,5,4,2,1,1,1,2,1,1,2,3,3,2,1,2,2,2,2,2,2,2,2,2,1,2,2,2,2,7,3,60
1,100,136,7,2,4,9,9,4,999,98,1,3,3,1,2,2,2,2,1,1,1,2,3,3,1,2,2,0,3,2,1,9,1,2,2,1,1,3,2,2,2,3,1,4,2,1,2,4,1,1,1,3,1,1,3,2,1,2,1,2,3,2,3,3,2,3,1,2,100,136,7,3,3,2,3,1,2,3,2,4,4,4,4,4,4,4,4,2,2,1,1,1,1,3,1,2,5,5,5,1,1,4,3,1,8,4,2,1,1,2,2,2,1,3,2,4,2,2,2,2,1,2,2,2,2,1,2,2,2,2,2,4,7,3,63
1,100,137,7,2,4,11,8,3,30,8,1,4,5,3,1,2,3,2,2,1,1,2,1,2,1,2,2,8,1,2,4,4,3,3,2,2,3,4,4,4,4,2,2,1,2,3,2,3,0,0,0,0,0,1,0,2,5,3,3,3,2,2,3,3,3,2,2,2,100,137,7,3,3,3,1,3,1,2,2,4,4,4,4,4,4,4,4,4,2,2,1,1,1,4,2,2,3,3,3,3,1,4,3,1,3,2,2,2,2,2,3,2,2,2,2,4,2,1,2,2,2,2,2,1,2,2,2,2,2,2,2,2,7,3,20
1,100,138,7,4,4,4,9,4,120,90,1,3,6,1,5,1,1,2,1,1,1,3,6,1,1,2,1,9,1,3,2,2,1,1,1,1,0,2,2,2,2,4,1,4,3,2,1,4,1,1,1,1,1,1,1,1,1,3,3,3,2,2,3,3,2,2,2,2,100,138,7,0,0,0,2,0,1,3,4,4,4,4,4,4,4,4,4,3,2,1,1,1,1,3,1,2,1,1,1,1,1,1,3,1,8,4,1,1,1,2,1,1,1,1,2,2,2,2,1,2,1,2,2,2,2,2,2,2,2,2,2,2,7,1,36
1,100,139,7,1,4,9,2,5,120,0,1,4,1,2,3,2,2,3,1,4,3,2,3,2,1,0,0,8,1,2,2,4,2,1,6,0,3,1,4,4,4,2,1,4,1,3,2,4,1,1,3,2,3,1,1,1,1,3,3,2,3,3,1,3,2,1,2,2,100,139,7,2,1,2,1,2,3,1,3,2,4,4,4,4,4,4,4,2,2,1,1,1,2,4,2,3,1,3,3,4,3,5,0,0,0,2,2,3,1,0,3,3,2,4,4,4,2,2,2,2,2,1,2,2,2,2,1,2,2,2,2,2,7,3,28
1,100,140,7,1,4,9,9,4,105,25,1,4,3,0,7,3,1,1,1,1,3,3,6,3,3,1,2,0,1,2,2,9,1,3,1,1,2,2,4,4,4,3,1,1,2,3,5,4,1,1,2,3,3,2,3,2,1,3,1,2,3,3,1,3,2,2,1,2,100,140,7,3,3,3,1,2,1,3,2,2,3,2,4,4,4,4,2,4,1,2,1,2,1,4,2,2,5,1,5,1,1,5,2,1,4,4,2,1,1,0,1,1,1,1,3,3,2,2,2,2,2,2,2,2,2,1,2,2,2,2,2,0,7,1,38
1,100,141,7,2,4,6,9,4,135,90,1,3,2,1,2,1,1,2,2,2,1,4,3,2,1,2,2,0,1,2,1,2,1,2,1,1,4,2,2,1,2,2,2,3,3,3,3,4,1,1,1,3,1,1,3,1,1,3,1,2,3,3,2,3,2,1,2,2,100,141,7,3,3,3,2,1,2,3,1,3,4,4,4,4,4,4,4,4,1,2,3,2,1,3,2,2,1,1,2,2,1,4,4,1,5,2,2,1,2,2,1,1,1,3,2,3,2,2,2,2,2,2,2,2,2,1,2,2,2,2,2,1,7,1,48
1,100,142,7,5,4,9,10,4,86,86,1,2,4,1,4,1,2,1,1,2,1,2,1,1,2,2,1,8,2,2,3,6,1,1,2,1,2,2,2,1,1,3,1,4,3,3,1,4,1,1,1,0,0,1,0,3,1,3,1,2,3,3,2,3,1,1,1,2,100,142,7,2,3,3,1,3,2,1,4,4,4,4,4,4,4,4,4,4,2,1,1,2,1,4,2,2,5,2,5,1,2,4,4,1,9,4,1,3,1,2,1,2,1,3,3,3,2,2,2,2,2,2,2,2,2,1,1,2,2,2,2,4,7,3,32
1,100,143,7,4,4,2,9,4,120,14,1,2,6,3,0,1,2,2,1,1,0,1,2,1,1,0,1,8,2,0,2,3,0,2,1,0,1,2,2,2,4,4,0,3,0,3,0,4,0,0,0,0,0,0,0,1,1,1,0,3,2,3,2,3,2,0,0,2,100,143,7,0,0,0,0,1,3,1,0,2,0,0,0,0,0,0,0,0,0,1,0,0,0,0,1,1,0,0,0,5,1,2,3,1,9,4,2,1,1,1,0,1,2,1,2,2,2,2,2,2,2,1,2,2,2,2,2,2,2,2,2,1,7,3,33
1,100,144,7,2,4,8,9,4,75,75,1,3,5,3,1,1,2,2,1,1,3,4,1,1,1,2,1,8,1,2,2,3,2,2,1,1,2,1,1,2,2,3,1,1,1,2,2,1,1,0,0,0,0,0,0,1,1,3,1,2,3,2,4,2,3,2,2,2,100,144,7,0,0,0,1,0,1,1,0,0,0,0,0,0,0,0,0,2,2,1,1,1,1,3,1,1,1,1,1,1,1,5,3,1,3,4,2,1,2,2,1,2,1,3,3,3,2,2,2,2,1,2,2,2,2,2,1,2,2,2,2,1,7,3,92
1,100,145,7,1,4,9,9,4,90,14,1,3,7,1,1,2,2,1,1,3,1,2,3,3,2,2,0,9,1,3,2,6,1,1,1,1,2,2,4,4,2,3,1,4,3,3,1,2,1,1,2,3,1,1,3,2,1,3,1,2,3,3,3,2,3,2,1,2,100,145,7,2,0,0,0,1,2,3,3,0,0,0,0,0,3,0,2,0,1,1,1,2,2,3,2,2,5,1,4,5,1,1,3,1,6,4,2,1,1,1,2,1,1,1,3,3,1,2,2,2,2,2,2,2,2,1,2,2,2,2,2,1,7,3,2
1,100,146,7,2,4,2,2,5,90,15,1,4,7,2,5,1,2,0,0,0,1,3,1,1,1,2,1,8,0,0,1,3,3,2,1,1,1,1,2,1,2,4,1,2,2,2,2,1,0,0,1,0,1,1,0,2,3,1,1,3,3,3,2,2,2,1,2,2,100,146,7,0,0,0,0,0,3,3,0,0,0,1,0,0,0,0,0,0,1,1,1,1,0,0,2,1,1,1,1,1,1,0,1,3,5,2,2,1,1,2,1,3,2,0,0,0,2,2,2,2,2,2,2,2,2,2,2,2,2,2,1,3,7,3,55
1,100,147,7,1,4,3,1,5,38,14,1,4,1,1,2,4,2,1,1,2,3,2,6,1,1,2,2,8,1,0,4,4,2,2,1,0,3,2,2,2,2,2,1,4,2,2,2,3,1,1,1,3,3,1,1,2,5,3,1,2,2,2,3,3,1,3,2,2,100,147,7,3,2,2,1,2,2,2,4,2,4,2,0,0,2,4,4,2,1,2,1,2,3,3,1,1,2,2,1,1,1,5,3,1,5,2,2,2,1,2,3,3,2,3,3,3,2,2,2,2,2,2,2,2,2,2,2,2,2,1,2,3,6,3,7
1,100,148,7,2,4,9,9,4,150,99,1,3,4,3,2,3,2,2,1,2,1,2,1,3,1,0,1,8,1,2,4,3,2,3,1,1,3,3,4,4,4,3,3,2,3,3,2,4,1,0,0,0,0,0,0,2,1,3,0,2,2,2,3,3,3,2,2,2,100,148,7,2,3,3,3,2,2,1,2,2,4,4,4,4,4,4,4,4,1,1,1,1,1,4,3,3,1,1,2,2,2,5,4,1,5,2,2,2,0,0,3,2,1,3,2,2,2,1,2,2,2,2,2,2,2,1,2,2,2,2,2,0,6,1,15
1,100,149,7,3,4,9,9,4,120,90,1,4,2,0,2,3,2,2,1,2,1,2,1,2,2,1,0,8,1,2,2,10,3,3,2,2,2,3,4,4,4,4,1,2,3,3,2,4,1,1,3,3,3,1,3,2,2,3,1,2,2,2,3,3,3,2,2,2,100,149,7,3,3,3,1,1,2,3,1,4,2,4,1,4,4,4,4,4,2,1,3,2,1,3,2,2,1,1,2,3,1,5,3,1,6,2,2,1,1,1,3,2,1,2,3,3,2,2,2,2,2,2,1,2,2,1,2,2,2,2,2,3,6,1,21
1,100,150,7,4,4,8,9,4,130,99,1,3,4,1,2,1,1,2,2,1,1,2,1,3,1,2,2,0,2,2,1,3,2,2,2,2,4,2,4,4,4,4,1,3,3,3,1,4,1,2,2,1,2,1,1,2,1,3,3,2,2,2,3,3,2,2,2,2,100,150,7,3,3,3,3,3,1,3,2,2,4,4,2,4,3,4,4,4,2,1,1,2,1,3,1,2,1,1,1,2,1,4,2,1,9,0,0,0,0,2,2,1,1,2,3,3,2,1,2,2,2,2,2,2,2,2,2,2,1,2,2,3,6,1,35
1,100,151,7,2,4,9,9,4,120,90,1,3,3,1,2,1,2,1,1,1,1,3,6,1,2,1,2,0,1,3,1,3,2,1,1,1,3,4,2,2,2,4,3,3,2,2,5,4,0,0,0,0,0,0,1,1,1,3,3,2,2,2,3,3,2,2,2,2,100,151,7,3,0,0,0,0,3,3,0,0,0,0,2,0,0,0,0,0,2,1,1,1,1,2,1,1,1,4,1,1,1,5,2,1,9,4,1,1,2,2,1,1,1,1,3,3,2,1,2,2,2,2,1,2,2,2,2,2,2,2,2,1,6,1,59
1,100,152,7,2,4,9,1,4,90,90,1,3,3,3,2,4,2,2,3,2,1,2,6,3,1,1,1,1,0,2,4,4,2,3,1,1,1,4,4,4,4,3,2,1,3,3,2,2,1,1,1,1,1,1,2,3,4,1,1,2,2,2,3,3,2,1,2,2,100,152,7,3,3,3,1,1,3,4,2,0,2,0,0,0,0,0,0,2,2,2,1,1,2,4,3,2,1,1,1,2,5,3,2,1,11,2,2,1,1,1,1,2,1,1,2,3,2,2,2,2,2,2,1,2,2,1,2,2,2,2,2,2,6,1,67
1,100,153,7,5,4,4,9,4,65,60,1,3,2,1,3,1,1,1,1,1,1,3,6,1,1,2,1,8,0,0,2,3,2,1,1,2,3,2,2,2,1,4,1,2,3,3,1,4,1,1,1,3,3,1,1,1,5,1,1,2,2,2,3,3,3,2,2,2,100,153,7,3,3,3,3,3,2,3,2,4,4,2,2,2,2,4,4,2,2,1,1,1,2,4,1,1,1,1,1,1,2,2,2,1,7,4,2,1,1,2,1,1,1,1,3,3,2,1,2,2,2,2,1,2,2,2,2,2,2,2,2,1,6,2,22
1,100,154,7,1,4,10,9,4,110,15,1,3,7,2,4,1,2,1,1,1,1,2,3,1,1,2,2,8,0,2,2,0,2,3,1,1,0,4,4,4,4,2,3,4,0,3,3,4,1,1,0,0,0,1,0,1,5,3,3,2,2,2,3,3,3,2,2,2,100,154,7,0,2,0,2,0,2,3,2,0,0,0,0,0,0,0,0,0,2,1,0,1,1,3,1,1,1,1,2,2,3,2,3,1,8,4,2,1,0,2,1,2,1,1,3,3,2,2,2,2,2,2,2,2,2,2,2,2,2,2,1,2,6,2,23
1,100,155,7,2,4,3,10,4,102,14,1,3,7,2,1,1,2,2,1,1,1,2,6,2,1,2,1,8,0,0,2,6,2,2,1,1,3,4,4,4,4,4,3,4,2,3,3,1,1,1,0,0,0,1,0,2,5,1,1,2,2,2,3,3,3,2,2,2,100,155,7,3,3,3,2,3,1,4,2,4,4,4,4,4,4,4,4,4,1,2,1,1,1,3,1,1,1,1,1,2,1,4,1,1,5,3,2,2,1,2,2,2,1,3,2,2,2,2,1,2,2,2,1,2,2,2,2,2,2,2,2,0,6,2,24
1,100,156,7,2,4,4,9,4,120,99,1,4,1,3,7,4,2,2,2,4,3,4,6,3,3,2,2,8,2,3,1,2,2,2,2,1,1,4,4,4,4,3,1,2,2,1,3,4,1,2,0,0,0,2,0,2,5,2,2,2,2,2,3,3,2,2,2,2,100,156,7,1,2,2,1,1,2,3,4,4,2,2,2,4,4,4,4,4,1,2,1,2,1,4,3,3,5,1,5,5,5,5,2,1,11,3,2,1,1,2,3,3,1,3,3,3,2,2,2,1,2,2,2,2,2,2,2,1,2,2,2,3,6,2,33
1,100,157,7,4,4,9,9,4,120,14,1,2,2,2,7,1,2,2,1,2,1,2,1,2,2,2,2,0,2,2,0,9,2,2,1,2,3,2,3,4,4,2,1,1,3,2,2,2,1,1,1,0,0,0,0,2,1,3,1,2,2,2,3,3,2,2,2,2,100,157,7,2,3,2,2,3,2,3,2,2,0,0,0,0,0,0,0,0,0,1,1,1,1,3,1,1,1,1,5,1,1,3,3,1,5,4,2,1,1,2,1,1,2,1,2,0,2,2,2,2,2,2,1,2,2,1,2,2,2,2,2,2,6,2,37
1,100,158,7,2,4,9,8,4,90,15,1,3,4,3,1,1,2,2,1,2,1,4,6,1,1,2,1,8,0,0,2,4,2,2,2,1,0,3,4,4,4,3,1,4,3,2,2,2,0,0,0,0,0,0,0,2,5,3,3,2,2,2,3,3,2,2,2,2,100,158,7,0,2,0,2,0,3,2,1,0,0,0,0,0,0,0,0,0,2,1,1,1,2,3,2,2,3,4,3,2,2,3,3,1,3,3,2,2,0,2,1,2,2,3,4,3,2,1,1,2,2,2,2,2,2,2,2,2,2,2,2,0,6,2,38
1,100,159,7,6,4,9,9,4,20,5,1,3,1,1,1,1,1,2,1,0,1,3,3,1,1,2,2,0,2,2,2,3,1,1,2,1,3,2,1,1,1,3,1,4,3,3,1,4,1,1,1,0,2,1,0,1,2,1,1,2,2,2,3,3,2,2,2,2,100,159,7,2,3,1,1,2,3,1,2,4,4,4,4,4,2,4,4,4,1,2,1,1,1,3,1,1,4,1,5,5,5,1,3,1,9,4,1,1,1,1,1,2,2,1,3,3,2,2,2,2,2,2,2,2,2,1,2,2,1,2,2,1,6,3,27
1,100,160,7,1,4,13,9,4,60,14,1,3,0,3,2,1,2,2,1,2,1,3,2,2,1,2,1,8,1,3,2,11,2,2,2,1,3,3,2,3,2,4,3,4,2,2,5,3,1,1,3,3,0,1,0,1,5,1,1,2,2,2,3,3,3,2,2,2,100,160,7,1,0,0,1,0,2,2,1,4,4,4,4,4,2,4,4,4,1,2,3,1,3,3,1,3,2,1,1,5,1,5,2,1,5,2,2,1,0,1,3,2,2,3,3,3,2,2,1,2,2,2,2,2,2,1,2,2,2,2,2,0,6,3,46
1,100,161,7,3,4,9,3,4,100,5,1,3,5,1,5,1,2,2,1,2,1,3,1,1,1,2,0,9,1,2,2,6,2,2,1,1,2,2,2,2,2,4,1,4,3,3,2,4,1,1,1,1,1,1,1,1,1,3,1,2,2,2,3,3,2,2,2,2,100,161,7,3,3,2,1,2,2,1,2,2,3,2,2,3,2,4,4,4,1,2,1,1,1,3,1,1,2,0,0,0,0,5,3,1,4,0,0,0,0,1,1,2,2,3,2,4,2,1,2,2,1,2,2,2,2,2,2,2,2,2,2,0,6,3,57
1,100,162,7,1,4,10,9,4,30,15,1,4,4,1,2,1,2,2,2,2,1,2,3,1,3,2,2,8,1,2,1,4,2,2,2,2,6,4,4,4,3,2,1,4,3,3,2,4,1,1,1,1,1,1,3,1,1,1,1,2,2,2,3,3,3,2,1,2,100,162,7,0,1,1,1,1,2,1,0,1,0,0,0,0,0,0,0,0,1,2,1,2,1,3,3,2,1,2,1,1,1,5,3,1,5,4,2,1,1,2,2,2,3,1,2,3,2,1,2,2,1,2,2,2,2,2,2,2,2,2,2,0,6,3,66
1,100,163,7,4,4,9,9,4,999,98,1,3,7,1,4,1,2,2,1,0,2,3,3,1,1,2,1,0,2,2,2,3,1,2,2,2,2,3,3,3,3,2,1,1,3,3,2,4,1,1,3,3,3,1,3,1,2,3,1,2,2,2,3,3,2,2,2,2,100,163,7,3,3,2,2,1,2,1,1,2,2,4,2,4,4,4,4,4,1,1,1,1,1,3,1,3,2,1,3,1,1,2,2,1,8,4,2,1,1,1,1,2,2,1,3,3,2,2,2,2,2,2,1,2,2,2,2,2,2,2,2,0,6,3,76
1,100,164,7,1,4,2,0,0,15,3,1,3,0,3,4,2,2,2,1,2,1,2,6,1,1,2,2,1,1,3,1,3,2,2,1,1,3,2,2,2,2,3,3,1,2,3,1,4,1,1,1,1,1,1,1,1,5,3,3,1,3,2,3,3,2,2,2,2,100,164,7,2,3,3,1,2,2,3,4,4,2,4,4,4,3,4,4,4,2,1,1,0,1,3,3,2,1,3,1,1,1,4,2,1,5,4,2,0,2,2,3,2,1,2,3,3,2,2,1,2,2,2,2,2,2,1,2,2,2,2,2,2,6,3,93
1,100,165,7,2,4,10,9,4,120,6,1,3,6,1,4,2,2,2,1,3,1,4,3,2,1,2,1,8,1,2,2,3,2,2,3,2,3,2,2,3,3,3,1,2,3,3,2,4,1,1,2,3,1,1,1,2,2,2,1,1,2,3,3,3,3,2,1,2,100,165,7,2,3,3,1,2,2,1,3,4,4,3,4,4,2,4,4,4,1,1,1,2,1,4,2,2,2,1,3,1,1,4,4,1,4,4,2,1,1,2,1,3,1,1,2,3,2,1,2,2,2,2,2,2,2,1,2,2,2,2,2,4,6,3,3
1,100,166,7,1,4,9,9,4,110,99,1,4,2,2,1,4,3,2,1,1,3,1,3,3,3,1,1,8,3,2,1,7,2,3,1,2,2,4,4,4,4,3,2,4,3,3,1,2,1,1,2,2,1,1,1,2,1,3,0,2,0,3,3,3,2,2,1,2,100,166,7,0,0,1,1,3,2,3,1,4,4,4,4,4,1,4,4,4,1,1,3,1,1,4,2,2,1,1,1,2,1,3,4,1,5,4,2,3,1,1,2,1,1,1,2,2,2,2,2,2,2,2,2,2,2,2,2,2,2,1,2,4,6,1,4
1,100,167,7,6,4,4,9,4,152,13,1,3,4,0,0,1,1,2,1,1,1,3,1,1,3,2,2,2,2,2,2,3,1,2,1,1,3,2,3,3,3,4,1,4,3,2,1,2,1,1,1,1,1,1,1,1,1,3,0,2,2,3,2,3,2,2,2,2,100,167,7,2,3,2,3,1,1,1,2,4,4,3,1,4,4,4,4,0,1,1,1,1,1,3,1,1,2,1,2,1,1,1,3,1,2,4,2,1,1,1,2,1,1,3,3,3,2,1,2,2,1,2,2,2,2,2,2,2,2,2,2,2,6,3,36
1,100,168,7,2,4,4,9,4,90,8,1,3,3,1,3,1,1,2,1,2,1,1,6,1,1,2,0,8,2,2,2,3,1,3,1,1,3,1,1,1,5,3,2,3,2,2,1,4,3,1,3,3,3,3,3,1,2,3,1,2,2,3,2,3,2,2,2,2,100,168,7,1,3,1,1,3,2,3,3,4,4,4,4,4,4,4,4,4,1,2,1,2,1,3,1,1,1,5,1,3,1,1,2,1,7,4,2,1,2,2,1,3,2,1,3,3,2,2,2,2,2,1,2,2,2,2,2,2,1,2,2,1,6,3,89
1,100,169,7,5,4,4,8,5,120,90,1,3,6,3,1,4,2,1,2,2,2,4,6,2,1,2,2,0,1,3,0,11,1,1,2,2,1,4,4,2,4,1,1,4,3,3,1,4,1,1,3,3,3,3,3,1,5,1,1,2,3,2,2,3,2,2,1,2,100,169,7,3,3,2,3,2,2,1,4,4,4,3,4,4,0,0,4,4,2,1,1,2,1,2,1,2,5,3,0,5,1,4,2,1,9,2,1,3,1,2,1,2,2,3,1,1,2,2,2,2,2,2,2,2,1,2,2,2,1,2,2,1,6,1,45
1,100,170,7,4,4,11,9,4,70,40,1,3,4,2,1,1,2,2,1,3,1,3,3,3,3,1,1,8,2,1,3,9,1,2,2,2,3,3,4,4,2,4,3,2,2,3,2,2,1,1,1,3,1,1,3,2,2,2,2,2,3,2,2,3,2,3,1,2,100,170,7,3,3,3,2,2,2,4,2,2,4,4,2,4,4,4,4,4,1,1,1,1,1,3,2,2,5,1,5,2,3,5,3,1,9,2,2,1,1,1,1,1,1,1,3,3,2,2,2,2,1,2,2,2,2,2,2,2,1,2,2,2,6,1,22
1,100,171,7,2,4,9,9,4,21,25,1,3,7,3,3,1,2,2,1,2,3,3,4,1,2,1,2,8,2,2,2,10,2,2,1,1,2,4,4,3,3,3,1,4,3,2,2,1,1,1,1,3,1,1,3,1,1,1,1,2,3,2,2,3,2,2,1,2,100,171,7,2,3,3,1,3,3,3,4,2,4,4,2,4,4,4,4,4,2,1,1,2,1,4,2,3,1,3,5,5,5,3,3,1,5,4,1,1,1,1,1,2,2,1,3,3,2,2,2,2,2,2,2,2,2,2,2,2,2,1,2,1,6,3,13
1,100,172,7,4,4,0,9,4,100,40,1,3,2,3,1,1,0,1,1,0,1,2,6,1,1,2,1,9,1,2,0,8,1,2,1,2,3,2,2,2,3,4,3,4,3,3,2,2,1,1,1,0,0,1,0,1,1,3,3,2,3,2,2,3,2,2,2,2,100,172,7,0,0,0,2,0,2,2,0,1,0,0,0,0,0,0,0,0,1,1,0,0,1,4,1,3,3,1,2,2,2,2,3,3,5,4,2,1,1,0,1,2,2,3,4,4,2,2,2,2,2,2,2,2,2,2,2,2,2,1,2,0,6,3,31
1,100,173,7,2,4,8,11,4,150,99,1,3,4,3,1,1,1,3,1,1,1,2,6,2,1,2,1,0,2,2,2,3,1,2,1,1,3,3,4,4,4,4,1,2,2,2,2,1,1,1,1,1,1,1,1,1,1,1,1,3,2,2,2,3,2,2,2,2,100,173,7,3,2,1,2,3,3,1,2,1,4,4,2,4,2,4,4,4,1,1,1,1,1,4,1,1,1,1,1,2,1,5,3,1,9,4,2,1,1,2,3,2,2,1,2,2,2,1,2,2,2,2,2,2,2,1,2,2,2,2,2,2,6,1,16
1,100,174,7,4,4,10,10,4,2,1,1,4,1,3,7,2,2,1,1,2,3,3,1,3,1,2,1,8,1,2,4,10,1,2,1,2,6,2,3,3,5,4,2,4,2,3,3,4,1,1,3,3,1,1,3,1,2,2,2,2,2,3,3,2,2,3,1,2,100,174,7,2,3,2,3,2,3,3,1,4,3,4,4,4,4,4,4,3,1,1,3,2,1,4,3,3,1,5,5,2,1,5,3,1,8,4,2,2,2,1,1,2,2,3,3,3,2,1,2,2,2,2,2,2,2,2,2,1,2,2,2,0,6,1,56
1,100,175,7,4,4,8,9,4,60,14,1,4,6,3,3,4,1,1,1,2,3,3,1,3,1,2,2,1,1,3,2,3,1,2,2,2,3,2,2,3,4,4,3,4,3,2,1,4,1,1,2,2,1,1,1,1,5,1,1,2,2,3,3,2,2,3,2,2,100,175,7,1,2,1,1,2,2,3,1,2,1,3,0,0,2,4,4,2,2,2,3,1,3,4,2,2,1,2,5,5,5,5,2,1,4,4,2,1,1,1,3,2,1,1,2,3,2,2,2,2,2,2,1,2,2,2,2,2,1,2,2,2,6,2,8
1,100,176,7,4,4,9,9,4,60,21,1,3,2,1,1,2,2,1,2,1,1,2,6,1,1,1,1,8,2,2,2,10,2,2,1,1,3,1,2,3,3,2,1,1,3,3,1,4,1,1,3,3,1,1,3,2,2,3,1,2,2,3,3,2,2,2,2,2,100,176,7,2,3,1,1,2,1,1,2,1,4,4,4,4,2,4,4,4,1,1,3,1,1,4,3,0,2,1,3,1,5,4,2,1,6,4,2,1,1,1,1,1,2,4,4,3,2,2,1,2,2,2,2,2,2,1,2,2,2,2,2,1,6,3,44
1,100,177,7,1,4,9,12,4,90,90,1,4,5,1,2,1,2,2,2,2,1,4,1,2,1,2,0,8,2,2,1,2,2,2,1,1,3,1,2,1,1,4,1,4,3,3,5,2,1,1,1,1,1,1,1,0,5,0,1,2,2,3,3,2,2,2,2,2,100,177,7,2,2,2,2,2,2,1,4,1,4,4,4,4,2,4,4,4,2,1,1,2,3,3,3,1,1,1,1,1,1,2,4,1,3,2,2,3,0,2,2,2,1,1,3,3,1,2,2,2,2,2,2,2,2,1,2,2,2,2,2,0,6,3,51
1,100,178,7,2,4,8,9,4,999,98,1,4,3,3,3,1,1,2,1,2,1,3,6,1,1,2,2,8,1,3,2,3,1,3,1,1,3,3,2,2,2,4,3,4,3,3,2,4,1,1,1,3,3,1,3,2,5,1,1,2,2,3,3,2,2,2,2,2,100,178,7,3,3,3,3,3,2,3,2,2,0,0,0,0,2,0,0,0,2,2,1,2,1,4,1,2,1,2,5,5,1,4,3,4,9,4,2,1,0,2,1,2,1,3,3,3,2,2,2,2,1,2,2,2,2,2,2,1,2,2,2,4,6,3,90
1,100,179,7,3,4,3,9,4,240,14,1,2,3,2,0,1,1,1,2,0,3,4,6,3,2,0,0,0,1,0,1,3,2,2,1,0,0,3,4,4,3,3,3,4,0,2,5,4,1,1,0,0,0,0,0,1,0,0,0,2,3,2,3,2,3,3,2,2,100,179,7,0,0,0,0,0,3,4,0,0,0,2,0,0,0,0,0,0,1,1,1,0,3,3,2,3,1,2,1,5,1,4,1,1,10,4,2,3,0,2,3,2,3,3,0,2,2,2,2,2,2,2,1,2,2,2,2,2,1,2,2,2,6,2,20
1,100,180,7,2,3,3,2,4,120,15,1,3,3,3,1,1,1,1,1,2,1,3,6,1,1,2,1,8,2,2,1,3,2,1,2,2,1,2,2,2,2,4,1,3,2,2,1,4,1,1,1,1,1,1,0,1,1,1,1,2,3,2,3,2,2,2,1,2,100,180,7,2,3,2,2,2,3,1,1,3,2,0,2,4,2,4,4,2,2,1,1,1,1,3,1,1,1,2,2,1,1,2,2,1,5,2,2,2,1,2,1,2,1,2,3,3,2,1,2,2,2,2,1,2,2,2,2,2,2,2,2,2,6,3,8
1,100,181,7,2,4,9,9,4,85,14,1,3,7,0,0,1,3,1,1,3,1,2,6,1,1,2,1,8,1,2,1,11,3,2,1,0,2,2,5,2,2,4,1,4,1,3,3,4,1,1,1,0,1,1,0,1,1,3,1,2,3,3,2,2,3,2,1,2,100,181,7,3,3,3,3,3,1,3,2,4,4,4,3,4,4,4,4,4,1,1,1,1,1,5,1,1,1,2,5,2,1,1,3,1,4,4,1,1,2,2,1,2,1,2,3,3,2,2,2,2,1,1,2,2,2,2,2,2,2,2,2,4,6,3,68
1,100,182,7,2,4,2,9,4,999,98,1,4,3,1,2,1,2,1,1,2,0,2,6,1,2,1,0,0,2,2,2,3,1,3,2,1,3,3,3,2,2,3,1,1,3,3,2,4,1,1,2,3,3,1,3,3,5,3,1,2,3,3,2,2,3,2,2,2,100,182,7,2,3,2,3,1,2,1,1,4,3,4,4,4,3,4,4,4,2,2,1,2,1,4,2,2,5,1,2,1,1,5,3,1,3,3,2,2,0,2,1,2,3,0,3,3,2,2,2,2,2,1,2,2,2,1,2,2,2,2,2,2,6,3,91
1,100,183,7,2,3,13,1,5,22,86,1,4,4,1,2,1,1,1,1,1,1,3,1,1,1,2,2,8,1,2,2,4,1,2,1,0,1,2,2,2,2,4,3,3,1,2,5,4,1,0,0,0,0,0,1,2,1,3,3,3,2,3,3,1,1,1,2,2,100,183,7,3,2,3,3,3,3,3,4,1,4,0,0,0,0,4,4,4,1,2,1,1,3,3,2,2,1,5,5,1,1,3,2,1,7,2,2,3,1,2,1,2,2,1,3,3,2,1,1,2,2,2,2,2,2,2,2,2,2,2,2,2,6,3,69
1,100,184,7,6,4,4,9,4,120,99,1,3,4,2,1,3,1,1,2,1,1,3,1,1,0,2,2,9,0,2,3,5,1,3,1,1,5,4,4,4,5,4,2,3,3,3,2,2,1,1,0,0,0,2,2,2,1,3,1,3,3,3,2,3,2,2,2,2,100,184,7,3,3,3,2,3,1,1,1,1,4,4,4,4,4,4,4,4,2,2,3,1,1,5,0,2,5,5,0,0,1,1,6,3,11,2,2,1,1,1,2,1,1,1,2,3,2,2,2,2,2,2,1,2,2,2,2,2,2,2,2,4,8,2,0
1,100,185,7,3,4,9,9,4,40,5,2,3,6,1,6,1,1,2,1,1,1,2,6,1,1,2,2,8,1,2,2,5,1,2,2,1,1,1,1,4,1,1,3,1,1,2,1,4,0,1,0,0,0,0,0,2,1,1,1,3,3,3,2,3,2,2,1,2,100,185,7,3,3,3,3,3,1,2,2,4,4,4,4,4,4,4,4,4,2,2,1,1,1,5,1,1,1,1,1,1,5,5,1,1,7,4,1,1,0,2,1,2,1,3,2,3,2,2,2,2,2,2,2,2,2,2,2,1,2,2,2,1,8,3,40
1,100,186,7,6,4,1,9,4,120,99,1,3,7,3,3,2,2,2,1,1,1,3,6,3,1,2,2,8,1,3,2,6,1,1,1,1,3,3,5,4,4,4,1,3,3,3,2,4,1,1,1,1,1,1,1,2,5,3,1,3,2,3,3,3,3,2,2,2,100,186,7,3,3,3,2,2,2,3,2,2,4,4,4,4,4,4,4,4,2,2,1,2,1,1,1,2,5,2,5,1,3,2,4,1,9,4,2,1,1,2,2,1,1,3,3,3,2,2,2,2,2,2,2,2,2,1,2,2,2,2,2,2,8,2,44
1,100,187,7,2,4,3,9,4,120,14,1,3,1,2,7,3,3,3,1,2,2,3,6,3,1,2,2,8,1,3,1,6,2,3,1,1,3,4,4,4,4,4,3,4,1,1,5,4,1,1,2,1,1,0,0,1,1,3,3,3,2,3,3,3,1,1,2,2,100,187,7,3,3,3,3,3,3,4,0,0,0,0,0,0,0,0,0,0,2,1,1,2,3,0,2,2,1,5,5,0,0,0,0,0,0,0,0,0,0,0,0,0,0,0,0,0,2,2,2,2,2,2,2,2,2,2,2,2,2,2,1,0,8,2,55
1,100,188,7,3,4,9,9,4,90,14,1,3,7,1,0,1,2,2,2,2,1,2,1,2,0,1,2,9,2,2,2,6,1,2,1,1,2,2,2,4,3,3,1,4,3,2,3,2,1,1,0,0,0,1,0,2,1,3,1,3,2,3,3,3,2,2,1,2,100,188,7,3,2,1,1,2,2,1,3,2,4,4,2,4,4,4,4,4,1,1,0,1,1,3,1,0,5,5,5,2,1,2,4,1,4,3,2,2,1,1,1,2,2,1,1,3,2,1,2,2,2,2,1,2,2,2,2,2,2,2,2,2,8,3,1
1,100,189,7,2,4,4,9,4,90,98,1,4,6,3,2,1,1,2,1,1,1,3,1,2,1,0,0,8,1,3,2,3,1,2,1,1,3,3,2,4,3,4,1,3,2,3,2,4,1,1,3,3,3,1,3,1,1,3,3,2,3,3,3,3,2,2,2,2,100,189,7,2,1,2,1,2,2,2,2,0,0,0,0,0,0,0,0,0,2,2,3,2,1,3,2,2,1,1,1,2,5,5,1,1,7,2,2,1,2,2,3,2,1,1,3,3,2,2,2,2,1,2,2,2,2,2,2,2,2,2,2,2,8,1,10
1,100,190,7,2,4,8,9,4,130,99,1,3,4,3,2,1,2,1,2,2,1,2,6,2,1,2,2,0,1,3,2,3,2,2,2,2,3,3,4,4,4,3,3,3,3,2,1,4,1,1,3,3,1,1,3,1,1,1,1,2,3,3,3,3,2,1,2,2,100,190,7,2,1,2,1,1,2,3,4,2,4,4,4,4,2,4,4,4,1,1,1,2,1,2,3,1,5,1,5,1,1,4,4,1,5,2,2,1,1,2,3,2,1,3,3,3,2,2,2,2,2,2,2,2,2,2,2,2,2,1,2,0,8,1,46
1,100,191,7,2,4,4,9,4,60,20,2,2,1,1,1,1,2,2,1,2,1,2,3,1,2,2,2,2,2,2,1,3,1,2,1,1,1,2,2,2,4,3,2,4,2,3,2,4,1,1,1,3,1,1,3,1,5,1,1,2,3,3,3,3,3,2,2,2,100,191,7,3,3,3,3,1,2,1,1,4,4,4,4,4,4,4,4,4,1,1,1,2,1,4,1,2,5,1,5,1,1,5,2,1,9,4,2,1,2,2,1,2,2,3,3,3,2,1,2,2,2,2,2,2,2,1,2,2,2,2,2,2,8,3,18
1,100,192,7,3,4,9,9,4,110,20,1,3,0,3,4,2,1,2,2,2,2,3,1,3,2,1,1,8,2,2,1,6,1,2,2,2,2,3,3,3,4,4,1,4,3,2,3,4,1,1,3,3,1,1,3,2,1,2,2,2,3,3,3,3,2,2,1,2,100,192,7,3,2,3,2,3,2,3,2,4,4,4,4,4,3,4,4,4,2,2,2,1,1,4,2,2,5,2,5,1,2,4,4,1,10,4,2,2,1,1,2,2,2,3,3,3,1,1,2,2,2,2,2,2,2,2,2,2,2,2,2,3,8,3,34
1,100,193,7,3,4,4,9,4,90,14,1,3,7,3,7,2,2,2,1,3,1,3,6,2,1,2,1,8,2,2,2,3,2,1,1,1,3,4,5,5,4,4,3,1,3,3,2,4,1,1,3,3,3,1,0,1,1,3,1,2,3,3,3,3,2,2,2,2,100,193,7,3,2,1,3,1,2,1,2,3,4,4,4,4,2,4,4,4,1,2,1,1,1,3,2,2,5,1,5,3,1,2,4,1,6,3,2,2,1,1,2,2,1,3,3,3,1,2,2,2,1,2,2,2,2,2,2,2,2,2,2,2,8,3,49
1,100,194,7,5,4,4,9,4,90,14,2,3,5,3,2,4,2,2,1,1,1,3,1,2,3,2,1,8,3,2,3,1,2,2,2,2,1,2,3,2,2,4,1,4,3,2,2,2,1,1,2,3,3,1,3,2,1,3,3,2,3,3,3,3,2,2,2,2,100,194,7,2,3,2,1,1,1,1,1,2,4,3,4,4,2,4,4,4,1,1,3,1,1,2,1,1,1,1,1,1,5,1,3,1,3,4,2,1,1,1,3,1,1,3,3,3,1,2,2,2,1,2,2,2,2,2,2,2,2,2,2,3,8,3,78
1,100,195,7,5,4,1,9,4,47,15,2,3,7,1,6,1,2,1,1,1,1,4,1,1,1,2,2,8,1,2,2,2,1,2,1,1,3,2,2,2,2,3,3,4,3,3,1,4,1,1,3,3,3,1,3,1,2,3,3,2,3,2,4,3,2,2,2,2,100,195,7,2,3,2,2,2,2,1,2,4,4,4,2,4,4,4,4,4,2,2,1,2,1,3,1,2,5,2,1,1,1,5,3,1,6,4,2,1,2,2,1,1,2,1,3,3,2,2,2,2,2,2,2,2,2,1,2,2,1,2,2,2,8,3,83
1,100,196,7,5,4,2,9,4,120,90,1,3,6,2,3,3,1,2,1,3,1,3,6,2,1,2,1,0,1,1,2,9,1,2,2,2,1,3,4,3,3,4,2,4,3,3,1,4,1,1,1,2,1,1,1,1,2,3,1,2,3,2,4,3,2,2,2,2,100,196,7,3,3,3,1,3,1,3,4,2,4,4,3,4,4,4,4,4,1,2,3,1,1,4,2,2,1,2,1,4,5,1,4,1,10,2,2,1,1,2,1,1,1,1,3,3,2,1,2,2,2,2,1,2,2,2,2,2,2,2,2,4,8,1,6
1,100,197,7,0,0,0,9,4,120,24,0,4,0,2,3,1,1,1,1,1,1,1,6,3,1,1,0,0,1,0,0,0,0,0,0,2,0,0,0,0,0,3,1,1,3,3,3,2,1,1,1,0,1,0,1,2,5,0,0,1,3,3,4,3,1,1,2,2,100,197,7,0,0,0,0,0,1,3,4,4,4,4,4,4,4,4,4,4,1,1,1,1,1,2,2,2,1,1,1,4,1,1,1,0,10,0,2,1,1,0,3,1,1,1,3,3,2,1,2,2,1,2,2,2,2,2,2,2,2,2,2,0,8,1,76
1,100,198,7,2,4,9,9,4,150,99,1,3,3,3,3,4,1,1,1,1,1,3,1,2,2,1,0,0,1,3,4,10,1,2,1,1,2,2,3,2,4,4,2,4,1,3,2,4,1,1,2,3,3,1,3,2,1,2,1,2,2,3,4,3,2,2,1,2,100,198,7,3,2,3,2,2,2,2,1,2,4,4,4,4,4,4,4,4,1,2,1,2,1,4,2,2,5,1,1,2,5,3,3,1,5,2,2,1,1,1,1,1,1,3,3,3,2,2,2,2,2,2,1,2,2,1,2,2,2,2,2,4,8,1,7
1,100,199,7,2,4,7,12,4,36,16,1,3,7,3,1,1,1,2,1,1,0,3,6,1,1,2,1,1,1,3,2,3,1,2,1,1,3,4,4,3,2,4,1,3,2,3,2,4,1,1,3,3,3,1,3,1,1,1,1,2,3,3,4,3,1,1,2,2,100,199,7,1,1,1,1,2,2,1,2,4,4,4,4,4,4,4,4,4,2,1,1,1,1,3,1,1,5,1,1,1,1,4,4,1,5,4,2,1,1,2,1,2,2,3,2,2,2,2,2,1,1,2,2,2,2,2,2,2,2,2,2,1,9,2,47
1,100,200,7,5,4,8,9,4,5,5,1,4,2,2,3,1,2,1,2,2,1,2,1,1,3,2,2,8,2,2,2,5,1,2,1,2,2,2,2,2,2,4,1,4,3,3,2,4,1,1,3,3,3,1,1,1,1,2,1,2,3,3,4,3,3,2,1,2,100,200,7,2,3,3,2,3,2,1,2,1,4,1,4,4,3,4,4,4,2,1,3,1,1,4,1,2,5,2,5,2,1,3,3,2,5,4,1,1,1,1,1,2,2,1,1,1,2,2,2,2,2,2,2,2,2,2,2,2,2,1,2,4,9,3,4
1,100,201,7,2,4,2,2,5,90,16,1,4,7,1,5,1,2,1,1,1,1,2,2,2,1,2,1,8,1,3,2,3,2,2,1,1,1,2,2,2,2,4,3,4,1,1,2,1,0,0,0,0,0,0,0,1,1,3,1,3,3,3,3,3,2,2,2,2,100,201,7,3,2,3,1,2,2,1,2,2,4,2,2,4,2,4,4,2,2,1,1,1,0,0,0,0,0,0,0,0,0,0,0,0,0,0,0,0,0,0,0,0,0,0,0,0,2,2,2,2,2,2,2,2,2,2,2,2,2,2,1,0,9,3,80
1,100,202,7,5,4,0,9,4,120,90,1,3,0,0,0,1,2,1,1,1,1,3,1,1,1,1,1,0,1,2,2,2,1,1,1,0,3,3,2,2,2,4,1,3,3,2,5,4,1,1,1,0,0,0,0,1,2,2,2,3,3,3,3,3,3,2,2,2,100,202,7,3,3,3,3,3,2,1,3,4,4,4,4,4,3,4,4,4,2,1,1,2,1,1,1,0,1,1,5,1,1,1,4,1,6,4,2,1,2,2,1,1,1,1,3,3,2,2,2,2,1,2,2,2,2,2,2,1,2,2,2,0,9,1,14
1,100,203,7,3,4,9,10,4,60,17,1,4,5,2,1,2,2,2,2,2,1,3,6,3,0,2,2,1,0,0,2,3,1,2,1,1,2,4,4,4,4,4,1,4,2,2,5,4,1,1,0,0,0,0,0,1,5,0,1,3,3,3,3,3,1,3,2,2,100,203,7,0,0,0,0,0,2,4,4,4,4,4,4,4,4,4,4,4,2,2,3,2,3,3,3,3,5,5,5,3,5,5,3,1,10,4,2,1,1,2,3,1,1,3,4,3,2,2,2,2,1,2,2,2,2,1,2,2,2,2,2,0,9,2,13
1,100,204,7,2,4,4,8,4,96,14,1,3,4,1,0,1,1,1,1,1,1,3,1,1,1,2,2,1,1,1,2,3,1,1,2,2,1,2,2,1,1,4,3,2,3,1,1,4,1,1,1,1,1,1,1,1,1,3,1,3,3,3,3,3,3,2,1,2,100,204,7,3,3,2,2,3,1,4,2,4,4,4,3,4,4,4,4,4,1,1,1,1,1,3,1,1,1,1,1,1,1,1,3,1,6,4,1,1,1,2,1,1,1,1,4,3,2,1,2,2,2,2,2,2,2,2,2,2,1,2,2,1,9,3,88
1,100,205,7,2,4,3,9,4,40,16,1,4,1,2,2,1,3,1,1,2,1,2,3,2,1,2,1,0,1,2,2,3,2,3,2,2,2,2,3,3,4,4,1,4,3,2,3,4,1,1,3,3,3,1,3,2,1,3,1,3,3,3,4,3,3,2,2,2,100,205,7,3,1,3,3,2,3,1,4,4,4,4,2,4,2,4,4,4,2,1,3,1,2,3,3,2,1,5,4,1,1,5,3,1,4,4,2,1,1,1,3,1,4,0,0,0,1,2,2,2,2,2,2,2,2,2,2,1,2,2,2,3,10,1,25
1,100,206,7,5,4,9,9,4,52,98,1,3,1,0,0,1,1,2,1,1,1,2,6,1,0,2,1,8,3,2,3,6,1,1,2,2,1,2,0,0,4,4,1,4,3,2,1,4,1,1,0,0,0,1,0,1,5,0,0,3,3,3,4,3,3,2,1,2,100,206,7,2,3,3,3,2,1,1,4,4,4,4,4,4,4,4,4,4,2,1,3,2,1,5,2,2,5,5,5,1,1,2,4,1,9,2,1,1,1,1,2,1,1,1,3,3,2,2,2,2,2,2,2,2,2,2,2,2,2,2,1,4,10,3,70
1,100,207,7,5,4,4,8,4,40,14,1,3,2,1,2,1,1,2,1,3,1,2,3,1,1,2,2,8,2,3,2,3,1,1,2,2,4,2,2,2,2,3,3,4,3,3,1,1,1,1,1,3,1,1,3,1,5,1,1,3,3,3,4,3,2,2,2,2,100,207,7,2,3,2,3,2,2,3,4,4,4,4,4,4,4,4,4,4,2,1,1,1,1,1,1,1,5,1,5,5,5,2,4,1,9,4,2,2,1,2,1,2,2,3,3,3,2,2,2,2,2,2,2,2,2,2,2,2,2,2,1,2,10,3,85
1,100,208,7,3,4,4,9,4,5,20,1,3,2,2,7,3,3,1,1,1,2,3,1,3,3,2,2,1,1,3,1,11,3,3,1,1,1,5,5,5,5,4,3,4,1,3,5,4,0,1,0,0,0,1,0,3,5,3,3,3,1,3,1,1,2,3,2,2,100,208,7,3,3,3,3,3,3,4,0,0,0,0,0,0,0,0,1,0,1,1,1,2,3,5,2,2,5,5,5,5,1,5,1,1,7,4,2,1,1,2,2,1,1,4,3,3,2,1,2,2,2,2,2,2,2,2,2,2,2,2,2,4,4,2,26
1,100,209,7,6,14,0,12,4,10,1,1,4,2,1,4,1,2,1,1,2,1,3,1,2,1,2,1,8,2,2,4,3,2,2,2,1,3,3,2,1,3,4,3,2,2,2,3,2,1,1,1,3,1,1,3,2,1,1,1,2,2,2,3,1,2,2,2,2,100,209,7,3,3,1,1,2,3,2,2,2,4,4,2,2,2,4,4,4,1,1,1,2,2,4,1,2,1,1,2,1,1,2,6,2,9,4,2,2,1,2,3,2,1,3,3,3,2,2,2,2,2,2,2,2,2,2,1,2,2,2,2,3,4,3,17
1,100,210,7,3,3,3,9,4,84,14,1,2,3,1,1,1,2,1,2,2,1,2,6,3,2,2,0,1,1,0,2,6,1,2,2,2,6,2,2,1,3,4,3,4,0,3,1,0,1,1,0,0,0,1,0,1,2,1,1,1,2,3,3,1,2,2,1,2,100,210,7,0,0,0,0,2,0,0,0,0,0,0,0,0,0,0,0,2,1,1,1,1,1,3,1,3,2,1,1,3,1,4,2,1,5,4,2,1,1,2,2,2,2,3,3,3,2,2,2,2,2,2,2,2,2,1,1,2,2,2,2,2,4,2,34
1,100,211,7,2,4,3,1,5,35,14,1,2,2,1,2,3,3,2,1,1,1,1,3,1,3,2,2,0,1,3,1,4,2,2,1,1,4,4,4,4,2,2,1,2,3,3,4,2,1,1,1,1,1,1,1,2,5,3,3,1,1,2,3,3,3,2,2,2,100,211,7,0,0,0,0,0,2,3,0,0,0,0,0,0,0,0,0,0,2,2,1,2,0,0,1,2,5,5,5,1,1,3,3,4,5,2,2,3,0,0,0,0,0,0,0,0,2,2,2,2,2,2,2,2,2,2,2,2,2,2,1,0,4,3,87
1,100,212,7,3,4,8,0,5,180,15,1,2,0,2,0,2,3,3,1,1,1,4,1,3,1,2,1,8,1,3,2,4,2,3,1,2,0,2,4,4,3,2,1,2,2,1,2,1,1,1,1,1,1,1,1,1,5,1,1,2,1,1,3,3,3,2,2,2,100,212,7,1,2,1,1,3,2,3,2,4,2,4,0,2,4,0,4,4,1,1,1,1,2,3,1,1,1,1,1,1,1,5,2,1,9,4,1,1,1,0,1,2,2,1,1,3,2,1,1,2,2,2,2,2,2,2,2,2,2,2,2,1,4,2,40
1,100,213,7,3,4,3,9,4,120,99,1,4,3,3,1,2,2,2,1,1,3,2,6,1,1,0,0,1,1,1,4,5,2,2,1,1,0,2,2,3,2,2,3,4,3,3,5,4,1,1,1,0,0,1,0,2,5,1,1,1,2,1,3,3,3,2,2,2,100,213,7,3,1,2,3,1,2,3,1,2,3,4,1,4,2,4,4,1,1,1,1,1,1,4,3,2,1,2,1,5,1,5,2,1,8,4,2,1,2,2,1,2,1,2,3,3,2,1,2,2,2,2,2,2,2,2,2,1,2,2,2,2,4,2,28
1,100,214,7,4,4,0,0,0,999,98,1,0,0,2,7,3,3,1,4,4,2,1,6,3,3,2,2,8,0,0,4,10,3,3,1,2,1,5,4,5,5,1,1,1,3,3,4,2,1,1,2,0,2,1,1,3,2,1,1,1,1,3,1,3,1,1,2,2,100,214,7,1,3,1,3,1,1,1,1,1,4,1,1,1,4,4,4,1,2,1,3,0,2,4,2,2,0,1,4,5,1,3,3,1,10,4,2,1,1,1,2,1,1,3,1,1,2,2,1,2,2,2,2,2,2,2,2,2,2,2,2,4,4,1,77
1,100,215,7,4,4,3,9,4,150,99,1,4,5,2,1,1,3,1,2,1,1,2,1,1,1,1,2,0,0,1,4,4,3,3,1,1,3,4,4,4,4,2,3,1,3,3,2,4,1,1,1,1,1,1,1,2,1,3,1,2,1,2,1,3,3,2,1,2,100,215,7,3,3,3,3,3,2,1,2,2,4,2,4,2,2,4,1,2,1,1,3,2,1,4,3,2,1,1,1,1,1,5,4,2,9,2,2,1,1,1,1,2,2,2,3,3,2,2,2,2,2,2,1,2,2,2,2,1,2,2,2,2,4,1,12
1,100,216,7,1,4,3,9,4,85,15,3,4,1,3,1,4,3,2,1,2,3,4,6,1,2,2,1,8,0,2,1,8,2,2,1,1,3,4,4,4,4,3,3,4,3,3,3,4,1,1,3,3,1,1,1,1,1,3,3,2,1,2,1,3,3,3,2,2,100,216,7,2,2,2,2,2,2,4,2,2,4,4,4,4,2,4,4,2,2,1,1,2,3,4,1,2,2,3,1,1,1,4,3,1,3,2,2,1,1,2,1,2,2,4,4,4,2,1,2,2,2,2,2,2,2,1,2,2,2,2,2,0,4,2,56
1,100,217,7,3,4,2,9,4,100,15,1,4,2,1,2,4,3,1,1,2,2,3,6,2,1,2,2,8,0,0,4,8,2,3,1,1,3,1,2,2,4,4,3,4,0,2,4,4,1,1,1,1,1,1,1,1,2,2,2,1,3,1,1,3,3,2,2,2,100,217,7,2,3,2,1,3,3,2,1,4,4,4,4,4,2,1,4,4,1,2,1,2,1,4,2,1,3,2,4,5,1,5,1,1,5,4,2,1,1,0,0,0,0,1,3,3,2,2,2,2,2,2,2,2,2,2,2,2,2,1,2,2,4,2,4
1,100,218,7,2,4,10,9,4,100,99,1,3,3,0,2,1,1,1,1,1,3,2,6,1,1,2,2,0,1,2,1,9,1,2,1,1,3,4,4,4,4,2,1,3,2,3,3,4,1,1,1,3,3,1,1,1,2,3,1,1,1,3,2,3,1,1,1,2,100,218,7,3,3,2,3,2,2,3,1,4,4,0,1,4,2,4,4,4,0,0,3,1,1,3,1,0,3,1,2,4,1,5,4,1,6,4,1,2,1,1,1,2,4,1,3,3,2,2,2,2,2,1,2,2,2,1,2,2,2,2,2,2,4,1,11
1,100,219,7,3,4,10,10,4,50,4,1,2,6,3,4,1,2,1,1,3,3,2,4,3,2,2,2,8,2,2,4,4,3,2,2,1,2,2,2,2,2,2,3,4,2,3,2,4,1,1,0,1,3,1,0,3,5,3,1,2,1,2,2,3,2,2,2,2,100,219,7,0,0,0,2,1,3,0,1,2,0,0,1,0,1,0,0,0,1,1,1,1,1,5,2,2,3,2,5,1,1,4,3,1,5,4,2,2,2,2,1,3,1,2,2,3,2,2,2,2,2,2,1,2,2,2,2,2,1,2,2,2,4,3,94
1,100,220,7,2,4,11,9,4,120,2,1,3,3,3,2,1,2,2,1,1,1,2,3,2,2,1,1,0,1,0,2,3,3,2,1,1,1,4,4,4,4,4,3,3,2,3,1,2,1,1,0,0,0,1,0,1,2,3,1,1,2,2,2,3,2,1,2,2,100,220,7,2,3,2,1,1,3,1,2,2,4,2,1,4,2,4,4,4,1,1,3,2,1,3,1,1,1,1,1,2,1,4,3,1,7,4,2,1,1,2,1,2,2,1,0,3,2,2,1,2,2,2,2,2,2,2,2,2,2,2,2,1,4,1,33
1,100,221,7,3,4,10,9,4,4,15,1,3,1,1,1,4,2,2,2,1,3,4,6,2,1,2,1,8,1,0,2,3,2,2,1,1,3,4,4,4,4,3,3,1,2,3,2,3,1,1,1,0,0,1,0,1,2,3,1,1,2,2,2,3,2,2,2,2,100,221,7,2,2,2,2,1,2,3,2,4,1,2,4,2,2,4,1,2,1,1,3,2,1,4,1,1,3,1,2,3,1,3,4,1,7,4,2,1,1,1,2,2,3,4,3,3,2,2,2,2,1,2,2,2,2,1,2,2,2,2,2,1,4,2,49
1,100,222,7,3,4,3,9,4,150,99,3,4,7,3,2,1,2,2,2,2,1,2,6,2,3,2,1,0,1,3,4,3,3,2,1,1,3,4,4,4,2,4,3,4,2,3,1,3,1,1,1,3,1,1,1,2,1,3,1,2,2,1,2,3,2,2,1,2,100,222,7,3,2,1,1,3,2,2,1,1,4,3,4,4,1,4,4,4,1,2,1,1,1,3,1,1,5,1,1,3,1,2,2,1,6,2,2,1,0,2,1,2,1,3,4,3,2,2,2,2,1,2,2,2,2,1,2,2,2,2,2,1,4,1,44
1,100,223,7,3,4,0,8,4,20,98,1,4,1,3,3,1,2,1,1,2,2,3,6,1,1,2,2,2,1,0,1,3,2,2,2,1,0,2,2,2,4,4,3,4,2,3,2,1,1,1,0,0,1,0,0,1,1,0,1,2,2,1,2,3,2,1,2,2,100,223,7,1,2,0,0,0,2,1,1,0,0,0,0,0,1,0,0,0,2,2,1,1,1,4,1,1,1,5,5,1,1,2,2,1,5,4,2,1,1,2,1,2,2,1,3,3,2,2,2,2,2,1,1,2,2,2,2,2,2,2,2,4,4,3,53
1,100,224,7,5,4,8,9,4,90,60,1,3,2,3,1,2,1,2,1,2,1,2,3,3,3,1,2,0,1,3,0,3,2,1,2,1,0,4,4,1,2,3,1,4,3,3,1,4,1,1,1,3,3,1,3,2,1,1,3,2,1,2,3,2,3,2,1,2,100,224,7,3,3,2,2,2,2,3,4,4,2,2,1,4,3,4,4,4,2,1,1,2,1,3,1,1,5,1,5,4,5,2,4,1,9,2,2,1,1,2,1,2,2,1,2,3,1,2,2,1,2,2,2,2,2,2,2,2,2,2,2,0,4,1,1
1,100,225,7,4,4,6,9,4,120,15,1,3,6,1,6,1,2,2,1,1,1,3,3,1,1,1,1,8,1,2,2,3,2,2,2,2,2,2,1,2,2,3,1,2,3,2,2,2,1,1,1,1,1,1,0,2,2,3,1,2,1,2,3,2,3,2,1,2,100,225,7,3,3,3,3,3,1,3,2,3,4,3,4,3,4,4,4,2,1,1,3,1,2,4,0,3,1,1,1,1,1,2,5,4,8,2,2,1,1,2,1,1,4,1,3,3,2,2,2,2,2,2,2,2,2,2,2,2,2,1,2,1,4,1,51
1,100,226,7,1,4,8,1,5,38,14,1,4,2,1,2,1,3,2,1,2,1,1,3,2,1,2,2,8,2,3,4,4,3,3,1,1,3,2,2,2,1,4,1,4,3,3,2,4,1,1,3,3,3,1,3,2,1,3,1,1,2,2,3,2,1,1,1,2,100,226,7,1,3,2,2,1,3,3,2,2,4,1,1,4,3,4,4,4,1,1,1,2,1,3,1,2,1,1,1,1,5,3,1,1,2,2,1,3,0,2,1,3,3,2,3,3,2,1,2,2,2,2,2,2,2,1,2,2,2,2,2,3,4,3,77
1,100,227,7,3,4,7,9,4,110,80,1,4,0,2,1,2,3,1,2,2,3,2,3,2,1,2,0,8,2,3,4,5,3,2,2,2,3,3,4,4,4,4,1,3,3,3,5,4,1,1,3,3,3,1,3,2,2,3,2,1,2,2,3,2,2,2,1,2,100,227,7,2,1,2,1,1,2,2,2,1,4,2,2,4,4,4,4,4,2,1,1,2,1,4,1,1,5,2,5,5,5,2,3,1,5,2,2,1,2,1,3,3,2,3,2,3,2,1,2,2,2,2,2,2,2,2,2,1,2,2,2,2,4,1,5
1,100,228,7,2,4,6,8,4,22,17,1,4,7,1,3,1,2,3,1,2,1,2,6,1,2,2,2,1,1,2,1,3,2,2,1,1,3,4,2,2,2,2,3,2,3,3,2,3,0,0,0,0,0,0,0,2,5,3,3,1,2,2,3,2,2,2,2,2,100,228,7,0,0,0,0,0,2,3,0,0,0,0,2,0,0,0,0,0,1,1,1,1,1,3,2,2,5,1,1,1,1,5,3,1,6,4,2,1,2,2,1,2,2,2,3,3,2,1,2,2,2,2,2,2,2,2,2,2,2,2,2,2,4,3,62
1,100,229,7,1,4,10,1,5,120,16,1,4,5,1,2,1,1,1,1,1,1,2,2,1,1,1,2,8,1,3,2,3,2,3,1,1,3,2,2,1,2,2,1,2,2,1,1,4,1,1,0,0,0,1,0,1,5,2,2,2,2,1,3,2,3,2,2,2,100,229,7,1,0,0,0,1,3,4,2,3,4,4,4,4,1,4,2,1,2,1,1,1,2,3,1,1,5,1,1,1,1,2,2,1,9,2,2,1,1,2,2,1,3,1,1,1,2,2,2,2,1,2,2,2,2,2,2,2,2,2,2,2,4,3,82
1,100,230,7,2,4,13,9,4,120,90,1,1,2,3,4,3,3,2,1,4,2,2,2,1,2,2,2,0,0,0,0,4,3,3,6,2,0,2,4,1,2,2,2,3,3,3,3,4,1,0,0,0,0,0,0,3,1,3,3,2,2,1,3,2,2,2,1,2,100,230,7,0,0,0,1,0,3,2,1,0,0,1,0,0,0,0,1,0,1,1,1,2,2,4,2,2,1,5,5,5,1,5,1,1,5,4,1,2,2,2,3,2,2,2,1,3,2,1,2,2,2,2,2,2,2,1,2,2,2,2,2,2,4,1,54
1,100,231,7,5,4,2,9,4,90,21,1,3,1,2,7,1,3,2,1,1,1,2,6,3,1,2,2,8,1,3,1,11,3,2,2,2,1,2,4,4,4,2,1,4,2,3,1,4,1,1,1,3,3,3,3,1,2,1,1,2,2,1,3,2,2,1,2,2,100,231,7,2,3,1,2,3,2,3,1,4,2,4,2,4,1,4,4,2,2,2,1,2,1,4,1,1,1,1,5,5,1,2,4,2,9,3,0,1,2,1,1,2,2,1,2,3,2,2,2,2,2,2,1,2,2,1,2,2,2,2,2,1,4,2,12
1,100,232,7,1,4,3,9,4,120,14,1,3,4,2,2,2,3,2,2,2,1,3,2,3,1,2,1,8,1,1,2,4,3,3,2,1,3,2,3,5,5,4,3,4,2,3,3,4,1,1,1,1,1,1,1,2,5,3,1,2,2,1,3,2,2,2,2,2,100,232,7,3,3,1,1,2,1,3,2,3,4,1,1,3,2,4,1,1,2,1,1,1,1,5,1,1,1,1,1,1,1,4,2,1,1,3,2,0,2,2,2,2,2,3,2,3,2,1,2,2,2,2,1,2,2,2,2,2,2,2,2,1,4,2,43
1,100,233,7,5,4,10,9,4,60,15,1,3,7,1,3,1,2,1,2,1,1,2,1,2,1,2,1,0,1,0,2,3,2,3,1,0,0,3,5,3,3,3,3,3,3,3,2,2,1,1,1,0,0,1,0,1,5,3,3,2,2,1,3,2,3,2,2,2,100,233,7,2,1,2,2,1,3,1,1,2,2,4,2,4,2,4,4,4,2,1,1,1,2,3,1,2,5,1,2,0,1,4,2,1,10,4,2,2,1,2,2,2,2,1,3,3,2,2,2,2,1,2,2,2,2,2,2,1,2,2,2,0,4,3,24
1,100,234,7,3,0,3,2,4,90,15,1,4,4,1,6,1,1,1,1,1,2,3,3,1,1,2,2,8,1,3,1,4,1,2,1,1,3,1,1,1,1,4,2,2,3,1,2,4,1,1,1,0,1,0,0,1,1,3,3,1,3,1,3,2,3,2,2,2,100,234,7,1,0,0,1,1,1,1,1,2,4,2,1,4,0,4,4,4,2,1,1,2,1,1,1,0,5,1,1,3,1,5,1,1,5,2,1,3,0,0,1,3,4,3,3,3,2,2,2,2,2,2,2,2,2,1,2,2,2,2,2,1,4,3,12
1,100,235,7,2,4,8,9,4,155,3,1,4,7,2,1,1,2,2,1,1,1,3,6,2,1,2,2,0,0,3,4,3,2,2,1,1,3,4,5,4,5,3,3,4,3,3,5,3,1,1,1,1,1,1,1,1,1,3,0,2,2,2,1,2,3,2,2,2,100,235,7,2,3,2,3,2,1,2,2,2,2,1,1,2,2,4,0,1,1,1,1,2,3,3,2,3,2,2,1,2,2,5,1,1,3,2,2,2,1,2,2,2,2,1,4,4,2,1,2,2,2,2,2,2,2,2,2,2,2,2,2,2,4,1,49
1,100,236,7,2,4,4,9,4,120,90,1,3,6,2,4,1,2,1,1,1,1,3,6,1,1,2,2,8,2,2,2,2,1,2,6,2,4,2,2,4,4,3,1,1,3,2,3,4,1,1,1,0,1,1,0,2,1,2,2,2,2,2,1,2,2,1,2,2,100,236,7,1,0,2,2,1,2,1,2,2,3,4,4,4,4,4,4,4,2,1,1,2,1,2,1,2,1,1,5,2,5,5,1,1,11,2,2,1,1,2,2,1,1,1,3,3,2,2,2,2,2,2,2,1,2,1,2,2,2,2,2,1,4,1,52
1,100,237,7,2,4,9,12,4,105,15,1,1,1,1,1,4,2,2,1,1,1,2,6,3,2,2,2,8,1,3,1,4,2,3,2,2,3,4,4,4,4,4,3,4,3,3,2,4,1,1,0,0,0,1,0,1,5,1,1,2,2,2,1,2,2,2,2,2,100,237,7,2,2,2,2,2,2,2,1,2,2,2,2,4,2,4,4,4,1,1,1,2,2,4,2,2,3,3,3,3,3,3,3,1,5,4,2,1,1,2,2,3,2,4,3,3,2,2,2,2,2,2,1,2,2,1,2,2,2,2,2,1,4,2,1
1,100,238,7,4,4,2,9,4,52,21,1,3,5,1,5,1,2,2,1,2,1,3,1,1,2,2,2,0,2,2,1,3,2,2,1,1,1,2,1,1,1,4,1,2,3,3,1,4,1,1,3,3,1,1,3,2,1,3,1,2,2,2,1,2,2,2,2,2,100,238,7,3,2,3,1,2,2,1,1,2,2,2,3,4,2,4,4,2,1,1,1,1,1,3,3,2,1,1,1,1,1,2,2,2,6,4,2,1,2,1,1,2,1,2,3,3,2,2,2,2,1,2,2,2,2,2,1,2,2,2,2,2,4,3,59
1,100,239,7,2,4,4,9,4,90,20,1,4,7,3,4,1,1,2,2,2,1,2,3,3,1,2,2,8,1,2,2,9,2,2,2,2,3,2,2,2,2,3,1,4,3,2,3,4,1,1,3,3,3,1,3,1,1,1,1,1,3,2,2,2,2,2,2,2,100,239,7,2,3,3,1,2,2,3,1,2,2,4,4,4,2,4,4,4,2,1,1,2,1,3,1,3,5,1,2,2,1,4,3,1,5,4,2,1,2,2,1,3,2,1,3,3,2,2,2,2,2,2,2,2,2,1,2,2,2,2,2,2,4,3,50
1,100,240,7,1,3,3,1,5,120,99,1,4,1,1,1,4,2,2,2,1,1,3,6,2,1,2,2,0,1,0,2,3,2,2,1,1,0,4,1,2,2,4,3,4,2,2,2,4,1,1,1,3,1,1,3,1,5,1,1,2,2,2,2,2,2,1,2,2,100,240,7,2,1,2,3,2,2,3,2,3,3,3,4,4,4,4,4,4,2,1,1,1,2,4,3,2,5,1,1,1,5,2,2,1,5,2,2,2,1,2,3,0,1,3,4,4,2,1,2,2,2,2,1,2,2,2,2,2,2,2,2,2,4,2,30
1,100,241,7,0,4,9,1,5,120,99,1,3,5,2,2,1,3,2,1,1,1,2,5,1,1,2,0,0,0,0,0,4,2,2,2,0,1,2,2,2,2,2,1,2,3,2,0,0,1,0,1,1,0,1,3,1,5,1,1,2,2,2,2,2,2,3,2,2,100,241,7,2,1,2,3,2,2,3,2,3,3,3,0,4,4,4,4,4,0,1,1,1,2,4,1,2,5,1,1,1,5,0,0,0,0,0,0,0,0,0,0,0,0,0,0,0,2,2,2,2,2,2,2,2,2,2,2,2,2,2,1,0,4,2,58
1,100,242,7,2,4,3,9,4,150,99,1,4,0,3,0,1,2,2,1,2,1,4,6,2,1,1,2,0,1,3,4,3,2,3,2,1,1,4,4,4,4,3,3,4,3,3,2,3,1,1,1,2,1,1,1,2,2,3,3,2,2,2,2,2,2,2,2,2,100,242,7,3,3,3,2,2,3,3,2,2,2,2,2,4,2,4,4,4,1,1,1,2,1,1,1,1,1,1,1,1,5,2,3,1,9,2,2,2,0,2,3,3,3,1,4,4,2,2,2,2,1,2,2,2,2,2,2,2,2,2,2,2,4,1,8
1,100,243,7,1,4,11,9,4,150,99,1,3,4,1,3,1,1,3,1,1,1,2,1,1,1,2,2,0,1,3,1,3,2,2,1,0,3,1,1,4,2,2,1,2,2,3,3,4,1,0,0,0,0,0,0,2,2,1,1,2,2,2,2,2,2,2,1,2,100,243,7,2,3,1,1,3,1,2,1,1,3,1,4,4,3,3,3,3,1,1,1,1,1,2,1,2,1,1,1,2,1,5,1,1,4,2,2,1,0,2,3,2,3,2,1,1,2,1,2,2,2,2,1,2,2,2,2,2,2,2,2,1,4,1,41
1,100,244,7,3,4,3,9,4,85,15,1,3,1,2,2,1,2,1,1,1,1,2,6,1,1,2,1,0,0,1,2,3,2,3,1,0,0,4,4,4,4,3,1,0,0,3,0,4,1,1,0,0,0,1,0,1,5,3,3,2,2,2,2,2,3,2,2,2,100,244,7,0,0,1,0,0,2,1,0,0,0,0,1,0,0,0,0,0,1,1,1,1,1,4,2,2,1,1,1,1,1,4,3,1,10,4,2,3,1,1,1,2,1,2,2,3,2,2,2,2,2,2,1,2,2,2,2,2,1,2,2,0,4,2,16
1,100,245,7,3,4,3,9,4,100,0,1,4,7,3,3,2,2,2,1,1,2,1,6,1,1,2,2,0,0,0,2,3,2,2,1,1,2,2,2,2,2,4,3,1,3,3,2,4,1,1,1,0,0,1,0,1,1,1,1,2,2,2,2,2,2,1,0,2,100,245,7,2,3,2,2,2,3,1,1,2,4,4,2,4,1,4,4,4,2,1,1,2,1,3,3,3,2,2,1,1,1,5,1,1,8,4,0,1,0,0,1,2,3,3,3,3,2,2,2,2,2,2,2,2,2,2,2,2,2,2,1,2,4,3,29
1,100,246,7,0,4,10,9,4,999,98,1,2,4,3,1,2,2,1,2,3,1,2,1,3,3,0,1,8,2,2,1,4,3,2,2,2,3,4,4,4,4,2,1,1,3,2,2,2,1,1,3,3,3,1,3,1,1,3,3,2,2,2,2,2,3,2,1,2,100,246,7,2,2,1,1,2,1,1,1,1,1,1,2,2,1,3,3,2,1,1,3,1,1,4,2,2,3,1,3,1,1,3,3,1,4,4,2,3,1,1,2,2,2,2,3,3,2,2,2,2,1,2,2,2,2,2,2,2,2,2,2,4,4,3,45
