CARD.,DECK.,BALLOT.,FORM.,Q.1.,Q.2.,Q.3.,Q.4.,Q.5.,Q.6.,Q.7.,Q.8.,Q.9.,Q.10.,Q.11.,Q.12.,Q.13.,Q.14.,Q.15.,Q.16.,Q.17.,Q.18.,Q.19.,Q.20.,Q.21.,Q.22.,Q.23.,Q.24.,Q.25.,Q.26.,Q.27.,Q.28.,Q.29.,Q.30.,Q.31.,Q.32.,Q.33.,Q.34.,Q.35.,Q.36.,Q.37.,Q.38.,Q.39.,Q.40.,Q.41.,Q.42.,Q.43.,Q.44.,Q.45.,Q.46.,Q.47.,Q.48.,Q.49.,Q.50.,Q.51.,Q.52A.,Q.52B.,Q.52C.,V.54.,V.55.
1,192,1,1,1,12,2,1,1,1,1,1,1,2,1,1,2,2,2,2,2,1,1,2,2,2,3,3,1,3,2,5,0,1,3,2,1,2,3,2,1,3,1,2,2,3,3,3,1,1,1,3,1,2,5,0,0,0,10,2
1,192,2,1,2,6,4,2,1,1,2,2,2,2,1,1,2,2,2,2,2,1,1,2,2,2,2,3,1,3,3,3,2,1,1,2,1,1,0,0,1,0,1,2,2,2,3,3,1,1,3,3,1,2,5,0,0,0,10,2
1,192,3,1,1,20,4,3,1,1,1,2,2,2,1,1,2,2,2,2,2,2,1,1,1,2,2,2,4,5,2,5,1,1,2,2,2,2,1,1,1,2,1,2,2,3,3,2,1,1,1,1,1,0,0,0,0,1,10,2
1,192,4,1,1,31,4,3,3,2,1,3,1,2,2,1,2,2,2,1,1,1,1,1,2,1,3,3,4,5,3,5,1,1,2,2,3,2,3,1,2,2,2,4,2,4,3,1,2,1,1,2,1,0,0,0,0,1,9,2
1,192,5,1,1,8,2,1,1,2,2,3,2,2,1,0,2,2,3,2,4,4,3,1,2,3,3,2,4,0,2,4,0,2,3,3,2,1,2,1,2,3,1,2,2,3,3,1,2,1,3,3,1,0,0,0,0,1,10,2
1,192,6,1,1,70,6,5,3,1,4,3,2,3,2,1,2,2,3,4,4,4,4,2,2,3,2,2,5,3,4,4,1,1,2,3,1,1,1,2,2,1,1,2,2,3,4,1,1,1,1,2,2,0,0,0,0,1,9,2
1,192,7,1,1,21,4,1,2,2,2,2,1,3,1,1,2,3,2,3,4,4,2,1,2,3,3,3,4,5,2,4,2,1,2,2,1,1,1,1,1,2,2,2,2,3,2,3,1,1,1,2,2,0,0,0,0,1,9,2
1,192,8,1,2,3,6,3,3,1,2,1,1,1,1,1,1,2,2,2,3,3,2,2,1,1,3,3,2,3,2,5,2,1,2,2,1,1,1,1,1,2,1,1,2,2,2,3,1,1,1,3,1,1,0,0,0,1,9,2
1,192,9,1,1,10,2,1,1,1,2,2,1,2,1,1,2,2,2,2,3,3,3,2,2,2,2,2,1,3,2,4,2,1,1,2,1,1,1,1,1,2,1,2,2,2,2,1,1,1,1,3,2,2,5,0,0,1,10,2
1,192,10,1,1,8,2,1,1,2,1,2,2,1,2,3,2,2,3,2,1,1,2,2,0,2,3,2,4,5,2,5,2,1,2,1,1,1,1,1,0,2,1,2,2,2,3,3,1,1,2,1,1,0,0,1,1,1,10,2
1,192,11,1,2,8,6,6,2,1,2,2,2,1,1,1,1,2,2,1,3,3,2,2,2,2,3,3,2,3,2,4,2,1,2,2,1,2,1,1,1,3,1,2,2,2,2,2,1,1,1,1,1,2,0,1,1,1,10,2
1,192,12,1,1,9,2,1,1,1,1,2,1,2,1,1,2,3,2,3,4,4,3,1,2,3,2,1,0,3,3,5,1,1,2,2,1,2,1,1,1,2,2,4,1,2,4,3,1,1,1,2,1,2,0,1,1,1,10,2
1,192,13,1,1,10,2,1,3,1,1,2,1,2,1,1,1,2,1,1,1,1,2,2,2,2,1,3,1,3,4,3,2,1,1,1,1,1,1,1,2,2,1,2,2,2,2,3,1,1,2,3,1,2,5,1,1,1,10,2
1,192,14,1,1,8,2,1,2,1,2,3,1,2,1,1,2,2,2,2,4,4,4,1,2,2,3,2,2,5,2,5,2,1,1,2,1,1,1,1,1,2,1,2,1,3,3,3,2,1,3,3,1,2,5,1,1,1,10,2
1,192,15,1,1,10,2,1,1,1,1,1,1,1,1,3,2,2,1,2,2,2,2,1,2,1,2,2,2,3,2,4,1,1,2,2,1,1,1,1,1,2,1,1,2,1,1,1,1,1,2,1,2,2,5,1,1,1,10,2
1,192,16,1,1,10,2,1,1,1,1,1,2,1,1,1,2,2,2,1,3,2,2,1,1,1,2,3,1,3,2,4,1,1,2,2,1,1,1,1,1,3,1,2,2,1,2,1,1,1,1,2,1,0,5,2,1,1,10,2
1,192,17,1,1,10,2,1,1,1,1,1,1,1,1,1,2,2,2,2,2,2,2,2,2,3,2,3,1,3,2,4,1,1,2,2,1,1,1,1,1,2,1,1,1,2,3,2,1,1,2,3,1,2,5,2,1,1,10,2
1,192,18,1,1,24,4,2,3,1,2,2,1,2,2,1,2,2,2,3,3,3,3,1,2,3,2,1,2,3,2,3,2,1,1,1,1,2,2,2,2,2,1,2,2,4,5,3,1,1,1,2,1,2,5,2,2,1,10,2
1,192,19,1,1,20,4,1,3,1,2,2,1,2,2,3,2,2,2,0,4,4,4,1,2,3,1,2,0,3,3,3,1,1,2,0,1,1,1,1,1,1,2,3,2,3,5,2,1,1,1,2,0,0,0,0,0,2,9,2
1,192,20,1,1,8,2,1,1,1,1,2,1,2,1,1,2,2,3,2,4,4,3,1,2,3,3,3,2,5,2,5,2,1,2,1,2,1,3,1,1,3,2,4,2,4,3,3,2,1,1,1,1,0,0,0,0,2,9,2
1,192,21,1,1,21,4,2,2,1,2,3,2,2,1,1,2,2,2,3,4,4,3,1,2,3,3,2,0,5,3,5,2,1,2,1,2,1,1,1,1,2,2,2,2,2,4,2,1,1,2,1,1,0,0,0,0,2,9,2
1,192,22,1,2,18,6,7,2,1,1,1,1,1,1,1,2,2,1,1,2,2,2,2,2,3,3,3,2,3,1,5,1,1,2,3,1,1,1,1,1,3,1,1,2,2,2,1,1,1,1,2,1,0,0,0,0,2,9,2
1,192,23,1,1,7,2,1,1,1,2,3,1,2,1,3,2,2,2,3,4,4,2,1,2,2,3,2,2,5,1,5,2,1,1,1,2,2,1,1,1,2,3,3,2,4,2,3,2,1,1,2,1,0,0,0,0,2,9,2
1,192,24,1,1,23,4,1,2,1,2,3,1,2,1,1,2,2,2,2,1,1,1,2,2,3,3,1,4,5,2,5,2,1,2,1,1,2,2,2,2,2,3,4,1,3,3,2,1,1,3,2,1,0,0,0,0,2,9,2
1,192,25,1,1,11,2,1,1,1,1,2,1,0,1,1,2,2,2,2,2,2,2,0,2,2,1,3,1,3,2,3,2,1,1,2,1,1,1,1,2,2,1,1,2,2,3,3,1,1,3,3,1,0,0,0,0,2,10,2
1,192,26,1,1,29,5,4,2,1,1,2,1,2,2,1,2,2,2,2,4,4,4,2,2,3,1,1,2,3,2,3,1,1,2,2,1,1,1,1,1,2,1,2,2,4,4,1,3,1,1,2,2,0,0,0,0,2,9,2
1,192,27,1,1,37,6,6,2,1,2,4,2,2,1,3,2,2,2,2,4,3,2,2,2,3,2,2,3,5,2,5,2,1,2,2,2,1,1,1,1,2,1,2,1,4,4,2,1,1,1,2,1,1,0,0,0,2,10,2
1,192,28,1,3,11,6,1,3,1,1,2,1,1,1,1,1,2,1,2,2,2,2,1,1,2,3,3,0,0,0,0,0,0,0,0,1,1,1,1,1,2,1,1,2,2,1,0,1,1,1,1,1,1,1,0,0,2,10,2
1,192,29,1,1,8,2,1,1,1,1,3,1,1,1,1,2,2,2,0,1,1,3,1,2,2,1,1,3,5,4,5,2,1,2,1,4,1,3,2,2,2,2,2,2,3,4,3,1,1,2,2,1,2,5,1,1,2,10,2
1,192,30,1,1,7,2,1,3,1,1,2,1,0,1,1,1,2,2,1,3,1,1,2,2,2,2,2,4,3,3,3,2,1,2,1,1,1,1,1,1,2,1,2,2,2,2,3,1,1,2,3,1,2,5,1,1,2,10,2
1,192,31,1,1,18,4,2,2,1,2,2,2,2,1,1,1,2,2,2,3,2,2,2,2,3,2,2,2,3,4,3,2,1,1,1,2,2,1,1,1,2,1,2,2,3,3,1,2,1,1,3,1,2,0,2,1,2,10,2
1,192,32,1,1,10,2,1,2,1,1,2,1,1,1,1,2,2,2,2,4,4,2,2,1,2,3,3,1,3,4,3,0,1,2,2,1,1,2,1,1,3,1,2,1,2,2,1,1,1,1,1,1,1,1,1,2,2,10,2
1,192,33,1,1,10,2,1,2,1,1,2,1,1,1,1,2,3,1,2,2,2,1,2,1,1,2,3,1,3,3,3,2,1,2,1,1,1,1,1,1,2,1,2,1,2,2,1,1,1,2,3,1,2,5,1,2,2,10,2
1,192,34,1,1,41,6,6,2,2,2,3,2,2,2,1,2,2,2,2,4,4,4,2,2,3,1,2,5,5,3,2,2,1,2,2,1,2,2,1,2,2,1,2,1,3,3,2,1,1,1,2,1,0,0,0,0,3,10,2
1,192,35,1,1,10,2,1,1,1,1,2,2,1,2,1,2,3,2,0,4,4,4,2,1,1,3,3,2,3,3,5,1,1,2,2,1,1,1,1,1,2,1,2,2,2,2,2,1,1,1,3,1,2,1,0,1,3,10,2
1,192,36,1,1,24,5,4,3,2,4,2,1,1,1,0,0,0,0,1,3,1,1,1,0,0,0,0,1,1,3,5,0,0,0,0,1,2,1,1,1,0,0,0,0,0,2,2,1,1,1,1,1,1,1,1,1,1,1,2
1,192,37,1,2,7,5,6,3,2,2,2,2,1,1,1,1,2,0,2,3,2,2,2,1,2,3,3,1,5,4,5,0,1,2,2,1,1,1,1,1,3,1,1,2,2,2,3,1,1,1,1,1,1,1,0,0,2,8,2
1,192,38,1,1,46,6,6,2,3,3,4,1,1,2,3,1,2,0,4,4,4,4,1,1,3,2,3,5,5,2,5,0,2,3,3,1,1,2,1,1,2,3,4,1,4,4,3,1,1,1,1,1,2,5,0,0,4,7,2
1,192,39,1,1,27,5,3,2,0,0,3,1,2,0,1,2,2,0,4,4,4,4,1,1,3,2,2,0,0,3,4,2,0,2,1,1,1,1,1,0,3,2,2,1,3,3,0,1,1,1,1,1,2,0,0,2,2,6,2
1,192,40,1,1,41,5,6,2,2,2,5,2,3,3,0,0,0,0,4,4,2,2,2,2,3,1,2,3,2,4,3,0,1,3,3,3,1,3,2,2,1,2,2,2,3,5,2,1,1,2,3,3,1,1,2,1,1,7,2
1,192,41,1,0,0,0,0,0,0,2,3,2,2,1,0,0,0,0,2,2,1,1,1,0,0,0,0,2,3,2,3,0,0,0,0,2,2,1,1,0,0,0,0,0,0,3,1,1,2,1,2,0,0,0,0,0,2,6,2
1,192,42,1,0,0,0,0,0,0,1,3,1,1,1,0,0,0,0,1,1,1,2,1,0,0,0,0,4,3,2,4,0,0,0,0,1,1,2,1,1,0,0,0,0,0,3,2,2,1,2,2,0,0,0,0,0,2,6,2
1,192,43,1,1,43,6,6,3,0,4,5,0,0,3,2,1,2,0,4,4,4,2,0,0,0,0,0,0,5,2,5,0,3,0,0,1,1,2,1,0,2,4,4,0,3,4,2,1,3,1,0,0,2,5,0,0,0,7,2
1,192,44,1,2,8,6,3,3,1,1,2,1,1,1,1,1,2,1,1,2,2,1,2,1,2,3,3,1,3,2,4,1,1,2,2,1,1,1,1,1,3,1,1,1,2,1,1,1,1,1,1,1,1,1,1,2,1,1,2
1,192,45,1,1,23,4,3,3,1,1,2,1,1,1,1,2,2,1,2,4,1,3,2,2,2,3,2,1,3,2,2,2,1,2,2,1,2,1,1,1,1,1,3,2,2,2,1,1,1,1,1,1,2,5,2,1,2,6,2
1,192,46,1,2,4,5,3,2,1,1,2,1,2,2,1,2,3,1,2,2,2,3,2,2,2,2,3,2,3,2,4,1,1,2,2,2,2,2,1,1,1,2,2,2,3,2,1,1,1,1,1,1,1,1,2,1,1,6,2
1,192,47,1,1,32,5,3,2,1,1,2,1,1,2,1,2,3,1,1,4,4,3,1,2,3,3,3,2,3,2,4,2,1,2,2,1,1,1,1,1,2,1,4,1,3,3,1,1,1,1,1,1,1,1,2,2,2,8,2
1,192,48,1,1,30,5,3,2,1,3,1,1,1,1,1,2,2,1,3,4,4,4,1,2,3,3,2,1,3,3,5,1,1,2,2,1,1,1,1,1,3,1,2,1,2,2,2,1,1,1,1,1,1,1,2,1,1,6,2
1,192,49,1,1,20,4,3,2,2,1,2,1,1,1,1,2,2,1,1,2,1,1,2,2,3,2,2,2,3,2,4,1,1,2,2,1,2,1,1,1,2,1,2,1,2,2,2,1,1,1,1,1,2,1,2,1,2,6,2
1,192,50,1,1,48,6,6,2,2,2,4,3,2,2,2,1,2,1,3,4,2,3,2,2,3,2,2,2,3,2,1,1,1,2,2,1,1,1,1,1,2,1,1,2,2,2,2,1,1,1,1,1,1,2,2,1,2,7,2
1,192,51,1,1,18,3,3,3,1,2,1,1,2,1,2,2,1,1,3,4,4,4,1,2,3,2,2,1,3,3,3,1,1,3,3,1,2,2,2,2,2,1,1,1,2,3,2,1,1,1,1,1,2,2,2,1,1,5,2
1,192,52,1,1,46,6,6,2,2,2,2,2,2,2,1,2,2,1,2,4,4,3,1,2,3,2,3,5,5,2,4,1,1,3,3,1,1,1,1,1,2,1,2,2,3,3,2,1,1,1,1,1,1,1,2,1,2,7,2
1,192,53,1,1,17,4,3,1,2,3,2,1,2,2,1,1,2,1,1,3,1,1,1,2,3,2,2,2,5,2,4,2,1,1,1,1,1,1,1,1,1,1,2,1,4,3,2,1,1,1,1,1,1,1,2,1,1,6,2
1,192,54,1,2,3,6,6,3,1,1,2,1,2,1,1,2,2,1,2,2,2,3,1,2,3,2,3,2,3,2,1,1,1,1,2,1,1,2,1,1,2,1,4,2,4,3,2,1,1,1,1,1,2,3,2,1,3,7,2
1,192,55,1,2,4,6,6,3,1,1,2,1,2,1,1,1,2,1,2,2,1,2,2,2,3,2,2,1,3,2,3,1,1,3,3,1,1,1,1,1,2,1,1,2,2,2,3,1,1,1,1,1,1,1,1,2,1,7,2
1,192,56,1,2,3,6,6,3,1,1,1,1,1,1,1,1,2,1,0,2,2,4,1,1,2,3,3,1,3,3,0,1,1,2,3,1,1,1,1,1,2,1,2,2,2,2,3,1,1,1,1,1,1,2,1,2,2,7,2
1,192,57,1,2,4,5,4,2,2,3,3,2,2,1,2,2,2,1,0,4,4,3,2,1,2,3,3,1,3,2,4,1,1,2,3,1,1,1,1,1,3,1,2,2,3,2,3,1,1,1,1,1,1,2,2,1,1,6,2
1,192,58,1,1,31,5,4,3,1,2,2,1,2,2,1,1,2,1,2,2,2,2,2,2,3,2,2,1,3,3,4,1,1,2,2,2,1,1,1,1,2,1,2,1,2,3,3,1,1,1,1,1,1,1,2,1,1,3,2
1,192,59,1,1,20,4,3,3,1,1,2,1,2,1,1,2,2,1,1,1,1,1,2,1,2,3,3,1,3,2,4,2,1,2,2,1,1,1,1,1,3,1,2,1,2,0,1,2,1,1,1,1,1,1,2,1,1,1,2
1,192,60,1,1,29,5,3,2,1,1,1,2,1,1,1,2,2,1,2,2,2,2,2,2,2,3,3,2,3,2,4,1,1,2,2,1,2,2,1,1,2,1,2,2,3,2,2,1,2,1,1,1,1,2,1,1,1,6,2
1,192,61,1,1,53,6,7,2,1,1,2,1,2,1,1,2,2,1,2,1,1,2,1,2,3,2,3,1,1,2,3,1,2,3,2,2,2,1,2,2,2,1,2,1,2,3,2,1,2,1,1,1,1,2,2,1,1,1,2
1,192,62,1,1,24,5,1,2,1,3,3,1,2,1,1,3,2,1,0,4,3,1,1,2,3,2,2,5,3,2,5,1,1,2,2,2,4,2,0,2,2,0,0,1,2,0,2,1,2,1,1,1,1,1,2,1,2,1,2
1,192,63,1,2,4,6,6,3,2,2,2,2,1,2,1,2,2,1,2,2,2,3,1,1,2,2,3,2,3,2,4,1,1,2,2,1,2,1,1,1,2,1,2,1,4,4,3,1,2,1,1,1,2,5,1,1,1,6,2
1,192,64,1,1,35,5,4,3,1,1,2,2,3,2,1,1,2,1,2,2,2,3,1,2,2,3,3,2,3,2,5,1,1,3,3,1,4,3,2,2,2,2,3,1,5,5,2,1,1,2,1,1,2,5,1,2,1,6,2
1,192,65,1,2,3,6,6,3,1,1,2,1,1,1,1,1,3,1,2,1,1,1,1,2,2,2,3,2,3,2,4,1,3,3,2,1,1,1,1,1,2,1,2,1,2,2,3,1,1,2,1,1,1,2,2,1,2,7,2
1,192,66,1,2,5,5,3,2,1,1,2,2,2,1,1,2,2,1,1,2,2,4,2,2,3,1,2,1,3,2,1,2,1,2,1,1,1,1,1,2,2,1,2,1,4,4,2,1,1,3,1,1,2,5,1,1,1,6,2
1,192,67,1,1,7,2,1,1,1,2,2,1,1,1,1,2,3,1,2,4,3,1,2,2,3,3,3,4,5,2,5,2,1,2,2,2,1,2,1,1,2,3,2,3,3,2,1,1,1,1,2,1,1,1,1,1,1,8,2
1,192,68,1,3,8,6,6,3,1,0,2,1,1,1,1,2,2,1,2,1,1,1,1,2,0,2,3,1,3,2,4,1,1,2,2,2,1,1,1,1,2,1,2,0,3,2,1,1,1,1,2,1,2,5,2,2,0,7,2
1,192,69,1,1,33,5,3,2,1,2,3,1,2,1,2,2,2,1,4,3,3,2,1,2,3,1,2,2,3,3,4,1,1,2,2,1,1,1,1,1,1,1,2,1,4,4,2,1,1,1,2,1,2,5,1,1,2,8,2
1,192,70,1,1,36,6,7,3,1,2,2,2,2,2,1,2,2,1,2,3,1,1,1,2,3,2,2,1,3,2,4,1,1,2,2,2,1,1,1,1,3,1,2,1,2,3,3,1,1,1,2,1,2,1,2,1,1,2,2
1,192,71,1,2,1,6,6,3,1,1,2,1,1,1,1,2,2,1,2,1,1,1,1,1,2,2,3,1,3,3,4,1,1,2,2,1,1,1,1,1,3,1,1,2,2,2,1,2,1,1,2,1,2,5,1,1,2,5,2
1,192,72,1,2,7,6,6,2,1,1,2,1,1,1,1,1,2,1,1,2,1,1,1,1,3,2,3,1,3,2,4,1,1,2,3,1,1,1,1,1,3,1,1,1,1,1,3,2,1,1,2,1,2,0,0,1,2,5,2
1,192,73,1,2,11,6,4,3,1,1,1,1,1,1,1,1,3,1,2,2,1,3,2,2,3,3,2,5,3,2,4,1,1,2,2,1,1,1,1,1,3,1,1,2,1,1,1,1,2,1,2,1,1,1,1,1,1,3,2
1,192,74,1,1,29,5,3,2,2,2,2,1,2,2,3,2,3,1,2,3,2,2,1,2,3,3,2,5,3,2,4,2,1,2,2,1,1,1,1,1,2,2,2,2,3,3,3,1,2,1,2,1,2,5,1,1,2,3,2
1,192,75,1,3,4,6,6,3,0,1,2,2,1,1,1,2,2,1,2,2,2,3,2,2,3,2,3,1,1,4,0,1,1,1,2,1,1,1,1,1,2,1,2,0,3,2,1,1,1,2,2,1,2,4,0,2,2,7,2
1,192,76,1,1,29,5,4,2,1,1,2,1,2,1,1,2,0,1,2,2,2,2,1,2,2,2,3,1,3,3,4,1,1,2,2,2,2,1,2,2,2,2,3,2,3,3,3,1,1,2,2,1,1,2,1,1,1,6,2
1,192,77,1,1,45,6,3,2,2,3,5,2,3,2,2,1,3,1,0,4,4,3,1,2,2,1,2,5,3,2,3,1,1,2,2,1,1,1,1,1,3,2,2,2,2,4,2,1,2,2,2,1,1,3,2,1,2,7,2
1,192,78,1,2,8,6,6,3,1,1,2,2,1,1,1,1,2,1,1,2,2,2,2,1,2,3,2,2,3,3,2,1,1,2,3,2,1,1,1,1,3,1,2,2,2,2,3,1,2,2,2,1,1,1,1,1,2,7,2
1,192,79,1,3,5,6,7,3,1,2,2,1,2,1,1,1,3,1,2,2,2,3,2,2,1,2,3,1,3,2,4,1,1,2,2,1,2,1,1,1,2,1,2,2,3,2,3,1,2,2,2,1,2,1,2,2,1,3,2
1,192,80,1,2,8,4,3,3,1,1,2,1,2,2,1,2,2,1,1,1,1,3,2,1,2,3,3,4,5,2,5,1,2,3,3,1,1,1,1,1,2,1,2,1,3,1,2,2,2,2,2,1,1,1,2,1,1,3,2
1,192,81,1,3,4,5,6,3,1,1,2,1,2,2,1,1,3,1,1,2,2,1,2,1,3,2,3,2,3,4,5,1,1,1,2,1,1,1,1,1,3,2,2,2,2,2,1,1,1,1,3,1,2,5,1,1,3,6,2
1,192,82,1,2,3,5,4,3,1,2,2,1,2,1,3,2,2,1,1,4,3,2,1,2,3,2,3,2,3,2,4,1,1,2,3,1,1,1,1,1,1,1,2,2,3,2,3,1,1,1,3,1,2,5,1,1,2,6,2
1,192,83,1,2,6,6,7,3,1,1,2,2,2,1,1,2,2,1,1,1,1,1,2,2,1,2,3,2,2,3,3,2,1,2,2,1,1,1,1,1,1,1,2,1,3,3,2,2,1,1,3,1,2,5,2,1,2,3,2
1,192,84,1,1,22,4,3,1,1,2,4,1,1,1,1,2,2,1,1,4,4,1,2,2,3,2,2,2,5,1,5,2,1,1,2,1,1,1,1,2,1,3,4,3,4,3,2,2,1,1,3,1,2,1,1,1,1,1,2
1,192,85,1,1,42,6,6,3,2,2,3,2,2,2,1,2,2,1,0,3,2,2,1,2,2,1,3,4,3,2,5,1,1,3,3,2,2,3,2,2,2,2,2,2,3,4,3,3,1,1,3,1,1,2,2,1,1,3,2
1,192,86,1,2,8,6,6,2,2,2,3,2,2,1,1,1,3,1,2,2,2,2,1,2,1,2,3,1,3,2,4,1,1,2,3,1,3,2,1,1,2,1,1,2,3,2,1,1,2,1,3,1,2,4,2,2,3,8,2
1,192,87,1,2,4,5,3,2,2,2,3,3,2,1,1,2,2,1,3,3,4,2,1,2,2,2,3,1,3,2,3,1,1,2,2,2,1,1,2,1,1,1,1,2,2,4,3,1,2,1,3,1,2,5,2,1,2,4,2
1,192,88,1,1,35,5,3,2,1,2,2,1,2,1,1,1,3,1,2,3,3,3,2,2,3,2,2,1,3,3,4,1,1,2,2,1,1,1,1,1,2,1,2,2,2,4,3,1,2,1,3,1,2,3,1,1,2,4,2
1,192,89,1,2,3,6,6,2,2,2,4,2,2,1,3,1,3,1,1,4,4,2,1,2,2,3,3,5,4,2,5,1,1,2,3,1,1,1,1,1,3,1,2,2,2,3,3,1,3,3,3,1,2,5,2,2,3,8,2
1,192,90,1,1,48,6,6,3,1,1,5,1,0,3,1,2,2,1,1,2,2,3,2,2,3,2,3,3,3,2,3,1,2,3,3,1,1,1,1,1,2,1,2,1,2,3,2,1,1,1,1,2,2,5,1,2,2,7,2
1,192,91,1,2,18,6,7,3,1,1,1,1,2,2,1,2,2,1,1,1,1,2,1,2,1,2,3,2,3,2,5,1,1,2,3,1,0,1,0,1,0,1,3,2,3,4,0,1,1,1,1,2,1,1,0,1,1,4,2
1,192,92,1,1,35,5,6,3,2,3,3,2,2,1,2,1,1,1,4,4,4,1,1,2,3,1,2,2,1,2,3,1,2,3,3,2,2,1,1,1,3,1,2,1,3,2,3,1,2,1,1,2,2,4,1,2,2,7,2
1,192,93,1,1,7,2,1,1,1,1,3,1,1,1,1,2,2,1,1,1,1,1,2,1,3,3,3,2,2,3,2,1,3,3,2,2,1,3,2,2,1,2,3,1,4,2,1,1,2,2,1,2,1,1,2,2,1,8,2
1,192,94,1,2,7,6,6,2,2,2,4,1,2,3,3,2,2,1,2,1,1,1,1,2,3,2,1,5,3,2,4,1,1,3,2,2,2,1,1,2,2,1,0,2,3,3,3,1,1,3,1,2,2,5,2,1,2,7,2
1,192,95,1,1,45,6,6,3,1,2,4,2,2,2,1,3,2,1,3,2,1,1,1,2,2,1,3,2,3,2,5,1,1,2,2,1,1,2,1,1,2,2,2,1,4,4,2,1,2,3,1,2,2,2,2,1,1,7,2
1,192,96,1,1,28,5,4,3,2,2,3,2,2,2,3,2,2,1,2,2,2,2,1,2,1,2,2,5,3,2,4,0,1,2,2,2,2,1,1,2,2,1,2,2,3,3,2,1,1,1,2,2,1,1,1,1,1,4,2
1,192,97,1,1,48,6,6,3,1,2,3,1,3,3,3,1,2,1,2,2,2,2,1,2,3,2,3,2,3,3,5,1,1,3,3,2,2,1,2,2,2,2,4,1,3,5,3,1,2,2,2,2,2,3,2,1,2,7,2
1,192,98,1,3,8,6,6,2,1,1,2,1,1,1,1,2,2,2,2,3,2,2,1,2,3,3,2,2,3,2,4,1,1,2,1,1,1,1,1,1,3,1,2,2,2,1,1,1,1,1,1,1,1,1,2,1,1,7,2
1,192,99,1,1,42,6,6,2,2,2,4,2,2,1,3,2,2,2,2,3,3,2,1,2,3,3,3,2,3,2,3,1,2,3,3,1,1,1,1,1,3,1,2,2,2,1,1,1,1,1,1,1,1,2,2,1,2,7,2
1,192,100,1,0,0,0,0,0,0,1,2,1,1,1,1,2,2,2,2,3,3,1,1,2,2,3,3,2,3,2,3,1,1,2,2,1,1,1,1,1,2,1,1,1,2,2,1,1,1,1,1,1,1,1,2,2,1,1,2
1,192,101,1,3,8,6,7,3,2,2,2,2,1,1,1,1,2,2,2,4,4,3,1,1,2,2,3,1,3,2,5,1,1,2,3,1,1,1,1,1,3,1,2,0,2,2,1,1,1,1,1,1,2,5,0,0,3,2,2
1,192,102,1,2,18,5,6,3,1,2,3,1,2,1,1,2,2,2,2,2,3,2,2,2,2,2,3,2,3,2,4,1,1,2,3,1,1,1,1,1,3,1,2,2,3,2,1,1,1,1,1,1,2,3,2,2,2,7,2
1,192,103,1,2,13,6,6,2,1,2,3,2,2,1,1,2,2,2,2,3,3,2,2,2,2,2,3,2,3,4,3,1,1,2,2,2,2,1,1,1,3,1,3,2,4,2,1,1,1,1,1,1,1,2,2,1,1,7,2
1,192,104,1,2,8,6,6,3,2,2,4,1,2,2,1,2,2,2,2,2,1,1,2,1,3,2,0,2,3,2,3,1,1,2,2,1,2,1,1,1,2,1,2,1,3,3,1,1,1,1,1,1,2,5,2,2,2,7,2
1,192,105,1,1,40,6,6,2,1,2,2,2,1,1,1,2,2,2,1,3,3,4,2,2,3,1,0,5,3,4,3,1,1,1,2,1,1,1,1,1,2,0,2,1,3,3,1,1,1,1,1,1,2,5,1,1,2,8,2
1,192,106,1,2,5,6,6,3,1,1,2,1,2,1,1,2,2,2,1,2,1,1,1,2,3,1,3,1,5,3,5,1,1,2,2,1,1,1,1,1,2,1,2,2,2,4,1,1,1,1,1,1,2,0,1,2,3,4,2
1,192,107,1,1,7,2,1,1,1,1,2,1,1,1,1,1,2,2,2,2,1,1,2,1,2,3,2,5,3,2,3,2,1,2,2,1,1,1,1,1,3,1,2,1,2,2,2,1,1,1,1,1,1,1,2,1,1,1,2
1,192,108,1,2,3,6,6,3,2,2,4,2,2,1,3,2,2,2,2,3,2,1,1,2,2,2,3,5,3,3,5,1,1,2,3,1,1,1,1,1,2,1,2,1,3,2,2,1,1,1,1,1,2,5,2,1,2,7,2
1,192,109,1,1,27,5,4,3,1,3,4,1,1,1,1,2,2,2,4,4,3,4,1,2,1,3,3,5,0,3,2,1,3,2,2,1,1,1,1,1,2,1,3,1,3,2,2,1,1,1,1,1,2,5,2,1,1,2,2
1,192,110,1,1,21,4,3,2,1,2,2,2,1,1,1,2,2,2,2,2,2,2,2,2,2,2,3,5,3,3,2,1,1,2,2,2,2,1,1,2,2,2,2,2,3,2,2,1,1,1,1,1,1,1,2,1,1,1,2
1,192,111,1,1,56,6,6,2,1,2,2,2,2,1,1,2,2,2,0,4,4,4,1,1,2,1,2,4,3,2,3,1,2,3,2,1,1,1,1,1,2,1,0,2,3,2,2,1,1,1,1,1,2,3,2,2,0,7,2
1,192,112,1,1,29,5,3,1,1,2,2,2,2,1,1,2,2,2,2,3,3,2,2,1,2,3,2,2,3,2,3,1,1,1,2,1,1,1,1,1,2,1,2,1,4,2,2,1,1,1,1,1,1,1,1,1,1,3,2
1,192,113,1,2,8,6,6,3,1,2,2,2,3,2,1,1,2,2,2,4,4,2,1,2,3,1,3,4,3,3,1,1,2,3,3,2,2,1,1,1,2,1,2,1,2,3,2,1,1,1,1,1,1,1,2,1,1,7,2
1,192,114,1,1,38,6,6,2,2,2,3,1,2,2,2,1,2,2,3,4,4,2,1,2,3,3,3,4,3,2,5,1,1,3,3,1,1,1,1,1,2,1,2,2,2,3,2,1,1,1,1,1,1,2,2,1,1,7,2
1,192,115,1,1,18,4,1,2,1,1,2,1,2,1,1,2,2,2,2,3,3,2,2,2,2,3,3,2,3,2,3,1,1,2,2,2,1,2,2,2,2,1,2,2,2,3,2,1,1,1,1,1,1,1,1,2,1,6,2
1,192,116,1,2,8,6,7,3,1,1,2,1,1,1,1,1,3,2,2,3,3,4,1,2,3,2,2,2,1,4,1,1,1,2,2,2,1,1,1,1,1,1,4,1,3,3,2,1,1,1,1,1,2,1,2,1,3,6,2
1,192,117,1,1,41,6,6,2,1,2,2,1,1,1,1,2,2,2,2,2,2,2,1,2,3,2,2,2,3,2,3,1,1,2,2,1,1,1,1,1,2,1,2,2,3,3,2,1,1,1,1,1,1,2,2,1,1,7,2
1,192,118,1,1,47,6,6,2,2,2,2,1,2,2,1,1,2,2,0,4,2,3,2,2,1,2,1,2,5,2,5,0,1,2,2,2,1,1,1,1,2,1,2,1,4,3,2,1,1,1,1,1,2,1,2,1,1,8,2
1,192,119,1,1,41,6,6,2,1,1,1,1,2,1,1,2,2,2,3,1,1,2,1,2,3,3,3,5,3,1,5,1,1,3,3,2,2,1,1,2,2,1,3,1,2,4,2,1,1,1,1,1,1,1,2,2,3,7,2
1,192,120,1,1,33,5,4,3,1,1,1,1,2,1,1,1,2,2,2,2,2,1,1,2,3,2,2,2,3,4,4,1,1,2,2,1,1,1,1,1,3,1,1,2,2,1,3,1,1,1,1,1,2,5,2,2,2,7,2
1,192,121,1,0,0,0,0,0,0,1,2,1,0,1,1,1,2,2,2,1,1,2,2,2,2,2,3,2,3,2,4,2,1,2,2,2,1,1,1,1,2,2,2,2,2,2,3,1,1,1,1,1,2,1,2,0,2,4,2
1,192,122,1,1,27,5,2,1,1,2,3,2,2,2,1,2,3,2,2,4,3,3,1,2,3,3,2,2,4,2,5,2,1,2,2,2,2,1,1,1,2,2,4,1,2,3,3,1,1,1,1,1,1,1,2,1,1,1,2
1,192,123,1,1,24,5,3,2,2,2,4,1,2,2,3,2,2,2,3,2,2,1,1,2,3,2,2,5,3,4,3,1,2,2,2,2,2,1,1,1,2,1,1,2,2,3,3,1,1,1,1,1,2,5,2,2,2,7,2
1,192,124,1,1,23,4,3,2,1,2,2,2,2,1,1,1,2,2,3,3,3,2,1,2,2,2,2,2,3,2,3,1,1,1,2,2,2,1,1,1,2,1,2,1,3,3,3,1,1,1,1,1,2,2,2,2,1,2,2
1,192,125,1,1,45,6,6,3,2,2,2,2,2,1,1,2,2,2,3,2,1,1,1,2,2,3,2,4,3,2,4,1,1,2,3,1,2,1,1,1,2,1,2,2,3,3,3,1,1,1,1,1,2,1,1,1,1,7,2
1,192,126,1,1,44,6,6,2,2,3,4,1,3,3,2,1,2,2,3,4,4,3,1,2,3,2,1,1,3,4,3,1,3,2,2,1,1,1,1,1,2,1,2,1,2,4,3,1,1,1,1,1,2,4,2,2,2,7,2
1,192,127,1,1,11,2,2,1,1,1,2,1,1,1,1,2,2,2,2,3,2,3,1,1,2,2,3,1,3,1,4,1,1,3,2,1,1,1,1,1,2,2,3,1,3,4,3,1,1,1,1,1,1,1,1,1,2,2,2
1,192,128,1,1,26,5,4,2,1,2,2,1,2,1,3,2,2,2,3,4,3,4,2,2,3,1,2,4,3,3,5,2,1,2,2,2,1,1,1,1,2,2,2,1,4,5,3,1,1,1,1,1,2,5,2,1,2,4,2
1,192,129,1,1,47,6,6,3,1,2,1,1,1,1,1,2,2,2,2,4,4,4,1,1,2,3,3,2,3,3,4,1,1,2,3,1,1,1,1,1,3,1,1,2,1,2,0,1,1,1,1,1,2,1,2,1,1,5,2
1,192,130,1,2,8,6,6,2,1,2,3,1,2,1,1,1,3,2,2,3,2,2,1,2,3,1,2,4,2,2,2,1,1,3,2,2,1,1,1,1,2,2,3,2,4,3,0,1,1,1,1,1,1,2,2,1,2,7,2
1,192,131,1,1,39,6,6,2,2,3,3,1,2,3,2,2,2,2,2,4,4,3,2,2,3,2,1,2,3,2,5,1,1,3,3,2,2,1,1,1,2,1,2,2,3,3,3,2,1,1,1,1,2,2,2,1,2,7,2
1,192,132,1,2,8,4,4,3,1,2,3,1,2,1,2,1,2,2,3,4,4,4,2,2,3,2,1,5,3,0,5,1,2,3,3,1,2,2,2,1,2,1,2,1,2,2,1,1,2,1,1,1,2,3,2,1,2,7,2
1,192,133,1,2,4,5,3,2,1,2,2,2,2,1,1,2,2,2,2,2,2,3,1,2,1,2,3,2,3,2,4,1,1,2,2,2,4,3,2,1,2,1,3,1,3,2,1,1,2,1,1,1,1,2,1,1,2,6,2
1,192,134,1,2,1,6,6,2,1,2,2,1,2,1,3,1,3,2,2,4,4,3,1,1,2,2,3,5,3,3,4,1,1,2,2,2,1,2,1,1,2,1,2,1,2,3,3,1,2,1,1,1,2,2,1,1,2,8,2
1,192,135,1,1,21,4,2,2,1,3,3,1,2,1,3,2,2,2,3,4,4,1,1,2,3,2,2,4,3,2,5,2,1,1,1,1,1,1,1,1,3,2,3,1,3,4,3,1,2,1,1,1,1,1,2,1,2,4,2
1,192,136,1,1,47,6,6,1,1,3,3,2,2,2,3,2,2,2,3,4,2,2,1,2,3,1,2,5,5,1,5,2,1,2,2,1,1,1,1,1,2,2,3,1,3,4,3,1,2,1,1,1,2,1,2,1,2,8,2
1,192,137,1,1,7,2,1,3,2,2,2,2,0,1,3,2,3,2,2,3,2,1,1,2,0,2,2,2,3,2,4,2,1,2,2,2,1,1,1,1,2,2,2,2,3,2,0,1,2,1,1,1,1,1,2,1,1,8,2
1,192,138,1,2,8,6,6,2,1,1,4,2,1,1,1,2,2,2,1,4,4,3,2,2,3,1,3,1,3,2,4,0,1,2,1,1,1,1,1,1,3,1,3,1,4,2,3,2,2,1,1,1,2,4,2,1,3,1,2
1,192,139,1,2,8,6,3,2,1,2,2,1,1,1,3,2,2,2,2,4,4,3,2,1,2,3,3,2,3,3,4,0,1,1,2,1,2,1,1,1,3,3,4,0,2,2,3,3,2,1,1,1,1,1,2,2,1,1,2
1,192,140,1,1,46,6,6,2,1,2,3,2,2,2,1,1,2,2,1,3,3,3,2,2,3,2,3,2,3,2,4,0,1,2,2,1,1,1,1,1,2,1,2,1,3,2,2,1,3,1,1,1,2,5,2,1,2,8,2
1,192,141,1,1,19,4,3,2,2,3,5,2,2,1,1,2,2,2,0,4,4,4,1,2,2,1,2,4,3,3,5,1,2,3,2,4,2,3,2,2,2,2,4,1,3,3,2,1,3,1,1,1,1,1,2,1,2,2,2
1,192,142,1,2,11,5,3,2,1,2,2,1,1,1,1,2,2,2,2,3,4,4,1,2,3,2,2,4,3,2,4,2,1,1,1,1,2,3,2,2,2,2,3,1,2,2,2,2,3,1,1,1,2,1,2,1,2,1,2
1,192,143,1,1,27,5,3,3,1,2,4,1,1,1,1,2,2,2,2,1,2,2,2,1,2,3,2,2,3,2,5,1,1,2,2,1,2,1,1,1,2,1,4,2,2,2,1,1,1,2,1,1,1,1,1,1,1,6,2
1,192,144,1,2,6,6,6,3,2,2,3,1,2,1,1,2,2,2,1,2,2,2,1,2,2,2,3,1,2,4,3,0,1,2,2,1,1,1,1,1,2,1,2,1,3,2,1,1,1,2,1,1,1,1,1,1,1,7,2
1,192,145,1,2,4,5,4,1,1,1,2,1,1,1,1,2,2,2,2,2,2,1,2,2,3,1,2,2,3,2,4,1,1,2,2,2,2,1,1,1,1,1,3,1,2,2,2,1,1,2,1,1,2,5,1,1,2,6,2
1,192,146,1,1,33,5,3,1,1,1,2,1,2,2,1,2,2,2,1,4,3,4,1,2,1,2,2,4,5,1,5,2,1,1,1,1,1,1,1,1,2,1,2,2,2,2,2,1,1,2,1,1,1,1,1,2,1,8,2
1,192,147,1,1,38,6,6,3,2,2,2,1,1,1,1,1,2,2,0,4,4,2,1,2,2,2,2,4,0,4,4,0,0,0,0,1,1,1,1,1,2,1,2,1,3,2,2,1,1,2,1,1,1,2,0,1,1,8,2
1,192,148,1,1,8,2,1,1,1,1,2,2,1,1,1,1,2,2,1,4,3,3,1,2,3,2,1,2,3,1,2,2,1,2,2,2,2,1,1,1,2,1,2,1,2,3,2,1,1,2,1,1,1,1,2,1,1,8,2
1,192,149,1,1,27,5,4,1,1,2,2,1,2,1,1,2,2,2,2,3,3,3,1,2,1,3,3,1,3,3,1,1,1,2,2,4,1,1,1,2,2,2,2,1,2,2,3,1,1,2,1,1,2,5,2,2,3,8,2
1,192,150,1,2,8,4,3,3,1,1,3,1,1,1,1,2,2,2,2,1,2,4,1,1,1,3,3,1,3,2,3,1,1,2,2,3,1,1,1,1,2,1,2,1,3,2,3,1,1,2,1,1,2,1,1,2,2,6,2
1,192,151,1,2,7,6,6,3,1,2,2,1,2,1,3,2,2,2,2,4,3,3,1,2,3,3,3,2,3,3,2,1,2,3,2,1,1,1,1,1,2,1,2,2,3,2,1,1,2,2,1,1,2,5,2,2,2,7,2
1,192,152,1,2,4,6,4,3,1,2,4,1,2,1,1,2,2,2,2,2,2,3,1,2,3,2,3,2,3,2,4,2,1,2,2,1,2,1,1,1,3,1,3,2,3,4,1,1,2,2,1,1,2,2,2,1,2,6,2
1,192,153,1,1,44,6,6,3,2,2,2,2,2,3,3,2,2,2,0,0,0,2,2,2,2,0,0,2,0,2,5,0,1,2,2,1,1,1,1,1,3,1,2,2,2,3,2,1,2,2,1,1,1,1,2,1,1,8,2
1,192,154,1,1,26,5,3,3,1,3,2,1,2,1,1,2,2,2,2,4,4,2,2,2,2,3,3,5,3,4,4,1,1,2,2,1,1,2,1,2,3,2,2,2,4,4,1,1,1,3,1,1,2,1,1,2,1,6,2
1,192,155,1,2,3,6,6,2,1,2,3,2,2,1,3,2,2,2,2,3,2,3,1,2,3,2,3,1,3,2,5,1,1,2,3,1,1,1,1,1,2,1,4,1,3,2,3,1,1,3,1,1,2,3,2,1,2,7,2
1,192,156,1,1,24,5,3,3,1,2,3,1,1,1,1,2,2,2,2,2,3,2,1,2,2,2,3,2,3,4,2,1,1,2,2,2,2,1,1,1,3,1,2,1,4,4,3,1,1,3,1,1,2,5,2,2,2,6,2
1,192,157,1,2,8,6,3,2,1,1,1,1,1,1,1,2,2,2,1,1,1,2,2,2,2,2,3,1,3,2,3,1,1,2,2,1,1,2,1,1,3,2,1,1,3,2,1,1,1,1,2,1,2,5,2,1,2,8,2
1,192,158,1,2,4,6,6,2,1,2,2,1,2,1,3,2,2,2,3,3,3,2,1,2,3,2,2,1,3,2,4,1,1,2,3,1,1,1,1,1,2,1,3,1,3,3,1,1,1,1,2,1,1,1,2,1,1,7,2
1,192,159,1,1,7,2,1,3,1,1,3,1,2,1,1,2,2,2,1,1,1,1,1,2,3,1,3,1,3,3,4,1,1,2,2,1,1,2,1,1,1,3,4,1,3,5,1,1,1,1,2,1,2,5,1,1,1,6,2
1,192,160,1,1,0,5,3,3,1,2,2,2,2,1,1,2,2,2,2,2,2,2,2,2,3,2,3,2,3,3,3,2,1,1,1,2,1,1,1,1,3,1,2,2,2,2,2,1,1,1,2,1,2,5,2,1,2,4,2
1,192,161,1,2,11,6,7,2,1,1,2,1,1,1,1,2,2,2,1,1,1,1,2,2,3,2,3,1,3,3,3,2,1,2,2,1,1,1,1,1,2,1,2,1,2,3,2,1,1,1,2,1,1,1,2,1,1,6,2
1,192,162,1,2,9,6,7,3,2,2,1,1,2,2,1,1,2,2,2,3,3,3,2,2,3,2,2,2,3,3,4,1,1,2,2,1,2,2,2,2,2,1,2,1,2,3,2,1,1,1,2,1,2,5,2,2,1,6,2
1,192,163,1,1,8,2,1,1,1,2,2,1,2,1,1,1,3,2,3,4,4,2,1,2,3,2,1,4,5,2,5,2,1,1,2,2,1,2,1,2,2,2,2,2,2,3,2,1,1,1,2,1,1,1,1,1,1,8,2
1,192,164,1,2,8,6,7,3,1,1,2,1,2,2,1,2,2,2,2,2,2,2,1,1,1,3,3,2,3,3,3,1,1,1,1,1,1,1,1,1,2,1,2,1,3,3,2,1,1,1,2,1,1,1,2,0,1,6,2
1,192,165,1,2,10,6,7,2,2,2,2,2,2,2,1,2,2,2,0,2,2,1,2,2,3,2,2,2,3,2,3,1,1,2,2,1,2,2,1,2,1,2,2,1,3,3,2,1,1,1,2,1,2,4,0,1,3,6,2
1,192,166,1,1,42,6,3,2,2,2,3,2,2,2,1,1,2,2,2,4,4,4,1,2,1,2,3,2,5,4,4,1,1,2,3,3,2,3,2,2,1,2,4,2,3,3,2,1,1,1,2,1,2,3,1,1,2,6,2
1,192,167,1,2,11,6,7,2,2,2,3,2,2,1,1,1,3,2,4,4,4,4,1,2,3,2,2,2,5,2,5,1,2,3,2,2,2,1,1,2,2,1,3,1,4,3,2,1,1,1,2,1,1,1,2,2,2,6,2
1,192,168,1,2,7,5,4,3,1,3,2,2,2,2,2,2,3,2,3,2,3,3,1,2,3,3,2,5,5,2,5,1,1,3,3,1,1,2,1,1,2,2,4,1,4,3,2,1,1,1,2,1,1,1,2,2,2,4,2
1,192,169,1,2,9,6,6,3,1,2,3,2,2,2,1,1,3,2,3,3,3,2,1,2,3,2,3,5,5,1,5,1,1,3,3,1,1,1,1,0,2,2,2,1,2,4,2,1,1,1,2,1,1,2,2,1,1,7,2
1,192,170,1,1,24,4,3,2,2,2,3,2,2,1,2,2,2,2,2,3,4,3,1,2,3,1,3,1,3,4,2,1,1,2,3,1,1,1,1,1,2,1,2,2,3,4,2,1,1,1,2,1,2,5,0,1,2,4,2
1,192,171,1,2,4,3,4,2,2,2,2,2,1,1,1,1,2,2,2,4,4,3,2,1,2,2,3,5,3,2,4,1,1,2,2,2,2,1,1,1,2,2,3,2,3,1,3,1,1,1,2,1,2,5,1,1,2,6,2
1,192,172,1,2,8,5,6,3,1,1,2,1,1,1,1,1,2,2,2,1,1,1,1,1,2,3,3,2,3,2,3,2,1,2,2,1,1,1,1,1,3,1,1,2,2,2,3,1,1,1,2,1,2,5,2,2,2,7,2
1,192,173,1,1,29,5,4,1,2,2,2,1,2,2,3,2,2,2,3,3,3,2,1,2,2,2,3,4,3,2,3,1,2,1,1,1,1,1,1,1,2,2,2,2,3,3,3,1,1,1,2,1,1,1,1,1,1,5,2
1,192,174,1,1,39,6,6,3,1,1,2,1,3,2,1,1,3,2,2,2,1,1,1,1,2,3,3,2,3,4,5,1,1,1,2,2,2,2,1,1,2,2,2,1,4,3,3,1,1,1,2,1,2,5,1,1,1,6,2
1,192,175,1,0,0,0,0,0,0,2,2,2,2,1,2,1,3,2,2,4,4,3,1,2,2,3,3,1,3,3,5,1,1,2,3,1,1,1,1,1,2,1,2,1,3,2,1,2,1,1,2,1,2,5,2,2,2,6,2
1,192,176,1,1,29,5,4,1,2,2,2,2,2,1,1,2,2,2,1,4,4,3,2,2,3,1,3,2,5,2,5,2,1,1,1,1,1,1,1,2,2,2,2,2,3,2,1,2,1,1,2,1,1,1,1,1,2,1,2
1,192,177,1,1,24,5,2,3,2,2,3,1,2,1,1,2,2,2,0,3,3,1,1,2,2,2,3,1,3,2,5,2,1,2,2,1,1,1,2,1,1,2,4,2,3,3,1,2,1,1,2,1,1,2,0,0,1,4,2
1,192,178,1,1,24,4,3,1,1,2,3,1,2,1,1,2,2,2,2,3,3,3,2,2,3,2,3,2,3,2,5,1,1,2,2,2,2,1,1,1,2,2,3,2,3,4,3,2,1,1,2,1,2,1,2,1,1,6,2
1,192,179,1,1,23,4,3,2,1,2,3,2,1,1,1,1,2,2,3,4,4,1,1,2,1,3,2,2,3,2,5,1,1,2,2,1,1,1,1,2,2,2,4,1,4,3,1,3,1,1,2,1,2,3,2,1,2,1,2
1,192,180,1,3,8,6,7,3,2,2,2,2,2,1,1,1,2,2,2,2,1,1,2,2,2,3,2,2,3,2,3,1,1,2,2,1,1,1,1,1,2,1,2,1,2,1,1,1,2,1,2,1,1,1,2,1,1,2,2
1,192,181,1,1,30,5,3,1,2,1,1,1,2,1,1,2,2,2,2,4,3,2,1,1,2,3,3,2,3,2,4,1,1,1,1,2,1,2,1,1,1,1,3,1,3,3,1,1,2,1,2,1,1,1,1,1,1,6,2
1,192,182,1,2,19,6,6,2,2,2,5,3,2,2,1,2,2,2,3,2,2,2,1,2,3,1,2,2,3,2,4,1,2,3,3,2,1,1,1,2,2,2,2,1,3,2,2,1,2,1,2,1,2,5,2,2,2,4,2
1,192,183,1,1,8,2,1,1,1,1,1,1,2,1,1,2,3,2,2,4,2,2,1,2,3,2,2,4,5,2,5,2,1,2,1,1,1,2,1,1,2,2,3,2,2,3,2,1,2,1,2,1,1,1,2,1,2,8,2
1,192,184,1,1,41,6,7,3,1,2,3,1,1,1,1,2,2,2,4,2,2,1,2,2,3,3,2,5,3,3,2,2,1,2,2,1,1,1,1,1,2,2,3,1,3,3,2,1,2,1,2,1,1,1,2,1,1,6,2
1,192,185,1,1,46,6,6,2,2,1,2,1,3,3,1,2,2,2,2,2,1,1,1,2,3,2,3,2,3,2,5,1,1,3,3,2,2,2,2,2,2,1,4,1,3,4,2,1,2,1,2,1,1,1,2,2,3,6,2
1,192,186,1,1,31,5,3,2,2,1,2,2,1,1,1,2,2,2,2,1,1,2,2,2,3,3,2,1,3,2,3,2,1,2,2,2,1,1,1,1,2,1,1,1,2,1,3,1,2,1,2,1,2,5,2,2,1,5,2
1,192,187,1,2,2,5,4,2,2,2,3,2,2,1,1,2,2,2,0,4,3,2,1,2,3,1,1,2,3,2,5,1,1,3,2,2,1,2,2,2,1,2,4,1,4,3,3,1,2,1,2,1,1,1,2,1,2,1,2
1,192,188,1,2,7,4,2,1,1,2,3,1,2,1,1,2,3,2,2,4,4,2,2,2,3,3,3,1,3,2,4,1,1,2,3,1,1,1,1,1,2,1,2,1,4,2,1,2,2,1,2,1,1,2,1,1,1,1,2
1,192,189,1,2,8,5,3,2,2,1,2,2,2,2,1,2,2,2,2,1,1,4,1,2,3,2,1,2,3,4,3,1,1,1,1,1,1,1,1,2,3,2,2,2,2,3,3,2,2,1,2,1,1,1,1,2,1,1,2
1,192,190,1,2,7,4,3,2,1,1,2,1,2,1,1,2,2,2,0,3,3,3,2,2,2,3,3,1,3,4,3,2,1,2,2,1,1,1,1,1,3,2,2,0,2,2,1,1,3,1,2,1,1,1,1,1,1,1,2
1,192,191,1,1,28,5,4,3,1,2,2,1,2,1,3,2,3,2,3,2,2,2,1,2,3,3,2,4,3,3,5,2,1,2,2,1,1,1,1,1,2,2,2,2,4,4,3,1,3,1,2,1,2,5,1,1,2,3,2
1,192,192,1,1,34,5,3,2,1,1,4,1,2,1,1,2,2,2,2,4,4,4,2,2,3,1,3,5,5,3,5,1,1,1,2,1,1,1,1,2,3,4,4,1,4,3,2,3,3,1,2,1,2,5,2,2,3,1,2
1,192,193,1,1,21,4,3,2,1,2,2,1,2,2,1,2,2,2,2,3,3,2,2,2,3,2,3,1,3,2,3,1,1,2,2,2,1,1,1,1,2,2,2,1,2,2,1,1,1,2,2,1,2,1,2,2,1,6,2
1,192,194,1,1,45,6,4,2,1,2,3,1,2,2,1,2,2,2,2,3,3,3,2,1,2,2,3,2,3,2,4,2,2,2,2,1,1,2,1,2,2,2,3,2,4,3,1,1,1,2,2,1,1,2,2,1,1,6,2
1,192,195,1,1,38,6,5,2,1,2,2,1,1,1,1,2,3,2,3,4,4,4,1,1,2,2,3,2,5,1,5,1,1,3,3,2,1,1,1,1,2,2,3,1,2,2,2,1,1,2,2,1,2,5,1,1,3,8,2
1,192,196,1,1,16,5,4,1,1,2,3,1,1,1,1,2,2,2,2,4,4,4,2,2,2,2,3,5,3,2,4,1,2,3,2,1,2,2,1,1,2,1,4,1,4,2,2,1,1,2,2,1,2,1,2,1,2,6,2
1,192,197,1,1,42,6,6,2,2,2,4,2,2,2,1,2,3,2,3,3,3,2,1,2,3,2,1,4,3,2,5,2,1,2,2,1,1,1,1,1,1,2,3,1,3,3,2,1,1,2,2,1,2,5,2,2,2,7,2
1,192,198,1,2,10,6,3,2,1,2,3,2,2,2,2,1,3,2,0,3,3,4,2,2,3,2,2,4,5,1,4,1,1,2,2,4,2,2,1,1,1,2,4,0,3,3,2,1,1,2,2,1,1,1,1,1,1,6,2
1,192,199,1,1,34,5,3,2,1,2,2,1,2,1,1,2,2,2,2,3,3,3,1,2,2,2,3,2,3,3,3,2,1,2,2,1,1,1,1,1,2,1,2,2,3,1,3,1,1,2,2,1,1,1,0,1,1,8,2
1,192,200,1,1,18,3,3,1,2,1,3,2,2,1,3,2,3,2,2,2,3,3,1,2,3,1,2,5,3,4,3,1,1,1,2,1,2,1,1,0,2,1,0,0,2,3,3,1,1,2,2,1,1,3,2,2,2,6,2
1,192,201,1,2,5,6,4,2,1,2,2,2,2,2,1,2,2,2,2,2,2,1,1,2,3,2,2,1,3,2,3,1,1,1,2,1,1,1,1,1,3,2,2,1,3,3,3,1,1,2,2,1,1,2,2,1,1,3,2
1,192,202,1,1,35,5,1,2,2,2,3,2,2,1,1,2,2,2,3,4,4,3,1,2,3,2,2,2,3,3,4,1,2,3,2,2,2,2,2,2,2,2,3,1,3,3,3,1,1,2,2,1,1,2,1,1,2,6,2
1,192,203,1,1,26,5,1,2,1,1,2,1,2,2,1,2,2,2,2,2,2,1,1,2,3,2,2,5,5,2,5,1,1,2,2,4,2,2,2,2,2,2,3,1,4,4,2,2,1,2,2,1,1,1,2,1,1,6,2
1,192,204,1,2,8,6,7,3,1,1,2,1,1,1,1,2,2,2,1,1,1,2,1,2,3,2,2,2,2,3,3,1,1,1,2,4,2,2,1,2,2,2,3,1,3,3,2,3,1,2,2,1,1,1,2,2,1,3,2
1,192,205,1,0,0,0,0,0,0,2,1,2,2,2,1,2,2,2,2,4,3,1,1,2,2,3,3,2,3,4,4,2,1,2,2,1,1,1,1,1,2,1,2,1,2,2,3,1,2,2,2,1,1,1,2,2,2,3,2
1,192,206,1,1,20,4,2,3,2,2,3,2,2,1,1,2,2,2,0,4,4,2,2,2,3,3,3,5,3,4,5,1,1,2,2,1,1,1,1,1,3,1,2,1,2,3,2,2,2,2,2,1,2,5,0,1,1,3,2
1,192,207,1,1,24,4,4,1,2,2,5,2,2,1,3,2,2,2,0,4,4,4,1,2,2,2,2,3,5,2,5,2,1,1,1,2,1,3,1,2,2,2,4,1,3,3,2,2,2,2,2,1,1,2,2,1,2,5,2
1,192,208,1,1,25,5,3,1,1,2,3,2,2,2,1,2,2,2,2,3,3,2,2,2,3,2,3,4,5,4,5,2,1,1,1,1,1,1,1,1,2,2,3,2,4,4,2,2,2,2,2,1,1,2,2,1,2,6,2
1,192,209,1,2,8,6,7,3,1,2,2,1,2,1,1,1,2,2,0,4,3,2,1,2,3,1,2,1,1,3,3,1,1,1,2,1,1,1,1,1,2,2,3,2,3,3,1,1,1,3,2,1,2,1,2,2,1,4,2
1,192,210,1,1,16,3,2,1,1,1,2,1,2,1,1,2,2,2,2,3,3,3,1,2,3,3,3,1,3,2,1,1,1,2,1,2,2,1,1,1,2,1,2,1,2,3,2,1,1,3,2,1,2,5,2,1,1,6,2
1,192,211,1,1,21,4,3,1,2,3,4,3,2,1,1,2,2,2,4,3,3,3,2,2,3,2,1,2,3,4,4,2,1,1,1,2,1,1,1,2,2,2,4,1,3,5,2,1,1,3,2,1,2,1,0,1,3,6,2
1,192,212,1,2,7,6,4,2,2,4,3,2,2,2,3,2,2,2,3,3,3,4,1,2,2,1,3,5,5,2,5,2,1,2,2,2,1,1,1,1,3,2,3,1,3,3,2,1,1,1,3,1,2,0,2,1,3,4,2
1,192,213,1,2,7,6,7,3,3,2,5,3,2,2,1,2,2,2,3,4,4,4,1,2,3,1,2,5,3,2,5,1,1,2,2,2,2,2,1,2,1,1,2,2,4,4,2,1,1,1,3,1,2,5,2,2,2,4,2
1,192,214,1,1,30,5,3,1,1,1,2,1,1,1,1,1,2,2,2,2,2,1,1,2,3,2,2,2,3,2,3,2,1,1,1,1,1,1,1,1,2,1,2,2,3,2,3,1,1,1,3,1,1,3,2,1,3,5,2
1,192,215,1,2,5,6,3,2,2,2,2,1,2,1,1,1,2,2,2,4,3,4,2,1,2,3,3,2,3,2,5,2,1,2,2,2,1,1,2,1,1,2,4,1,3,3,3,1,1,1,3,1,2,3,2,2,3,2,2
1,192,216,1,1,30,5,3,3,1,2,3,1,2,1,1,2,2,2,0,3,2,2,2,2,3,2,1,2,3,3,2,1,1,2,3,2,1,1,1,1,2,2,2,2,3,3,3,1,1,1,3,1,1,1,2,2,1,4,2
1,192,217,1,1,29,5,4,1,3,3,5,3,3,2,3,1,3,2,4,4,4,4,1,2,3,1,3,5,3,2,3,1,1,3,3,1,2,1,2,1,1,4,3,2,3,3,3,1,1,1,3,1,2,5,2,2,3,4,2
1,192,218,1,3,7,6,7,3,2,2,2,2,3,1,3,2,2,2,3,2,2,2,2,2,3,1,3,1,3,2,4,1,1,2,2,1,1,1,2,2,1,1,2,1,4,3,3,1,1,1,3,1,2,3,1,1,2,6,2
1,192,219,1,1,41,6,6,3,1,1,2,2,2,2,1,2,2,2,2,2,1,1,2,2,3,1,2,2,1,3,1,1,1,2,3,1,2,1,1,1,2,1,4,2,3,4,3,1,1,1,3,1,1,1,1,1,1,7,2
1,192,220,1,2,12,6,7,3,1,1,2,2,1,1,1,2,2,2,3,2,1,2,1,2,1,3,3,1,3,4,1,1,1,2,2,1,1,1,1,1,3,2,2,1,4,4,3,1,1,1,3,1,2,5,1,1,1,3,2
1,192,221,1,1,16,3,3,3,1,1,2,1,1,1,1,2,2,2,1,2,2,3,1,2,2,2,3,2,3,2,5,1,1,2,2,1,2,1,1,1,3,1,1,2,2,3,2,2,1,1,3,1,2,3,1,1,1,5,2
1,192,222,1,1,26,5,4,2,1,2,2,1,2,1,1,2,1,2,2,3,3,2,1,2,3,2,3,2,3,2,4,2,1,2,2,2,3,1,2,2,2,1,3,2,3,3,2,2,1,1,3,1,1,1,2,1,1,1,2
1,192,223,1,1,24,5,3,1,1,2,3,1,2,1,1,2,2,2,3,4,4,4,1,2,3,2,2,2,3,3,4,1,1,2,2,3,2,2,1,2,2,2,2,1,4,4,2,2,1,1,3,1,2,3,1,1,3,2,2
1,192,224,1,1,36,6,3,2,1,2,1,1,2,1,1,2,2,2,1,1,1,1,2,1,2,2,2,4,5,1,5,2,1,2,1,1,1,1,1,1,2,1,2,1,4,5,2,1,2,1,3,1,1,1,2,1,1,8,2
1,192,225,1,2,4,6,3,2,2,2,2,1,2,2,1,1,3,2,2,4,0,4,2,2,3,2,3,1,3,2,4,1,1,2,2,1,1,1,1,1,3,1,2,1,2,3,3,1,2,1,3,1,2,5,2,2,1,2,2
1,192,226,1,2,9,6,6,3,2,2,3,1,1,1,3,1,3,2,2,3,3,2,1,2,2,3,3,5,3,2,3,2,1,2,2,1,1,1,1,1,2,1,2,2,2,3,3,1,2,1,3,1,2,5,1,2,2,8,2
1,192,227,1,1,21,3,3,3,2,1,2,2,2,1,1,2,2,2,1,1,1,1,2,2,2,1,3,5,3,3,5,1,1,2,2,1,1,1,1,1,2,1,2,0,2,2,2,1,1,2,3,1,1,1,2,2,2,3,2
1,192,228,1,2,11,6,7,3,1,1,1,2,2,2,1,2,2,2,2,2,2,2,2,2,3,1,3,1,3,2,3,1,1,1,2,3,2,1,2,2,2,2,3,1,3,2,2,1,1,2,3,1,2,1,1,1,2,6,2
1,192,229,1,1,12,3,1,3,1,1,3,1,2,1,1,2,2,2,0,1,1,1,1,2,3,2,3,2,3,3,2,2,1,1,2,0,1,1,1,1,3,1,1,1,4,4,2,1,1,2,3,1,2,0,0,0,3,6,2
1,192,230,1,1,24,4,4,1,2,2,2,1,1,1,3,2,2,2,0,3,3,4,2,2,2,1,3,4,3,1,4,2,1,2,1,2,1,1,1,1,2,2,4,2,3,3,2,2,1,2,3,1,1,1,2,2,2,1,2
1,192,231,1,0,0,0,0,0,0,2,3,2,2,2,3,1,2,2,2,3,3,2,1,2,3,2,3,2,3,2,5,1,3,2,2,1,2,2,1,1,2,2,3,1,3,3,3,2,1,2,3,1,1,2,2,1,2,6,2
1,192,232,1,1,25,5,3,2,1,2,3,2,2,2,1,2,2,2,2,3,3,2,1,2,3,2,3,4,5,4,5,2,1,1,1,1,1,1,1,1,2,2,3,2,4,4,2,2,2,2,3,1,1,2,2,1,2,6,2
1,192,233,1,1,34,5,3,3,1,2,2,2,2,1,1,2,2,2,1,2,1,1,1,2,3,2,3,4,3,4,4,1,1,2,2,1,1,1,1,1,3,1,2,2,2,3,3,2,3,2,3,1,1,2,2,1,2,7,2
1,192,234,1,1,20,4,1,3,2,2,3,1,2,2,1,2,2,2,2,3,4,3,1,2,3,2,3,2,3,2,4,1,1,2,2,2,1,3,1,2,2,2,3,1,2,4,2,1,1,3,3,1,1,1,2,2,1,6,2
1,192,235,1,1,24,5,3,1,2,2,5,2,2,1,1,2,2,2,2,3,2,2,1,2,3,2,3,2,3,3,4,2,1,2,1,2,3,3,2,2,3,3,4,2,4,4,2,3,1,3,3,1,1,2,2,1,1,6,2
1,192,236,1,2,3,6,6,2,1,2,3,2,2,2,2,2,2,2,3,4,4,4,1,2,3,1,3,2,3,2,3,1,1,2,2,1,1,1,1,1,2,1,2,1,3,3,2,1,1,1,1,2,2,4,2,1,2,7,2
1,192,237,1,1,21,4,3,1,1,2,4,1,2,1,1,2,2,2,2,3,4,2,1,1,2,2,3,0,2,2,5,2,1,2,2,1,1,1,1,1,2,2,4,1,2,4,2,1,1,1,1,2,1,1,2,1,2,5,2
1,192,238,1,1,44,6,6,2,2,2,4,2,2,2,1,2,2,2,3,2,2,2,2,2,3,2,3,5,2,2,4,1,1,3,3,2,1,1,2,2,2,2,4,1,4,4,2,1,1,1,1,2,1,3,2,1,1,7,2
1,192,239,1,1,29,5,4,3,2,2,3,2,2,1,1,2,2,2,3,3,2,1,1,2,3,1,2,5,3,3,3,2,1,2,2,1,1,1,1,1,2,2,2,2,4,4,3,2,3,1,1,2,1,2,2,1,2,1,2
1,192,240,1,1,38,6,6,2,1,2,3,2,3,2,1,2,2,2,0,3,3,1,1,2,3,1,1,4,3,2,5,2,1,2,1,1,1,2,2,2,2,1,3,2,4,3,2,1,1,2,1,2,2,3,2,1,0,7,2
1,192,241,1,2,7,6,6,2,1,2,3,1,2,1,1,2,2,2,0,3,2,2,1,2,3,2,3,2,3,2,5,1,2,3,2,1,2,1,1,1,2,1,2,1,4,2,3,1,1,2,1,2,1,1,2,1,1,7,2
1,192,242,1,1,42,6,6,2,1,2,4,2,2,2,1,2,2,2,2,3,3,3,2,2,3,1,3,1,1,2,3,2,1,2,1,2,1,2,1,1,2,2,4,2,3,3,3,3,1,3,1,2,2,3,2,1,2,7,2
1,192,243,1,2,5,6,3,2,2,1,2,1,1,1,1,2,2,2,2,2,1,4,2,2,3,2,2,1,3,2,4,2,1,2,2,2,2,1,2,2,2,2,3,1,2,3,3,1,1,1,2,2,2,5,2,2,1,1,2
1,192,244,1,1,39,6,6,3,2,2,3,2,2,2,1,2,2,2,4,4,4,2,2,1,2,3,3,1,3,4,3,1,1,2,3,1,1,1,1,1,2,1,2,2,4,4,1,1,1,2,2,2,2,4,2,1,2,7,2
1,192,245,1,2,3,6,6,2,2,2,3,2,2,2,1,2,2,2,2,4,3,1,1,2,3,1,1,4,3,2,4,1,1,2,2,2,2,2,2,2,1,2,3,1,4,5,2,1,1,3,2,2,2,3,2,1,1,7,2
1,192,246,1,1,19,4,3,2,1,2,4,1,2,2,1,2,2,2,1,3,4,4,2,2,3,2,3,2,3,2,4,1,1,2,2,1,1,1,1,1,2,1,2,1,4,4,2,1,3,3,2,2,1,2,2,1,2,8,2
1,192,247,1,2,8,5,6,3,1,2,2,2,2,1,3,2,2,2,3,2,1,1,1,2,3,2,3,2,3,3,5,1,3,3,3,1,2,1,1,1,2,1,3,1,3,4,1,1,1,1,3,2,2,5,2,1,2,7,2
1,192,248,1,1,44,6,6,2,1,3,5,3,3,3,1,1,2,2,3,3,3,3,1,2,3,1,1,4,3,3,2,1,1,1,2,2,2,2,2,2,2,1,2,1,4,4,2,1,2,1,3,2,2,4,2,1,3,7,2
1,192,249,1,1,32,5,3,2,2,1,2,1,2,2,1,2,2,2,2,2,2,2,2,2,3,2,2,1,1,2,3,1,1,2,2,2,1,1,2,2,2,1,2,1,3,3,3,1,1,2,3,2,1,2,2,1,1,3,2
1,192,250,1,1,19,4,3,2,2,2,2,2,2,2,1,2,2,2,2,4,2,4,1,2,2,3,2,5,5,3,4,1,1,2,2,1,1,1,1,1,2,1,2,1,4,1,2,1,3,2,3,2,1,2,2,1,1,8,2
1,192,251,1,1,17,3,3,3,1,2,2,2,2,1,1,2,2,2,2,4,3,2,1,2,2,1,3,2,3,2,4,1,1,1,2,1,1,1,2,1,2,2,3,1,4,2,3,2,1,3,3,3,1,4,2,0,2,3,2
1,192,252,1,1,24,5,3,2,2,2,5,2,3,1,1,2,2,2,2,3,2,3,1,2,3,1,3,4,5,2,5,2,1,2,1,1,1,1,2,2,2,3,4,1,4,5,2,3,1,3,3,3,1,1,2,1,1,6,2
1,192,253,1,1,33,5,3,3,2,2,4,2,3,1,1,2,2,2,3,4,3,2,1,2,3,2,2,2,3,2,4,1,0,2,2,1,1,1,1,1,3,1,0,2,2,3,3,1,1,3,0,0,1,2,2,1,1,7,2
1,192,254,1,1,36,5,6,3,2,3,5,2,2,2,2,2,2,2,3,4,4,2,1,2,3,1,1,2,5,0,5,1,2,3,3,0,0,0,0,0,0,0,0,0,0,0,0,0,0,0,0,0,0,0,0,0,0,2,2
1,192,255,1,1,32,5,4,2,2,2,4,2,3,2,2,2,2,3,3,4,4,4,1,2,2,2,1,4,3,2,4,1,1,2,2,1,1,1,1,1,2,2,2,1,3,3,1,1,1,1,1,1,1,1,2,2,1,6,2
1,192,256,1,2,3,6,6,3,2,2,3,2,2,1,3,1,3,3,3,3,3,2,1,2,2,2,3,2,3,2,4,1,1,3,2,1,1,2,1,1,2,1,2,2,3,3,1,1,1,1,1,1,2,2,2,2,2,7,2
1,192,257,1,1,21,4,2,2,2,3,3,2,3,2,2,2,2,3,3,4,4,3,1,2,3,3,2,2,0,2,5,2,2,3,2,3,2,1,1,0,1,3,3,2,3,4,1,1,1,1,1,1,1,2,1,1,1,4,2
1,192,258,1,1,20,4,3,3,2,2,3,3,2,1,2,2,3,3,3,4,4,3,1,1,2,2,3,2,3,3,3,2,1,2,2,1,2,1,1,0,2,1,2,1,3,2,2,1,1,1,1,1,2,5,0,0,3,8,2
1,192,259,1,2,6,6,4,3,1,2,4,2,2,1,1,2,2,3,3,3,3,3,1,2,2,2,3,5,3,2,3,2,1,2,2,1,1,1,1,2,2,1,3,1,3,2,2,1,1,1,1,1,1,1,1,1,1,3,2
1,192,260,1,1,96,6,3,2,3,2,5,2,2,2,2,2,2,3,4,4,4,3,1,2,3,1,3,2,3,1,4,1,1,2,2,1,1,1,1,1,3,1,1,2,2,3,2,1,1,1,1,1,2,2,2,2,2,5,2
1,192,261,1,1,30,5,3,2,2,4,3,2,2,2,3,2,3,3,3,4,4,4,1,2,3,1,1,1,3,2,4,1,1,3,3,2,1,1,1,1,2,1,2,2,2,3,2,1,1,1,1,1,2,0,1,2,2,6,2
1,192,262,1,1,24,4,3,1,2,3,4,2,2,1,1,2,3,3,3,4,4,2,1,2,3,1,2,2,3,2,5,1,1,2,2,2,2,1,1,2,2,3,4,2,2,3,2,1,1,1,1,1,2,5,1,1,3,6,2
1,192,263,1,1,36,5,4,1,1,3,3,2,1,2,2,2,2,3,0,4,4,3,1,1,3,2,2,5,3,3,4,1,1,3,3,2,2,1,1,1,2,2,2,2,4,3,2,1,1,1,1,1,1,1,2,2,1,1,2
1,192,264,1,1,28,5,2,3,1,2,2,1,3,2,1,2,2,3,3,3,3,2,1,1,2,3,3,2,5,4,5,1,0,3,3,1,1,1,1,1,3,1,3,2,2,4,2,1,1,1,1,1,1,1,1,1,1,4,2
1,192,265,1,1,41,6,6,2,2,2,5,2,2,2,2,2,3,3,3,4,4,4,2,2,3,1,2,4,5,2,5,0,2,3,3,1,1,1,1,1,2,1,2,1,3,4,2,1,1,1,1,1,2,4,2,1,3,7,2
1,192,266,1,1,48,6,6,2,2,3,5,3,2,3,2,2,2,3,4,3,4,3,2,2,3,2,3,3,3,1,3,1,1,3,2,1,1,1,1,1,2,2,2,1,3,4,2,1,1,1,1,1,1,2,2,1,1,7,2
1,192,267,1,1,48,6,6,3,2,3,3,1,3,3,2,2,2,3,3,4,1,1,1,2,2,2,3,3,3,3,4,2,1,1,1,2,3,2,1,2,3,2,4,1,4,4,2,1,1,1,1,1,2,5,2,1,2,8,2
1,192,268,1,2,7,6,6,3,2,2,4,1,2,1,3,2,2,3,3,3,2,2,1,2,0,2,2,5,5,2,5,1,3,2,2,1,2,2,2,2,1,1,2,1,4,5,2,1,1,1,1,1,2,5,2,1,2,3,2
1,192,269,1,2,4,5,4,3,2,2,3,1,2,2,1,1,2,3,0,4,4,4,1,2,3,3,2,2,3,2,3,2,1,2,2,2,1,1,1,1,1,1,2,2,3,1,3,1,1,1,1,1,1,2,2,2,2,6,2
1,192,270,1,1,42,6,6,2,2,2,3,1,2,1,3,1,3,3,4,4,4,4,1,1,2,1,3,2,3,2,5,1,2,3,3,1,1,1,1,2,3,1,2,1,3,3,3,1,1,1,1,1,1,2,2,1,1,7,2
1,192,271,1,1,42,6,6,3,1,2,2,2,2,3,3,2,2,3,0,2,2,2,1,1,1,3,3,1,3,2,4,1,1,3,3,1,1,1,1,2,2,2,2,1,3,3,3,1,1,1,1,1,1,1,1,1,1,3,2
1,192,272,1,1,42,6,6,3,2,2,2,2,2,2,3,2,2,3,2,3,3,4,2,2,2,2,2,5,2,2,2,1,1,3,3,4,2,2,1,0,2,1,2,2,3,3,3,1,1,1,1,1,2,2,2,1,1,7,2
1,192,273,1,1,43,6,6,2,2,2,4,1,2,2,1,2,2,3,3,3,3,3,2,2,3,2,3,2,3,3,2,1,2,3,2,2,1,1,1,2,2,2,3,2,4,3,3,1,1,1,1,1,2,1,2,2,2,7,2
1,192,274,1,1,46,6,7,2,1,2,3,1,2,2,3,3,2,3,2,2,2,2,1,2,3,2,3,2,2,4,3,2,0,3,2,1,2,1,2,2,1,1,1,2,3,4,1,1,2,1,1,1,1,1,2,0,1,8,2
1,192,275,1,1,39,6,6,2,2,4,5,3,3,3,2,1,2,3,4,4,4,2,1,2,3,1,1,5,3,2,5,0,1,3,3,3,2,3,1,2,2,2,3,1,4,3,2,1,2,1,1,1,2,3,2,1,1,7,2
1,192,276,1,1,20,4,3,3,1,2,3,1,2,2,1,2,2,3,2,3,3,2,1,2,3,2,2,2,3,3,2,2,1,2,2,1,1,1,1,1,2,2,2,1,4,4,2,1,1,2,1,1,1,1,2,1,1,6,2
1,192,277,1,1,11,2,1,1,1,2,4,1,3,2,1,2,2,3,3,1,1,1,1,2,3,1,3,5,3,3,4,2,1,2,2,2,2,2,1,2,2,3,4,1,4,5,2,1,1,2,1,1,2,5,1,1,1,6,2
1,192,278,1,1,23,4,2,1,1,3,2,1,2,1,3,2,2,3,2,4,4,3,1,2,2,2,2,1,3,2,2,1,1,3,3,1,1,1,1,1,1,2,3,1,2,2,3,1,1,2,1,1,2,5,2,1,1,6,2
1,192,279,1,1,44,6,6,3,3,4,5,2,2,2,2,1,2,3,4,4,4,0,1,1,3,1,3,4,3,2,3,1,1,3,3,1,1,1,1,1,3,1,2,2,2,3,2,1,2,2,1,1,2,1,2,1,2,7,2
1,192,280,1,2,4,6,6,3,2,3,5,3,2,3,2,2,2,3,4,4,4,1,1,2,3,1,2,2,3,4,3,1,2,3,3,1,1,1,1,1,3,1,2,0,3,2,1,2,2,2,1,1,2,4,2,1,1,7,2
1,192,281,1,1,27,5,4,3,1,2,2,1,2,1,2,2,3,3,0,3,3,1,1,2,2,3,1,5,5,2,5,2,1,2,2,1,1,1,1,1,2,1,2,2,2,3,1,1,1,1,2,1,2,5,2,1,1,5,2
1,192,282,1,1,49,6,6,2,1,2,3,1,2,2,2,1,2,3,3,3,3,2,1,2,3,1,2,2,3,2,3,1,1,1,1,1,1,1,1,1,3,1,2,2,2,3,2,1,1,1,2,1,2,3,2,2,1,7,2
1,192,283,1,2,12,6,5,3,1,1,1,1,1,2,2,3,3,3,2,1,1,1,1,2,3,3,1,4,5,4,5,2,1,1,1,2,2,3,2,2,1,1,4,3,3,3,2,1,1,1,2,1,1,1,2,1,1,6,2
1,192,284,1,2,20,6,3,2,1,4,2,1,2,2,2,2,2,3,4,4,4,4,2,2,3,1,1,4,5,2,5,1,1,2,3,1,3,3,2,2,1,1,3,1,4,3,2,1,1,1,2,1,2,3,2,1,3,6,2
1,192,285,1,2,3,6,6,2,1,2,4,1,1,2,2,2,2,3,4,4,1,1,2,0,3,1,3,1,3,3,5,0,0,0,0,1,1,1,1,1,3,1,2,2,3,4,2,1,1,1,2,1,2,2,2,2,1,7,2
1,192,286,1,1,0,3,3,2,2,4,4,2,2,2,2,2,3,3,3,4,4,4,1,2,2,2,3,2,3,2,3,1,2,3,3,2,1,1,1,1,2,2,3,2,3,3,3,1,1,1,2,1,2,5,2,2,2,7,2
1,192,287,1,1,41,6,6,3,2,2,4,2,2,3,2,2,2,3,3,3,3,2,0,2,3,2,0,4,3,4,4,1,3,2,2,1,2,1,2,0,1,1,2,1,3,4,3,1,1,1,2,1,2,5,1,1,1,7,2
1,192,288,1,2,3,5,4,1,2,2,3,2,2,2,2,2,3,3,3,4,4,2,1,2,3,2,1,5,4,2,5,0,1,2,2,2,1,1,1,1,2,1,2,0,2,3,0,1,1,1,2,1,2,5,1,1,2,4,2
1,192,289,1,2,6,5,4,1,2,3,4,2,2,3,3,2,1,3,4,4,4,3,0,2,3,1,2,0,5,3,5,1,1,1,2,1,1,1,1,1,2,2,3,2,3,3,2,2,1,1,2,1,2,3,0,1,2,4,2
1,192,290,1,1,20,4,3,1,2,2,3,2,2,2,1,3,2,3,3,4,4,3,1,2,2,2,3,5,5,1,5,2,2,3,2,1,1,1,1,1,2,2,2,1,4,4,2,1,2,1,2,1,2,1,2,1,2,6,2
1,192,291,1,1,40,6,6,2,2,3,3,2,2,3,2,2,2,3,3,4,3,1,1,2,3,1,2,2,3,2,0,1,1,3,3,1,1,1,0,0,2,1,2,2,3,3,3,1,2,1,2,1,1,2,2,1,1,7,2
1,192,292,1,3,7,5,4,3,1,2,2,2,1,1,1,1,2,3,1,2,1,1,2,2,2,3,3,1,3,1,2,1,1,2,2,2,2,2,2,2,1,1,2,1,3,2,1,1,1,2,2,1,1,1,1,1,2,6,2
1,192,293,1,2,8,6,6,3,2,3,4,2,2,2,2,1,3,3,3,4,4,3,2,2,3,1,2,4,3,2,3,2,1,2,2,1,1,1,1,1,2,1,2,1,3,3,2,1,1,2,2,1,1,3,2,2,2,7,2
1,192,294,1,2,4,5,4,3,2,3,3,2,2,2,1,3,2,3,4,4,4,3,1,2,3,1,2,1,3,3,2,1,2,3,2,1,1,1,1,1,2,1,2,1,3,2,3,1,1,2,2,1,2,5,2,2,2,6,2
1,192,295,1,1,24,5,3,3,2,2,3,2,2,1,2,2,3,3,4,4,4,3,1,2,3,1,2,2,3,2,3,1,1,2,2,1,1,2,1,1,2,1,1,2,3,3,3,1,1,2,2,1,2,3,2,1,2,5,2
1,192,296,1,2,10,6,7,3,1,2,3,1,1,1,1,1,2,3,3,4,4,1,2,2,3,2,3,4,5,2,5,1,1,2,2,1,1,1,1,0,3,1,2,2,4,2,1,2,1,2,2,1,2,5,2,1,2,1,2
1,192,297,1,1,20,4,4,2,2,2,5,2,2,2,3,2,2,3,3,4,4,3,1,2,3,1,3,5,5,2,5,0,1,2,2,2,1,1,2,1,1,2,4,1,4,5,2,1,2,2,2,1,2,5,2,2,2,6,2
1,192,298,1,1,9,2,1,3,2,3,3,2,2,1,3,2,2,3,3,4,4,4,1,2,3,3,2,5,3,4,2,1,1,3,3,3,5,3,2,2,2,2,0,2,3,2,3,2,3,2,2,1,1,1,1,2,1,1,2
1,192,299,1,2,3,6,7,2,2,3,4,2,3,2,1,2,2,3,3,4,4,1,1,2,3,1,1,3,5,3,5,2,1,2,2,1,3,3,1,1,2,1,2,1,3,3,1,1,1,1,3,1,1,2,2,1,1,2,2
1,192,300,1,1,48,6,6,3,1,2,3,1,2,2,1,1,3,3,2,4,3,3,2,2,3,1,2,5,5,3,5,2,1,1,0,1,1,1,2,2,2,2,3,1,4,3,2,1,1,1,3,1,1,2,1,1,2,6,2
1,192,301,1,2,10,6,7,2,1,3,3,1,2,1,2,2,2,3,3,4,4,4,1,2,3,2,2,2,3,3,3,1,1,2,3,1,1,1,1,1,2,1,2,1,4,4,2,1,1,1,3,1,2,2,2,2,2,6,2
1,192,302,1,1,38,5,6,2,3,4,4,2,3,3,2,1,3,3,4,4,4,3,1,2,3,1,2,2,1,2,3,1,2,3,3,2,2,3,2,2,3,2,4,1,4,5,2,1,1,1,3,1,2,3,2,2,3,7,2
1,192,303,1,2,13,6,7,2,1,2,4,2,2,2,3,2,2,3,2,4,4,2,1,2,3,1,3,2,3,2,5,1,1,2,3,1,2,1,1,1,1,1,2,1,3,2,3,1,1,1,3,1,2,4,1,1,2,6,2
1,192,304,1,1,42,6,7,2,2,3,4,2,3,2,2,2,2,3,3,4,4,2,1,2,3,1,1,3,5,2,5,2,1,2,2,1,1,1,1,1,3,2,2,1,3,3,3,1,1,1,3,1,1,2,2,1,1,2,2
1,192,305,1,1,31,5,3,3,2,1,3,2,2,1,1,2,2,3,2,3,1,4,1,1,1,1,3,3,3,4,3,0,1,1,2,1,2,1,1,1,3,1,2,2,4,1,1,1,2,1,3,1,2,3,2,1,1,8,2
1,192,306,1,1,28,5,4,1,2,2,3,2,2,2,2,2,3,3,3,4,3,2,1,2,2,2,2,2,5,2,5,2,1,2,2,3,3,3,1,2,2,2,4,1,4,3,3,2,2,1,3,1,2,2,2,1,2,2,2
1,192,307,1,2,8,6,7,3,3,2,5,2,2,2,2,2,2,3,4,3,3,3,2,2,3,1,3,1,3,3,3,1,1,2,3,1,1,1,1,1,2,2,2,1,3,3,2,1,3,1,3,1,2,4,1,1,2,2,2
1,192,308,1,2,4,5,4,3,2,4,5,2,2,1,1,2,2,3,3,4,4,3,2,2,3,1,1,2,3,2,2,2,1,2,2,1,1,1,1,2,1,2,3,1,4,3,1,3,3,1,3,1,2,3,2,1,1,1,2
1,192,309,1,2,13,6,7,3,2,3,3,1,3,2,2,1,3,3,3,3,3,3,2,2,3,1,1,5,5,4,3,2,1,1,1,3,2,2,2,2,1,3,4,1,4,4,1,1,1,2,3,1,1,1,2,2,1,6,2
1,192,310,1,1,33,5,4,2,1,2,2,2,2,3,1,2,2,3,2,4,4,4,1,2,2,2,2,4,3,3,1,1,2,2,3,3,1,1,1,1,3,4,5,1,4,5,2,2,1,3,3,1,1,1,1,2,1,6,2
1,192,311,1,1,23,4,3,2,2,3,3,2,2,1,2,2,1,3,4,4,4,4,1,2,3,3,3,4,5,3,5,2,1,1,1,1,1,1,1,1,1,2,4,2,3,0,0,0,0,0,0,1,1,2,2,1,0,4,2
1,192,312,1,1,45,6,6,2,1,2,5,2,3,2,2,3,3,3,4,4,4,3,1,2,3,2,2,4,3,3,2,1,1,3,2,2,2,1,2,1,2,1,2,2,3,3,2,1,1,1,1,2,2,5,2,2,2,7,2
1,192,313,1,2,7,6,6,2,1,3,3,1,2,1,2,3,3,3,3,3,3,2,1,1,2,2,3,2,3,2,4,1,1,3,3,1,1,1,1,1,2,1,2,1,2,2,2,1,2,2,1,2,2,5,2,1,1,8,2
1,192,314,1,1,43,6,6,2,1,2,5,1,2,2,3,1,3,3,3,3,1,2,1,1,2,1,3,2,3,2,3,1,2,3,2,1,1,1,1,1,2,1,2,1,2,4,2,1,1,1,2,2,1,2,2,1,2,7,2
1,192,315,1,2,8,6,6,2,2,3,4,2,2,2,1,2,2,3,2,4,4,1,1,2,3,1,3,2,5,2,4,2,1,2,2,2,2,1,1,2,2,2,0,1,4,2,3,1,2,1,2,2,2,5,2,2,3,8,2
1,192,316,1,1,48,6,6,3,2,3,3,2,3,3,2,2,2,3,3,4,4,4,2,2,3,1,2,5,3,3,4,1,1,2,3,2,4,3,2,2,2,2,2,2,4,5,2,1,3,1,2,2,2,2,2,1,2,1,2
1,192,317,1,1,34,5,3,3,2,2,2,2,2,2,2,2,2,3,4,4,4,3,1,2,3,2,3,2,3,2,5,1,1,2,2,2,1,1,1,2,3,2,4,1,3,4,1,2,2,2,2,2,2,2,2,1,2,2,2
1,192,318,1,2,3,6,7,2,1,4,5,1,3,3,2,2,2,3,4,4,4,4,2,2,3,1,3,1,3,1,4,1,1,1,1,1,1,1,2,2,1,3,4,1,4,4,2,1,2,1,3,2,2,3,1,1,2,2,2
1,192,319,1,2,4,6,7,3,1,2,2,2,2,2,2,1,2,3,3,4,4,2,1,2,3,1,1,2,3,2,4,1,1,2,2,1,1,1,1,1,3,2,2,1,3,3,3,2,3,1,1,3,1,2,2,2,2,4,2
1,192,320,1,1,46,6,6,2,3,4,5,3,3,3,2,2,3,3,4,4,4,4,2,2,3,1,2,3,2,2,5,1,2,3,3,2,1,1,2,2,1,1,4,2,4,5,2,1,3,3,1,3,1,4,2,2,2,7,2
1,192,321,1,2,4,6,6,3,2,2,4,2,2,1,2,1,2,3,3,4,3,2,2,2,3,1,1,2,3,3,1,1,1,2,3,4,1,3,2,2,3,2,4,2,2,3,2,1,1,1,2,3,1,1,2,2,1,7,2
1,192,322,1,2,4,6,6,3,3,4,4,2,2,1,2,1,3,3,3,4,4,2,2,2,3,1,1,4,3,4,3,1,1,2,3,4,1,2,1,2,1,2,3,2,3,3,2,1,1,1,2,3,1,1,2,2,1,7,2
1,192,323,1,2,3,6,6,2,2,2,5,2,3,2,2,2,2,3,0,4,4,4,1,2,3,1,1,5,3,2,4,1,1,3,3,1,1,1,1,2,2,1,3,1,3,4,2,1,2,1,1,0,1,3,0,0,4,7,2
1,192,324,1,1,30,5,4,3,2,2,2,2,1,1,1,2,2,1,1,2,1,2,1,2,3,3,3,2,3,3,5,1,1,2,2,1,2,1,1,1,3,1,0,1,2,2,1,1,1,1,1,1,1,2,2,1,1,7,1
1,192,325,1,3,11,6,6,3,1,1,2,1,1,1,1,1,2,1,2,2,1,1,2,0,2,3,3,2,3,3,3,0,1,2,2,1,1,1,1,1,3,1,2,2,2,2,1,1,1,1,1,1,1,1,2,1,2,7,1
1,192,326,1,2,8,5,4,3,1,1,2,1,1,1,1,2,2,2,2,1,1,1,1,2,2,2,3,4,5,2,5,2,1,1,1,1,4,2,2,2,1,1,4,2,3,3,1,1,1,1,1,1,2,1,2,2,2,6,1
1,192,327,1,2,8,5,3,2,2,2,2,2,3,2,2,2,3,3,3,2,2,1,1,2,3,1,3,4,5,2,4,1,2,3,3,1,1,1,1,1,2,1,2,1,2,2,2,1,1,1,1,1,1,1,1,2,1,7,1
1,192,328,1,1,40,6,6,2,1,1,2,1,2,2,1,2,2,2,4,4,4,3,2,2,1,2,3,4,5,2,5,1,1,2,3,1,1,1,1,1,2,1,2,2,2,2,2,1,1,1,1,1,1,1,2,1,1,6,1
1,192,329,1,1,28,5,4,1,1,1,2,2,2,1,1,2,2,2,2,4,4,3,1,2,2,2,2,5,5,2,5,0,1,1,2,1,1,2,1,1,2,1,2,2,2,3,2,1,1,1,1,1,2,5,2,1,1,5,1
1,192,330,1,1,19,4,3,2,1,2,2,2,1,1,1,2,2,2,2,3,3,2,2,2,2,3,3,2,3,2,3,2,1,2,2,2,1,1,1,1,2,2,2,2,2,3,2,1,1,1,1,1,1,2,2,1,2,3,1
1,192,331,1,1,26,5,3,2,2,2,2,1,2,2,1,2,2,2,0,3,2,3,1,2,3,3,2,2,3,2,4,1,1,3,2,1,2,1,1,1,2,1,2,2,3,3,2,1,1,1,1,1,1,1,2,1,1,6,1
1,192,332,1,1,19,4,2,2,2,3,4,2,3,2,2,2,3,3,4,4,4,2,1,2,3,2,2,4,5,4,5,2,3,1,1,2,1,1,1,1,3,2,4,3,3,3,2,1,1,1,1,1,1,1,1,1,1,4,1
1,192,333,1,1,30,5,4,1,2,2,3,1,2,2,2,2,3,3,3,4,4,2,1,1,3,2,3,2,3,3,5,1,1,2,2,1,1,1,1,0,3,2,0,2,0,3,2,1,1,1,1,1,1,2,1,1,2,7,1
1,192,334,1,1,27,5,4,1,2,2,5,2,1,1,1,2,2,2,3,4,4,3,1,1,2,2,2,4,5,1,5,2,1,2,2,2,1,1,1,1,3,1,2,1,2,4,2,1,1,1,1,1,2,5,1,1,2,4,1
1,192,335,1,2,7,5,3,2,3,3,3,2,2,1,2,1,3,3,4,4,3,1,2,2,3,1,2,5,3,3,4,1,3,2,2,2,2,1,1,1,2,1,1,2,2,2,3,1,1,1,1,1,2,1,2,1,2,6,1
1,192,336,1,1,30,5,4,2,2,2,3,2,2,2,1,2,2,3,3,3,2,2,2,1,3,1,3,5,3,2,3,1,1,3,2,1,2,1,1,1,2,1,1,1,3,2,3,1,1,1,1,1,1,2,2,1,1,7,1
1,192,337,1,1,36,6,6,2,2,3,3,2,2,2,2,2,2,3,4,4,4,3,1,1,3,1,2,5,5,2,5,2,1,2,1,1,1,1,1,2,2,2,2,1,3,2,3,1,1,1,1,1,1,1,2,1,1,6,1
1,192,338,1,1,27,5,4,1,1,1,2,2,2,2,3,2,2,3,4,4,3,1,1,2,2,3,3,3,5,2,5,2,1,1,1,2,1,1,1,1,2,1,2,2,3,2,3,1,1,1,1,1,1,3,2,1,1,6,1
1,192,339,1,2,8,5,4,1,2,2,2,2,1,1,1,2,3,2,0,4,4,4,2,2,3,2,2,2,5,0,5,1,3,2,3,1,1,1,1,1,2,1,2,2,2,2,0,1,1,1,1,1,2,5,1,2,3,6,1
1,192,340,1,1,30,5,4,1,2,3,4,2,2,2,3,2,2,3,2,3,2,1,1,2,3,2,2,2,1,2,2,2,1,2,2,2,2,1,1,2,2,2,3,1,4,4,1,2,1,1,1,1,1,1,1,1,1,2,1
1,192,341,1,2,5,4,3,2,1,2,3,1,1,1,1,2,2,2,2,3,3,3,1,2,1,3,2,4,5,2,5,2,1,2,2,1,1,1,1,2,2,4,4,1,4,3,2,2,1,1,1,1,1,1,2,2,1,1,1
1,192,342,1,2,9,5,4,2,1,2,2,2,1,1,1,1,2,2,2,3,3,1,1,1,1,2,3,4,3,2,3,2,1,2,2,1,1,1,1,1,2,1,2,2,2,2,2,1,2,1,1,1,1,2,2,1,1,7,1
1,192,343,1,1,36,5,3,2,2,1,4,2,2,2,2,2,2,3,2,3,1,1,1,1,2,2,1,3,5,3,5,2,1,1,1,1,1,1,1,2,3,1,3,0,2,3,2,1,3,1,1,1,2,0,2,1,2,5,1
1,192,344,1,1,27,5,4,2,2,2,2,2,2,2,3,2,2,2,2,3,3,2,1,2,3,2,3,4,3,3,4,2,1,1,2,1,1,1,1,1,2,1,2,2,2,2,0,1,0,1,1,1,1,2,2,1,1,7,1
1,192,345,1,1,29,5,4,3,1,3,5,2,3,3,2,1,1,3,4,4,3,1,2,2,2,3,2,3,5,4,5,2,1,1,1,1,1,1,1,1,3,2,2,2,3,3,2,1,1,2,1,1,1,1,1,2,1,3,1
1,192,346,1,1,30,5,1,2,2,2,4,2,2,1,1,2,2,2,3,2,2,2,1,2,3,1,2,2,5,2,5,2,1,2,1,2,2,2,2,2,1,2,3,2,3,3,3,1,1,2,1,1,1,2,2,1,2,6,1
1,192,347,1,2,10,5,5,2,2,2,4,2,2,2,2,2,2,3,3,4,4,3,1,2,2,2,0,3,5,2,5,2,1,2,1,3,1,2,1,2,3,1,2,2,2,3,2,2,1,2,1,1,2,5,2,1,2,5,1
1,192,348,1,1,35,5,2,2,2,2,3,2,2,1,1,2,2,2,2,2,1,3,1,2,2,2,3,2,3,2,5,1,1,2,2,1,1,1,1,1,2,2,4,1,2,3,3,3,1,2,1,1,1,1,1,1,1,1,1
1,192,349,1,1,26,5,4,3,1,1,3,1,2,1,1,2,2,2,4,3,3,3,1,2,3,1,3,3,2,2,2,2,1,2,1,0,0,0,1,0,2,0,0,1,4,3,2,1,2,2,1,1,2,5,2,2,3,7,1
1,192,350,1,1,26,5,3,2,2,3,4,2,2,2,1,2,2,2,1,4,4,3,1,2,3,2,2,3,5,3,5,2,1,2,1,4,1,1,1,2,1,3,4,1,3,4,0,1,2,2,1,1,1,1,2,1,1,5,1
1,192,351,1,2,12,6,4,3,1,1,2,1,2,1,1,2,2,2,1,2,2,2,1,1,2,3,2,2,5,2,4,2,1,2,1,1,1,1,1,1,2,1,0,2,0,1,0,1,0,0,1,1,2,1,2,2,1,7,1
1,192,352,1,3,8,6,7,3,1,2,2,1,1,1,1,2,2,2,1,3,3,3,2,2,3,3,2,0,3,4,3,2,1,1,1,0,0,0,0,0,0,1,2,1,3,2,1,1,1,1,2,1,2,1,2,2,1,6,1
1,192,353,1,3,7,6,7,3,1,1,2,1,2,2,1,3,2,2,2,2,2,1,2,2,3,1,2,4,5,3,5,2,1,2,2,1,3,3,2,2,1,2,2,2,3,3,1,1,1,1,2,1,2,1,1,2,2,6,1
1,192,354,1,2,8,6,6,2,1,1,2,2,2,1,1,2,2,2,2,3,3,3,1,2,3,1,3,5,3,3,4,1,1,2,2,1,2,1,1,1,2,1,2,2,3,3,2,1,1,1,2,1,1,1,2,1,1,6,1
1,192,355,1,1,40,6,6,2,2,2,5,1,2,3,3,1,3,2,4,3,3,2,1,2,3,1,2,5,3,3,5,2,1,2,2,1,1,1,2,1,1,1,2,1,3,4,2,1,1,1,2,1,1,5,1,2,2,6,1
1,192,356,1,1,40,6,1,2,1,1,1,1,1,1,1,2,2,2,1,3,3,2,1,2,3,2,3,2,3,1,4,2,1,2,1,1,2,1,1,1,2,1,2,2,2,2,3,1,1,1,2,1,2,5,1,1,2,6,1
1,192,357,1,1,35,5,2,3,2,3,2,2,2,1,2,2,2,3,4,4,4,2,1,2,2,2,2,4,5,2,5,1,1,2,2,2,1,1,1,1,2,1,3,1,3,4,3,1,1,1,2,1,1,1,2,2,1,4,1
1,192,358,1,1,24,5,3,3,1,2,3,1,2,2,3,2,3,2,3,4,4,2,2,2,3,2,3,2,3,3,5,2,1,1,2,2,2,1,1,1,2,1,2,1,4,4,3,1,1,1,2,1,1,1,2,1,1,6,1
1,192,359,1,1,30,5,4,3,2,3,2,2,2,2,3,1,3,3,3,4,4,2,1,2,3,2,2,2,3,4,4,2,1,2,2,1,2,1,1,0,1,2,0,0,0,3,2,1,2,1,2,1,1,1,2,2,2,7,1
1,192,360,1,1,29,5,3,2,1,1,2,2,2,3,1,2,2,2,2,2,1,2,1,2,3,2,2,0,0,0,0,2,1,1,1,2,1,3,2,2,2,1,3,1,2,4,2,1,2,1,2,1,1,1,1,1,1,5,1
1,192,361,1,1,19,4,2,2,1,2,3,1,2,1,1,2,3,2,2,4,4,4,2,2,3,2,2,5,5,2,5,2,1,2,1,2,3,2,1,1,2,2,4,1,3,4,2,1,2,1,2,1,1,1,2,1,1,1,1
1,192,362,1,1,30,5,2,2,1,2,4,2,2,2,1,1,2,2,3,3,3,3,2,2,3,2,3,4,3,3,3,1,1,2,2,1,2,2,2,2,1,2,4,1,3,2,2,1,3,1,2,1,1,1,2,1,1,6,1
1,192,363,1,2,8,5,4,3,2,2,4,1,2,1,1,2,2,2,2,4,4,2,2,2,3,1,2,3,5,2,4,2,1,2,2,2,2,2,2,2,2,2,3,1,3,2,3,1,3,1,2,1,1,1,1,1,1,2,1
1,192,364,1,1,27,5,4,1,1,2,0,1,2,2,1,2,3,3,4,4,3,3,1,1,3,1,2,4,5,3,5,1,1,2,2,1,2,3,2,0,2,1,3,2,3,5,3,1,3,1,2,1,2,3,2,1,2,5,1
1,192,365,1,1,27,5,4,1,1,2,2,2,1,1,1,2,2,2,2,4,3,2,1,2,2,2,3,4,3,2,4,2,1,1,1,2,2,2,1,1,2,2,2,1,3,2,2,2,3,1,2,1,1,2,1,1,2,1,1
1,192,366,1,1,24,5,3,2,2,2,2,2,2,2,3,2,3,3,3,3,2,2,1,2,3,2,2,4,3,3,4,2,1,1,2,2,2,1,1,1,3,2,2,1,3,3,0,1,0,1,2,1,1,3,2,1,2,7,1
1,192,367,1,1,21,4,3,2,1,2,4,1,1,1,1,2,3,1,2,3,3,3,1,2,2,1,3,2,3,4,5,1,1,3,3,2,1,1,1,1,2,2,3,2,2,3,1,1,1,2,2,1,1,1,1,1,1,7,1
1,192,368,1,1,22,4,3,2,1,1,2,1,1,1,1,2,2,1,1,2,1,2,2,2,2,3,3,2,5,2,5,2,1,1,1,1,1,1,1,1,2,2,1,1,3,3,2,1,1,2,2,1,1,1,2,1,1,6,1
1,192,369,1,1,23,4,2,1,1,2,2,2,2,1,3,2,3,2,2,3,3,2,1,1,3,3,2,2,0,2,4,2,1,2,2,1,2,2,1,1,1,2,2,1,3,4,2,1,1,2,2,1,2,5,2,1,1,3,1
1,192,370,1,2,7,3,1,3,2,2,3,2,2,1,1,2,2,2,2,1,1,1,1,2,3,2,2,2,3,2,3,2,1,2,1,1,1,1,1,1,2,2,2,1,0,4,2,1,1,2,2,1,2,5,2,1,1,7,1
1,192,371,1,1,25,5,4,2,2,2,3,2,2,1,1,2,2,2,0,3,3,3,1,1,3,2,2,2,5,0,4,1,1,2,2,2,1,1,1,1,2,2,2,2,4,2,3,1,1,2,2,1,1,3,2,1,2,5,1
1,192,372,1,2,6,5,2,3,1,2,3,1,2,1,1,2,2,2,2,3,3,3,1,2,3,3,3,4,3,3,4,1,1,2,2,2,2,2,1,1,2,2,2,1,3,3,2,2,1,2,2,1,2,1,2,1,2,3,1
1,192,373,1,1,25,5,4,1,2,4,5,2,3,2,3,2,3,3,4,4,4,2,1,2,3,1,1,3,5,1,4,2,1,2,2,1,1,1,1,2,2,3,5,1,3,3,3,2,1,2,2,1,1,1,2,2,1,5,1
1,192,374,1,1,25,5,4,1,2,3,5,2,3,2,3,2,3,3,4,4,4,2,1,2,3,1,1,3,5,0,0,2,1,2,1,1,1,1,1,2,2,3,5,1,3,3,3,3,1,2,2,1,1,1,1,1,2,5,1
1,192,375,1,2,1,2,1,1,1,2,2,1,2,1,1,2,2,2,2,3,3,3,1,2,3,2,2,2,3,2,5,2,1,2,1,1,1,1,1,1,2,2,3,1,2,3,3,2,2,2,2,1,2,5,2,2,1,5,1
1,192,376,1,1,19,4,3,1,1,2,2,1,2,1,1,2,2,2,2,2,2,1,1,2,2,2,2,2,5,4,1,2,1,2,2,2,2,3,1,2,1,3,4,1,3,2,0,1,3,2,2,1,1,1,1,1,1,6,1
1,192,377,1,2,8,6,6,2,1,2,4,2,2,2,1,2,2,3,4,3,3,3,1,2,3,1,3,1,3,2,3,2,1,1,1,1,1,1,1,1,2,1,2,2,2,3,1,1,1,1,3,1,1,1,1,1,1,6,1
1,192,378,1,2,7,5,4,2,1,2,2,1,2,1,1,2,2,3,3,3,2,2,1,2,3,2,2,4,5,2,5,2,1,2,2,1,1,2,1,1,2,1,2,1,2,1,3,1,1,1,3,1,2,5,2,1,1,6,1
1,192,379,1,2,8,6,6,3,1,1,3,1,2,1,1,2,2,2,1,2,1,2,2,2,3,2,3,4,3,4,4,2,1,1,2,2,2,1,1,1,1,1,0,1,0,1,3,1,1,1,3,1,1,1,2,1,1,6,1
1,192,380,1,1,29,5,4,3,1,2,3,2,2,1,1,2,2,2,0,3,3,3,1,2,3,2,3,4,5,2,5,2,1,1,1,1,1,1,1,1,2,2,2,1,4,3,2,3,1,1,3,1,2,5,1,1,2,6,1
1,192,381,1,1,27,5,4,2,2,1,4,2,2,2,3,2,2,2,2,2,1,2,1,2,3,1,2,4,5,4,5,2,1,2,1,2,2,2,1,2,1,2,0,2,0,4,2,1,2,1,3,1,2,5,1,1,2,7,1
1,192,382,1,1,27,5,4,2,2,2,2,1,2,1,1,2,2,2,0,2,1,3,1,2,3,2,2,2,3,2,5,2,1,2,1,2,2,1,1,2,2,1,2,1,3,5,3,1,2,1,3,1,1,1,1,1,1,5,1
1,192,383,1,2,8,6,6,3,3,1,5,3,3,1,1,1,2,2,1,4,2,2,1,2,3,3,3,3,3,4,4,2,1,1,1,1,1,1,1,1,3,1,2,1,2,2,2,1,3,1,3,1,1,1,2,1,1,6,1
1,192,384,1,1,23,4,2,1,2,2,4,1,2,3,2,2,3,3,4,4,4,4,1,2,3,2,3,5,3,1,5,2,1,2,1,1,1,2,1,1,1,2,4,1,3,4,2,1,3,1,3,1,1,1,2,1,2,6,1
1,192,385,1,1,20,4,3,2,2,1,1,1,2,1,1,2,2,1,2,3,3,2,2,1,3,3,2,2,3,4,4,2,1,1,1,1,2,1,1,1,2,1,2,2,3,2,3,1,3,1,3,1,2,3,2,1,2,5,1
1,192,386,1,1,30,5,4,3,2,1,1,2,2,2,2,2,2,3,2,1,1,1,2,2,3,2,2,2,3,3,5,2,1,1,1,1,2,1,2,2,2,1,2,1,3,3,1,1,1,2,3,1,1,1,2,2,1,6,1
1,192,387,1,1,24,5,3,3,1,1,3,1,2,2,1,1,2,2,1,3,2,1,2,1,2,2,3,1,3,4,5,2,1,2,2,1,2,1,1,1,2,1,2,1,3,3,2,1,1,2,3,1,2,3,2,1,4,6,1
1,192,388,1,2,8,5,4,3,2,0,2,1,2,1,1,2,2,2,2,1,1,1,1,2,3,3,3,2,5,3,5,2,1,1,1,1,1,1,1,1,2,1,2,2,2,2,3,1,3,2,3,1,2,5,2,2,2,1,1
1,192,389,1,2,6,6,6,2,1,2,2,1,2,1,3,1,2,2,3,2,2,1,2,2,3,1,2,2,3,3,3,2,1,1,1,4,1,3,2,2,1,2,4,1,4,2,2,1,2,3,3,1,2,4,2,2,1,6,1
1,192,390,1,2,8,6,4,3,1,2,3,1,2,1,3,2,3,3,1,1,1,2,1,2,3,3,2,4,3,2,5,2,1,3,3,1,2,1,2,2,2,2,3,1,4,3,2,2,2,3,3,1,2,5,2,1,2,4,1
1,192,391,1,2,8,6,6,2,3,3,4,3,3,3,2,2,2,3,4,4,4,4,2,2,3,1,1,5,3,2,5,2,3,3,2,2,1,2,1,1,2,1,2,1,2,5,2,1,3,2,1,2,1,2,2,1,2,7,1
1,192,392,1,2,11,6,4,3,1,2,3,1,2,1,1,2,2,2,2,3,3,1,2,2,2,2,2,2,3,2,4,1,1,1,2,0,0,1,0,0,2,2,0,1,0,3,2,1,1,1,2,2,1,1,2,1,1,7,1
1,192,393,1,1,22,4,4,3,2,2,3,2,2,2,3,2,2,3,3,3,3,1,1,2,3,2,3,2,1,4,0,2,1,1,1,1,1,1,1,1,2,1,0,2,3,4,2,1,1,1,2,2,2,5,2,1,2,6,1
1,192,394,1,1,26,5,4,3,1,1,2,1,2,2,1,2,2,1,2,2,1,3,1,2,2,2,3,2,3,2,4,2,1,2,1,2,1,1,1,0,1,2,1,2,2,5,3,1,1,1,2,2,1,1,2,1,1,7,1
1,192,395,1,1,27,5,4,3,2,1,2,1,1,2,1,2,2,2,2,3,3,1,2,1,2,2,3,2,3,2,3,2,1,2,2,0,1,1,1,1,2,1,2,2,0,2,1,1,2,1,2,2,1,1,2,1,1,7,1
1,192,396,1,1,28,5,3,2,1,2,4,2,2,2,1,2,2,2,2,3,2,3,1,2,3,2,2,2,3,4,1,1,1,2,2,2,2,2,1,2,1,1,2,1,3,4,2,1,1,2,2,2,2,5,1,1,2,7,1
1,192,397,1,2,7,5,3,2,2,2,3,2,2,2,1,2,2,2,1,2,2,1,2,2,3,2,3,2,3,4,3,1,1,1,2,1,1,1,1,1,2,2,2,2,2,2,2,2,2,2,2,2,1,1,1,1,1,7,1
1,192,398,1,2,8,5,4,3,1,1,1,1,2,1,1,2,2,1,2,2,1,1,2,2,3,2,3,2,3,2,2,2,1,1,1,1,1,1,1,1,2,1,2,2,2,1,1,1,2,2,3,2,2,5,2,1,2,7,1
1,192,399,1,3,3,6,6,2,1,2,3,1,1,1,1,1,2,0,2,2,2,2,1,2,3,2,3,2,1,2,3,1,1,2,2,1,1,1,1,1,2,1,2,2,2,1,1,1,1,1,1,1,2,5,2,0,2,7,2
1,192,400,1,2,12,6,6,3,1,1,2,1,2,1,3,2,2,0,2,1,1,1,1,2,2,3,3,1,3,2,4,1,1,1,2,1,1,1,1,1,2,1,2,2,2,2,1,1,1,1,1,1,1,1,2,1,1,7,2
1,192,401,1,3,4,6,5,3,2,1,4,1,1,1,1,2,2,1,1,3,3,1,1,1,3,3,3,1,3,2,3,2,1,2,2,0,0,0,0,0,0,0,0,0,0,0,0,0,0,0,0,0,0,0,0,0,0,11,2
1,192,402,1,1,45,6,6,2,2,1,3,2,1,1,1,2,2,2,1,1,1,1,2,2,3,1,3,2,1,2,1,1,1,2,2,2,1,1,1,1,1,1,2,2,4,4,2,3,1,1,2,1,0,0,0,0,0,11,2
1,192,403,1,2,8,6,7,2,1,1,2,1,1,1,1,2,2,1,2,1,1,2,2,2,3,2,3,2,3,2,5,1,1,2,2,1,1,1,1,1,2,1,2,2,3,3,1,2,2,1,2,1,0,0,0,0,0,11,2
1,192,404,1,1,23,4,3,2,1,1,4,1,2,2,1,2,3,2,2,3,3,1,1,2,2,2,1,2,1,2,4,2,1,2,2,1,2,2,1,1,3,1,2,2,4,4,2,3,1,1,3,1,0,0,0,0,0,11,2
1,192,405,1,2,3,6,6,3,2,2,3,1,2,1,1,1,3,2,0,2,2,2,2,2,3,2,2,2,0,2,1,0,1,2,2,2,1,2,1,1,2,1,2,1,3,4,1,1,1,1,2,1,2,0,0,0,0,11,2
1,192,406,1,1,40,6,6,3,1,2,2,1,2,1,1,2,2,2,2,3,3,1,1,2,3,3,3,2,3,3,3,1,1,1,2,1,1,1,1,1,2,2,2,2,2,2,1,1,2,1,2,1,2,0,0,0,0,11,2
1,192,407,1,2,8,6,6,2,1,3,3,1,3,1,2,2,2,3,4,4,4,1,2,2,3,2,1,1,3,3,5,0,1,3,2,1,1,1,1,1,1,1,2,2,4,3,3,3,3,3,3,1,2,0,0,0,0,11,2
1,192,408,1,1,27,5,3,2,1,4,3,1,2,2,1,2,2,3,3,4,4,1,1,2,2,1,3,4,3,4,3,2,1,1,1,1,1,1,1,1,3,1,3,2,4,5,2,3,1,1,1,2,2,0,0,0,0,11,2
1,192,409,1,1,46,6,6,2,1,2,3,1,2,2,1,2,2,1,3,4,2,2,1,2,3,1,2,5,3,2,4,0,1,2,2,2,2,1,1,2,1,1,2,1,3,4,2,2,3,2,0,1,2,5,0,0,0,11,2
1,192,410,1,2,4,6,6,2,2,2,2,2,2,1,1,2,2,2,2,4,4,2,1,2,2,2,2,2,3,2,3,2,1,2,2,1,2,1,1,1,2,1,2,2,2,3,1,3,3,1,1,1,2,5,0,0,0,11,2
1,192,411,1,1,24,4,3,2,2,2,2,2,2,1,2,2,2,0,3,3,3,2,2,2,2,2,2,5,3,3,2,0,1,2,2,2,1,1,1,2,1,1,2,1,2,4,2,3,2,1,2,1,2,5,0,0,0,11,2
1,192,412,1,1,24,4,3,1,2,2,4,2,3,2,3,2,2,1,3,2,2,3,1,2,3,2,1,2,1,2,3,2,1,2,1,1,3,2,2,2,2,2,2,2,4,5,2,3,3,2,3,1,2,5,0,0,0,11,2
1,192,413,1,1,37,6,6,3,2,4,5,2,2,3,2,2,2,3,4,4,4,2,2,2,3,1,3,3,2,4,5,1,1,2,3,1,5,3,2,2,2,1,2,2,4,5,2,3,1,1,2,2,2,5,0,0,0,11,2
1,192,414,1,2,3,6,6,2,1,1,3,2,2,1,3,1,2,1,2,4,2,3,1,2,2,2,3,2,3,2,5,2,1,2,2,1,1,1,1,1,2,1,2,1,3,4,2,3,2,1,1,1,1,3,2,1,0,11,2
1,192,415,1,1,30,5,6,2,2,2,2,1,1,1,1,1,2,2,2,2,2,2,2,2,3,2,3,2,3,4,2,2,1,2,2,2,2,1,2,2,1,2,2,1,4,3,1,2,2,1,2,1,1,1,0,0,1,11,2
1,192,416,1,1,29,5,4,1,2,3,5,2,2,1,1,2,3,2,4,4,4,4,1,2,2,3,1,2,3,2,2,1,1,2,2,2,2,2,2,2,1,3,5,2,5,3,2,3,2,1,2,1,1,1,0,0,1,11,2
1,192,417,1,0,0,0,0,0,0,2,3,1,1,1,1,2,2,1,2,3,2,4,2,2,2,2,0,5,3,3,2,0,1,2,2,2,2,1,1,1,2,1,2,1,3,2,3,2,1,2,2,1,2,4,0,0,1,11,2
1,192,418,1,1,47,6,6,2,1,4,5,1,2,3,2,2,2,3,4,4,4,4,1,2,3,2,3,5,3,2,3,1,1,2,3,3,2,3,2,2,2,2,2,2,3,4,2,3,3,3,2,1,2,5,0,0,1,11,2
1,192,419,1,1,20,3,3,2,1,3,5,2,2,2,2,2,3,3,4,4,4,1,2,2,3,3,1,2,2,3,1,1,2,3,3,2,2,3,0,2,1,1,4,1,4,3,3,3,1,1,3,2,2,0,1,1,1,11,2
1,192,420,1,2,11,6,7,2,2,4,4,1,2,1,1,1,2,3,2,3,3,3,2,2,1,3,3,2,3,4,5,2,2,3,2,1,1,1,1,1,2,1,1,1,3,2,2,1,2,2,3,1,1,1,1,1,1,11,2
1,192,421,1,1,40,6,6,2,2,2,3,1,3,2,3,2,2,1,2,2,2,2,1,2,2,1,2,1,1,1,1,2,1,2,1,1,1,1,1,1,2,1,2,2,2,3,1,2,3,2,3,2,2,1,1,1,1,11,2
1,192,422,1,1,27,5,3,3,2,2,3,1,2,1,3,2,2,3,0,4,3,1,1,1,2,2,3,2,3,4,4,2,1,1,2,1,1,1,1,1,2,1,1,2,2,3,3,3,2,1,1,1,2,5,1,1,1,11,2
1,192,423,1,1,30,5,3,2,2,2,4,2,2,2,2,2,2,3,4,4,4,1,1,2,3,2,3,2,1,3,1,1,3,3,3,1,1,1,2,2,2,1,2,2,3,3,2,2,3,1,1,1,2,5,1,1,1,11,2
1,192,424,1,2,8,6,6,3,1,2,2,1,1,1,1,2,2,1,1,2,1,1,2,1,2,3,3,2,3,2,3,1,1,2,2,1,1,1,1,1,2,1,2,2,2,1,1,2,1,1,2,1,2,5,1,1,1,11,2
1,192,425,1,1,22,4,4,2,2,3,4,1,2,1,2,1,1,2,4,4,4,4,1,2,3,1,1,2,5,4,5,2,1,1,2,3,4,3,2,2,1,3,4,1,4,5,2,3,1,1,2,1,1,1,2,1,1,11,2
1,192,426,1,1,39,6,5,2,2,3,5,2,2,3,2,2,2,3,4,4,4,2,1,2,3,2,1,4,3,3,2,2,1,2,2,1,1,1,1,1,2,2,2,2,3,3,2,3,3,3,3,1,1,1,2,1,1,11,2
1,192,427,1,1,33,5,3,3,1,2,3,1,2,3,2,2,2,2,4,4,4,1,1,2,3,2,3,2,3,4,1,1,2,3,3,1,1,1,1,1,3,1,2,1,4,5,2,3,3,3,3,1,2,1,2,1,1,11,2
1,192,428,1,1,25,5,3,2,1,2,2,2,2,1,1,2,2,2,2,2,2,2,1,2,3,3,2,2,3,2,5,2,1,2,2,1,1,1,1,1,3,1,1,2,3,1,2,1,1,1,1,1,2,5,2,1,1,11,2
1,192,429,1,2,0,6,6,2,2,3,5,2,2,2,3,1,2,3,3,4,4,4,1,2,3,2,2,4,2,2,2,1,3,2,3,2,4,3,2,2,1,1,2,1,4,1,1,3,3,3,2,3,2,5,0,2,1,11,2
1,192,430,1,2,9,6,6,3,1,1,5,2,2,1,1,2,2,1,2,3,1,4,1,1,2,2,3,1,1,2,4,1,2,3,3,3,3,1,2,2,2,1,3,2,4,2,1,3,3,1,3,1,2,5,1,2,1,11,2
1,192,431,1,1,42,6,6,2,1,1,4,2,2,2,1,2,2,2,0,1,1,1,1,2,3,1,2,2,3,2,2,2,1,2,2,1,1,1,1,1,2,1,2,1,3,4,1,2,2,1,1,1,2,1,2,2,1,11,2
1,192,432,1,1,26,5,3,3,2,2,3,2,2,1,3,2,3,3,3,3,3,2,1,2,2,3,3,2,3,2,5,1,2,3,3,1,1,1,1,1,2,1,2,1,2,2,3,1,1,1,1,1,2,2,2,2,1,11,2
1,192,433,1,2,8,6,6,3,1,2,2,2,2,1,1,1,2,1,2,3,3,4,1,2,2,3,2,1,3,2,5,2,1,2,2,1,2,1,1,2,2,1,2,2,3,4,1,3,2,3,1,1,2,2,2,2,1,11,2
1,192,434,1,1,20,4,3,3,1,4,3,1,2,1,1,2,3,2,0,4,4,4,1,2,3,1,2,2,3,2,5,2,1,2,2,1,2,1,1,1,2,2,3,2,3,5,3,3,3,1,1,1,2,5,2,2,1,11,2
1,192,435,1,1,27,5,5,1,2,2,4,1,2,1,2,2,2,3,0,4,3,2,1,0,0,2,3,1,3,2,3,1,1,2,3,1,1,1,1,1,2,1,2,2,3,2,3,2,1,1,3,1,2,5,2,2,1,11,2
1,192,436,1,2,8,5,6,2,1,1,3,1,2,2,1,2,2,1,2,3,2,2,1,2,3,1,3,2,5,0,5,2,1,2,2,1,2,1,1,2,2,1,2,1,3,3,2,3,3,2,3,1,2,0,0,0,2,11,2
1,192,437,1,1,45,6,3,3,1,2,4,1,2,3,2,2,2,2,3,3,4,4,1,2,3,2,2,1,3,4,2,1,1,2,2,1,1,2,2,2,2,1,2,2,3,4,3,1,2,1,2,1,2,5,0,0,2,11,2
1,192,438,1,1,45,6,6,3,1,1,4,1,3,3,3,2,2,1,2,1,1,2,1,2,3,2,3,1,1,4,3,2,1,1,2,1,1,1,1,1,3,1,2,2,2,3,2,3,3,3,1,1,2,1,0,1,2,11,2
1,192,439,1,0,0,0,0,0,0,2,3,2,2,1,1,2,2,0,2,3,2,2,1,1,2,2,2,5,1,2,3,2,1,2,2,1,2,2,2,1,2,1,2,1,4,2,2,3,1,1,2,1,2,2,1,1,2,11,2
1,192,440,1,1,36,6,6,2,2,2,4,2,2,2,2,2,2,3,3,4,4,2,1,2,3,2,1,2,3,2,4,1,1,3,3,2,4,3,1,2,1,1,2,2,4,4,2,3,3,3,3,1,2,2,1,1,2,11,2
1,192,441,1,2,7,6,6,2,2,4,4,1,3,2,3,2,3,3,3,1,1,4,2,2,3,1,2,5,3,2,4,0,1,2,2,1,1,2,1,1,2,1,2,1,4,3,2,2,3,1,0,1,2,5,1,1,2,11,2
1,192,442,1,1,46,6,6,2,2,2,4,2,2,1,2,2,2,3,0,2,2,3,1,2,3,2,3,2,3,2,3,0,0,2,3,1,1,1,1,1,2,1,2,2,2,3,2,2,2,1,2,2,2,0,2,1,2,11,2
1,192,443,1,1,44,6,6,2,1,3,5,1,2,2,1,1,2,2,1,4,3,4,1,2,3,1,1,2,1,2,1,2,1,1,1,1,1,2,1,1,2,1,2,2,3,4,2,3,3,1,2,1,1,1,2,1,2,11,2
1,192,444,1,1,44,6,6,2,1,2,2,1,2,2,1,2,2,2,2,2,1,2,2,2,3,2,3,2,1,2,1,1,1,2,3,2,2,1,1,1,2,1,2,2,3,4,3,3,3,2,2,1,1,1,2,1,2,11,2
1,192,445,1,3,8,6,5,3,1,2,3,2,1,1,1,2,2,3,2,4,3,1,1,2,3,3,2,2,5,4,5,2,1,1,2,1,1,0,1,2,2,1,2,2,3,2,1,1,2,1,1,1,2,2,2,1,2,11,2
1,192,446,1,2,9,6,6,2,1,2,4,1,2,2,1,2,2,0,2,1,1,3,1,2,0,0,3,2,2,2,4,0,0,3,3,1,1,1,1,1,3,1,2,2,2,4,3,3,3,2,1,1,2,2,2,1,2,11,2
1,192,447,1,2,18,5,6,3,1,3,3,2,2,2,1,3,2,2,2,2,1,2,1,1,2,2,3,2,3,4,0,1,3,2,2,2,2,1,1,1,3,1,2,1,0,3,3,2,2,1,2,1,2,5,2,1,2,11,2
1,192,448,1,1,41,6,6,2,2,3,4,2,2,3,2,1,2,2,3,3,2,2,1,2,3,2,3,4,2,2,1,2,2,3,3,2,2,2,1,1,2,1,2,2,3,3,1,2,3,1,2,1,2,5,2,1,2,11,2
1,192,449,1,1,60,6,6,3,2,2,5,2,2,3,3,2,2,0,0,0,0,0,1,2,0,3,0,4,3,4,4,0,0,2,2,2,2,1,1,0,3,2,3,2,2,3,3,3,3,1,1,1,1,2,0,2,2,11,2
1,192,450,1,1,39,6,6,3,2,2,4,3,2,3,3,2,2,3,3,4,2,2,1,1,2,2,2,4,1,2,3,2,1,1,1,2,2,2,2,2,2,1,2,2,4,3,2,2,2,2,2,1,2,5,0,2,2,11,2
1,192,451,1,2,3,6,6,3,2,2,1,1,2,2,1,1,2,1,1,3,3,3,1,2,3,3,0,5,4,2,5,1,1,2,3,1,1,2,1,2,2,1,1,1,3,4,2,3,3,1,1,1,2,5,1,2,2,11,2
1,192,452,1,1,17,3,3,2,2,2,4,2,2,1,1,2,3,3,2,3,4,4,1,2,3,1,2,2,3,2,4,2,3,3,2,2,1,1,1,1,2,1,2,2,2,4,0,3,2,2,1,1,2,2,2,2,2,11,2
1,192,453,1,2,8,6,6,2,1,2,2,2,2,1,1,1,2,1,2,2,2,3,2,1,2,2,3,1,3,2,3,2,1,1,2,1,1,1,2,1,2,1,2,2,3,2,1,2,1,3,3,1,2,2,2,2,2,11,2
1,192,454,1,1,26,5,3,1,1,2,3,1,2,2,1,2,2,2,2,4,4,4,1,2,3,2,2,4,3,2,3,2,1,2,3,2,2,1,1,2,1,1,3,2,3,3,2,3,3,3,2,1,1,3,2,2,2,11,2
1,192,455,1,1,37,6,5,2,1,2,2,1,2,2,2,2,2,3,2,4,4,3,1,1,2,3,3,4,3,4,3,2,1,2,3,2,1,1,1,1,2,1,2,2,2,2,2,3,1,1,1,1,2,5,2,2,2,11,2
1,192,456,1,2,8,6,6,3,2,2,4,2,2,2,1,2,2,0,0,1,1,2,2,2,2,2,3,1,1,2,3,2,1,2,2,1,1,1,1,1,2,1,2,2,2,3,2,2,3,2,2,1,2,5,2,2,2,11,2
1,192,457,1,3,11,5,6,3,2,2,3,2,2,1,1,1,2,3,1,4,4,3,2,2,3,1,1,2,3,4,1,2,1,1,2,1,1,0,0,2,2,1,1,1,4,3,1,2,1,2,1,1,2,5,0,0,3,11,2
1,192,458,1,1,45,6,6,3,1,1,3,1,2,2,1,2,2,0,2,1,1,2,1,2,3,2,3,5,3,2,5,2,1,1,2,1,1,1,1,1,3,1,1,2,2,3,3,1,3,2,3,1,2,5,0,0,3,11,2
1,192,459,1,2,7,6,6,3,1,2,4,2,2,1,1,1,2,1,2,4,4,4,2,2,2,3,2,1,1,2,2,1,1,1,2,1,1,1,1,1,3,1,2,1,3,3,1,2,2,2,3,2,2,5,0,0,3,11,2
1,192,460,1,2,8,6,6,3,2,2,2,2,1,1,1,2,2,2,2,3,1,3,1,2,3,2,3,1,2,3,3,2,1,2,2,1,1,1,1,1,3,1,2,2,2,1,2,1,1,1,1,1,2,3,1,0,3,11,2
1,192,461,1,1,21,4,3,3,1,2,3,1,2,1,1,2,2,2,1,4,4,3,1,2,3,2,1,1,3,2,5,2,1,2,1,1,1,1,1,1,2,1,2,2,2,2,1,2,1,1,2,1,1,3,1,1,3,11,2
1,192,462,1,1,21,4,3,3,2,2,5,2,2,2,2,2,3,3,3,4,4,4,1,2,3,1,3,5,1,4,1,1,1,2,0,1,1,1,1,2,2,1,2,1,2,5,2,3,3,3,3,1,2,4,0,0,4,11,2
1,192,463,1,1,22,4,2,3,2,2,2,1,2,1,1,2,2,2,3,3,3,2,1,2,3,2,3,2,2,3,3,2,1,2,2,1,1,1,1,1,3,1,2,2,2,3,2,2,2,1,2,2,0,5,0,0,0,12,2
1,192,464,1,1,29,5,2,3,2,2,5,2,2,2,1,2,2,2,2,3,1,4,2,2,3,2,3,5,1,2,3,2,1,2,2,1,1,1,1,1,2,1,2,2,3,3,3,2,1,1,3,1,2,5,0,0,0,12,2
1,192,465,1,1,31,5,3,3,1,0,2,2,3,3,1,2,2,0,4,4,4,2,1,2,0,1,2,5,3,3,1,2,1,2,1,1,1,1,2,2,1,1,4,1,4,3,2,3,2,1,3,1,2,4,0,2,0,12,2
1,192,466,1,2,1,6,7,2,2,2,4,2,2,2,2,1,3,3,3,3,3,3,1,2,3,2,0,2,3,2,2,0,1,2,2,1,1,1,1,1,2,1,2,2,2,4,3,3,2,1,2,1,1,1,0,0,1,12,2
1,192,467,1,1,26,5,2,2,1,2,2,2,2,1,1,2,2,3,3,4,4,4,1,2,3,2,2,1,3,2,4,1,1,1,2,1,2,2,2,1,3,1,2,2,3,5,3,2,1,1,2,1,1,1,1,0,1,12,2
1,192,468,1,2,5,5,6,2,2,2,3,2,2,2,1,2,2,2,2,1,2,1,1,1,3,1,3,1,5,2,0,0,1,1,2,1,2,1,1,1,2,1,2,2,4,5,1,2,1,1,3,1,2,0,0,1,1,12,2
1,192,469,1,2,24,6,3,3,1,2,0,2,2,2,1,2,2,2,2,4,3,0,1,2,3,0,3,1,3,4,3,2,1,2,1,1,1,1,1,1,2,1,1,2,2,3,3,2,1,1,1,1,2,1,0,1,1,12,2
1,192,470,1,1,42,6,6,2,2,2,4,2,2,2,3,2,2,1,2,3,3,2,1,2,3,2,3,2,1,2,3,2,1,1,2,1,1,1,1,1,2,1,2,2,3,4,2,2,1,1,1,1,1,1,1,1,1,12,2
1,192,471,1,2,9,6,7,3,1,2,2,1,2,1,1,1,2,1,2,2,2,1,1,1,2,3,3,2,3,0,3,1,1,2,2,1,1,1,1,1,3,1,2,2,2,3,2,1,1,1,1,1,2,1,1,1,1,12,2
1,192,472,1,1,20,4,3,2,1,2,2,2,2,1,1,2,2,2,1,4,3,3,2,1,2,2,3,2,3,2,4,2,1,1,1,1,1,1,1,1,2,1,2,2,2,2,3,2,1,1,2,1,2,1,1,1,1,12,2
1,192,473,1,1,34,5,2,1,2,2,3,2,2,2,1,2,2,2,1,3,3,3,2,2,3,2,2,2,3,2,3,2,1,2,2,1,1,2,1,1,3,1,2,1,3,3,3,2,1,1,3,1,2,1,1,1,1,12,2
1,192,474,1,1,27,5,3,2,1,2,2,1,2,1,3,2,2,2,2,2,2,2,1,2,2,1,2,5,3,2,5,2,1,2,2,1,2,1,1,1,2,1,2,1,3,2,2,1,1,1,3,1,2,5,1,1,1,12,2
1,192,475,1,1,18,3,3,1,1,3,3,1,2,1,1,2,2,3,0,4,4,3,1,2,3,2,3,2,3,1,5,2,1,1,1,1,1,1,1,1,2,1,2,2,2,4,3,2,1,1,3,1,2,5,1,1,1,12,2
1,192,476,1,1,38,6,2,3,1,2,4,1,3,2,2,2,2,3,3,3,3,3,2,2,2,2,3,4,1,4,1,1,2,3,3,1,1,1,1,2,2,1,3,2,4,5,2,3,1,1,1,2,2,5,1,1,1,12,2
1,192,477,1,1,21,4,3,1,1,2,4,2,0,0,1,3,2,0,0,4,4,3,1,2,0,0,0,0,3,1,0,0,1,2,0,1,1,1,1,1,0,1,2,0,3,0,2,3,1,1,1,1,1,1,2,1,1,12,2
1,192,478,1,1,21,4,2,2,1,1,2,1,2,1,1,2,2,2,2,3,2,1,2,2,3,1,2,2,0,2,4,2,1,2,2,2,2,1,1,1,2,1,2,1,3,3,2,2,1,1,2,1,1,1,2,1,1,12,2
1,192,479,1,1,42,6,6,3,1,2,2,1,1,1,2,3,3,1,3,4,4,2,2,1,2,3,3,1,3,2,2,1,1,2,3,1,1,1,1,1,3,1,2,2,3,3,0,2,1,1,1,1,2,1,2,1,1,12,2
1,192,480,1,2,1,5,3,2,1,1,2,1,2,1,1,2,2,1,2,3,3,3,2,2,2,2,2,2,3,2,4,2,1,2,2,1,1,1,1,1,2,1,2,2,3,2,1,3,1,1,2,1,2,5,2,1,1,12,2
1,192,481,1,2,2,3,3,3,2,2,2,1,2,1,1,2,2,2,1,3,3,4,2,2,2,2,2,2,1,2,3,2,1,2,1,1,3,1,2,2,2,1,1,2,4,3,1,2,1,2,3,2,2,5,2,1,1,12,2
1,192,482,1,3,4,6,6,3,1,2,3,1,2,1,1,1,2,3,1,4,4,4,2,2,3,3,1,0,1,4,1,2,1,1,1,1,1,1,1,2,2,1,1,0,4,2,2,3,1,1,1,1,1,1,1,2,1,12,2
1,192,483,1,1,21,4,3,2,1,2,3,1,2,2,3,2,2,2,3,3,3,4,1,2,3,1,2,1,3,4,1,2,1,1,1,1,1,1,1,1,3,1,2,3,3,3,1,1,1,1,2,2,2,5,1,2,1,12,2
1,192,484,1,1,22,4,3,3,2,2,2,2,2,2,1,1,3,2,2,4,4,2,1,2,2,3,2,0,1,4,3,2,1,1,2,2,1,1,1,1,2,2,2,3,4,5,1,2,1,1,1,1,1,0,2,2,1,12,2
1,192,485,1,1,32,5,3,3,1,1,2,1,2,1,1,1,2,1,1,2,2,1,1,2,3,3,3,2,1,3,3,2,1,2,3,1,1,2,1,1,3,1,3,1,3,3,2,1,1,1,2,1,1,1,2,2,1,12,2
1,192,486,1,1,24,4,4,2,1,1,3,2,2,1,1,1,2,2,2,4,2,4,1,2,3,2,2,1,1,2,3,2,1,1,1,1,2,1,1,1,2,1,2,2,3,2,1,2,1,1,2,1,2,1,2,2,1,12,2
1,192,487,1,1,30,5,4,2,1,1,2,1,2,1,1,2,2,2,2,3,2,2,1,2,2,2,2,2,3,2,2,1,1,2,2,2,2,1,1,1,3,1,2,1,3,2,3,2,1,1,1,2,2,0,0,0,2,12,2
1,192,488,1,1,19,4,3,1,1,2,2,1,2,1,1,2,3,2,2,4,3,1,2,2,3,2,2,2,3,2,4,2,1,2,2,1,1,1,1,1,3,2,2,2,2,2,2,1,1,1,1,1,2,1,1,1,2,12,2
1,192,489,1,2,9,5,6,2,1,2,3,1,2,1,1,3,3,1,2,2,2,4,1,2,3,2,2,1,1,4,4,2,1,1,1,1,1,1,1,1,3,1,2,1,4,2,3,3,1,2,2,1,2,3,1,1,2,12,2
1,192,490,1,1,35,5,3,2,2,2,3,1,2,2,1,2,2,1,2,3,3,1,2,2,2,2,3,2,3,2,3,2,1,1,2,1,1,1,1,1,3,1,2,2,2,4,3,2,1,1,1,1,2,1,2,1,2,12,2
1,192,491,1,1,41,6,6,2,2,3,3,2,2,2,2,3,3,3,3,4,4,2,1,2,3,1,2,1,2,2,3,2,1,2,2,1,1,1,1,1,2,1,2,2,3,4,3,3,1,1,2,2,1,5,2,1,2,12,2
1,192,492,1,1,17,3,3,2,2,2,3,2,2,2,1,2,2,2,3,4,4,3,1,2,3,3,3,2,3,4,3,2,1,1,1,1,1,1,1,1,2,1,1,2,1,3,2,3,1,1,1,1,2,5,2,1,2,12,2
1,192,493,1,2,1,5,3,2,1,1,2,1,2,1,1,3,2,2,2,3,3,4,2,2,3,2,2,1,3,4,2,2,1,2,2,1,1,1,1,1,2,1,2,2,3,3,1,2,1,1,2,1,2,5,2,1,2,12,2
1,192,494,1,1,16,3,3,1,2,3,3,2,2,2,2,2,3,2,3,4,4,2,1,2,2,2,3,5,3,2,5,2,1,1,1,1,1,1,1,1,3,1,2,1,2,3,2,3,1,1,2,1,2,5,2,1,2,12,2
1,192,495,1,1,18,4,3,1,2,2,4,1,2,2,1,1,1,2,3,3,3,2,1,2,2,2,3,2,3,2,2,2,2,1,2,2,2,1,1,2,3,1,4,2,3,4,2,2,1,1,1,2,2,3,1,2,2,12,2
1,192,496,1,3,2,5,3,3,1,2,2,1,2,1,1,2,3,2,1,4,4,2,2,2,3,2,1,2,3,2,3,2,1,2,2,1,1,1,1,1,3,1,2,2,2,1,2,2,1,1,1,1,2,5,1,2,2,12,2
1,192,497,1,1,18,3,3,3,1,2,2,1,1,1,1,2,2,2,0,4,4,3,2,2,2,2,2,2,1,4,3,2,1,2,2,1,1,1,1,1,3,1,1,2,3,2,2,1,1,1,3,1,1,2,2,2,2,12,2
1,192,498,1,1,19,4,3,2,2,2,3,2,2,2,2,2,2,2,3,3,3,2,1,2,3,1,2,5,3,2,2,2,3,2,2,2,2,1,1,1,2,2,0,1,4,3,3,3,1,1,2,1,2,5,2,2,2,12,2
1,192,499,1,1,19,4,3,3,1,2,2,1,2,1,1,2,2,1,1,2,2,3,1,2,2,3,3,2,3,4,1,2,1,1,1,1,1,2,1,1,3,1,3,2,3,3,2,2,1,2,2,1,2,5,2,2,2,12,2
1,192,500,1,1,30,5,3,3,2,2,2,2,2,2,1,2,2,2,0,1,2,1,1,2,3,1,1,5,3,3,3,2,1,1,2,3,1,2,2,2,1,2,2,2,3,3,3,3,1,1,2,1,2,4,0,0,3,12,2
1,192,501,1,2,7,6,6,3,2,2,3,1,1,1,1,2,2,2,3,4,4,4,1,2,3,1,3,2,3,2,4,2,1,2,2,1,1,1,1,1,3,2,3,1,4,3,3,3,1,1,1,1,2,1,2,1,3,12,2
1,192,502,1,1,33,5,3,2,2,2,2,2,2,2,1,2,2,2,2,3,3,3,1,2,3,2,3,4,1,3,3,2,1,1,2,1,1,1,1,1,2,1,2,2,2,3,3,2,1,1,2,1,2,5,2,1,3,12,2
1,192,503,1,1,29,5,4,1,1,2,2,1,1,2,2,2,2,2,3,4,4,3,2,1,3,3,3,5,3,3,2,2,1,1,2,1,1,1,1,1,3,1,2,2,2,4,3,1,1,1,1,1,2,5,1,2,3,12,2
1,192,504,1,1,22,4,2,3,1,1,2,1,2,1,1,2,2,1,1,3,3,4,1,2,2,3,3,1,3,3,5,2,1,2,2,1,1,1,1,1,2,1,1,2,2,3,3,1,1,1,2,1,2,1,2,2,3,12,2
1,192,505,1,2,20,6,6,3,1,1,2,1,2,1,1,1,2,2,1,3,4,2,2,2,1,3,3,2,3,3,1,2,1,2,2,1,1,1,1,1,3,1,1,2,2,1,2,0,1,2,1,1,2,5,2,1,4,12,2
1,192,506,1,1,19,4,3,2,2,2,3,1,2,1,2,2,2,2,4,4,4,4,1,2,2,1,3,1,2,2,2,2,2,2,3,1,1,1,1,1,3,1,4,2,4,5,2,3,1,1,3,1,1,4,2,2,4,12,2
1,192,507,1,1,8,2,1,1,1,2,2,1,2,3,1,2,2,2,2,4,4,4,1,1,2,2,1,4,5,2,5,2,1,2,1,1,1,1,1,1,2,1,2,1,3,4,2,1,1,3,2,3,0,5,0,0,0,10,2
1,192,508,1,2,1,6,5,3,2,2,3,1,1,1,1,2,2,2,0,2,2,1,2,2,0,2,2,2,3,2,3,2,1,3,3,1,1,1,1,1,2,1,1,2,2,1,1,1,1,1,1,1,0,0,0,0,0,9,2
1,192,509,1,1,15,3,1,2,2,2,2,2,2,1,2,2,2,2,4,4,4,4,1,1,1,1,1,5,0,2,5,2,2,1,2,2,2,1,1,1,2,1,2,2,2,4,1,1,1,1,1,1,0,0,0,0,0,9,2
1,192,510,1,1,10,2,1,3,1,1,2,1,1,1,1,2,2,2,2,1,1,1,2,0,2,3,3,2,3,4,5,0,1,2,2,1,2,1,1,1,2,1,2,2,0,2,3,1,1,1,1,1,0,0,0,0,0,9,2
1,192,511,1,2,1,5,3,3,1,2,2,2,2,1,1,2,2,1,2,2,2,2,2,2,3,2,3,1,3,2,4,2,1,2,2,1,1,1,1,1,3,1,1,2,2,2,3,1,1,1,1,1,0,0,0,0,0,9,2
1,192,512,1,2,4,6,6,2,1,1,2,1,1,2,1,1,2,2,2,3,2,2,1,2,3,2,3,1,5,2,5,2,1,2,2,1,1,1,1,1,2,1,1,2,3,3,1,2,1,1,1,1,0,0,0,0,0,10,2
1,192,513,1,1,20,4,3,1,1,1,2,2,1,1,1,2,2,1,1,2,2,2,2,2,2,2,2,4,5,0,4,2,1,2,1,1,1,1,1,1,2,2,3,1,3,3,2,2,1,1,1,1,0,0,0,0,0,10,2
1,192,514,1,1,33,5,3,2,2,1,2,2,2,1,1,2,2,2,0,3,3,3,2,2,2,2,2,2,5,3,4,0,1,2,2,1,2,1,1,1,2,1,2,1,2,2,3,2,1,1,1,1,0,0,0,0,0,10,2
1,192,515,1,2,4,6,7,3,1,1,1,1,1,1,1,2,2,2,1,1,1,1,2,1,2,3,3,1,3,4,5,1,1,1,2,1,1,1,1,1,2,1,1,2,2,2,1,3,1,1,1,1,0,0,0,0,0,9,2
1,192,516,1,1,10,2,1,3,1,1,1,1,1,1,1,2,2,1,1,3,1,2,2,1,2,3,3,1,3,2,3,0,1,2,2,1,1,1,1,1,3,1,2,2,3,3,3,2,1,1,2,1,0,0,0,0,0,9,2
1,192,517,1,1,21,4,1,1,2,3,3,2,2,1,2,2,2,3,3,4,4,3,1,2,3,3,1,2,5,1,5,2,2,1,2,1,1,1,1,1,2,2,3,2,4,4,3,3,1,1,2,1,0,0,0,0,0,9,2
1,192,518,1,1,33,5,2,3,1,1,2,1,2,2,1,2,2,1,2,3,2,1,2,1,2,3,3,1,5,3,4,2,1,1,1,1,1,1,1,1,2,1,2,1,2,3,2,1,1,1,3,1,0,0,0,0,0,9,2
1,192,519,1,1,41,6,6,1,1,2,3,1,1,1,1,2,2,2,1,3,3,3,1,2,2,3,2,3,5,1,4,2,1,2,2,0,1,2,1,1,1,1,3,2,3,3,2,1,1,1,3,1,0,0,0,0,0,10,2
1,192,520,1,1,13,3,3,1,1,2,3,2,1,1,1,2,3,3,2,4,2,1,1,2,2,3,1,4,5,2,5,2,3,0,1,2,2,2,1,1,1,1,3,1,4,4,2,1,1,1,3,1,0,0,0,0,0,10,2
1,192,521,1,1,16,3,3,3,1,2,2,1,2,1,1,3,2,2,2,3,2,1,1,2,3,2,2,5,3,4,3,2,1,2,2,1,1,1,1,1,2,2,2,2,2,3,3,1,1,1,3,1,0,0,0,0,0,10,2
1,192,522,1,1,15,3,2,1,1,1,2,2,2,1,1,2,2,2,2,3,3,2,2,2,2,3,3,2,3,1,5,2,1,2,2,1,2,1,1,1,2,2,2,2,3,3,1,2,2,1,3,1,0,0,0,0,0,9,2
1,192,523,1,1,19,4,2,2,2,3,3,1,2,2,2,2,2,3,4,4,4,3,1,2,3,2,3,4,5,4,5,1,1,1,2,2,2,3,2,2,1,2,3,0,4,3,2,2,1,2,3,1,0,0,0,0,0,9,2
1,192,524,1,1,14,3,2,2,2,2,3,2,2,2,3,2,2,2,3,4,4,4,1,2,3,2,0,2,5,3,3,2,1,2,2,1,2,2,2,2,1,2,2,2,4,4,2,1,3,2,3,1,0,0,0,0,0,9,2
1,192,525,1,1,9,2,1,1,1,2,2,1,2,1,1,1,2,1,1,3,3,2,2,2,3,2,2,1,3,2,5,2,1,2,2,1,1,1,1,1,2,1,4,1,4,3,2,1,1,3,3,1,0,0,0,0,0,9,2
1,192,526,1,1,15,3,1,3,2,2,2,1,2,1,1,2,2,2,2,3,2,2,2,2,3,2,2,2,3,2,4,0,1,2,2,1,1,1,1,0,2,1,1,0,2,2,3,2,1,3,3,1,0,0,0,0,0,9,2
1,192,527,1,1,23,4,3,1,2,2,2,1,2,1,1,2,2,2,2,3,3,2,1,2,3,2,3,4,5,2,5,2,1,2,1,2,1,2,1,1,1,2,3,2,3,3,1,1,1,1,1,2,0,0,0,0,0,10,2
1,192,528,1,1,36,6,3,2,1,3,3,2,2,1,2,2,2,2,4,4,4,3,1,2,3,2,3,2,5,2,5,2,1,2,2,1,2,1,2,2,2,2,4,2,4,4,1,3,2,0,3,2,1,0,0,0,0,9,2
1,192,529,1,1,7,2,1,1,2,2,3,2,1,2,1,2,3,3,3,4,4,4,2,2,2,2,2,2,3,2,3,2,1,2,0,2,1,1,1,1,1,1,2,2,3,2,3,1,1,1,2,1,2,0,0,0,0,10,2
1,192,530,1,1,8,2,1,2,1,2,2,1,2,1,3,2,3,2,2,3,2,2,2,2,3,2,2,1,3,2,5,2,1,2,2,2,1,1,1,1,3,1,2,2,4,4,3,1,1,2,2,1,2,0,0,0,0,9,2
1,192,531,1,2,4,6,7,2,1,2,3,1,2,2,1,2,2,2,2,3,3,3,1,2,3,1,2,4,5,3,5,2,1,2,1,1,1,1,1,2,2,1,2,1,4,3,1,2,1,1,3,1,2,0,0,0,0,10,2
1,192,532,1,1,23,4,1,2,1,2,3,2,3,2,2,2,3,3,3,4,4,2,1,2,3,2,2,4,5,1,5,2,1,2,1,1,1,1,1,1,3,1,2,2,4,3,2,2,1,1,3,1,2,0,0,0,0,9,2
