CARD.,DECK.,BALLOT.,FORM.,Q.1.,Q.2.,Q.3.,Q.4.,Q.5.,Q.6.,Q.7.,Q.8A.,Q.8B.,Q.10A.,Q.10B.,Q.10C.,Q.13.,Q.14A.,Q.14B.,Q.15.,Q.17.,Q.18.,Q.20.,Q.21.,Q.22.,Q.23.,Q.24.,Q.25.,Q.26A.,Q.26B.,Q.27.,Q.1..1,Q.2..1,Q.3..1,Q.4..1,Q.5..1,Q.6..1,Q.7..1,Q.8.,Q.9.,Q.10.,Q.11.,Q.12.,Q.13..1,Q.14.,Q.15..1,Q.16.,Q.17..1,Q.18..1,Q.19.,Q.20..1,Q.21..1,Q.22..1,Q.23..1,Q.24..1,Q.25..1,Q.26.,Q.27..1,Q.28.,Q.29.,Q.30.,Q.31.,Q.32.,Q.33.,Q.34.,Q.35.,Q.36.,Q.37.,Q.38.,Q.39.,Q.40.,Q.41.,Q.42.,Q.43.,CARD..1,DECK..1,BALLOT..1,FORM..1,Q.44.,Q.45.,Q.46.,Q.47.,Q.48.,Q.49.,Q.50.,Q.51.,Q.52.,Q.53.,Q.54.,Q.55.,Q.56.,Q.57.,Q.58.,Q.59.,Q.60.,Q.61.,Q.62.,Q.63.,Q.64.,Q.65.,Q.67.,Q.68.,Q.69.,Q.70.,Q.71.,Q.72.,Q.73.,Q.74.,Q.75.,Q.76.,Q.77.,Q.78.,Q.79.,Q.80.,Q.81.,Q.82.,Q.83.,Q.84.,Q.85.,Q.86.,Q.87.,Q.88.,Q.1..2,Q.2..2,Q.3..2,Q.4..2,Q.5..2,Q.6..2,Q.7..2,Q.8..1,V.9F.,Q.1..3,Q.4..3,Q.6..3,Q.7..3,Q.8..2,Q.9..1,Q.10..1,V.11.,V.12.
1,234,1,2,4,1,5,8,5,1,3,2,4,2,0,0,2,1,1,2,4,1,3,1,0,0,0,0,2,3,1,1,1,2,2,1,2,0,0,2,0,1,1,1,2,2,2,1,1,1,2,2,0,2,0,1,1,1,0,1,2,1,2,1,2,0,2,2,0,1,2,2,0,0,2,234,1,2,2,1,0,2,1,1,0,1,0,2,1,0,1,1,1,1,2,2,2,1,2,0,2,0,0,0,0,0,0,0,2,0,0,2,0,0,1,2,2,2,0,1,2,2,0,0,3,3,1,3,3,5,8,0,3,2,1,4,1,3,3,14
1,234,2,2,4,2,4,7,5,9,1,2,5,1,3,2,2,1,1,3,6,1,1,2,1,1,1,2,1,3,1,2,2,2,1,1,2,2,2,1,0,1,2,2,2,2,1,1,2,1,1,1,2,2,2,1,2,2,2,2,2,1,1,1,0,1,2,2,2,1,2,2,2,2,2,234,2,2,1,1,2,2,1,2,0,2,1,2,2,1,1,1,2,1,0,2,2,1,2,1,2,1,1,1,1,2,1,0,1,1,1,2,1,2,1,2,2,2,2,2,1,2,2,1,2,1,0,2,2,1,6,3,3,2,1,4,1,1,7,22
1,234,3,2,3,3,4,8,5,6,2,2,2,2,0,0,2,1,3,3,6,1,3,2,2,3,2,1,2,3,1,0,0,2,2,2,0,0,0,0,0,1,1,2,2,2,1,1,2,0,2,0,0,2,0,2,0,0,0,0,0,0,0,1,2,0,0,0,0,1,2,2,0,0,2,234,3,2,0,0,2,2,0,0,0,0,0,2,2,2,1,1,2,0,0,2,2,1,2,0,0,1,0,0,1,0,1,1,2,0,0,0,0,0,2,1,2,0,0,0,0,2,2,1,3,1,3,2,2,5,6,3,3,2,2,4,1,3,4,41
1,234,4,2,3,3,2,8,4,4,2,2,1,1,2,1,2,1,1,2,6,2,3,3,1,3,1,1,1,1,1,1,2,1,2,1,2,2,2,2,1,1,2,2,2,2,2,1,2,2,2,2,2,1,1,1,2,1,1,1,2,1,1,1,2,1,2,2,2,1,1,2,2,2,2,234,4,2,2,1,2,1,1,1,2,1,0,2,2,2,1,1,2,1,2,2,2,1,2,2,2,1,2,2,1,1,2,1,2,2,1,2,1,2,1,2,2,2,2,2,2,2,2,2,2,2,1,2,2,1,8,3,3,1,2,4,1,2,2,43
1,234,5,2,3,2,2,7,5,2,2,1,5,1,2,1,2,1,1,3,6,0,1,3,2,2,2,1,1,3,1,1,1,2,1,1,2,1,1,1,1,1,1,2,2,2,2,1,2,1,0,1,2,2,2,1,2,1,1,1,2,1,1,1,1,2,2,2,1,1,2,2,2,2,2,234,5,2,2,1,2,1,1,0,1,1,2,2,2,1,1,1,2,1,2,2,2,1,2,2,2,1,1,1,1,2,1,1,1,2,1,2,1,1,1,1,2,1,1,1,1,2,2,1,2,1,2,2,2,1,7,3,3,1,3,3,1,2,2,21
1,234,6,2,2,3,3,7,5,3,3,2,4,2,0,0,2,1,1,1,6,1,3,2,2,2,2,1,2,1,1,1,1,2,1,1,2,2,1,1,1,1,1,2,2,2,2,1,2,2,2,1,2,2,2,2,2,1,2,1,2,2,1,1,2,2,2,2,2,1,2,2,1,2,2,234,6,2,2,1,1,2,1,1,1,1,2,2,2,1,1,1,2,1,1,2,2,1,2,2,2,1,1,2,1,1,1,1,2,1,1,2,1,2,1,2,2,1,1,1,1,2,2,1,2,2,2,1,2,5,9,1,3,1,4,4,1,2,6,68
1,234,7,2,4,3,5,5,6,9,1,2,4,1,3,3,2,1,1,2,5,9,3,1,2,1,1,1,2,0,1,1,1,2,1,1,2,1,2,1,1,1,2,2,1,2,2,1,2,1,1,2,2,1,2,2,1,2,1,1,2,2,2,1,2,2,2,2,1,1,1,2,2,2,2,234,7,2,2,1,2,2,2,2,2,1,1,2,2,2,1,1,1,1,1,2,1,1,2,1,2,1,2,1,1,2,2,1,2,1,1,2,2,1,1,2,2,2,2,1,1,2,1,2,2,2,3,2,2,1,7,1,1,2,4,4,1,1,7,8
1,234,8,2,2,2,3,8,3,4,2,2,4,2,0,0,2,1,1,2,6,1,1,4,2,2,2,2,2,1,1,1,2,2,1,1,2,2,2,1,1,1,1,2,2,2,1,1,2,1,2,1,2,2,2,2,1,1,2,1,1,1,1,1,2,2,2,2,2,1,2,2,1,2,2,234,8,2,2,1,1,0,2,1,1,1,2,2,2,2,1,1,1,1,1,2,2,1,2,2,1,1,1,1,1,1,1,1,2,2,1,2,1,2,1,2,2,1,1,2,2,2,2,1,2,2,1,2,2,5,8,3,3,2,5,4,1,2,5,12
1,234,9,2,4,4,4,7,5,1,2,2,1,1,2,1,2,1,1,2,5,1,3,2,2,2,2,2,2,3,1,1,1,2,2,1,2,2,0,1,1,1,2,2,2,2,1,2,2,1,2,1,2,2,2,1,0,1,2,1,1,1,1,1,2,2,2,2,1,1,1,2,2,2,2,234,9,2,2,1,2,1,1,1,1,1,2,2,1,1,1,1,0,1,2,2,2,1,2,2,2,1,2,1,1,2,2,1,2,2,1,2,1,0,1,2,2,2,2,1,2,2,2,1,3,1,1,1,2,1,7,2,3,1,2,4,1,2,4,42
1,234,10,2,3,1,3,7,5,3,3,2,1,2,0,0,2,1,1,1,3,1,3,2,1,1,1,2,1,1,1,1,2,2,2,1,2,2,2,1,1,1,2,1,2,2,1,1,1,1,2,1,2,2,2,1,1,1,2,1,2,1,2,1,2,2,2,2,2,1,2,2,1,2,2,234,10,2,2,1,2,2,1,1,1,1,1,2,2,1,1,1,2,2,1,2,2,1,2,2,2,1,1,1,1,2,2,1,2,0,1,2,2,2,1,2,2,1,1,2,2,2,2,1,2,1,0,2,2,6,7,3,3,1,0,4,1,2,6,14
1,234,11,2,4,2,4,7,0,0,0,0,0,1,4,1,2,1,1,1,4,4,3,3,1,2,1,2,2,2,1,1,0,2,2,2,2,2,2,1,1,1,2,2,2,2,1,1,2,1,2,2,2,1,2,1,2,1,2,1,1,2,1,1,2,1,2,2,2,1,1,1,2,2,2,234,11,2,2,1,2,2,1,1,1,1,1,2,2,2,1,1,2,1,1,2,2,1,1,1,2,1,2,1,1,2,1,1,2,2,1,2,1,2,1,1,2,2,1,1,1,2,2,1,2,2,2,2,2,2,5,3,3,1,3,4,1,0,4,9
1,234,12,2,4,1,4,8,5,15,3,2,4,2,0,0,2,1,1,2,4,4,3,3,1,1,2,1,1,2,1,1,2,2,0,2,1,2,2,1,1,0,2,2,2,0,1,1,2,1,2,1,1,2,1,1,2,1,0,2,2,2,2,1,2,2,2,2,2,1,2,2,0,2,2,234,12,2,1,1,0,1,1,1,1,1,2,2,2,1,1,1,2,0,1,2,2,1,2,2,2,1,0,1,1,0,1,1,2,0,1,2,2,2,1,2,2,2,2,1,1,1,1,1,2,2,1,1,2,6,6,3,3,2,2,4,1,2,3,24
1,234,13,2,3,2,3,6,5,9,2,2,4,1,1,3,2,1,1,1,6,1,3,2,2,2,1,1,1,1,1,1,2,2,1,1,2,2,2,2,1,1,1,2,1,2,1,1,2,2,2,2,1,2,2,2,1,2,2,2,2,1,2,1,2,1,2,2,2,1,2,2,2,2,2,234,13,2,2,1,2,2,2,1,0,1,1,1,1,2,2,2,2,1,1,1,1,1,2,2,2,1,1,1,1,1,2,2,2,2,1,1,1,1,2,1,1,1,1,2,1,1,1,2,2,1,1,1,2,1,5,3,3,2,3,4,1,2,2,50
1,234,14,2,2,4,3,7,5,2,2,1,5,1,1,1,2,1,1,1,6,1,3,2,1,3,1,2,2,1,1,1,1,2,1,1,2,1,1,2,1,1,2,2,2,2,2,1,2,1,1,2,2,2,1,2,2,2,1,2,2,1,2,2,1,1,2,1,1,1,2,2,2,2,2,234,14,2,1,1,2,1,1,1,1,1,2,2,1,1,2,1,2,1,1,2,2,1,2,2,1,1,2,2,1,2,1,1,2,2,2,1,2,1,2,2,2,1,2,1,2,2,2,2,2,2,1,2,2,1,10,3,3,2,2,4,1,2,2,14
1,234,15,2,3,1,3,8,4,3,3,2,1,2,0,0,2,1,1,2,5,1,3,2,1,3,1,1,1,2,1,1,1,2,1,1,2,2,2,1,1,1,1,2,1,1,2,1,2,1,1,2,2,2,2,1,2,2,1,1,1,1,2,1,2,1,2,2,2,1,2,2,2,2,2,234,15,2,2,1,2,1,1,1,1,1,2,2,1,1,1,1,1,2,2,2,2,2,2,2,2,1,2,1,1,1,2,1,2,1,2,2,1,1,1,2,2,1,2,1,1,2,2,1,2,2,0,2,2,5,6,3,3,2,3,4,1,1,6,22
1,234,16,2,4,2,4,6,5,9,1,2,1,2,0,0,2,1,1,1,5,1,3,3,1,1,1,1,1,1,1,2,2,1,2,2,2,1,2,1,1,1,2,1,2,2,2,1,2,1,2,1,2,2,2,1,1,1,2,1,1,1,1,2,1,2,2,2,2,1,2,2,2,2,2,234,16,2,2,1,2,2,1,1,1,1,2,2,2,1,1,1,1,1,1,2,2,1,2,2,2,1,2,1,1,2,2,2,2,2,2,2,1,2,1,2,2,2,1,2,2,2,1,2,2,1,2,2,2,5,8,3,3,2,2,4,1,3,1,2
1,234,17,2,3,3,2,8,5,9,1,2,1,1,1,3,2,1,1,2,4,1,1,3,2,4,2,1,1,1,1,2,2,2,2,2,1,1,1,1,1,1,1,2,2,2,1,1,1,2,2,2,2,2,1,1,2,1,2,1,1,2,2,1,2,1,2,2,2,1,2,2,1,2,2,234,17,2,2,1,2,1,1,1,1,1,2,2,1,1,1,1,2,1,1,1,2,1,1,2,1,1,1,1,1,1,2,1,2,1,2,1,1,2,1,1,2,2,2,1,2,2,2,2,2,2,0,2,2,1,7,3,3,2,3,4,1,2,7,18
1,234,18,2,3,4,3,6,5,3,3,1,5,1,2,2,2,1,1,1,6,1,2,3,2,4,1,2,2,1,2,2,2,2,2,1,2,2,2,2,1,1,1,2,2,2,1,2,2,0,2,1,1,1,2,2,2,1,1,2,2,1,2,1,2,2,1,2,2,1,2,2,2,2,2,234,18,2,1,1,2,2,1,1,1,1,1,2,2,1,1,2,1,1,1,2,2,1,1,2,2,1,2,2,2,2,2,1,2,2,2,2,1,1,2,2,1,2,1,2,1,2,2,1,2,1,2,2,2,1,7,3,3,1,3,4,1,2,6,35
1,234,19,2,3,3,3,8,5,14,3,2,4,2,0,0,1,3,1,3,4,1,3,2,2,2,2,1,1,1,2,2,2,2,2,1,2,1,2,2,1,1,1,2,1,2,1,1,2,1,1,1,1,2,2,2,2,2,2,2,2,1,2,1,1,1,1,2,2,1,1,1,1,0,2,234,19,2,1,0,0,2,2,2,2,1,1,2,1,1,1,1,1,2,1,2,2,1,2,1,1,1,0,0,0,0,2,1,1,0,2,2,1,2,1,2,2,2,2,1,1,2,1,2,2,2,1,2,3,5,9,3,3,2,2,4,1,1,5,1
1,234,20,2,3,2,3,7,5,3,3,2,1,1,2,3,1,1,1,3,6,1,2,1,1,1,1,1,1,1,1,1,2,2,2,1,2,1,2,2,1,2,1,1,1,2,2,2,2,2,2,2,2,2,1,2,2,2,2,1,2,1,2,2,2,1,2,2,1,1,2,2,1,1,2,234,20,2,2,1,2,1,1,1,1,1,2,2,1,1,1,1,2,1,1,2,2,1,1,2,2,1,2,1,1,1,1,2,2,2,1,1,2,2,2,1,2,2,2,1,2,2,2,2,3,1,0,3,3,1,8,3,3,2,2,4,1,2,6,7
1,234,21,2,3,4,3,8,5,2,2,2,1,2,0,0,2,1,1,1,6,1,2,0,0,0,0,1,1,2,1,2,2,1,2,1,2,2,2,2,1,1,1,2,1,2,2,2,2,1,2,2,1,2,1,1,2,2,2,2,2,1,2,1,1,2,1,2,1,1,1,1,1,1,2,234,21,2,1,1,2,1,1,2,1,1,2,2,2,1,1,1,2,2,1,2,2,1,1,1,2,1,1,1,1,1,2,1,1,1,1,2,1,2,2,1,2,2,1,2,1,2,2,2,2,1,1,1,2,5,9,3,3,2,2,4,1,1,2,41
1,234,22,2,4,3,3,8,6,9,1,2,4,1,1,3,2,1,1,4,4,1,3,3,3,5,2,3,2,3,3,1,2,2,1,1,2,1,2,2,1,1,1,2,1,2,1,1,1,1,2,1,1,2,2,2,2,1,2,2,1,1,2,1,2,1,1,2,2,1,1,1,1,1,2,234,22,2,1,1,2,2,1,2,1,1,2,2,2,1,1,1,2,1,1,1,2,1,1,1,2,1,2,1,1,1,2,1,1,2,1,1,2,2,1,1,1,1,1,1,1,2,2,1,2,1,3,2,2,4,4,3,3,2,2,4,1,2,1,39
1,234,23,2,2,3,2,7,4,4,2,1,5,1,2,1,2,1,1,1,5,2,3,3,1,3,2,1,1,2,1,1,2,2,2,1,1,2,1,2,1,1,1,2,1,2,1,1,2,2,2,1,2,2,1,1,2,1,1,2,2,2,1,1,2,1,2,1,1,1,1,2,1,1,2,234,23,2,1,1,2,1,1,1,2,1,1,2,2,1,1,1,2,1,1,2,2,1,2,1,2,1,2,2,1,2,1,1,2,2,1,1,1,1,2,1,2,1,1,1,2,2,2,1,2,2,1,3,2,1,7,3,3,1,2,4,1,2,6,38
1,234,24,2,2,4,3,7,5,4,2,1,5,1,2,1,2,1,1,2,6,1,1,2,1,1,1,1,2,2,1,1,2,2,1,1,2,2,2,1,1,1,2,2,2,2,1,2,1,1,2,1,1,1,2,2,1,1,1,2,2,2,2,1,2,1,2,2,1,1,2,2,2,1,2,234,24,2,1,1,2,1,1,1,1,1,1,2,2,1,1,1,2,1,1,2,2,1,2,1,1,1,1,2,1,1,1,1,1,2,1,2,1,1,1,1,2,1,1,2,1,2,2,2,2,1,1,2,2,1,8,3,3,1,2,4,1,2,2,38
1,234,25,2,3,3,2,7,5,4,2,1,5,1,2,3,1,1,1,3,6,1,1,2,1,1,1,1,2,1,1,1,2,2,1,1,2,1,1,2,1,1,1,2,2,2,1,1,2,2,1,1,2,2,2,2,1,1,1,1,1,1,1,2,2,2,2,2,1,1,2,2,1,1,2,234,25,2,1,2,2,1,1,1,1,1,2,2,1,1,1,1,2,1,2,2,2,1,1,1,2,1,1,1,1,1,2,1,2,2,1,2,1,2,1,2,2,2,1,1,2,2,2,2,2,2,1,2,2,1,8,3,3,2,2,4,1,2,6,51
1,234,26,2,3,4,3,5,5,3,3,1,5,1,2,2,2,1,1,2,5,1,1,2,2,2,2,1,1,3,1,2,2,1,2,2,2,2,2,2,1,1,2,2,2,2,1,1,2,1,1,1,1,2,2,2,2,1,2,1,1,1,2,1,2,1,1,1,2,1,2,2,0,1,2,234,26,2,1,1,1,1,1,1,1,1,2,2,1,2,1,1,2,1,2,2,2,2,1,2,1,1,2,1,2,2,1,1,2,2,1,2,1,1,1,1,1,1,1,1,2,2,2,1,2,1,1,1,2,1,4,3,3,2,2,4,1,2,6,48
1,234,27,2,3,1,3,8,5,6,2,2,4,1,2,1,2,1,1,2,3,1,3,1,1,1,1,1,1,2,1,2,2,2,2,1,2,2,1,1,1,1,1,1,1,2,1,2,2,2,2,2,2,2,2,2,1,1,2,1,2,1,1,1,2,1,2,2,1,1,1,1,1,1,2,234,27,2,2,1,2,1,1,1,1,1,1,2,2,2,1,1,1,1,2,2,2,1,1,2,2,1,2,1,1,1,2,1,2,2,1,2,1,2,1,2,2,2,2,1,1,2,2,1,2,1,2,1,2,1,9,3,3,1,3,4,1,2,4,27
1,234,28,2,3,2,3,7,5,3,3,2,1,2,0,0,2,1,1,1,6,1,3,2,3,5,1,1,1,2,1,2,2,2,2,1,2,2,2,2,1,1,1,2,2,2,1,1,2,1,2,2,2,2,1,2,2,2,2,2,2,1,2,1,2,1,2,2,1,1,1,1,1,1,2,234,28,2,2,1,2,1,1,2,1,1,1,2,1,2,1,1,1,1,1,2,2,1,2,2,2,1,1,2,1,1,1,2,1,1,1,2,1,1,2,1,2,2,2,1,2,2,2,1,2,1,2,2,2,5,10,3,3,1,3,4,1,2,6,59
1,234,29,2,2,3,3,8,6,2,2,2,4,1,3,2,0,1,1,1,3,1,3,2,1,1,1,1,1,2,1,1,2,2,2,2,2,2,1,2,1,1,1,2,2,2,1,1,1,1,2,2,2,2,2,1,2,1,1,1,2,2,1,1,2,1,2,2,2,1,2,1,2,1,2,234,29,2,2,1,2,2,2,2,2,1,1,2,2,2,1,1,2,1,2,2,2,1,1,2,1,1,2,1,1,2,1,1,2,1,1,2,1,2,2,1,1,1,2,1,1,2,2,1,2,2,1,2,2,2,10,3,3,2,4,4,1,2,2,30
1,234,30,2,3,1,3,6,6,3,3,2,4,2,0,0,2,1,1,1,6,0,3,2,2,2,1,1,2,2,1,1,2,2,2,1,1,2,2,2,1,1,1,1,1,2,1,1,2,2,2,1,2,2,2,2,2,1,2,2,2,2,1,1,2,1,2,2,2,1,1,2,2,1,2,234,30,2,2,1,1,1,1,1,1,1,2,2,2,1,1,1,2,1,2,2,2,1,1,2,1,1,2,1,1,2,2,1,2,1,1,2,2,1,2,2,2,2,2,2,2,2,2,2,2,2,1,2,2,5,10,3,3,2,4,4,1,1,6,43
1,234,31,2,2,2,2,7,5,3,3,1,5,2,0,0,2,1,1,2,4,2,3,2,2,2,2,3,3,2,1,2,2,1,2,1,2,2,2,1,1,1,1,2,2,2,1,2,1,1,2,1,1,2,2,1,2,1,2,1,1,1,1,1,2,1,2,2,2,1,1,1,1,1,2,234,31,2,1,1,1,1,1,1,1,1,1,1,1,2,1,1,2,1,1,2,2,2,2,1,1,1,1,1,1,1,1,1,1,1,1,2,1,1,1,1,2,1,1,2,1,2,1,2,2,1,1,2,2,5,0,2,3,1,4,4,1,2,6,25
1,234,32,2,2,3,2,7,5,2,2,2,4,1,2,1,2,1,1,2,6,2,3,1,2,2,1,1,1,2,1,2,2,1,2,1,1,2,2,2,1,1,1,1,2,2,2,1,2,1,2,1,2,2,2,2,2,1,2,2,2,2,1,2,2,1,1,0,1,1,1,1,1,1,2,234,32,2,1,1,2,1,1,0,2,1,2,2,2,1,1,1,2,1,2,1,2,1,2,2,2,1,2,2,1,1,1,1,2,0,2,2,1,2,2,1,2,2,2,1,2,2,2,1,2,2,1,3,2,1,7,3,3,1,3,3,1,2,2,5
1,234,33,2,3,3,3,7,5,2,2,1,5,1,2,1,3,1,1,3,6,2,3,3,2,4,2,0,2,2,1,1,2,1,2,1,1,2,2,2,1,1,1,2,2,2,2,2,2,2,1,1,2,2,2,2,2,1,2,2,2,1,0,1,2,1,2,1,2,0,2,2,1,1,2,234,33,2,1,1,2,1,1,1,0,1,1,2,2,1,1,1,2,1,2,2,2,1,2,1,2,1,2,0,1,2,0,2,2,2,2,2,1,1,1,1,1,1,2,2,2,2,2,2,2,2,1,2,2,1,7,2,3,1,3,4,1,2,2,47
1,234,34,2,2,1,2,6,3,3,3,2,4,2,0,0,2,1,1,2,5,1,1,1,2,2,2,1,1,2,1,2,2,2,2,1,2,2,1,2,1,1,1,2,2,2,2,1,2,1,2,1,2,2,0,1,1,1,2,2,2,2,1,1,2,1,2,2,1,2,1,1,0,1,2,234,34,2,1,1,2,1,1,1,1,1,2,1,2,1,1,1,1,2,1,2,1,1,2,2,1,1,1,2,1,1,1,2,2,0,2,2,1,1,1,2,2,2,0,0,2,2,2,2,2,1,1,3,3,5,8,3,3,1,3,4,1,2,6,12
1,234,35,2,2,2,3,7,5,4,2,1,5,1,1,3,2,1,1,2,1,4,3,3,2,5,1,1,1,3,1,1,2,2,2,1,2,2,2,2,1,1,1,1,2,2,2,1,2,1,2,2,2,2,2,2,2,1,2,1,2,1,2,1,2,1,2,2,2,1,2,2,2,1,2,234,35,2,1,1,1,1,2,1,1,1,2,2,2,2,1,1,2,2,1,2,2,1,2,2,1,1,1,1,1,1,2,1,2,1,2,2,1,2,2,2,2,2,2,1,2,2,2,1,2,2,3,2,2,2,9,3,3,2,4,4,1,0,6,52
1,234,36,2,3,1,3,6,6,2,2,2,4,1,1,1,2,1,1,3,6,1,1,3,1,3,2,1,1,2,1,1,2,2,2,1,2,2,2,2,1,1,1,2,1,2,2,2,1,2,2,2,2,1,1,2,2,1,1,2,2,1,2,1,2,1,2,2,1,1,1,1,1,1,2,234,36,2,1,1,1,1,2,2,2,1,1,2,2,1,1,1,2,1,1,2,2,1,2,1,2,1,2,1,1,1,1,1,1,2,2,1,1,1,1,1,2,1,1,1,1,2,1,1,2,1,2,2,2,1,6,2,3,1,3,4,1,2,2,16
1,234,37,2,3,2,3,5,5,3,3,2,4,1,3,2,2,1,1,2,6,1,3,3,1,3,1,2,2,1,1,2,2,2,2,1,2,2,1,1,1,1,1,2,1,2,2,1,2,2,2,1,1,2,1,2,2,1,2,1,2,1,2,1,1,1,1,2,2,1,2,2,1,1,2,234,37,2,1,1,2,2,2,2,2,1,2,2,2,2,1,1,2,1,2,2,1,1,1,2,2,1,2,1,1,2,1,1,2,2,2,2,1,1,1,2,2,2,2,2,2,2,1,2,2,2,1,2,2,1,6,3,3,0,3,4,1,2,6,55
1,234,38,2,3,1,2,6,4,3,0,2,4,2,0,0,2,1,1,2,4,1,1,3,1,3,1,1,1,1,1,1,1,2,2,1,2,2,2,1,1,1,2,1,2,2,1,2,2,1,2,1,2,1,2,2,2,1,2,1,2,1,2,1,2,1,2,2,2,1,1,2,2,1,2,234,38,2,2,1,2,1,1,1,1,1,2,2,2,1,1,1,1,1,1,2,2,1,2,2,2,1,1,1,1,2,2,1,1,1,2,1,1,1,1,2,2,2,2,1,1,2,2,2,2,1,1,1,2,6,10,2,3,1,3,4,1,2,6,36
1,234,39,2,2,3,2,8,5,4,2,2,4,2,0,0,2,1,2,2,6,0,3,2,1,2,2,2,3,3,1,2,2,2,2,1,1,2,2,1,1,1,2,2,1,2,1,2,1,1,2,1,2,2,2,1,2,2,1,1,2,1,1,1,2,1,1,2,1,1,2,2,1,1,2,234,39,2,2,1,2,2,1,1,1,1,1,2,2,2,1,1,2,1,1,1,2,1,2,1,2,1,2,1,1,2,2,1,1,1,2,1,1,2,1,1,2,1,2,1,2,2,2,1,2,2,0,2,2,5,5,2,3,1,3,4,1,2,6,13
1,234,40,2,2,3,4,8,5,4,2,2,4,2,0,0,2,1,1,2,5,1,3,2,1,1,2,2,2,3,1,1,2,2,2,1,2,2,1,2,1,1,2,2,1,2,1,1,1,2,2,1,1,1,2,2,2,2,2,2,2,1,2,1,1,1,1,1,1,1,1,2,1,1,2,234,40,2,1,1,2,2,2,2,2,1,1,2,2,1,1,1,2,1,1,2,1,1,1,2,1,1,1,1,1,1,2,1,2,1,2,2,1,2,2,1,2,2,1,1,2,2,2,1,2,1,2,2,2,5,4,3,3,2,4,4,1,2,6,37
1,234,41,2,3,3,4,8,5,3,1,2,1,2,0,0,2,1,1,1,5,4,3,2,1,2,1,1,1,1,1,2,2,2,1,1,1,1,2,2,1,1,2,1,1,2,1,1,1,1,2,1,1,1,2,1,2,1,1,1,2,1,2,2,2,2,2,2,1,1,1,1,1,1,2,234,41,2,2,1,2,2,1,1,1,1,1,2,1,2,1,1,2,1,1,1,2,1,1,1,1,1,1,1,1,1,1,1,2,1,2,2,2,2,2,2,2,2,2,1,2,2,2,2,2,2,0,3,2,5,5,3,3,2,2,4,1,1,7,21
1,234,42,2,4,3,4,8,5,3,3,1,5,2,0,0,2,1,1,1,5,1,1,2,1,1,1,1,3,3,1,1,1,2,0,1,2,2,1,2,1,1,1,0,2,0,1,1,2,1,2,1,2,2,2,1,2,1,2,1,2,2,2,1,1,1,2,2,2,1,1,2,1,1,2,234,42,2,1,2,2,1,1,1,1,1,1,1,2,2,1,1,1,1,2,2,1,1,2,1,2,1,0,1,1,0,1,2,2,1,2,2,1,2,1,2,2,2,2,2,1,2,1,1,2,1,0,0,2,6,6,1,3,2,1,4,1,2,6,19
1,234,43,2,3,1,2,7,5,0,3,2,4,1,2,1,2,1,1,1,6,2,1,1,1,1,1,2,1,1,1,2,2,2,2,1,1,2,1,2,1,1,2,2,2,2,1,1,2,1,2,1,1,1,1,2,2,1,2,1,1,2,1,1,2,1,2,2,1,1,2,2,1,1,2,234,43,2,1,1,1,2,1,1,0,1,2,2,2,2,1,1,2,1,1,2,2,1,2,2,1,1,2,1,1,1,1,2,2,1,2,2,1,2,1,1,2,2,2,2,2,2,1,1,2,1,0,2,2,1,6,3,3,1,3,3,1,2,2,2
1,234,44,2,2,2,4,6,5,4,2,2,4,2,0,0,2,1,1,1,6,1,3,4,1,4,2,1,1,1,1,1,1,2,2,1,2,2,1,1,1,1,1,2,1,2,1,1,1,1,2,2,1,1,2,2,1,1,2,2,2,2,1,1,2,1,2,2,1,1,2,2,1,1,2,234,44,2,1,1,2,2,1,1,1,1,1,2,2,1,1,1,1,1,1,2,2,1,1,1,2,1,2,2,1,1,1,2,2,2,2,2,1,1,2,1,1,1,1,2,2,1,1,2,2,2,0,2,2,5,4,2,3,2,4,4,1,2,6,20
1,234,45,2,2,1,3,8,4,3,3,2,4,1,3,3,2,1,1,2,6,0,2,2,2,2,2,1,2,2,1,2,2,1,1,1,1,2,2,2,1,1,2,2,1,2,1,1,2,2,1,1,1,2,0,2,2,1,1,2,2,1,1,1,2,2,2,1,1,1,2,2,1,1,2,234,45,2,2,1,2,2,2,2,1,1,1,2,2,1,1,1,2,1,1,1,2,1,1,1,2,1,1,1,1,1,1,2,2,1,2,2,1,1,1,1,1,1,1,1,1,2,1,1,2,2,2,1,2,0,7,3,3,1,4,4,1,1,6,66
1,234,46,2,3,3,4,7,5,3,3,2,1,1,2,3,2,1,1,2,6,0,3,2,1,1,1,1,1,2,1,2,1,2,2,1,2,1,1,1,1,1,2,1,1,2,1,1,1,1,2,2,1,2,2,1,1,2,2,1,1,1,1,1,2,2,2,2,2,1,2,2,2,2,2,234,46,2,2,1,2,1,1,1,0,2,2,2,2,0,1,1,2,1,1,2,2,1,2,2,2,1,0,1,1,0,2,1,2,0,0,2,1,2,2,0,2,2,2,1,2,2,2,2,2,1,0,2,3,1,8,3,3,2,2,4,1,2,6,15
1,234,47,2,2,3,2,7,5,4,2,2,4,1,1,3,1,1,1,2,5,2,3,2,2,2,2,1,1,2,1,1,2,2,2,1,2,2,2,1,1,1,2,2,2,2,2,1,2,1,2,1,2,2,2,1,2,1,2,1,1,1,1,1,2,1,1,2,1,1,1,2,2,2,2,234,47,2,1,1,1,1,2,1,1,2,2,2,2,2,1,1,2,1,1,2,2,1,2,2,1,1,2,1,1,1,1,1,2,2,1,2,1,1,1,1,2,2,1,1,2,2,2,1,2,1,1,1,2,1,5,3,3,2,2,3,1,2,2,32
1,234,48,2,3,4,5,7,6,6,2,2,1,2,0,0,2,1,1,1,6,4,3,1,1,1,1,2,1,1,1,2,2,2,2,1,2,1,2,2,1,1,1,1,2,2,2,1,2,1,2,2,1,2,1,1,1,2,2,1,2,1,2,2,2,2,2,2,1,2,2,2,1,2,2,234,48,2,1,1,1,1,1,1,1,2,2,2,1,1,1,1,2,2,1,2,2,2,2,2,2,1,2,2,1,2,2,1,2,2,1,2,2,2,2,2,2,2,2,1,2,2,2,1,2,1,2,1,2,5,9,3,3,2,3,4,1,2,4,25
1,234,49,2,4,4,3,6,6,6,2,2,1,1,2,1,1,2,2,3,6,1,0,1,1,1,1,1,1,2,1,1,2,2,2,1,2,2,2,1,1,1,2,2,2,2,2,2,1,1,2,2,2,2,2,1,1,1,2,1,1,2,1,1,2,1,1,2,2,1,2,1,1,2,2,234,49,2,1,1,2,1,1,1,1,2,2,2,1,2,1,1,2,2,1,2,2,1,2,2,2,1,2,1,1,2,1,1,2,2,1,2,1,2,1,2,2,2,2,1,1,2,2,2,2,1,1,2,2,1,3,3,3,1,3,4,1,1,4,39
1,234,50,2,3,2,2,7,4,1,2,1,5,1,3,1,2,1,1,2,3,0,3,3,2,1,1,1,1,2,1,1,1,2,2,1,2,2,1,1,1,1,1,2,1,2,2,1,2,2,2,1,1,1,2,2,1,1,2,1,1,1,1,1,2,1,2,2,1,1,1,2,2,2,2,234,50,2,2,1,2,1,1,1,1,2,2,2,2,1,1,2,2,1,2,2,2,1,1,2,1,1,2,1,1,2,1,1,1,2,1,2,1,2,1,1,2,2,1,1,1,2,1,1,2,2,2,2,2,1,8,3,3,2,3,3,1,2,2,52
1,234,51,2,4,4,2,7,5,4,2,1,5,1,1,1,2,1,1,1,6,1,0,4,2,4,2,1,1,2,2,1,2,2,2,1,2,1,2,1,1,1,2,1,2,2,2,1,2,1,2,1,1,1,2,1,2,2,2,1,2,1,1,1,1,1,2,2,1,1,1,2,1,2,2,234,51,2,1,1,1,1,1,1,1,2,2,2,2,2,2,1,2,1,2,2,2,1,2,2,2,1,2,1,1,2,1,1,2,0,1,2,1,1,2,1,2,2,1,2,1,2,1,2,2,1,1,2,2,1,9,2,3,1,3,4,1,2,2,49
1,234,52,2,3,4,3,6,5,4,2,1,5,1,2,1,2,1,1,1,1,1,3,2,1,1,1,2,2,2,1,1,2,2,2,1,1,2,1,1,1,1,1,2,2,2,1,1,2,1,1,2,1,2,2,1,2,1,2,1,1,1,2,1,1,1,2,2,2,1,1,1,1,2,2,234,52,2,1,1,2,1,1,1,1,2,2,2,2,1,1,1,2,1,1,2,2,1,2,2,1,1,1,1,1,1,1,2,2,1,1,2,1,1,1,1,2,2,1,1,2,2,2,1,2,1,1,3,3,1,8,3,3,1,2,4,1,2,2,34
1,234,53,2,4,3,5,7,6,2,2,2,2,1,2,2,2,1,1,1,5,1,3,0,0,0,0,1,1,2,1,1,1,2,1,1,2,2,1,1,1,1,2,2,2,2,1,1,1,1,2,1,2,2,2,1,1,1,2,2,2,1,1,1,2,1,2,2,1,1,1,2,2,2,2,234,53,2,2,1,2,2,1,1,1,2,2,2,2,2,1,1,1,1,2,2,2,1,2,2,1,1,1,1,1,2,2,2,2,1,1,2,1,2,1,2,2,2,1,1,2,2,2,2,1,1,3,2,1,1,5,3,3,1,3,4,1,2,2,40
1,234,54,2,3,3,2,7,4,11,3,1,5,2,0,0,2,1,1,1,6,2,0,2,1,1,1,2,2,1,0,1,1,2,2,1,2,2,2,1,1,1,2,1,1,2,1,2,1,1,1,2,2,2,2,1,2,1,2,2,1,2,2,2,2,1,2,2,2,2,1,2,2,2,2,234,54,2,2,1,2,2,2,1,1,2,2,2,1,2,1,1,1,1,2,2,1,1,2,2,2,1,2,1,1,1,1,2,2,0,1,2,2,2,1,1,2,2,2,2,1,2,2,2,2,1,1,2,2,5,8,3,3,2,3,4,1,3,5,21
1,234,55,2,4,4,4,5,6,6,2,2,4,1,2,1,2,1,1,1,1,0,3,2,1,1,1,1,1,3,2,1,1,2,2,0,2,2,2,1,1,1,1,2,2,2,1,1,2,1,2,2,2,1,2,2,1,1,2,1,1,1,1,1,2,2,2,2,2,1,2,2,2,2,2,234,55,2,2,1,2,1,1,1,1,2,1,2,2,2,1,1,1,1,1,2,2,1,2,1,2,1,2,1,1,1,1,1,2,2,1,2,1,1,1,1,2,1,1,2,2,0,1,2,1,1,2,1,2,1,9,3,3,1,2,4,1,2,4,1
1,234,56,2,4,1,5,7,5,3,3,2,4,2,0,0,2,1,1,2,5,1,3,1,1,1,1,1,1,1,2,1,1,2,1,1,2,2,2,2,1,1,1,1,2,2,1,2,2,1,2,1,2,2,2,2,1,1,1,1,1,1,1,1,2,1,2,2,2,1,1,2,2,2,2,234,56,2,2,1,2,2,2,1,1,2,2,2,2,1,1,1,1,1,1,2,2,1,2,2,2,1,2,1,1,2,2,1,2,1,1,2,1,1,2,2,2,2,1,2,2,2,1,1,3,1,0,2,2,5,9,3,3,1,3,4,1,2,6,1
1,234,57,2,3,3,2,7,5,4,2,2,4,1,2,1,2,1,1,3,5,2,3,1,1,1,1,2,1,2,1,1,1,2,2,1,1,2,2,1,1,1,2,2,2,2,1,1,2,1,1,2,2,2,2,1,2,1,2,1,1,1,2,1,2,1,2,2,1,1,2,2,2,2,2,234,57,2,2,1,2,1,1,1,1,2,2,2,2,2,1,1,2,1,1,2,2,1,2,2,1,1,2,1,1,2,2,1,2,1,1,2,0,1,1,2,2,2,2,2,2,2,1,2,3,3,2,2,1,1,6,3,3,1,2,4,1,0,5,23
1,234,58,2,4,2,4,7,5,6,2,2,4,1,2,1,2,1,1,2,4,4,3,2,1,1,1,1,1,2,1,1,2,2,2,1,2,2,2,1,1,1,2,2,2,2,1,1,2,1,2,2,2,2,2,2,1,1,2,1,1,1,1,2,2,1,2,2,2,2,1,1,2,2,2,234,58,2,1,1,2,2,2,1,1,2,2,2,1,1,1,1,1,2,2,2,2,1,2,2,2,1,2,1,1,2,1,1,2,2,1,2,1,0,1,2,2,2,2,1,2,2,1,0,2,1,1,3,3,1,4,2,3,1,1,4,1,1,4,5
1,234,59,2,3,4,3,7,6,15,3,3,1,2,0,0,1,1,1,2,6,0,4,3,2,4,2,1,2,3,1,2,2,2,2,1,2,2,2,1,1,1,1,2,1,2,1,1,2,2,2,1,1,1,2,2,0,0,2,2,2,2,2,1,2,2,2,1,1,1,2,2,2,2,2,234,59,2,1,1,2,2,2,2,2,2,1,2,2,1,1,1,0,1,1,2,1,1,1,2,1,1,1,2,1,2,2,1,2,0,1,2,0,2,1,2,1,2,2,1,1,2,1,1,2,1,2,2,2,5,9,3,3,0,3,4,1,1,5,20
1,234,60,2,4,1,3,6,6,11,2,2,1,1,4,2,2,1,1,2,1,0,1,2,1,1,2,2,3,1,1,1,1,1,2,1,2,2,2,1,1,1,2,2,2,2,1,2,2,1,1,2,2,1,2,1,1,2,2,2,2,1,2,1,1,1,2,2,2,2,2,2,2,2,2,234,60,2,1,1,2,2,1,1,1,2,1,2,1,2,1,1,1,1,1,2,2,1,2,1,1,1,2,1,1,2,1,2,2,1,1,2,1,1,1,2,2,2,2,1,1,2,1,2,3,3,0,1,2,4,8,3,3,2,4,4,1,1,7,3
1,234,61,2,3,4,2,8,5,6,2,3,4,1,3,1,2,1,1,1,6,2,3,2,1,1,1,1,1,1,1,1,2,2,2,1,2,2,2,1,1,1,2,2,2,2,2,1,2,1,2,2,2,2,2,1,2,2,2,1,2,1,1,2,2,1,2,2,2,2,2,2,2,2,2,234,61,2,2,1,2,1,1,1,1,2,2,2,2,2,1,1,0,2,2,2,2,1,2,2,2,1,2,2,1,2,1,1,2,2,2,2,1,1,1,2,2,2,2,2,1,2,2,1,2,1,2,2,2,1,8,3,3,1,1,3,1,2,4,19
1,234,62,2,3,4,3,7,6,11,2,2,4,1,2,1,2,1,1,1,6,1,3,1,1,1,1,2,1,1,1,1,2,2,2,2,2,1,1,1,1,1,2,1,2,2,2,2,1,1,1,2,2,1,2,1,2,1,2,1,1,1,1,1,2,2,2,2,2,2,1,2,2,2,2,234,62,2,2,1,1,2,1,1,1,2,2,2,1,2,1,1,2,1,2,2,2,1,2,2,2,1,2,1,1,1,1,2,2,2,2,2,1,1,1,2,2,2,2,1,2,2,2,1,3,3,2,2,2,1,9,2,3,1,3,3,1,2,2,51
1,234,63,2,3,2,4,6,6,2,2,2,4,2,0,0,2,1,1,2,4,1,3,2,1,1,1,1,2,2,1,1,1,2,2,1,2,2,1,1,1,1,2,1,2,2,2,2,1,1,2,2,2,2,2,1,2,2,2,1,2,1,1,1,2,2,2,2,1,1,1,2,0,2,2,234,63,2,2,1,2,1,1,1,1,2,2,2,2,2,1,1,2,2,2,2,2,2,2,2,2,1,0,2,1,0,1,1,2,0,2,2,1,2,1,2,2,1,2,1,2,2,2,1,2,1,2,2,2,5,7,3,3,2,3,4,1,2,2,3
1,234,64,2,3,3,3,7,6,6,2,1,5,1,4,1,2,1,1,1,4,2,3,3,1,3,1,2,2,2,1,1,2,2,1,1,1,1,1,2,1,1,1,2,2,2,2,1,2,1,0,2,2,2,1,2,1,2,2,1,2,2,2,2,1,1,2,2,1,1,2,2,2,2,2,234,64,2,1,1,2,1,2,1,0,2,2,2,1,1,1,1,1,1,1,2,2,1,2,2,2,1,2,1,1,1,2,1,2,2,2,2,1,2,1,2,2,2,1,1,1,2,2,2,2,3,1,2,2,1,7,2,3,1,4,4,1,2,4,43
1,234,65,2,2,2,3,7,5,12,3,2,1,1,2,1,2,1,1,2,1,1,3,3,2,2,1,2,1,2,1,1,1,1,2,1,2,2,2,2,1,1,1,1,2,2,2,1,2,1,2,1,2,2,2,2,1,2,2,1,1,2,1,1,2,1,1,2,2,1,2,2,2,2,2,234,65,2,2,1,2,2,1,1,1,2,2,2,1,2,1,1,2,1,1,2,2,1,2,2,2,1,2,1,1,2,2,1,2,2,2,2,2,2,2,2,2,2,2,2,1,2,2,1,2,1,2,1,2,4,9,3,3,2,4,4,1,2,6,69
1,234,66,2,3,4,5,8,5,4,2,1,5,1,2,1,2,1,1,2,6,1,3,2,1,1,1,1,1,1,1,1,2,2,1,1,1,2,1,1,1,1,1,2,2,2,2,1,2,1,2,2,2,2,2,1,0,2,1,1,2,1,1,2,2,2,2,2,2,1,2,2,2,2,2,234,66,2,2,1,2,1,1,1,1,2,2,2,2,2,1,2,1,1,1,2,2,2,2,2,2,1,2,1,1,2,1,1,2,2,2,2,1,2,1,2,2,2,2,2,2,1,1,1,2,1,1,1,2,1,10,3,3,1,1,4,1,1,2,15
1,234,67,2,3,4,5,6,6,6,2,2,4,2,0,0,2,1,1,1,6,1,1,2,2,2,2,2,1,1,1,1,1,2,2,1,2,2,2,2,1,1,2,2,2,2,2,2,2,1,1,2,2,2,2,2,2,1,2,1,2,2,1,1,2,1,2,2,2,2,2,2,2,2,2,234,67,2,2,1,2,2,1,1,0,2,2,2,2,2,1,1,1,2,1,2,2,2,2,2,2,2,2,1,1,2,1,2,2,2,2,2,1,2,1,2,2,2,2,2,2,2,1,2,2,1,1,1,2,5,10,3,3,2,1,4,1,1,4,33
1,234,68,2,4,3,4,6,6,9,1,2,1,2,0,0,2,1,1,2,4,2,3,2,1,3,1,1,2,2,2,2,1,2,2,1,2,2,2,1,1,1,2,2,2,2,2,1,2,1,2,2,2,2,2,1,1,2,2,2,1,2,2,1,2,2,2,2,2,2,1,2,2,2,2,234,68,2,2,2,1,2,2,1,1,2,2,2,1,2,2,2,1,2,2,2,2,1,2,2,2,1,1,2,1,2,2,1,2,2,2,2,2,2,1,2,2,2,2,1,2,2,1,2,3,1,0,1,2,5,10,3,3,1,4,4,1,1,7,20
1,234,69,2,3,2,5,8,5,10,3,2,4,2,0,0,1,1,3,2,6,1,3,4,1,3,1,1,1,1,1,1,2,2,1,2,1,2,2,1,1,0,0,0,0,0,0,0,0,0,0,0,0,0,0,0,0,0,1,1,2,1,1,1,1,1,2,2,1,2,1,1,1,2,2,234,69,2,2,1,2,1,1,1,1,2,1,2,1,1,1,1,2,1,2,1,2,1,1,1,2,1,2,1,1,2,2,1,2,1,2,2,2,2,1,2,2,2,0,2,2,2,1,1,2,1,2,2,2,5,8,3,3,2,2,4,1,1,5,10
1,234,70,2,2,3,2,8,4,6,2,2,4,1,1,1,2,1,3,2,4,2,3,2,1,1,1,1,2,0,1,2,2,2,2,1,2,2,2,2,1,1,1,2,1,2,1,1,2,1,2,0,2,2,2,1,2,1,2,1,2,2,2,2,2,1,1,1,2,1,2,2,2,2,2,234,70,2,1,1,2,2,1,1,2,2,2,2,2,2,1,1,2,1,1,2,2,1,2,2,2,1,1,1,2,2,1,1,1,2,2,2,1,2,2,2,2,2,1,1,1,2,2,1,2,1,1,3,2,1,7,3,3,2,3,3,1,2,4,40
1,234,71,2,4,3,3,7,5,15,3,1,5,1,4,3,2,1,1,1,6,1,3,1,1,1,1,1,1,1,1,1,2,2,2,1,2,1,2,1,1,1,1,1,2,2,1,1,2,1,2,1,2,2,1,2,1,1,1,2,2,1,1,2,1,1,2,2,1,2,2,2,2,2,2,234,71,2,2,2,2,1,1,2,1,2,1,2,1,1,1,1,2,2,1,2,2,2,2,2,2,1,2,1,1,2,1,1,2,2,2,2,2,2,1,1,2,2,2,1,1,2,2,1,2,2,1,2,2,2,9,3,3,1,3,4,1,1,6,47
1,234,72,2,3,3,3,7,6,3,3,1,5,1,3,3,0,1,1,1,6,7,3,2,1,3,2,1,2,1,1,2,2,2,1,1,2,2,2,1,1,1,2,2,2,2,1,1,2,1,2,2,2,1,2,2,2,1,2,2,2,2,2,2,2,2,2,1,1,1,1,1,2,2,2,234,72,2,1,1,2,1,1,1,1,2,1,2,1,1,1,1,1,1,1,1,2,1,2,2,2,1,2,1,1,2,1,1,2,2,2,2,1,2,1,2,1,2,1,1,2,2,1,2,2,1,1,1,2,6,9,2,3,2,3,4,1,2,6,44
1,234,73,2,3,4,4,7,6,11,2,2,2,1,5,1,2,1,1,1,4,9,3,2,2,2,0,3,2,2,1,1,2,2,2,1,2,2,2,1,1,1,2,2,2,2,1,1,2,1,2,1,2,2,1,1,1,1,2,1,1,2,1,1,2,1,2,2,1,1,2,2,0,2,2,234,73,2,2,1,2,1,1,1,1,2,2,2,2,2,1,1,2,1,1,2,2,1,2,2,2,1,2,1,1,2,1,2,2,2,2,2,1,0,1,2,2,2,2,2,2,2,1,1,2,1,0,2,2,2,5,3,3,1,4,4,1,2,4,2
1,234,74,2,3,4,3,7,6,3,3,1,5,1,3,2,2,1,1,2,6,1,1,2,1,1,1,2,2,1,3,1,2,2,2,1,2,2,2,1,1,1,1,2,2,2,2,1,2,1,2,2,2,2,2,2,1,1,2,1,1,2,2,1,2,1,2,2,2,1,2,2,2,1,2,234,74,2,2,1,2,1,1,1,1,2,1,2,2,2,1,1,2,1,1,2,2,1,2,1,2,1,2,1,1,2,2,1,2,2,1,2,1,2,1,1,2,2,2,2,1,2,2,1,2,1,0,3,2,1,9,3,3,2,3,4,1,2,6,2
1,234,75,2,2,1,4,8,6,14,3,2,1,2,0,0,2,1,1,2,3,1,3,3,1,3,1,1,3,3,3,1,2,2,2,1,2,2,2,2,1,1,2,1,2,2,2,1,2,1,2,2,2,2,2,1,1,1,1,2,2,1,2,1,2,2,2,2,2,1,1,2,2,1,2,234,75,2,2,1,2,1,1,1,1,2,2,2,2,2,1,1,2,1,1,2,2,1,2,2,2,1,1,1,1,2,2,1,2,1,1,2,1,2,1,2,2,2,2,1,2,2,2,1,2,3,0,3,2,5,8,3,3,1,4,4,1,2,6,5
1,234,76,2,4,4,5,5,6,6,2,2,4,2,0,0,2,1,1,2,4,1,1,2,2,2,1,2,1,2,1,1,1,2,1,1,2,1,2,1,1,1,1,1,2,2,2,2,2,1,1,2,2,2,2,1,1,2,2,1,1,1,2,1,2,1,2,2,2,1,2,2,1,1,2,234,76,2,2,1,2,1,1,1,1,2,2,2,2,2,1,1,1,2,2,2,2,1,2,1,2,1,0,1,1,2,2,1,2,0,1,2,2,1,1,2,2,1,2,1,2,2,1,1,1,1,1,1,2,5,9,3,3,2,3,4,1,2,5,7
1,234,77,2,3,3,3,7,5,6,2,2,4,2,0,0,1,2,1,1,5,1,3,2,1,0,2,1,1,1,2,1,2,2,2,1,2,2,2,2,1,1,1,2,1,2,2,1,2,2,2,2,2,2,1,1,2,2,0,2,2,2,1,2,1,1,2,2,2,1,2,2,0,1,2,234,77,2,1,1,2,1,1,0,2,2,2,2,2,1,1,1,2,1,1,2,2,1,2,2,1,2,0,2,1,0,1,1,2,0,1,2,1,1,2,2,2,2,2,0,2,2,1,1,2,2,3,1,2,5,6,3,3,2,3,4,1,3,4,18
1,234,78,2,3,2,3,8,5,2,2,2,4,1,4,1,2,1,1,1,4,1,3,3,1,3,1,1,1,1,1,1,1,1,2,1,2,2,1,1,1,1,2,2,2,2,1,1,2,1,2,1,2,2,1,2,2,1,2,2,2,1,2,2,2,2,2,2,2,1,1,1,2,1,2,234,78,2,2,1,1,2,1,1,2,2,1,2,2,1,1,1,2,1,2,2,2,1,2,2,2,1,2,2,1,1,1,1,2,2,1,2,1,2,1,1,2,1,2,1,2,2,2,1,2,1,2,2,2,2,4,3,3,2,2,4,1,2,6,54
1,234,79,2,2,3,3,8,6,9,1,2,4,2,0,0,1,2,2,4,6,1,1,3,2,4,2,1,1,1,1,1,0,2,2,1,1,1,2,2,1,1,1,2,2,2,1,1,2,2,2,2,1,2,2,1,2,2,1,2,2,1,2,1,1,1,1,1,2,1,1,2,2,1,2,234,79,2,2,1,2,1,2,1,1,2,1,2,2,2,1,1,2,1,1,1,2,1,2,2,1,1,2,1,1,1,1,1,1,2,1,1,1,1,2,1,2,2,1,1,2,2,2,1,2,2,2,2,2,6,2,3,3,1,4,4,1,2,6,53
1,234,80,2,2,2,3,5,5,8,2,2,1,1,2,1,2,1,3,3,6,1,1,4,2,4,2,1,1,2,1,1,2,2,2,1,2,2,2,1,1,1,1,2,1,2,1,1,2,1,2,2,2,2,2,2,1,1,1,1,1,1,1,1,1,1,2,2,2,1,2,2,1,1,2,234,80,2,1,1,2,1,1,1,1,2,2,2,1,1,1,1,2,1,1,2,1,1,2,1,2,1,1,1,1,2,2,1,1,2,1,2,1,2,1,2,2,1,1,1,2,2,2,1,2,3,1,1,1,1,2,3,3,1,4,4,1,2,2,4
1,234,81,2,2,1,4,7,3,3,3,2,4,2,0,0,3,1,1,1,6,1,3,4,1,3,1,2,1,1,1,2,1,2,1,1,2,1,2,2,1,1,2,1,2,2,1,1,1,1,2,2,2,2,2,1,2,2,2,1,2,1,1,1,1,2,2,2,2,1,2,2,2,1,2,234,81,2,1,1,2,1,1,1,1,2,2,2,1,2,1,1,2,2,1,2,2,1,2,1,2,1,2,1,1,2,2,2,1,1,1,2,2,2,1,2,2,2,2,1,2,2,2,2,2,2,1,3,2,5,7,3,3,1,3,4,1,1,6,63
1,234,82,2,2,2,2,7,5,3,3,2,4,1,2,3,2,1,1,2,3,1,3,2,2,2,2,1,2,1,1,1,2,2,2,1,2,2,2,2,1,1,1,2,1,2,1,2,1,1,2,1,1,2,2,2,2,1,1,1,2,1,1,2,2,1,1,2,1,1,2,2,2,1,2,234,82,2,1,1,2,1,1,1,1,2,1,2,1,1,1,1,2,1,1,2,2,1,2,1,2,1,1,1,1,1,2,1,2,1,1,2,1,2,1,2,2,2,2,1,1,2,2,1,2,1,1,2,2,1,2,2,3,2,4,4,1,1,6,58
1,234,83,2,4,2,4,5,6,6,2,2,2,1,2,1,2,1,1,3,6,4,1,1,1,1,1,2,2,1,1,1,2,2,1,1,2,2,1,1,1,1,2,2,1,2,2,1,2,1,2,2,2,2,2,2,2,1,2,1,2,1,2,1,2,1,1,2,2,1,1,2,2,1,2,234,83,2,1,1,2,1,1,2,1,2,2,2,1,2,1,1,2,1,1,2,2,1,2,1,2,1,2,1,1,2,1,1,1,2,2,2,1,2,1,2,2,2,2,2,1,2,2,2,2,1,1,2,2,1,4,3,3,1,3,4,1,2,4,34
1,234,84,2,4,1,3,8,5,3,3,2,1,2,0,0,2,1,1,1,6,4,1,2,2,2,1,1,1,2,2,1,1,2,2,1,2,2,1,1,1,1,2,2,2,2,2,1,1,1,2,1,2,2,2,1,2,2,2,1,1,1,1,1,1,1,2,2,1,1,2,2,1,1,2,234,84,2,2,1,1,1,1,1,1,2,2,2,2,2,1,1,2,1,2,2,2,1,2,2,2,1,2,1,1,1,2,1,2,1,2,2,1,1,1,1,2,2,1,2,1,2,2,1,2,1,1,2,2,5,10,2,3,2,2,4,1,1,6,27
1,234,85,2,2,4,4,6,6,6,2,2,1,1,2,1,2,1,1,1,2,0,3,2,2,2,1,1,1,1,1,2,2,2,1,1,2,1,2,2,1,1,2,1,2,2,1,1,2,2,2,2,2,2,2,2,1,1,2,2,1,1,2,1,2,2,2,1,2,1,2,2,2,1,2,234,85,2,1,1,2,2,1,2,1,2,1,2,2,2,1,1,1,2,2,2,2,1,1,1,2,1,2,1,1,2,2,1,2,2,2,2,2,2,1,2,2,2,1,2,2,2,2,1,1,1,1,2,2,1,10,3,3,2,4,4,1,2,4,15
1,234,86,2,3,1,2,7,4,4,2,1,5,1,1,1,2,1,1,1,5,2,3,3,3,2,1,1,1,3,1,1,1,1,1,1,2,2,1,2,1,1,1,2,2,2,1,1,1,1,2,1,2,2,1,1,1,1,2,1,2,1,2,1,2,2,2,2,1,1,1,2,2,1,2,234,86,2,1,1,2,1,1,1,0,2,1,2,2,1,2,1,1,1,2,2,2,1,2,2,1,1,2,0,1,1,2,2,2,2,2,2,1,2,2,2,1,2,1,1,1,2,1,2,3,3,1,2,2,1,5,3,3,1,2,3,1,2,4,36
1,234,87,2,4,2,5,7,6,9,1,2,4,1,3,2,2,1,1,1,6,1,3,1,1,1,1,1,1,1,1,2,2,2,0,1,2,1,2,1,1,1,0,2,2,0,1,1,2,1,0,2,2,2,1,1,1,1,0,1,0,1,1,1,2,1,0,2,2,2,1,1,0,1,2,234,87,2,0,1,2,1,0,1,1,2,0,2,0,2,1,1,0,2,1,2,2,1,2,0,2,1,0,1,1,0,0,0,0,0,2,0,2,0,1,2,2,2,0,2,2,2,1,1,2,2,1,1,2,1,6,3,3,1,4,4,1,1,4,45
1,234,88,2,3,2,2,7,4,4,2,1,5,1,3,1,2,1,1,2,4,2,3,2,2,1,1,1,2,3,1,1,2,2,2,1,2,2,2,2,1,1,2,2,1,2,2,1,2,1,2,1,2,2,2,2,2,1,1,2,2,2,1,1,2,1,2,1,1,2,1,1,1,1,2,234,88,2,1,1,2,1,2,1,2,0,2,2,1,1,1,2,1,2,1,2,1,2,2,2,1,1,1,2,1,1,1,1,1,2,1,2,1,2,1,2,2,1,1,1,1,2,2,2,3,1,3,2,2,1,8,2,3,1,3,3,1,2,2,25
1,234,89,2,2,1,3,7,3,14,2,2,1,1,2,3,2,1,1,2,6,1,3,2,1,3,1,1,3,1,3,1,2,2,1,1,1,2,2,2,2,1,1,1,1,2,2,1,2,1,1,2,1,2,1,1,2,1,1,1,1,1,2,2,1,2,1,2,1,1,2,1,2,2,2,234,89,2,2,1,2,2,1,1,1,1,2,2,2,1,1,1,2,1,1,2,2,1,1,2,1,1,2,1,1,2,2,1,2,1,1,2,2,1,1,1,2,2,1,1,2,2,2,2,2,3,3,1,2,4,7,3,3,2,3,4,1,1,6,65
1,234,90,2,2,1,4,7,4,15,1,2,4,1,3,3,2,1,1,1,6,1,3,2,1,1,1,1,2,3,1,1,2,2,2,1,2,1,2,1,2,1,2,2,1,2,1,1,2,2,1,2,1,2,2,1,1,1,2,2,2,1,1,1,2,2,2,2,1,1,2,2,2,2,2,234,90,2,2,1,2,1,1,2,1,1,2,2,1,1,1,1,2,1,1,2,1,1,2,1,2,0,0,2,2,1,1,1,2,1,1,2,2,2,2,2,2,2,2,1,2,2,2,1,2,1,1,2,2,0,7,3,3,1,4,4,1,3,3,16
1,234,91,2,3,2,2,7,5,5,3,2,4,2,0,0,1,1,1,3,1,2,3,2,2,2,2,3,1,1,1,1,2,2,2,1,2,2,2,2,2,2,0,2,1,2,1,1,2,2,2,1,1,0,1,2,2,1,2,1,0,0,1,2,2,2,2,2,2,1,2,2,2,2,2,234,91,2,2,1,0,1,0,1,1,1,0,2,2,1,1,0,2,1,1,2,1,1,1,2,1,1,0,1,1,1,2,1,1,1,1,0,2,2,1,0,2,1,1,1,1,2,2,1,2,2,1,2,2,5,7,2,3,2,2,4,1,1,5,15
1,234,92,2,2,3,5,8,4,4,2,2,4,1,2,1,2,1,1,2,6,1,3,2,2,2,2,1,1,2,1,2,2,1,1,1,2,2,2,2,2,1,1,2,1,2,1,1,2,1,1,1,1,2,2,2,2,2,1,2,2,1,2,2,2,1,2,1,2,1,2,2,2,2,2,234,92,2,1,1,2,1,2,1,1,1,1,2,1,2,1,1,2,1,1,2,2,1,2,2,1,2,2,1,2,1,1,1,2,2,1,1,1,1,2,1,2,2,1,2,2,2,1,1,2,2,1,2,2,1,7,3,3,1,5,4,1,2,2,7
1,234,93,2,3,2,4,8,5,5,3,2,1,2,0,3,1,1,1,2,6,4,1,3,2,2,3,1,1,3,1,1,2,1,2,1,1,2,2,2,2,1,1,2,2,2,1,1,2,0,2,1,1,2,2,2,2,2,0,2,2,2,1,1,0,1,2,0,1,1,2,2,0,2,2,234,93,2,1,1,0,2,2,0,0,1,1,2,2,1,1,1,2,1,1,2,1,1,1,0,2,1,0,1,1,0,1,1,2,0,1,2,2,0,0,1,1,2,1,1,1,2,1,2,2,2,1,2,2,5,6,3,3,2,3,4,1,1,5,5
1,234,94,2,2,3,4,8,0,0,0,0,0,2,0,0,1,1,1,2,5,1,1,2,1,1,1,1,1,1,2,1,2,1,2,1,2,2,2,2,2,2,1,1,2,2,1,1,2,2,2,1,1,2,1,2,2,2,1,2,2,2,1,1,2,2,2,2,2,1,1,1,1,2,2,234,94,2,1,1,2,2,1,1,2,1,1,2,1,1,1,1,2,1,1,2,1,1,1,1,1,1,2,1,1,1,1,1,2,1,1,2,1,2,2,2,2,2,1,1,2,2,1,1,2,1,2,1,2,5,9,3,3,2,4,4,1,1,1,10
1,234,95,2,2,3,5,7,4,9,1,2,4,2,0,3,2,1,1,3,6,1,3,4,1,3,2,2,1,1,3,2,1,2,1,1,1,2,2,1,2,2,2,1,1,2,2,2,2,1,2,2,2,2,2,1,1,1,2,1,1,1,2,1,2,2,1,2,2,2,1,1,2,2,2,234,95,2,1,2,2,2,2,1,1,1,2,2,2,2,1,1,2,1,1,1,2,1,1,2,1,1,2,1,1,2,2,1,2,2,2,2,2,1,1,1,1,1,2,1,1,2,2,2,2,1,0,3,2,5,4,3,3,2,3,4,1,1,7,10
1,234,96,2,3,4,3,6,6,6,2,2,1,1,3,1,2,1,1,1,4,1,1,2,2,2,1,2,1,1,1,2,2,2,2,1,2,2,1,1,2,1,2,2,2,2,2,1,2,2,1,1,1,1,2,1,1,2,2,2,1,1,1,1,2,1,2,2,1,1,1,2,2,2,2,234,96,2,1,1,1,1,2,2,2,1,1,2,2,1,1,2,1,1,1,2,1,1,2,2,1,1,2,2,1,1,1,2,2,1,2,2,2,2,1,2,2,2,1,1,1,2,1,2,2,2,1,1,2,4,9,3,3,1,2,4,1,2,4,26
1,234,97,2,3,2,4,8,4,6,2,2,1,1,2,1,2,1,1,3,6,1,3,3,1,3,2,1,1,1,1,2,2,2,2,1,0,2,1,1,2,1,1,2,1,2,1,1,2,2,2,1,1,2,2,2,2,1,2,1,1,2,2,1,1,2,1,0,1,1,1,1,2,2,2,234,97,2,1,1,1,1,2,1,1,1,2,2,2,1,1,1,2,1,1,2,2,1,1,1,1,1,2,2,1,2,1,2,2,1,2,2,1,2,1,1,2,2,1,1,1,2,2,1,2,1,2,2,2,1,7,3,3,1,2,4,1,2,4,48
1,234,98,2,3,4,5,8,5,15,3,2,2,2,0,0,2,1,1,2,4,1,3,3,1,3,2,1,1,3,3,2,2,2,2,1,2,1,2,2,2,1,1,2,2,2,1,1,2,1,0,2,1,2,2,1,2,2,0,2,2,1,1,2,2,2,2,2,2,0,2,2,0,2,2,234,98,2,1,1,2,2,1,1,1,1,1,2,1,2,1,1,2,0,1,1,2,1,2,1,2,1,0,1,1,2,2,1,2,0,2,2,2,2,2,2,2,2,2,1,2,2,2,1,2,1,1,3,3,5,8,3,3,2,2,4,1,1,5,8
1,234,99,2,3,2,5,8,5,3,3,2,1,1,3,3,2,1,1,2,4,1,3,3,1,3,2,1,2,3,1,1,2,1,1,1,1,2,2,2,2,1,1,2,1,2,1,1,2,2,2,1,2,1,2,2,2,2,1,1,1,1,1,1,1,1,1,1,1,1,1,1,1,2,2,234,99,2,1,1,2,1,1,1,1,1,2,2,2,1,1,1,2,1,1,2,1,1,1,2,1,1,1,2,1,2,1,1,2,0,2,1,1,1,2,1,1,2,1,2,1,1,2,1,2,2,1,2,2,1,7,3,3,1,3,4,1,1,6,33
1,234,100,2,3,3,4,8,6,9,1,2,1,2,0,0,1,1,1,1,1,5,3,2,2,2,1,1,1,2,2,1,2,1,2,1,1,2,2,2,2,1,1,2,1,2,1,1,2,2,2,1,1,2,2,2,2,2,2,1,2,2,2,1,2,1,2,2,1,1,2,2,2,2,2,234,100,2,2,2,2,2,2,1,1,1,2,2,2,2,1,1,2,1,1,2,1,2,1,2,1,1,1,1,1,2,1,1,2,1,2,2,1,1,1,2,2,1,1,1,1,2,2,2,2,2,1,2,2,6,8,3,3,2,4,4,1,1,7,12
1,234,101,2,2,2,2,7,5,2,2,1,5,2,0,0,1,2,2,2,5,2,3,2,1,2,2,2,1,1,1,2,2,1,0,1,2,2,2,1,2,1,1,2,1,0,1,1,2,1,2,1,1,2,2,1,2,1,0,2,2,2,2,1,2,2,2,2,2,1,2,2,0,2,2,234,101,2,1,1,1,2,2,2,2,1,1,2,2,1,1,1,1,2,2,2,2,1,2,1,2,1,0,1,1,1,0,1,1,1,2,2,2,2,1,1,2,1,1,1,1,2,1,1,2,2,0,2,2,5,5,3,3,2,5,4,1,2,3,1
1,234,102,2,3,2,3,7,5,2,2,1,5,1,3,3,2,1,3,3,5,1,1,2,2,4,2,1,3,3,1,2,2,2,1,1,2,2,2,2,2,1,2,2,2,2,1,2,2,1,1,2,2,1,2,2,2,1,2,1,1,2,1,2,2,2,1,2,2,1,2,2,1,2,2,234,102,2,2,1,2,2,1,1,1,1,1,2,2,1,1,1,2,1,1,2,2,1,2,1,2,1,2,1,1,1,2,1,2,2,2,2,2,2,1,2,1,2,2,1,2,2,1,0,2,2,2,2,2,2,4,3,3,2,2,4,1,2,6,57
1,234,103,2,2,3,3,8,4,5,3,2,1,2,0,0,1,3,1,2,3,1,3,2,1,1,1,1,2,2,1,2,1,2,2,2,2,1,2,1,2,1,2,0,1,2,1,1,2,2,1,2,2,2,2,2,1,1,2,1,2,1,1,1,2,0,2,2,2,1,1,1,0,2,2,234,103,2,1,1,2,1,1,2,1,1,1,2,2,1,1,1,1,1,1,2,1,1,2,1,1,1,1,1,1,2,2,1,2,1,2,2,2,2,1,2,2,1,2,2,2,2,1,1,2,1,2,2,2,5,8,3,3,1,3,4,1,3,5,16
1,234,104,2,3,4,3,8,5,14,3,2,1,2,0,0,1,1,1,2,5,7,3,4,2,0,2,1,1,2,1,2,2,1,0,1,0,1,2,2,2,0,1,0,1,0,1,1,2,0,2,1,0,2,0,2,2,0,0,2,1,0,2,1,2,0,2,0,0,1,2,2,0,1,2,234,104,2,1,0,2,2,2,1,0,1,1,2,1,1,0,1,2,1,1,2,2,2,2,2,1,1,0,2,0,0,2,1,2,0,0,0,2,2,2,1,2,2,0,2,2,0,2,0,2,1,0,1,2,5,8,3,3,2,1,4,1,1,5,6
1,234,105,2,3,2,5,7,5,6,2,2,1,2,0,3,2,1,1,2,6,1,3,2,1,2,2,1,2,1,2,1,1,1,2,1,2,2,2,2,2,2,1,2,1,2,2,2,2,2,2,1,1,2,1,2,2,2,1,1,0,2,2,1,1,1,2,2,2,1,2,2,2,1,2,234,105,2,1,2,2,1,1,1,2,1,1,1,2,1,1,1,0,1,1,2,1,2,1,2,2,1,1,1,1,1,1,1,2,1,1,2,2,1,2,2,1,2,1,1,2,2,2,1,2,2,1,3,2,5,9,3,3,2,1,4,1,2,4,8
1,234,106,2,3,2,2,8,5,8,2,2,1,1,3,1,2,1,2,3,6,1,3,2,1,1,2,1,1,2,1,2,1,2,1,1,1,2,1,2,2,1,2,2,2,2,2,1,2,1,2,1,2,2,2,2,2,1,2,1,2,1,1,1,1,1,1,2,0,1,1,1,1,1,2,234,106,2,1,1,2,1,1,1,0,1,2,2,1,1,1,1,2,1,2,1,2,1,2,1,1,1,1,1,1,1,1,1,1,2,1,2,2,2,2,2,2,2,1,1,1,1,2,1,2,2,2,2,2,1,3,3,3,2,2,4,1,2,2,10
1,234,107,2,3,2,3,6,5,6,2,2,1,1,1,1,2,1,2,3,5,1,1,3,1,3,1,2,2,2,1,1,2,1,2,1,1,2,1,2,2,1,2,1,2,2,2,1,1,1,1,1,1,2,2,2,2,1,1,1,2,1,1,1,2,1,0,2,2,1,2,1,1,1,2,234,107,2,1,1,0,1,1,1,0,1,2,2,2,1,1,1,2,1,1,2,1,1,2,1,2,1,2,1,1,2,2,2,2,2,1,2,1,0,1,1,2,1,2,1,2,2,2,2,2,2,1,1,2,1,7,1,3,1,2,4,1,2,2,27
1,234,108,2,4,3,4,7,5,8,2,2,4,1,3,3,2,1,1,3,6,1,2,2,2,2,2,2,1,1,2,1,1,2,2,1,2,1,2,2,2,1,1,2,1,2,1,1,2,1,2,1,2,2,1,2,2,2,2,2,1,2,1,2,2,2,2,2,1,1,1,2,2,1,2,234,108,2,1,1,2,2,2,1,2,1,1,2,2,1,1,1,2,1,1,2,1,1,1,1,2,2,1,1,1,2,1,1,2,1,1,2,1,2,2,1,1,2,2,1,2,2,2,1,2,2,1,2,2,2,9,3,3,2,1,4,1,2,5,25
1,234,109,2,2,3,2,8,4,4,2,2,4,1,3,1,2,1,1,2,5,2,3,3,2,2,2,1,1,2,1,1,2,2,2,1,1,2,2,2,2,1,1,2,2,2,1,1,2,1,1,1,1,2,2,2,2,1,2,1,2,2,2,1,2,1,1,1,2,1,2,2,1,1,2,234,109,2,1,1,2,2,2,1,2,1,2,2,2,1,1,1,2,1,1,2,2,1,2,2,1,1,2,1,1,2,1,1,1,1,1,1,1,2,2,1,2,2,1,2,1,2,2,1,2,1,2,1,2,1,10,3,3,2,1,3,1,2,2,29
1,234,110,2,3,2,2,8,4,4,2,1,5,1,2,1,2,1,1,2,4,7,3,3,1,2,1,1,1,2,1,1,2,2,2,1,2,2,1,1,2,1,2,2,2,2,1,1,2,1,2,1,2,1,2,1,2,2,2,2,2,1,2,1,1,1,2,2,1,1,2,2,1,1,2,234,110,2,1,1,2,2,2,1,1,1,2,2,2,2,1,1,2,2,2,2,2,1,2,2,1,1,2,1,1,2,1,1,2,1,1,2,1,2,1,2,1,2,2,1,2,2,2,1,2,1,0,2,2,1,7,3,3,1,1,3,1,2,2,13
1,234,111,2,3,2,5,8,4,4,2,2,4,1,2,1,2,1,1,2,5,1,3,3,1,3,2,1,2,1,1,1,2,1,1,2,1,2,2,2,2,1,1,2,1,2,1,2,2,2,2,1,1,2,1,2,2,1,2,2,2,1,2,1,2,1,1,1,1,1,2,2,1,1,2,234,111,2,1,1,2,2,2,2,2,1,1,2,2,2,1,1,2,0,1,1,1,2,1,1,1,1,2,2,1,1,1,1,1,2,1,2,2,1,2,1,0,2,1,1,1,2,2,1,2,1,1,2,2,1,3,1,3,1,2,4,1,2,2,37
1,234,112,2,3,1,2,6,5,4,2,1,5,1,2,3,2,1,1,1,6,1,1,4,1,3,1,1,3,3,1,1,2,1,2,1,2,2,2,1,2,1,1,1,1,2,1,1,2,2,2,1,1,2,2,2,2,1,1,1,2,2,1,1,2,1,2,2,1,1,1,1,1,1,2,234,112,2,1,2,2,1,2,1,1,1,2,2,2,2,1,1,2,1,1,2,1,1,1,2,1,1,2,1,1,1,2,1,2,1,1,2,1,1,1,1,2,2,1,1,1,2,2,2,2,2,1,2,2,2,9,3,3,2,2,4,1,2,6,62
1,234,113,2,3,1,2,7,4,3,3,2,4,2,0,0,2,1,1,4,6,2,1,2,1,1,2,1,1,2,2,2,2,1,1,2,2,2,2,1,2,1,1,2,1,2,1,1,2,1,2,1,1,2,2,2,2,2,2,2,2,1,2,1,2,1,1,2,1,1,2,2,2,1,2,234,113,2,1,2,2,2,2,2,2,1,1,1,2,2,1,1,2,1,1,1,2,2,1,2,1,1,1,2,1,2,2,1,1,1,1,2,2,1,2,1,2,2,1,1,1,2,2,1,2,2,0,2,2,5,4,3,3,2,3,4,1,2,6,21
1,234,114,2,3,1,3,5,6,7,2,2,4,1,2,1,2,2,2,1,2,1,3,1,1,1,1,1,1,2,1,1,2,2,2,1,2,2,2,1,2,1,2,2,2,2,1,1,2,1,1,1,2,2,2,2,0,2,2,2,1,1,2,2,2,2,2,2,2,1,2,2,2,1,2,234,114,2,1,1,2,2,1,1,1,1,2,2,2,1,1,1,2,1,1,2,2,1,1,2,2,1,2,1,1,2,1,1,2,2,1,2,1,1,1,2,2,2,2,1,2,2,2,2,2,2,1,3,3,4,8,3,3,1,4,4,1,2,4,29
1,234,115,2,2,1,4,8,4,3,3,2,1,1,3,3,2,1,1,3,4,1,3,1,1,2,1,1,3,1,2,2,2,2,2,1,1,2,2,2,2,1,1,2,1,2,1,1,1,1,2,2,1,2,2,2,2,1,2,2,2,2,2,1,2,1,2,2,2,1,1,1,1,1,2,234,115,2,2,1,2,2,1,2,1,1,1,1,2,2,2,2,2,2,2,2,2,1,2,1,2,1,2,1,1,1,1,1,1,2,1,2,1,2,1,2,1,1,2,1,2,2,2,1,2,1,0,1,2,4,5,2,3,2,4,4,1,2,6,6
1,234,116,2,2,1,4,6,4,3,3,2,1,2,0,0,3,1,1,2,6,1,3,4,1,3,2,0,0,0,1,2,2,1,0,1,0,2,2,2,2,1,1,0,2,0,1,1,2,1,1,1,1,2,2,1,2,1,0,1,2,2,1,1,2,1,2,0,0,1,1,1,0,1,2,234,116,2,2,1,0,1,1,1,1,1,1,2,1,2,1,2,0,0,2,2,2,1,2,2,2,0,0,0,1,0,2,1,2,0,1,2,1,0,2,1,2,0,0,1,2,2,2,2,2,3,2,2,2,5,6,3,3,1,3,4,1,3,3,18
1,234,117,2,3,2,4,8,5,14,3,2,1,2,0,0,1,2,0,2,5,1,3,3,1,2,1,1,1,1,1,2,2,1,0,2,2,2,2,2,2,1,1,1,1,0,1,1,2,2,2,1,1,2,2,2,2,2,0,2,2,2,2,1,2,1,2,2,1,1,1,1,0,1,2,234,117,2,1,1,0,2,1,2,1,1,1,2,2,1,1,1,2,1,1,2,2,1,1,1,1,1,0,1,1,0,1,1,2,0,1,2,2,2,2,2,1,2,1,1,2,2,2,1,2,1,1,2,2,5,8,3,3,2,2,4,1,1,3,22
1,234,118,2,2,3,3,7,6,15,1,2,2,2,0,0,2,1,1,2,3,7,4,3,2,3,2,1,1,1,2,2,2,2,2,1,1,2,1,2,2,2,1,2,1,2,1,2,1,2,2,1,1,1,1,2,2,1,2,2,2,2,2,1,2,1,2,2,2,1,2,1,1,1,2,234,118,2,1,1,2,2,1,2,2,1,1,2,2,1,1,1,2,1,1,2,2,1,1,1,1,1,2,2,1,1,2,1,2,1,1,2,1,2,2,2,2,2,1,1,2,2,2,2,2,2,2,2,2,5,8,3,3,2,4,4,1,1,1,3
1,234,119,2,3,1,3,7,6,3,1,2,1,2,0,3,2,1,1,1,6,1,3,2,1,0,1,1,2,1,1,2,2,2,2,1,1,2,2,1,2,1,1,2,2,0,1,1,2,1,2,1,1,2,2,2,2,2,2,0,2,2,1,2,2,1,1,1,1,1,2,1,0,1,2,234,119,2,1,1,2,1,1,1,1,1,1,2,0,1,1,1,1,1,0,2,1,1,0,1,2,1,0,2,1,2,2,1,1,0,1,2,2,0,2,2,2,1,1,1,2,2,2,2,2,1,0,3,2,5,5,2,3,0,4,4,1,1,6,16
1,234,120,2,3,3,4,8,5,3,1,1,5,2,0,0,2,1,3,2,6,0,1,3,2,4,2,1,1,1,3,2,2,1,1,1,1,2,2,2,2,2,1,2,1,2,1,1,2,2,2,1,1,2,2,2,2,2,2,1,2,2,2,2,2,2,2,1,2,1,1,1,2,1,2,234,120,2,1,1,2,1,1,1,2,1,1,2,2,1,1,1,2,1,1,2,2,2,1,2,1,1,2,1,1,2,1,1,2,2,1,2,2,2,2,1,1,1,1,2,1,2,1,2,2,2,1,1,2,5,4,3,3,2,2,4,1,2,7,23
1,234,121,2,3,1,5,7,5,8,2,2,4,2,0,0,2,1,1,1,4,1,3,1,1,1,1,2,2,3,1,1,2,2,0,1,1,2,2,2,2,1,0,1,2,2,1,1,2,1,2,2,1,2,2,1,2,2,0,0,2,2,1,1,2,2,2,2,2,1,1,1,0,1,2,234,121,2,2,1,0,0,1,1,2,1,1,2,2,1,1,1,2,1,1,2,1,1,1,1,2,1,0,2,1,0,1,1,1,0,1,2,1,2,2,2,2,2,2,2,1,2,1,2,2,1,1,2,2,5,10,3,3,2,2,4,1,2,5,2
1,234,122,2,3,3,3,7,6,9,1,1,5,1,5,2,2,1,1,1,4,9,1,1,1,1,2,1,2,2,1,1,2,2,2,1,2,2,2,1,2,1,1,2,2,2,1,2,2,1,2,2,1,1,2,2,1,1,2,2,2,1,2,1,1,1,2,2,2,1,2,2,2,1,2,234,122,2,1,1,2,1,1,1,2,1,2,2,2,2,1,1,1,1,2,2,2,2,1,1,2,1,2,2,1,1,1,1,2,1,1,2,1,2,1,1,2,2,1,2,1,2,1,1,2,2,0,2,2,4,6,3,3,2,4,4,1,2,7,5
1,234,123,2,4,1,3,8,6,3,2,1,5,2,0,0,2,1,1,1,1,1,3,1,1,1,1,1,1,2,1,1,2,2,2,1,2,2,2,2,2,1,1,1,2,2,2,1,2,1,2,2,2,2,2,1,1,1,2,1,1,1,1,1,2,1,2,2,2,1,1,2,2,1,2,234,123,2,1,1,1,1,1,1,1,1,2,2,1,1,1,1,1,1,1,1,1,1,2,2,1,2,2,2,2,2,1,1,2,1,2,1,1,1,1,2,2,1,2,2,2,1,2,2,2,1,1,2,2,5,8,3,3,1,3,4,1,2,6,17
1,234,124,2,3,1,3,7,4,3,3,2,4,2,0,0,2,1,1,1,4,1,3,2,3,2,1,1,1,3,3,2,2,1,2,1,2,2,1,2,2,1,1,2,2,2,2,1,2,1,2,1,1,2,2,1,2,2,2,1,2,1,2,1,1,2,2,2,1,1,2,2,2,1,2,234,124,2,1,1,1,1,1,2,2,1,1,2,1,2,1,2,2,1,2,1,2,2,2,1,1,1,1,1,1,1,1,1,2,2,2,2,1,2,1,2,1,2,1,1,2,2,2,2,2,2,3,2,2,5,8,3,3,2,3,4,1,2,6,26
1,234,125,2,3,3,3,8,6,4,2,2,0,1,3,1,2,1,1,1,5,0,0,2,1,1,1,1,1,1,1,1,2,1,1,1,2,1,2,2,2,1,1,2,2,2,1,2,2,1,1,2,2,2,1,2,2,1,1,1,2,1,2,2,2,1,2,2,1,2,1,1,2,1,2,234,125,2,2,1,2,1,1,1,1,1,1,2,1,1,1,1,2,1,1,2,1,1,2,1,1,1,2,1,1,1,2,1,2,2,2,2,2,2,1,2,2,1,2,1,2,2,1,1,2,1,1,2,2,1,10,1,3,1,3,4,1,2,2,6
1,234,126,2,2,4,3,6,5,8,2,1,5,1,1,1,2,1,1,1,6,1,4,2,1,2,2,1,1,1,1,1,2,1,1,1,2,2,1,1,2,1,1,2,2,2,2,2,2,1,2,2,2,2,2,1,1,1,2,1,1,2,1,1,2,1,2,1,2,1,2,2,1,2,2,234,126,2,2,1,2,1,1,1,1,2,2,2,2,2,1,1,2,1,1,2,2,1,2,2,1,1,2,2,1,2,2,1,2,2,0,2,2,2,1,2,2,1,2,2,1,2,2,2,2,1,1,2,2,1,7,1,3,0,2,4,1,2,2,17
1,234,127,2,4,3,5,8,6,6,2,2,1,2,0,3,2,1,1,2,5,1,3,2,1,1,1,2,2,2,1,1,1,2,2,1,2,2,2,1,2,1,1,1,2,2,2,2,2,1,2,2,2,2,2,1,0,1,2,2,2,1,1,1,2,1,2,2,2,1,2,2,2,2,2,234,127,2,2,1,2,1,1,1,0,2,2,2,1,2,1,1,1,2,2,2,2,1,2,2,1,1,2,0,1,1,0,1,2,0,0,2,2,0,1,2,2,2,2,2,2,2,2,2,1,1,2,2,2,5,10,3,3,2,3,4,1,2,4,30
1,234,128,2,3,4,3,7,6,2,2,2,1,1,2,1,1,2,2,0,5,1,4,1,1,3,1,1,2,2,1,1,1,2,2,1,2,2,1,1,2,1,2,2,2,2,2,2,2,1,2,2,2,2,2,2,1,1,2,1,1,2,2,1,2,2,0,2,2,2,2,2,2,2,2,234,128,2,2,1,1,1,1,1,1,2,2,2,1,2,1,1,2,1,1,2,2,1,2,2,2,1,1,0,1,2,2,1,2,2,0,2,1,2,1,2,2,2,2,1,2,2,2,2,3,1,3,2,2,1,8,3,3,1,4,4,1,2,5,17
1,234,129,2,4,3,4,7,5,6,2,2,2,1,3,1,2,1,1,2,6,1,3,1,1,1,1,1,1,1,1,2,1,1,2,2,2,1,2,1,2,1,2,1,2,2,2,1,1,1,2,2,2,2,1,1,2,1,2,1,2,1,2,1,2,1,2,2,1,2,1,2,2,2,2,234,129,2,2,1,2,1,1,1,1,2,2,2,1,2,2,1,2,1,2,2,2,2,2,1,2,1,2,2,1,1,2,1,2,1,1,1,2,2,1,2,2,2,2,2,2,2,2,2,2,2,1,2,3,1,1,1,3,1,2,4,1,2,4,38
1,234,130,2,4,3,2,7,6,6,2,2,4,1,5,1,2,1,1,1,4,9,3,1,1,1,1,1,1,3,1,1,2,2,1,1,2,2,2,1,2,1,2,2,2,2,2,2,1,1,1,2,2,2,2,2,1,1,2,1,1,2,1,1,2,2,2,2,1,1,2,2,2,2,2,234,130,2,2,1,2,1,1,1,1,2,2,2,1,2,1,1,1,2,1,2,2,1,2,2,2,1,2,1,1,1,2,1,2,2,1,2,1,1,1,2,2,2,2,2,2,2,2,2,1,1,1,2,2,4,6,3,3,1,4,4,1,2,4,17
1,234,131,2,2,2,5,7,4,8,2,2,4,2,0,3,2,1,1,1,6,1,3,1,1,1,1,1,1,3,1,1,1,2,1,1,2,2,2,2,2,1,2,1,2,2,2,2,2,1,2,2,2,2,2,2,1,1,1,1,1,2,2,2,2,2,2,2,2,1,1,2,1,2,2,234,131,2,2,1,2,1,1,1,1,2,1,2,1,2,1,1,2,1,2,2,2,1,2,1,2,1,2,1,1,1,1,1,2,1,1,2,1,1,1,1,2,1,2,2,2,2,2,2,2,1,2,1,2,5,5,3,3,1,3,4,1,1,4,11
1,234,132,2,2,2,2,7,4,3,2,1,5,2,0,0,2,1,1,1,6,2,1,5,3,5,2,1,2,3,1,2,2,2,1,1,2,2,2,1,2,1,1,1,2,2,2,1,2,1,2,2,1,2,2,2,2,2,2,1,1,2,2,2,2,2,2,2,2,1,2,2,2,2,2,234,132,2,1,1,2,1,2,1,1,2,2,2,2,2,1,1,1,1,1,2,2,1,2,2,1,1,1,1,1,2,1,2,2,2,1,2,1,2,1,2,2,2,2,2,2,2,1,2,2,2,3,1,2,5,8,3,3,2,4,4,1,2,6,45
1,234,133,2,2,3,4,8,4,4,2,2,1,1,2,1,2,1,1,2,6,1,1,2,1,1,2,1,2,2,1,1,2,2,2,1,1,2,2,2,2,1,1,2,2,2,1,1,2,1,2,2,2,2,1,2,2,2,2,2,2,1,1,1,1,2,2,2,2,1,2,2,2,2,2,234,133,2,2,1,2,1,2,1,1,2,1,2,2,1,1,1,1,2,1,2,1,1,2,1,1,2,1,1,2,2,2,2,1,2,1,2,1,1,1,2,1,2,1,1,2,2,2,1,2,1,2,2,2,1,8,3,3,1,2,4,1,2,2,31
1,234,134,2,2,1,4,5,3,8,2,2,1,2,0,0,3,3,3,3,6,1,3,2,2,2,0,2,2,3,0,1,2,2,2,1,0,2,2,2,2,1,1,0,2,2,1,1,2,1,1,1,1,2,2,2,0,0,0,1,2,1,2,2,1,1,2,1,1,1,2,2,2,2,2,234,134,2,2,1,0,1,1,1,1,2,2,2,1,1,1,1,0,1,1,2,1,1,1,2,2,1,1,2,1,1,2,0,1,1,1,2,1,2,2,2,2,2,1,1,2,2,2,2,2,1,0,3,3,5,5,3,3,2,3,4,1,2,6,30
1,234,135,2,4,3,3,6,6,2,2,1,5,1,3,1,2,1,1,1,3,1,3,2,1,1,1,1,2,2,1,1,2,2,1,1,2,2,2,1,2,1,2,2,2,2,1,1,2,1,1,2,1,2,2,2,2,2,2,1,2,1,1,1,2,1,2,2,1,2,2,2,1,2,2,234,135,2,1,1,2,1,1,1,1,2,2,2,1,2,1,1,2,2,1,2,2,1,2,2,2,1,2,2,1,2,1,1,2,2,1,2,1,2,1,1,2,1,2,1,1,2,2,2,1,1,1,1,2,1,10,3,3,1,4,4,1,2,4,21
1,234,136,2,4,3,3,8,5,3,3,2,1,2,0,0,1,1,1,1,6,0,3,1,1,1,1,1,2,2,1,1,2,2,2,1,2,2,2,2,2,1,2,0,2,2,1,1,2,1,2,2,2,2,2,1,2,2,2,2,2,1,2,1,2,1,2,2,1,1,2,2,1,2,2,234,136,2,1,1,2,2,1,1,1,2,2,2,2,1,1,1,0,2,2,2,1,1,2,2,1,1,2,2,1,0,1,1,1,0,1,2,1,2,1,2,2,2,2,2,2,2,2,2,2,1,0,2,2,5,8,3,3,1,3,4,1,0,6,3
1,234,137,2,2,3,3,8,5,7,3,2,4,2,0,0,2,1,1,2,6,1,3,2,1,2,2,2,1,1,3,2,2,1,2,1,1,2,2,2,2,1,2,1,2,2,1,1,2,1,2,2,1,2,2,2,1,1,2,2,1,2,2,1,2,2,2,2,1,1,2,2,2,2,2,234,137,2,1,1,2,1,1,1,1,2,1,2,1,1,1,1,1,1,1,2,1,1,2,1,1,1,2,2,1,1,1,1,2,1,1,2,2,2,1,1,2,2,1,1,2,2,2,1,2,1,1,1,2,5,6,3,3,2,4,4,1,3,6,4
1,234,138,2,3,3,3,8,5,14,3,2,1,2,0,0,1,2,2,3,5,1,3,2,1,5,2,1,1,2,1,1,2,2,1,1,2,2,1,2,2,2,1,1,1,2,1,2,2,1,2,1,1,2,2,2,0,0,0,2,2,0,1,2,2,2,2,2,2,1,1,1,0,2,2,234,138,2,1,1,2,1,2,2,0,2,1,2,1,1,1,2,2,1,1,2,1,1,1,1,1,1,1,2,1,1,2,1,2,0,1,2,1,0,2,2,2,2,2,2,2,2,2,1,2,1,1,2,2,5,8,3,3,2,2,4,1,1,5,24
1,234,139,2,3,3,4,6,5,3,3,1,0,2,0,0,2,1,2,3,4,1,1,2,1,1,1,1,1,2,1,2,2,2,1,1,2,2,2,2,2,1,2,1,2,2,1,1,2,1,2,2,2,2,1,2,2,1,2,2,1,2,1,1,2,1,1,2,2,1,2,2,1,2,2,234,139,2,2,1,2,2,1,1,1,2,1,2,2,1,1,1,2,1,1,2,2,1,2,2,2,1,2,1,1,1,2,1,1,1,1,2,1,2,1,2,2,2,2,2,2,2,2,1,2,2,0,2,2,6,2,2,3,2,2,4,1,1,6,29
1,234,140,2,3,3,3,8,6,1,1,2,4,2,0,0,2,1,1,1,6,0,1,2,1,2,1,1,1,1,1,0,0,2,0,1,0,2,2,1,2,2,2,1,2,0,2,1,2,1,2,2,2,1,2,2,0,0,0,1,1,1,1,2,2,2,2,2,2,2,2,2,0,2,2,234,140,2,2,1,2,2,1,1,0,2,2,2,1,2,1,1,0,0,0,2,2,1,2,2,2,0,0,0,1,0,0,1,2,0,2,2,2,0,0,2,2,2,2,2,2,2,2,1,2,1,1,3,2,5,10,3,3,2,4,4,1,2,7,13
1,234,141,2,4,2,5,8,5,3,3,1,5,1,2,3,2,1,1,1,6,1,3,1,2,2,2,1,2,3,3,1,2,1,2,1,1,2,2,2,2,1,1,2,1,2,2,1,2,2,2,2,2,2,2,2,2,2,1,1,2,2,1,1,1,2,2,2,2,2,2,2,2,2,2,234,141,2,1,1,2,1,1,1,1,2,2,1,1,1,1,1,2,1,1,2,2,1,1,2,1,1,2,1,1,2,1,2,1,1,2,2,1,2,1,2,2,2,1,2,1,1,2,1,2,1,1,3,2,5,10,3,3,1,0,4,1,2,6,8
1,234,142,2,3,2,3,7,6,3,3,2,4,1,3,1,1,1,1,3,5,1,3,2,2,2,2,2,2,2,1,2,1,2,1,1,2,1,2,1,2,1,2,2,2,2,2,1,2,1,1,2,2,2,2,2,2,1,1,1,2,2,2,1,2,1,1,2,2,1,1,2,2,2,2,234,142,2,2,1,2,1,1,1,1,2,2,2,2,2,1,1,2,1,1,2,1,1,2,2,2,1,1,2,2,2,2,1,2,2,2,2,2,2,1,2,2,2,1,1,2,1,1,1,2,1,2,2,2,6,4,3,3,1,4,4,1,1,6,40
1,234,143,2,3,3,3,6,5,3,3,2,4,1,2,3,2,1,1,2,5,1,3,2,1,1,1,1,1,1,1,1,2,2,2,2,2,1,2,2,2,1,1,1,2,2,1,1,2,1,2,2,2,2,2,1,1,1,2,1,2,2,2,1,2,2,2,2,2,1,2,2,2,2,2,234,143,2,2,1,2,1,1,1,1,2,2,2,1,2,1,1,1,1,2,2,2,1,2,2,2,1,2,1,1,1,2,1,2,2,2,2,1,2,2,2,2,2,2,1,2,2,2,1,2,2,1,2,2,1,8,2,3,2,1,4,1,2,6,42
1,234,144,2,4,4,5,8,6,6,2,1,5,1,3,2,2,1,1,1,4,1,3,2,1,1,1,1,1,1,1,1,1,2,2,1,2,2,2,2,2,1,1,2,2,2,1,1,1,1,2,2,2,2,2,1,1,2,2,1,1,1,1,2,2,2,2,2,2,2,2,2,2,2,2,234,144,2,2,1,2,1,1,1,1,2,2,2,2,2,1,1,2,2,1,2,2,1,2,2,2,1,1,2,1,1,2,1,2,2,2,2,1,1,2,2,2,2,2,2,2,2,2,2,1,1,1,2,2,1,10,3,3,1,2,4,1,1,4,23
1,234,145,2,4,3,3,7,6,15,3,2,4,1,3,3,2,1,1,1,6,0,1,1,1,1,1,1,2,2,2,1,1,2,2,1,2,2,1,2,2,1,2,2,2,2,1,1,2,2,2,2,1,2,2,1,2,1,0,2,2,1,2,2,2,0,2,2,2,1,1,1,0,2,2,234,145,2,1,1,2,2,2,2,0,2,2,2,1,0,1,1,2,0,2,2,2,1,2,2,1,0,0,1,1,0,0,1,2,0,2,2,1,1,1,2,2,2,2,1,2,2,2,2,2,1,1,2,2,1,8,3,3,2,2,4,1,1,3,4
1,234,146,2,3,1,3,8,5,3,3,2,1,1,3,1,2,1,1,1,5,2,3,2,2,2,3,2,1,0,1,1,2,1,2,1,2,2,1,1,2,1,2,1,2,2,1,1,1,2,2,1,1,2,2,1,2,2,2,2,2,1,1,1,1,1,2,1,2,1,2,2,2,2,2,234,146,2,2,2,1,1,1,1,1,2,1,2,2,1,1,1,1,1,1,2,1,1,2,1,1,1,1,1,1,1,2,1,0,1,2,1,1,2,1,2,2,1,1,2,1,2,1,2,2,2,3,3,3,2,9,3,3,1,3,4,1,2,6,24
1,234,147,2,2,1,3,6,3,12,3,2,1,2,0,0,2,1,1,1,4,1,3,1,1,1,1,1,2,1,1,1,1,2,0,1,1,2,1,2,2,1,2,1,2,0,1,1,2,1,1,2,2,2,2,2,2,2,0,1,2,1,2,2,1,2,2,2,0,2,2,2,0,2,2,234,147,2,2,1,0,1,1,1,1,2,2,2,2,2,1,1,2,0,1,2,1,1,2,2,2,1,0,1,1,2,1,2,1,2,2,2,1,2,1,2,2,2,2,1,2,2,1,2,2,2,1,2,2,6,8,2,3,1,3,4,1,2,6,46
1,234,148,2,3,2,4,7,5,3,3,1,5,2,0,0,2,1,3,2,6,1,3,2,2,2,1,0,2,1,1,2,2,2,2,2,2,2,2,2,2,2,2,2,1,2,1,1,2,1,1,2,1,2,2,2,2,1,2,1,1,1,1,1,2,2,2,2,1,1,2,2,2,0,2,234,148,2,2,1,2,1,1,1,1,2,2,2,1,2,1,1,2,1,1,2,2,1,2,2,1,1,2,2,1,1,0,2,2,0,0,2,2,2,1,2,2,2,2,1,1,2,2,2,2,1,2,2,2,5,6,3,3,2,4,4,1,2,6,67
1,234,149,2,3,3,5,7,4,6,2,2,4,2,0,0,2,1,1,1,6,4,3,4,2,4,2,1,1,1,1,1,2,2,1,2,2,2,1,1,2,1,2,2,2,2,1,1,2,1,2,2,2,2,2,2,1,1,1,1,2,1,1,1,2,1,2,2,2,1,1,2,0,0,2,234,149,2,1,1,0,1,1,1,0,2,2,2,2,0,1,1,2,0,1,2,2,1,2,0,1,0,0,0,1,0,1,0,2,0,1,2,1,2,1,2,2,0,0,0,2,2,2,2,2,1,1,2,2,5,9,3,3,0,1,4,1,3,4,47
1,234,150,2,4,1,5,5,6,3,3,2,1,1,3,2,1,1,1,1,5,9,3,1,1,1,1,2,2,1,2,1,0,2,1,1,2,2,1,2,2,1,1,0,2,2,1,1,0,1,0,1,1,2,0,2,0,1,1,1,1,2,1,1,1,2,2,2,2,0,1,2,2,0,2,234,150,2,2,1,2,0,0,1,1,2,0,2,0,0,1,1,1,2,1,2,0,1,2,2,1,1,2,1,1,2,2,0,2,2,2,2,2,0,1,2,2,2,0,0,2,2,1,2,1,1,2,2,0,6,0,0,0,0,4,4,1,2,6,64
1,234,151,2,3,4,3,6,5,9,1,2,1,2,0,0,2,1,1,1,4,4,3,2,1,1,1,3,3,1,2,1,1,2,2,1,2,1,2,2,2,1,1,1,2,2,2,1,2,2,2,2,2,2,2,2,1,1,2,2,2,1,1,1,2,1,2,2,2,2,1,2,2,1,2,234,151,2,2,1,2,2,1,1,1,2,2,1,1,2,2,1,2,1,2,2,2,1,2,2,1,1,2,1,1,1,2,1,2,2,1,2,2,1,1,1,2,2,2,2,1,2,2,2,2,1,1,2,2,5,9,1,3,2,3,4,1,1,1,42
1,234,152,2,2,1,4,6,4,3,3,2,1,1,3,3,2,1,1,2,4,1,3,2,1,1,1,1,1,2,1,1,2,2,2,1,2,2,2,2,2,2,1,1,2,1,2,1,1,2,2,2,2,1,2,1,2,2,2,1,2,2,1,2,1,1,1,2,2,1,1,1,2,1,2,234,152,2,2,1,1,1,2,2,2,2,2,2,2,2,1,1,2,1,1,2,1,1,1,1,2,1,2,1,1,1,2,1,2,2,1,1,1,2,2,2,1,2,2,1,2,2,2,1,2,1,2,2,2,0,8,3,3,2,4,4,1,1,6,9
1,234,153,2,2,3,2,7,4,3,3,2,1,2,0,0,2,1,1,1,3,2,3,3,1,1,2,1,3,1,1,2,2,2,1,1,2,2,2,2,2,1,1,2,2,2,1,1,2,1,1,1,2,2,2,2,2,1,2,2,2,2,1,1,2,1,2,2,1,1,2,2,2,1,2,234,153,2,1,2,2,1,1,1,1,2,2,2,1,1,1,1,2,1,1,2,1,1,2,2,1,1,1,1,1,1,1,1,2,1,1,2,1,1,1,1,2,1,1,1,1,1,2,1,2,1,0,1,3,5,7,3,3,1,3,4,1,2,6,23
1,234,154,2,3,3,3,7,5,3,3,1,4,1,2,3,2,1,1,1,3,1,3,1,1,1,2,1,1,3,1,1,2,2,2,1,2,2,2,2,2,1,1,2,2,2,1,2,2,1,2,1,2,2,2,1,2,1,2,2,2,2,1,2,2,1,2,2,2,1,2,2,2,1,2,234,154,2,2,1,2,1,1,2,1,2,2,2,2,1,1,1,2,2,2,2,2,1,2,1,1,1,2,1,2,1,1,1,1,1,1,2,1,1,2,2,2,1,1,2,1,2,2,2,3,3,3,2,2,1,7,3,3,1,3,4,1,2,6,60
1,234,155,2,2,1,4,7,4,15,3,2,4,1,3,3,2,1,1,2,5,1,3,2,1,1,2,1,2,1,3,1,1,1,2,1,2,1,1,2,2,2,1,1,2,2,1,1,2,1,2,1,2,2,1,1,2,1,1,1,2,2,2,1,2,2,2,2,2,1,1,1,1,1,2,234,155,2,2,1,2,1,2,1,1,2,2,2,1,1,1,1,2,1,1,2,1,2,2,2,1,1,2,1,1,1,1,2,2,2,1,2,1,2,2,2,2,2,2,1,2,2,2,2,2,2,1,2,2,4,8,3,3,1,4,4,1,1,6,39
1,234,156,2,3,2,4,8,5,3,3,2,4,2,0,0,1,2,2,1,1,0,3,3,2,3,1,1,2,2,2,1,2,2,2,2,2,2,2,2,2,1,2,1,1,2,1,2,2,2,2,2,2,2,2,1,2,0,2,1,1,1,0,1,2,2,2,2,2,1,1,2,0,1,2,234,156,2,1,0,0,2,1,1,1,2,2,2,2,0,1,2,2,0,0,2,0,1,1,2,1,1,2,1,1,0,2,0,2,0,1,2,1,2,2,2,2,2,0,1,2,2,1,2,3,1,1,2,2,5,9,3,3,2,1,4,1,1,5,31
1,234,157,2,3,2,2,7,5,3,3,2,4,1,3,2,2,1,2,5,6,0,2,3,2,2,3,1,2,1,1,1,2,2,1,2,1,2,2,2,2,1,2,2,1,2,1,1,2,2,1,1,2,2,2,2,2,2,1,2,2,2,2,2,2,1,1,2,1,1,1,2,2,1,2,234,157,2,1,1,1,1,2,2,2,2,1,2,1,1,2,1,2,1,1,1,2,2,1,1,1,1,1,1,1,1,1,1,2,1,1,2,1,1,2,1,2,2,1,2,2,2,1,2,2,1,1,2,2,2,1,2,3,2,2,4,1,1,6,34
1,234,158,2,2,3,5,8,3,3,3,3,2,2,0,0,2,1,1,2,5,4,3,1,1,1,1,2,2,1,1,1,1,2,2,2,2,2,1,1,2,1,1,1,2,2,2,1,2,2,1,2,2,1,1,1,1,2,2,2,2,1,2,1,2,1,2,2,2,2,2,1,1,1,2,234,158,2,2,1,2,1,1,1,1,2,1,2,2,2,1,1,1,1,2,2,2,1,2,1,2,2,1,1,1,2,2,1,2,2,2,2,1,2,2,2,2,2,2,1,2,2,2,1,2,1,1,2,2,5,6,3,3,1,1,4,1,2,6,50
1,234,159,2,3,2,4,8,5,3,3,2,1,2,0,0,2,1,3,3,3,1,3,3,2,2,2,1,2,3,1,1,2,2,2,1,1,1,2,2,2,1,1,1,2,2,2,1,2,1,2,2,2,2,2,1,2,2,2,1,2,1,1,1,2,1,1,2,1,1,2,2,2,1,2,234,159,2,1,1,2,2,1,1,1,2,1,2,2,1,1,2,2,2,1,2,2,1,2,1,1,1,2,1,1,1,2,1,1,1,2,1,1,2,1,2,2,2,1,2,2,2,2,1,2,2,2,1,2,5,6,3,3,1,3,4,1,1,6,32
1,234,160,2,3,2,5,7,5,8,2,3,5,2,0,0,2,1,1,2,4,1,1,2,2,2,1,1,2,3,1,1,0,1,2,1,2,2,2,1,2,1,1,1,1,2,2,1,1,2,2,2,1,2,2,1,1,0,0,1,0,1,2,0,2,1,2,2,0,0,1,2,0,1,2,234,160,2,1,1,2,1,0,1,1,2,2,2,2,2,1,1,1,0,1,2,1,1,1,2,1,1,0,2,1,1,2,1,2,0,2,2,0,2,1,2,2,2,2,0,2,2,1,1,2,2,1,2,2,5,7,2,3,2,3,4,1,2,5,19
1,234,161,2,0,4,3,3,0,13,0,3,4,1,2,0,0,2,1,1,1,6,1,1,2,1,1,2,2,2,1,1,1,0,2,2,2,2,2,2,2,2,2,1,2,2,2,1,1,2,1,2,1,2,2,1,1,2,1,1,2,2,1,2,2,1,2,2,2,1,1,2,0,1,2,234,161,2,1,1,2,1,1,1,1,2,2,2,2,1,1,2,1,1,2,2,2,1,2,2,1,1,1,1,1,1,2,1,2,1,2,2,1,1,1,2,2,2,1,2,2,2,1,2,2,2,1,1,2,5,7,1,3,1,3,4,1,1,6,10
1,234,162,2,3,2,2,7,5,4,3,2,4,1,4,3,2,1,1,1,3,1,3,2,2,2,2,1,1,2,1,1,2,2,2,1,2,1,2,2,2,1,1,2,2,2,1,1,2,1,2,2,0,2,2,2,1,1,2,2,2,1,2,2,2,1,2,2,1,1,2,2,1,1,2,234,162,2,2,1,2,1,1,1,1,2,1,2,2,2,1,1,2,1,1,2,1,1,2,2,2,1,2,2,1,2,1,1,2,2,2,2,1,2,1,2,2,1,2,1,1,2,2,1,2,1,1,2,2,2,7,3,3,1,2,4,1,1,6,61
1,234,163,2,3,3,3,8,5,14,3,1,5,2,0,0,1,1,1,1,6,1,1,2,2,2,2,1,1,2,1,2,2,1,1,2,2,2,2,2,2,1,1,1,1,2,1,1,2,1,2,1,1,2,1,2,2,2,1,2,2,2,1,2,2,2,2,2,2,1,2,2,0,1,2,234,163,2,1,1,2,1,2,1,2,2,1,2,1,1,1,2,2,1,1,2,2,2,1,1,1,1,1,2,1,2,1,1,2,0,2,2,2,2,1,2,2,2,1,1,2,2,2,2,2,3,1,1,2,5,7,3,3,2,2,4,1,1,5,18
1,234,164,2,2,2,2,7,4,9,1,1,5,1,3,1,2,1,1,1,3,2,3,2,1,3,1,2,1,2,3,1,2,0,0,2,2,2,1,2,2,1,1,2,2,2,1,1,2,1,2,1,0,2,1,1,2,2,1,1,2,1,1,1,1,2,2,0,1,1,1,1,2,1,2,234,164,2,1,1,0,1,2,1,0,0,2,2,2,0,1,1,2,1,1,2,2,1,2,0,2,1,2,1,1,2,2,0,1,1,1,2,0,2,1,1,2,1,1,1,1,2,0,0,2,2,1,2,2,1,4,3,3,2,4,4,1,2,2,35
1,234,165,2,3,3,3,7,5,15,3,1,5,1,4,2,2,1,1,1,6,0,1,2,1,1,1,2,3,3,1,1,1,2,2,1,2,2,2,1,2,1,2,2,2,2,2,1,2,1,2,2,2,2,2,1,1,1,0,2,1,1,2,2,2,1,2,2,2,1,1,1,0,1,2,234,165,2,1,1,2,1,1,1,1,0,0,2,2,1,1,1,1,2,1,2,2,1,2,0,2,1,0,2,1,2,2,1,2,0,1,2,2,0,0,2,2,2,2,1,2,2,2,0,1,1,2,1,2,0,8,3,3,1,2,4,1,1,3,5
1,234,166,2,3,3,5,5,5,6,2,2,4,2,0,0,2,1,1,1,6,1,1,1,1,1,1,2,2,3,2,2,2,1,2,1,2,2,2,2,2,1,0,2,1,2,1,1,1,1,1,1,1,2,0,0,0,0,0,1,0,2,2,0,0,0,2,0,0,1,0,2,0,0,2,234,166,2,1,1,2,0,1,0,0,0,1,0,2,1,1,1,0,1,1,2,2,0,2,0,2,1,0,1,1,0,0,0,0,0,1,0,2,0,0,0,0,0,0,0,2,2,2,0,2,1,1,3,3,5,9,3,3,2,2,4,1,3,4,3
1,234,167,2,4,3,4,6,6,4,2,2,1,1,1,3,2,1,1,2,5,9,1,3,1,3,1,1,1,2,1,1,1,2,2,1,2,1,2,1,2,1,2,1,2,2,1,2,2,1,2,2,2,2,2,2,1,1,2,2,1,1,1,1,2,1,2,2,2,2,2,2,2,1,2,234,167,2,2,1,2,1,1,1,1,2,2,2,2,2,1,1,1,2,1,2,2,1,2,2,2,1,2,1,1,2,2,1,2,0,2,2,1,1,1,2,2,2,2,1,2,2,2,2,1,1,0,1,2,0,7,2,3,1,4,4,1,1,7,11
1,234,168,2,4,2,4,6,6,15,2,3,1,1,5,2,2,1,3,3,6,1,3,2,1,1,1,2,2,3,1,1,1,2,1,1,2,1,2,2,1,1,1,1,2,2,2,2,2,1,2,1,2,1,2,1,1,1,1,1,2,1,2,1,2,1,2,2,2,2,2,2,2,2,2,234,168,2,1,1,1,2,1,1,1,2,2,2,1,2,1,1,2,1,1,2,2,1,2,2,1,1,1,1,1,2,0,1,2,2,2,2,1,1,1,2,2,2,2,2,2,2,2,1,3,1,1,2,3,4,6,3,3,1,5,2,6,2,4,28
1,234,169,2,4,3,5,6,6,2,2,2,1,1,1,3,2,1,1,2,4,0,3,4,2,3,1,1,1,2,2,2,2,2,2,1,2,2,2,2,1,1,1,2,2,1,2,2,2,2,2,1,1,2,1,2,2,1,1,1,2,2,2,2,2,2,2,1,2,1,2,2,2,2,2,234,169,2,1,1,2,2,1,1,1,2,2,2,2,2,1,1,2,2,1,2,2,1,2,2,2,2,2,2,1,2,2,2,2,2,2,2,1,1,2,2,2,2,2,1,2,2,1,1,2,1,3,2,2,0,7,1,3,1,5,4,6,1,1,7
1,234,170,2,4,1,3,0,5,4,2,1,5,1,3,1,2,1,1,1,6,2,1,2,1,1,1,3,2,1,1,1,0,2,2,1,2,2,2,2,1,1,2,2,2,2,1,1,2,1,2,2,2,2,2,1,2,1,1,2,2,1,2,2,1,1,2,2,1,2,0,2,1,0,2,234,170,2,2,1,2,1,1,2,1,2,1,2,0,2,1,1,2,1,1,2,2,1,2,2,2,1,2,0,1,2,1,1,2,2,2,2,1,2,1,2,2,1,2,1,1,2,2,1,2,2,2,2,2,1,9,1,3,1,5,1,6,2,2,19
1,234,171,2,3,3,5,8,4,8,3,2,1,2,0,0,2,1,3,3,6,1,3,2,2,2,2,1,1,2,1,2,2,2,2,1,1,2,1,2,2,1,2,2,1,2,1,1,2,1,2,1,1,2,2,1,2,2,2,2,2,2,2,1,2,1,2,1,1,1,2,2,1,1,2,234,171,2,1,1,2,1,2,2,2,1,1,2,2,1,1,1,2,1,1,2,2,1,2,1,2,1,2,2,1,1,1,1,2,1,1,2,1,2,2,1,1,2,1,1,2,2,1,1,2,1,1,2,2,5,6,3,3,2,5,3,6,2,5,9
1,234,172,2,3,4,3,8,5,6,2,1,5,2,0,0,1,1,2,3,5,2,1,2,2,0,3,2,2,2,1,2,2,2,2,2,1,0,2,0,1,1,1,0,2,2,1,1,2,1,2,1,0,2,0,1,2,2,2,2,2,1,2,1,2,1,2,1,1,1,2,2,1,2,2,234,172,2,2,1,2,2,1,1,2,1,1,2,2,1,1,1,2,1,0,1,2,1,2,2,2,1,1,0,1,1,1,1,2,2,0,1,1,2,2,1,1,2,1,1,2,2,2,1,2,2,2,2,2,6,8,3,3,2,5,3,3,0,4,32
1,234,173,2,4,4,5,8,5,6,2,2,4,2,0,0,1,3,1,3,6,1,1,2,1,1,1,1,1,1,1,2,2,2,2,1,1,2,2,1,1,1,1,2,1,2,1,1,2,2,2,1,2,1,2,2,2,2,1,2,1,1,1,1,1,2,2,1,1,1,2,2,2,2,2,234,173,2,1,1,2,2,1,1,0,1,2,2,2,2,1,1,1,1,1,2,2,1,1,2,1,1,1,1,1,1,2,1,0,1,1,2,1,1,2,0,2,2,1,1,2,2,2,0,2,1,1,2,2,6,5,3,3,0,5,3,3,3,4,10
1,234,174,2,4,4,3,8,6,6,2,2,2,1,4,1,2,1,1,1,6,2,1,1,1,1,1,2,2,2,1,1,2,2,2,1,2,1,2,2,1,1,2,2,2,2,1,1,1,1,2,2,2,2,2,2,2,1,1,2,2,1,1,1,2,2,2,2,1,1,2,2,2,2,2,234,174,2,1,1,2,2,1,1,1,1,2,2,2,2,1,1,2,2,1,2,2,1,2,2,1,1,2,1,1,2,1,1,2,2,1,2,1,2,1,2,2,2,2,1,2,2,2,2,2,1,2,2,2,2,6,3,3,2,5,3,3,1,4,12
1,234,175,2,3,3,3,8,3,5,3,2,4,2,0,3,2,1,1,2,3,2,3,2,1,1,1,1,2,3,1,2,1,2,2,1,2,2,2,2,1,1,1,1,1,2,1,2,2,1,2,1,2,2,2,1,2,2,1,2,2,2,2,2,2,2,2,2,0,1,1,2,0,1,2,234,175,2,1,1,0,1,2,1,1,1,2,2,2,1,1,1,2,1,2,2,2,1,2,1,1,1,0,1,1,0,0,1,2,1,1,2,1,1,2,1,2,2,2,1,1,2,1,2,2,1,1,2,2,5,10,2,3,2,5,3,3,2,2,20
1,234,176,2,4,3,5,8,6,4,2,1,5,1,5,1,2,1,1,1,6,1,0,2,1,3,1,2,2,1,1,1,1,2,1,1,2,2,1,2,1,1,1,2,1,2,1,2,1,1,2,2,0,2,2,2,2,2,1,2,2,2,2,1,2,1,2,2,1,2,1,2,2,2,2,234,176,2,2,1,2,1,1,1,1,2,1,1,2,1,1,1,2,2,2,2,2,1,2,1,2,1,2,2,1,2,1,1,2,2,1,2,1,2,1,2,2,2,2,1,2,2,2,2,1,1,1,1,2,0,10,3,3,1,5,3,3,2,2,18
1,234,177,2,4,3,5,8,6,4,2,2,3,1,4,2,2,1,1,1,6,1,1,1,1,1,1,1,2,1,2,1,1,2,1,1,1,2,1,1,1,1,1,1,2,2,1,1,1,1,1,2,1,2,2,1,2,1,2,1,1,1,1,1,2,1,2,2,2,1,2,2,2,2,2,234,177,2,2,1,2,1,1,1,1,2,1,2,2,2,1,1,2,1,2,2,1,1,2,2,1,1,2,2,1,2,2,1,2,2,1,2,1,1,1,1,2,2,2,2,1,2,2,1,1,1,1,1,1,4,10,2,3,1,5,0,3,1,6,11
1,234,178,2,4,3,3,7,5,9,1,1,5,1,2,1,2,1,1,2,4,2,3,1,1,1,1,1,1,1,1,1,1,2,2,1,2,1,2,1,1,1,2,1,2,2,2,2,2,1,1,2,2,2,2,1,2,1,2,1,2,1,1,2,2,2,2,2,2,2,2,2,2,2,2,234,178,2,2,1,2,1,1,1,1,2,2,2,1,2,1,1,2,2,2,2,2,1,2,1,1,1,2,1,1,1,2,1,2,2,2,2,2,1,1,2,2,2,2,1,2,2,1,1,3,1,1,2,1,1,7,3,3,1,5,3,3,2,1,12
1,234,179,2,4,4,5,8,5,6,2,2,1,2,0,0,1,2,1,1,6,1,3,1,1,1,1,1,1,1,1,1,2,2,2,1,2,1,2,1,1,1,2,2,2,2,1,1,2,1,2,1,1,2,2,2,1,1,2,2,1,1,2,1,2,2,2,2,2,1,2,2,2,2,2,234,179,2,2,1,2,2,1,1,1,2,2,2,2,2,1,1,1,2,2,2,2,1,2,2,2,1,1,1,1,2,1,2,2,2,2,2,2,2,1,2,2,2,2,2,2,2,1,2,1,1,2,2,2,5,10,3,3,1,5,3,3,1,4,16
1,234,180,2,3,4,3,8,6,2,2,2,1,1,5,1,2,1,1,2,3,2,3,1,2,2,2,1,2,2,1,2,2,2,1,2,2,2,2,1,1,1,2,2,2,2,1,1,2,1,1,1,2,2,2,2,2,2,1,1,1,1,1,1,2,2,2,1,1,1,1,1,1,1,2,234,180,2,1,1,2,2,2,1,1,2,2,2,2,2,1,1,2,1,1,2,2,2,2,1,1,1,2,2,1,1,1,1,2,1,1,2,1,1,1,1,2,1,1,1,1,2,2,2,2,2,1,2,2,4,6,3,3,1,5,2,3,2,4,6
1,234,181,2,4,2,5,8,4,13,3,2,2,2,0,0,2,1,1,2,2,1,1,2,1,1,2,1,1,1,1,1,2,2,0,1,2,1,1,2,1,1,1,2,2,0,1,2,2,0,2,0,2,2,2,1,2,2,0,1,2,1,1,2,2,0,2,2,0,1,1,2,0,1,2,234,181,2,2,1,0,1,1,1,0,2,2,2,1,2,1,1,2,0,1,2,2,1,2,2,2,1,0,0,1,0,2,1,2,0,1,2,1,1,2,2,2,2,2,1,1,2,2,2,3,1,1,2,2,5,8,3,3,2,5,4,3,2,3,9
1,234,182,2,4,4,3,8,5,6,2,2,2,2,0,0,1,2,3,2,5,1,3,1,2,2,1,1,2,2,1,1,2,2,2,2,1,2,2,1,2,2,1,1,2,2,1,1,2,1,2,2,1,0,2,2,2,2,2,2,2,1,0,1,1,1,1,2,0,1,2,2,0,2,2,234,182,2,1,2,2,1,1,1,0,1,1,2,2,1,1,1,2,1,0,1,2,1,2,0,2,0,0,0,1,0,0,0,2,0,1,1,1,0,1,1,1,2,2,1,2,2,2,1,2,1,1,3,3,5,7,3,3,2,5,3,3,2,4,46
1,234,183,2,4,4,4,8,6,6,2,2,2,1,3,1,2,1,1,3,4,1,3,2,2,2,2,1,1,2,1,2,2,2,2,2,2,2,2,1,2,2,1,2,1,2,1,1,2,1,1,1,1,2,2,2,2,2,2,2,1,2,2,1,1,2,1,2,2,1,2,2,2,2,2,234,183,2,1,1,2,2,2,1,1,1,2,2,2,2,1,1,2,1,1,1,1,1,1,2,1,1,2,2,1,2,2,2,1,2,2,2,2,2,1,1,2,2,1,1,1,2,2,1,2,1,2,2,2,1,1,3,3,1,5,3,3,2,4,13
1,234,184,2,4,3,3,8,5,3,3,2,1,1,2,3,1,2,1,1,4,2,3,2,1,1,1,1,3,1,1,1,1,2,2,1,2,2,2,2,2,1,1,1,2,2,1,1,2,1,2,2,2,2,2,2,1,1,2,1,2,1,2,2,2,2,1,2,2,1,1,2,0,2,2,234,184,2,2,1,2,2,1,1,1,1,2,2,2,2,1,1,2,1,2,2,2,1,2,2,2,1,1,1,1,2,2,1,2,0,2,2,2,1,1,1,2,2,2,1,2,2,2,2,2,1,1,2,2,0,7,3,3,2,5,3,3,1,6,41
1,234,185,2,3,4,4,7,6,4,2,1,5,1,4,1,2,1,1,1,4,1,1,2,1,1,1,2,1,2,1,1,2,2,2,2,2,2,2,1,2,2,2,2,2,2,1,2,2,2,0,1,1,1,2,2,2,1,2,2,2,1,2,1,2,2,2,1,2,1,1,2,2,1,2,234,185,2,1,2,1,1,1,1,0,1,1,2,2,2,1,1,1,2,1,2,1,1,1,1,1,1,1,1,1,1,2,1,2,2,1,2,1,1,1,1,2,2,1,1,2,2,1,1,2,2,1,2,2,1,9,3,3,1,5,3,3,1,2,26
1,234,186,2,3,2,2,6,6,9,1,2,4,1,2,3,1,1,1,1,6,9,1,1,1,2,1,1,1,1,3,2,2,2,2,1,2,1,2,2,1,1,1,1,2,2,1,1,2,1,2,1,2,2,1,2,2,2,1,2,2,1,2,1,1,2,2,2,2,1,2,2,2,2,2,234,186,2,1,1,2,1,1,2,1,1,2,2,1,1,1,1,2,1,1,2,2,1,2,1,1,1,2,2,1,0,2,2,2,1,1,2,1,2,2,1,2,1,1,1,1,2,1,1,2,3,0,2,2,1,6,2,3,2,4,4,2,3,7,19
1,234,187,2,3,3,4,8,5,6,2,2,1,2,0,0,1,2,3,3,5,1,3,2,2,1,1,2,3,3,2,2,2,2,2,2,2,1,2,2,2,1,2,2,2,2,1,1,2,2,2,1,1,2,2,2,1,2,1,1,1,1,2,1,1,1,1,1,2,1,2,2,2,1,2,234,187,2,1,1,1,2,1,1,2,1,1,2,1,1,1,2,2,1,1,2,2,2,1,2,1,1,1,2,2,1,1,2,2,1,2,2,1,2,2,1,1,1,1,2,1,1,2,0,2,2,1,1,2,5,8,2,3,1,5,3,3,1,4,4
1,234,188,2,4,3,5,8,5,9,1,2,3,2,0,0,2,1,1,1,4,1,3,2,2,2,1,1,1,2,1,1,1,2,2,1,2,2,2,2,2,1,2,1,2,2,2,1,2,1,2,2,2,2,2,1,2,2,2,1,2,1,1,2,2,1,2,2,2,2,2,2,2,2,2,234,188,2,2,1,2,1,1,1,1,2,2,2,2,2,1,1,1,2,2,2,2,1,2,2,2,1,2,2,1,2,2,1,2,2,1,2,1,2,2,2,2,2,2,1,2,2,2,1,3,1,1,2,2,5,10,2,3,2,5,3,3,1,1,43
1,234,189,2,4,4,3,8,6,7,1,2,4,2,0,0,2,1,1,1,6,0,3,2,1,3,1,1,1,1,1,1,2,2,1,1,2,1,1,2,2,1,1,1,2,2,2,1,2,1,2,2,2,2,2,1,2,2,2,1,1,2,2,2,2,2,2,2,2,1,2,2,2,2,2,234,189,2,2,1,2,1,1,1,1,2,2,2,2,2,1,1,1,1,2,2,2,1,2,2,2,1,2,1,1,2,2,1,2,2,1,2,1,2,1,2,2,2,1,1,2,2,2,1,2,1,1,1,2,5,7,3,3,2,5,3,3,1,7,25
1,234,190,2,0,0,0,0,5,14,3,2,2,2,0,0,2,1,1,2,6,4,0,2,2,1,1,1,1,1,1,1,2,2,2,2,2,1,2,2,2,1,2,1,2,2,2,1,2,1,2,2,2,1,2,2,2,0,2,1,1,1,2,2,0,1,2,2,2,2,2,2,2,2,2,234,190,2,2,1,2,2,1,1,1,2,2,2,1,2,1,1,1,2,1,2,1,1,2,2,1,0,2,1,1,1,1,2,2,2,1,2,2,2,1,2,2,2,2,1,2,2,2,1,3,3,1,2,2,5,9,3,3,2,5,4,3,1,3,20
1,234,191,2,0,0,0,0,6,1,3,2,1,2,0,0,2,1,1,2,5,1,3,2,3,5,1,1,0,0,1,2,2,2,2,1,2,1,2,2,2,1,1,2,2,2,1,2,2,1,2,1,1,2,2,1,2,2,2,2,2,2,2,1,2,1,2,2,2,0,2,2,0,2,2,234,191,2,1,1,2,2,1,1,1,2,2,2,2,1,1,1,2,1,1,2,2,1,1,2,2,0,0,0,1,0,1,1,2,0,1,2,2,2,1,2,2,2,2,2,1,2,2,1,1,1,1,3,2,5,9,3,3,2,5,3,3,1,5,3
1,234,192,2,4,2,3,8,4,3,3,2,4,2,0,0,2,1,1,1,6,2,3,2,1,1,1,1,1,2,1,1,2,2,2,1,2,1,2,2,2,1,2,1,2,2,2,2,1,1,2,2,2,2,2,1,2,1,2,1,2,2,1,2,2,1,2,2,1,2,1,1,2,2,2,234,192,2,2,1,2,1,1,1,1,2,2,2,1,1,1,1,1,1,2,2,2,1,2,1,2,1,1,1,1,1,2,1,2,2,2,2,1,2,1,2,2,2,2,1,1,2,2,1,2,1,1,1,2,5,7,3,3,2,5,3,3,2,6,18
1,234,193,2,3,3,4,6,5,8,2,2,5,1,2,1,2,1,1,2,6,1,3,3,2,2,2,2,1,1,1,1,1,2,2,1,2,2,1,2,2,1,1,2,1,2,1,2,2,2,2,2,2,2,2,2,1,1,1,1,2,1,2,1,2,1,2,2,1,1,2,2,2,2,2,234,193,2,1,1,2,1,1,1,1,2,2,2,2,2,1,1,2,1,2,2,2,1,1,1,2,1,2,0,1,1,2,0,2,2,2,2,1,0,2,2,2,2,2,1,2,2,2,2,3,1,2,2,2,1,10,3,3,1,5,3,3,2,2,48
1,234,194,2,3,3,3,8,4,2,2,2,1,1,1,1,2,1,1,2,6,2,3,2,2,2,1,1,2,1,1,1,2,2,2,1,2,2,2,2,2,1,1,2,2,2,1,1,2,1,2,1,1,2,2,1,2,1,1,1,2,1,2,1,2,1,2,1,2,1,1,1,2,1,2,234,194,2,2,1,2,1,1,1,1,2,2,2,2,2,1,1,2,1,1,2,2,1,2,2,1,1,2,1,1,2,2,1,2,1,1,2,2,2,1,1,2,1,1,1,1,2,2,1,2,1,1,2,2,1,6,3,3,1,5,3,3,1,5,29
1,234,195,2,4,4,5,8,5,5,2,1,5,1,2,2,1,2,2,4,6,4,2,2,1,3,1,1,1,2,1,2,2,2,2,2,1,2,2,1,1,1,1,1,1,2,2,1,2,1,2,2,2,2,1,2,2,2,2,1,1,2,1,1,2,1,1,2,2,1,2,2,2,2,2,234,195,2,2,1,2,2,1,1,1,1,2,2,2,2,1,1,2,2,2,2,2,1,2,1,2,1,1,1,1,1,2,1,2,2,1,2,1,2,2,2,2,2,1,1,1,2,2,2,2,1,1,2,2,1,4,3,3,1,5,4,4,3,3,27
1,234,196,2,4,4,4,8,4,5,3,2,4,1,3,3,2,1,1,1,6,1,2,2,2,2,2,2,2,1,1,2,2,2,1,2,2,2,2,1,1,1,2,1,2,2,2,2,1,1,2,1,1,2,2,2,2,1,1,2,2,2,1,1,1,1,2,2,2,1,1,2,2,2,2,234,196,2,1,1,2,2,1,1,1,1,2,2,2,1,1,1,2,1,2,2,2,1,2,2,1,2,1,2,1,2,1,1,2,2,2,2,1,2,1,2,1,2,1,2,1,2,1,1,2,2,1,1,2,0,4,3,3,2,5,4,4,1,3,6
1,234,197,2,4,3,5,8,5,3,1,1,5,2,0,0,2,1,1,1,6,1,3,3,2,4,1,1,1,2,1,1,2,2,0,1,2,2,2,1,1,1,1,2,1,0,1,1,2,1,2,1,2,1,2,1,2,2,2,2,2,1,2,1,2,2,2,1,0,1,1,1,0,2,2,234,197,2,1,1,2,2,1,1,1,1,2,2,2,1,1,1,2,2,2,2,2,1,1,2,2,1,1,1,1,0,2,1,2,2,2,1,2,2,1,2,2,2,2,1,2,2,1,1,2,1,1,2,2,5,7,3,3,2,5,4,4,1,1,23
1,234,198,2,3,2,5,8,5,15,3,2,2,2,0,0,2,1,0,2,5,1,3,3,1,1,0,0,0,0,1,2,2,2,0,0,1,0,0,0,1,1,1,2,2,2,1,1,0,1,0,1,2,2,0,1,2,2,0,1,1,2,2,1,2,1,2,1,0,1,2,2,0,1,2,234,198,2,2,0,0,1,1,2,1,1,2,2,1,2,1,1,2,0,1,1,2,1,2,0,0,0,0,0,0,0,0,1,2,0,0,2,2,0,0,0,0,0,1,0,1,0,1,1,2,1,1,1,2,6,5,3,3,2,5,4,4,1,3,25
1,234,199,2,4,4,5,8,5,5,2,2,4,1,2,1,2,2,1,3,6,4,2,3,2,2,3,1,1,2,1,2,2,2,2,1,1,2,2,2,1,1,2,2,1,2,1,1,2,1,1,0,1,2,2,2,2,0,1,2,2,2,2,1,0,1,2,1,1,1,2,2,2,1,2,234,199,2,1,1,2,2,1,2,2,1,1,2,2,1,1,1,2,1,1,1,2,1,2,1,2,1,2,1,1,1,1,1,2,1,1,1,1,2,2,1,1,2,1,1,1,1,2,1,2,2,2,2,3,1,7,3,3,1,5,4,4,1,3,17
1,234,200,2,4,2,3,8,3,5,3,2,4,1,3,3,2,1,1,1,6,2,3,3,2,4,2,1,1,2,1,2,2,2,2,2,1,2,2,2,1,2,1,2,1,2,1,1,2,1,1,1,1,2,2,2,2,2,1,2,2,2,2,1,2,1,1,1,2,1,2,2,1,1,2,234,200,2,2,1,1,2,2,1,1,1,2,2,1,1,1,1,2,1,1,2,2,1,1,2,1,1,1,1,1,1,1,1,1,1,1,2,1,2,1,1,1,2,1,2,2,2,1,2,2,2,2,2,2,1,10,3,3,2,5,4,4,1,3,2
1,234,201,2,4,2,4,8,5,1,1,2,4,2,0,0,2,1,1,2,6,1,1,3,1,3,1,1,1,1,1,1,1,2,2,1,1,2,2,1,1,1,1,1,2,2,2,2,1,1,2,2,2,2,2,1,1,1,2,1,1,1,2,1,2,2,2,2,2,2,1,1,2,2,2,234,201,2,1,1,2,2,1,1,1,2,2,2,2,1,1,1,1,1,0,1,2,1,2,2,2,1,1,1,1,2,1,1,2,2,1,2,0,0,1,2,2,2,0,2,2,2,1,2,1,1,0,2,2,5,7,3,3,2,5,3,4,1,7,1
1,234,202,2,4,3,5,6,4,3,2,2,2,2,0,0,1,2,1,2,0,1,3,2,1,1,1,1,1,2,1,1,2,2,2,1,2,2,2,1,1,1,2,1,2,2,1,1,2,1,2,1,2,2,2,1,1,1,2,1,1,1,1,1,2,1,2,2,2,2,2,2,2,2,2,234,202,2,2,1,2,1,1,1,1,2,2,2,2,2,1,1,1,1,2,2,2,1,2,2,2,1,2,1,1,1,2,1,2,1,2,2,1,2,1,2,2,1,2,1,2,2,2,1,1,1,1,1,2,5,7,3,3,1,5,4,4,2,6,49
1,234,203,2,4,1,5,8,3,14,3,2,3,2,0,0,2,2,1,1,4,4,3,1,1,1,1,1,2,3,1,1,2,2,1,1,2,1,1,1,1,1,2,1,2,2,1,1,1,1,2,2,2,2,1,1,1,1,1,1,1,1,1,1,2,2,2,1,2,2,2,2,2,2,2,234,203,2,2,1,1,2,1,1,1,2,1,2,2,1,1,1,1,1,1,2,2,1,2,1,2,1,1,1,1,1,1,1,2,2,2,2,1,1,2,2,2,2,2,1,1,2,1,2,1,1,1,1,1,5,10,3,3,2,5,4,4,3,3,23
1,234,204,2,3,2,3,8,2,5,3,1,4,2,0,0,2,3,3,3,6,1,1,3,1,2,2,1,1,2,2,1,2,2,2,1,1,2,2,2,1,1,1,1,1,2,2,1,2,1,2,1,1,2,1,1,2,2,1,2,2,2,2,2,2,1,2,2,2,1,1,1,1,1,2,234,204,2,1,1,2,2,1,1,1,2,1,2,2,1,1,1,2,1,1,1,1,1,1,1,1,1,2,1,1,2,1,1,2,0,1,2,1,2,2,1,2,2,1,1,2,2,2,2,2,2,2,2,2,5,3,3,3,2,5,4,4,3,3,7
1,234,205,2,4,4,5,8,4,14,3,2,3,2,0,0,2,1,1,2,6,4,1,2,2,2,2,1,3,3,1,2,2,1,1,1,2,1,2,2,2,1,1,1,2,2,1,1,2,1,2,1,1,2,2,2,1,1,2,2,2,1,1,1,2,1,2,2,1,1,1,1,1,2,2,234,205,2,1,0,0,1,1,1,1,1,2,2,1,2,1,1,1,1,1,2,1,1,2,2,1,1,1,1,1,1,0,1,2,0,1,2,1,1,2,2,2,2,1,1,1,2,1,1,2,1,2,2,2,5,7,3,3,2,5,4,4,3,5,4
1,234,206,2,3,2,4,8,2,5,3,2,2,2,0,0,2,1,1,1,6,1,3,2,1,1,1,1,2,1,1,2,2,1,1,2,2,1,2,1,2,1,2,2,2,2,2,1,2,1,1,2,2,2,1,1,2,2,2,1,1,2,2,1,1,1,2,2,1,2,1,2,1,1,2,234,206,2,1,1,2,2,1,1,1,1,1,2,1,2,1,2,2,1,1,2,1,2,2,1,1,1,1,1,1,1,0,1,2,0,1,2,2,1,1,1,2,2,2,2,2,2,1,2,2,1,1,2,2,5,8,3,3,2,5,4,4,1,5,22
1,234,207,2,4,4,5,6,5,11,3,2,1,2,0,0,2,1,1,1,6,1,3,2,1,1,2,3,2,3,1,2,2,2,0,1,2,2,1,2,2,2,1,0,1,0,1,1,2,0,2,2,1,2,2,1,1,2,0,2,2,0,2,1,2,1,2,0,0,1,1,2,0,1,2,234,207,2,1,0,0,1,0,1,0,1,2,2,2,1,1,1,2,1,0,1,1,1,1,2,0,1,0,1,1,0,1,1,2,0,1,1,2,1,2,1,2,2,2,1,2,2,2,0,2,1,2,1,2,5,8,3,3,2,5,4,4,3,5,11
1,234,208,2,3,4,5,7,5,15,3,2,1,1,2,3,1,2,2,4,5,1,1,4,2,4,2,1,1,2,2,2,2,2,1,2,1,2,2,2,2,2,1,2,1,0,1,1,2,2,2,1,1,2,0,2,2,2,0,1,2,2,2,2,1,1,1,1,1,1,1,1,0,1,2,234,208,2,1,2,1,1,1,0,0,1,1,2,1,1,1,1,2,1,1,1,2,1,1,1,1,0,0,1,1,1,0,1,1,2,1,1,1,1,2,1,1,0,1,1,2,2,2,0,2,2,0,2,2,1,5,3,3,2,5,4,4,1,6,70
1,234,209,2,4,3,4,8,5,5,2,2,4,2,0,0,2,1,1,1,6,2,2,3,1,3,1,1,1,2,1,2,2,2,2,1,2,2,2,1,2,1,2,1,2,2,2,1,1,1,2,1,2,2,2,2,1,2,2,1,2,2,2,1,1,1,2,2,2,1,2,2,2,1,2,234,209,2,1,1,1,1,1,1,1,1,2,2,2,2,1,1,1,1,1,2,2,1,2,2,2,1,2,1,1,1,1,1,2,0,2,2,1,2,1,1,2,1,2,2,1,2,2,1,2,1,1,2,2,5,10,3,3,2,5,4,4,3,3,3
1,234,210,2,4,3,5,8,4,4,2,2,4,1,2,2,2,1,1,3,6,0,3,3,2,2,2,2,3,1,1,1,2,2,2,1,1,1,2,1,2,1,1,1,2,2,1,1,2,1,2,1,2,2,2,1,2,2,2,1,2,2,1,1,1,2,1,1,1,1,1,1,2,2,2,234,210,2,1,1,2,1,1,1,1,2,2,2,2,1,1,1,2,1,2,1,1,1,2,2,1,1,2,1,1,2,1,1,2,2,1,2,1,1,1,1,2,2,1,1,1,2,2,1,2,2,1,2,2,1,5,3,3,1,5,4,4,3,3,15
1,234,211,2,4,3,5,8,5,15,3,2,1,1,1,3,2,1,1,2,6,1,3,2,1,1,1,1,1,2,1,1,0,2,2,1,2,2,2,1,2,1,2,1,2,2,1,1,1,2,2,2,1,2,2,1,1,1,2,2,2,2,2,1,2,1,2,2,1,2,2,2,2,2,2,234,211,2,2,1,2,1,1,1,1,2,2,2,2,1,1,1,1,2,2,1,2,1,2,2,2,1,2,0,2,1,1,1,2,0,1,2,1,2,1,2,2,2,2,1,2,2,1,1,2,1,2,3,2,2,9,3,3,2,5,4,4,0,6,28
1,234,212,2,4,3,5,7,5,3,3,2,4,2,0,0,2,1,1,3,6,1,3,1,1,1,1,1,1,1,1,1,1,2,2,1,2,1,2,1,2,1,1,1,2,2,2,2,2,1,2,2,2,2,2,1,1,1,2,1,1,1,1,1,2,2,2,2,2,2,2,2,2,2,2,234,212,2,2,1,2,1,1,1,1,2,2,2,2,2,1,1,1,1,2,2,1,1,2,2,2,1,2,1,1,2,2,1,2,2,2,2,1,1,1,2,2,2,2,0,2,2,1,1,1,1,1,1,2,5,7,3,3,2,5,4,4,1,3,8
1,234,213,2,4,4,5,6,5,3,3,2,2,1,4,3,3,1,1,1,4,8,3,1,1,1,2,2,1,1,1,0,2,2,2,1,2,1,1,1,2,1,2,1,2,2,0,1,2,1,2,2,2,2,0,1,1,0,0,1,2,1,2,2,0,2,2,2,0,2,1,0,0,0,2,234,213,2,2,1,2,1,1,0,1,2,2,2,1,0,1,1,0,2,1,2,2,0,0,0,1,1,0,1,1,0,0,1,2,0,1,2,1,2,0,2,2,2,2,1,2,2,2,0,0,0,1,1,2,0,8,3,3,1,5,3,4,1,3,12
1,234,214,2,3,4,2,6,5,9,1,2,4,1,1,1,2,1,1,1,6,1,1,3,2,4,2,2,1,1,1,2,2,1,2,1,2,2,2,1,1,1,2,2,2,2,1,1,2,1,0,1,0,2,1,1,1,0,2,1,2,1,2,1,2,1,2,2,2,0,1,2,2,2,2,234,214,2,1,1,2,2,1,1,1,1,1,2,2,1,1,1,2,1,1,2,2,1,2,1,1,1,2,0,2,2,0,0,2,1,1,2,0,0,1,2,2,2,1,1,1,2,1,2,2,1,2,2,2,4,6,2,3,1,5,3,2,2,1,21
1,234,215,2,4,3,3,7,6,9,1,2,1,2,0,0,2,1,1,1,5,2,1,3,2,4,2,1,1,1,2,1,2,2,1,1,2,2,2,1,1,1,2,2,2,2,1,1,2,1,2,1,2,2,2,1,2,2,2,2,1,1,2,2,1,1,2,2,2,1,2,2,2,2,2,234,215,2,1,1,2,1,1,1,1,1,1,2,1,2,1,1,2,1,2,2,2,1,2,2,1,1,2,1,1,2,1,1,1,2,2,2,1,2,1,1,2,2,1,1,1,2,1,2,2,2,1,2,2,5,9,3,3,2,5,3,2,2,1,60
1,234,216,2,3,3,3,7,5,9,1,1,5,1,3,1,2,1,1,2,6,6,3,2,2,2,1,1,2,1,1,2,2,2,2,2,2,2,2,1,1,1,1,2,2,2,1,1,2,1,2,1,1,2,2,1,2,1,2,1,1,1,2,1,2,1,2,1,1,1,1,2,2,1,2,234,216,2,1,1,2,2,1,2,1,1,1,2,2,2,1,1,2,1,1,2,2,1,2,2,1,2,1,1,2,1,1,2,1,1,1,2,1,2,1,2,2,1,1,1,2,2,1,2,2,2,1,2,2,2,5,3,3,1,5,3,2,2,1,20
1,234,217,2,3,3,3,7,5,9,1,1,5,1,2,3,2,1,1,1,6,2,1,2,1,1,2,1,2,1,1,1,2,2,2,1,2,2,2,1,1,1,1,1,2,2,1,1,2,1,2,2,2,2,2,2,1,1,1,2,2,1,2,2,2,1,2,2,2,2,1,1,2,2,2,234,217,2,2,1,2,2,1,1,1,2,2,2,1,1,1,1,1,2,2,2,2,1,2,2,2,1,1,1,1,1,1,1,2,2,1,2,1,2,1,2,2,2,2,1,1,2,1,2,3,1,1,2,2,0,8,1,3,2,5,3,2,0,1,51
1,234,218,2,4,1,2,7,5,9,1,2,1,1,3,1,2,1,1,2,4,1,3,2,1,1,1,2,2,2,1,1,2,2,2,1,2,1,2,1,1,1,2,1,2,2,2,1,2,1,2,2,2,2,1,1,1,1,2,2,1,1,1,1,2,2,2,2,2,2,2,2,2,2,2,234,218,2,2,1,2,2,1,1,1,2,2,2,1,2,1,1,1,1,2,2,2,1,2,2,2,1,2,2,1,1,2,1,2,2,2,2,1,2,1,2,2,2,2,2,2,2,2,2,2,1,1,2,3,1,9,3,3,1,5,4,2,2,1,56
1,234,219,2,3,2,2,6,5,9,1,1,4,1,2,1,2,1,1,2,6,1,2,2,1,1,2,2,1,1,1,2,2,2,2,1,2,2,2,1,2,1,1,2,2,2,2,1,2,1,2,1,1,2,2,1,1,1,2,1,2,1,2,1,1,1,2,2,2,1,2,2,2,2,2,234,219,2,1,1,2,2,1,1,1,2,2,2,2,2,1,1,2,1,1,2,1,1,2,2,1,1,2,1,1,1,2,1,2,2,1,2,2,1,1,2,2,2,2,1,1,2,1,2,3,1,2,2,2,1,9,3,3,1,5,4,2,2,1,5
1,234,220,2,2,1,2,7,6,9,1,1,5,1,3,3,2,1,1,1,6,4,3,1,2,2,1,1,1,1,1,1,2,1,1,1,2,1,2,1,2,1,1,1,2,2,1,2,2,1,2,1,2,2,2,1,1,1,2,2,2,1,1,1,2,1,2,2,1,2,2,2,2,2,2,234,220,2,1,1,2,1,2,1,1,2,2,2,2,2,1,1,2,1,1,2,2,2,2,2,1,1,2,1,1,2,1,2,2,2,2,2,1,2,1,2,2,1,1,1,1,2,2,2,2,2,3,2,2,0,6,3,3,2,5,4,2,1,1,37
1,234,221,2,2,2,2,7,5,9,1,2,1,2,0,3,2,1,1,3,6,1,3,4,2,2,1,3,1,2,1,2,2,1,2,1,2,1,2,1,1,1,1,1,2,2,1,1,2,2,2,1,2,1,2,2,1,2,2,1,2,1,1,1,1,1,2,2,1,1,1,1,1,1,2,234,221,2,1,1,2,1,1,1,1,1,2,2,1,1,1,2,1,1,1,2,2,2,1,1,1,1,1,2,1,2,1,1,1,1,1,2,1,1,1,2,1,1,1,1,1,2,2,1,2,2,2,1,2,5,8,1,3,2,4,4,2,2,1,40
1,234,222,2,4,1,2,7,6,9,1,2,4,1,3,1,2,1,1,2,1,2,3,2,1,1,1,1,2,1,1,1,1,2,1,1,2,1,2,2,1,1,2,1,1,2,1,1,2,2,2,1,1,1,2,1,2,2,2,1,1,1,2,2,2,1,2,2,2,1,1,2,2,2,2,234,222,2,2,1,2,1,2,1,1,2,2,2,1,2,1,2,2,1,1,2,2,1,1,2,1,1,2,2,1,1,1,1,2,2,1,2,1,2,1,2,2,2,2,2,1,2,2,2,2,1,0,2,2,1,7,2,3,1,4,3,2,2,7,7
1,234,223,2,3,1,3,6,5,9,1,1,5,1,3,2,2,1,1,1,6,1,1,2,1,1,2,1,1,1,2,1,2,1,2,1,2,2,2,1,1,1,1,2,2,2,2,1,1,1,2,2,2,1,2,2,2,2,2,2,1,1,2,1,1,2,2,2,2,1,1,1,2,1,2,234,223,2,1,2,1,2,2,1,1,2,1,2,1,2,1,1,2,1,1,2,2,1,2,1,1,1,2,1,1,2,1,2,2,2,2,2,2,2,1,2,2,2,1,1,2,2,2,1,3,3,2,2,2,3,7,3,3,1,4,4,2,2,1,15
1,234,224,2,3,2,3,7,6,9,1,2,4,2,0,0,2,1,1,2,5,1,3,3,1,3,1,2,1,1,1,2,2,1,2,1,2,1,2,1,2,1,1,1,1,2,1,2,2,1,1,1,1,2,2,1,1,1,1,2,2,1,2,2,2,2,2,2,1,1,1,1,1,1,2,234,224,2,2,1,2,2,1,2,1,1,2,2,2,1,1,1,1,2,1,2,1,1,1,2,1,1,2,1,1,2,2,1,2,2,2,2,2,2,1,2,2,2,1,2,2,2,2,1,2,1,1,2,1,5,5,3,3,1,4,4,2,1,1,1
1,234,225,2,3,4,4,6,6,9,1,2,4,1,4,1,2,1,1,2,4,0,3,2,1,3,1,1,1,1,1,1,2,2,2,1,2,1,2,1,2,1,2,1,2,2,2,2,2,1,2,2,1,1,2,2,1,1,2,1,1,1,2,2,2,2,2,2,2,2,2,2,2,2,2,234,225,2,2,1,2,2,1,1,1,2,2,2,2,2,1,1,1,1,1,2,1,1,1,2,2,1,2,1,1,2,2,2,2,2,1,2,1,1,1,2,2,2,2,1,2,2,2,2,3,1,1,2,2,1,8,3,3,1,4,3,2,2,1,54
1,234,226,2,3,3,3,7,6,9,1,2,2,2,0,3,2,1,1,1,6,0,3,2,2,2,1,1,1,1,2,1,2,2,2,1,2,2,2,1,2,1,2,2,2,2,1,2,2,1,1,1,2,2,2,2,1,1,2,2,2,1,1,2,2,2,2,2,1,1,2,2,2,2,2,234,226,2,2,1,2,1,1,2,1,2,1,2,1,2,1,1,1,1,1,2,1,1,2,2,1,1,2,1,1,2,2,1,2,2,1,2,2,2,1,2,2,2,1,1,1,2,1,2,1,1,1,2,2,5,9,2,3,2,4,3,2,3,1,52
1,234,227,2,3,4,2,7,5,9,1,1,5,1,2,1,2,1,1,2,6,1,3,2,1,1,1,1,1,3,1,2,2,2,1,1,2,2,2,2,1,1,2,2,2,2,1,1,2,1,2,2,1,2,2,1,2,1,1,1,2,1,1,2,2,1,2,2,2,1,1,1,2,2,2,234,227,2,2,1,2,2,2,1,1,1,2,2,1,2,1,1,2,1,2,2,2,1,2,2,1,1,2,1,1,2,2,1,2,1,2,2,1,1,1,2,2,2,2,1,1,2,2,1,2,2,1,1,2,4,8,3,3,1,1,3,2,2,7,16
1,234,228,2,2,2,2,6,4,9,1,1,5,1,2,1,2,1,1,2,1,0,3,2,2,3,1,1,1,1,1,2,2,1,2,1,2,2,2,1,1,1,2,1,1,2,1,1,2,1,2,1,1,1,2,2,1,1,2,2,1,1,1,1,2,1,2,2,2,1,2,2,1,1,2,234,228,2,1,1,2,1,2,1,1,2,2,2,2,2,1,1,1,1,2,2,1,1,2,1,1,1,2,1,1,1,1,2,1,1,1,2,1,2,1,2,2,1,1,1,1,2,1,2,2,1,1,2,2,1,7,2,3,1,1,4,2,3,1,57
1,234,229,2,3,3,2,7,5,9,1,2,4,2,0,0,2,1,1,2,3,2,3,2,1,1,1,1,2,1,1,1,2,2,2,1,2,1,2,1,1,1,2,2,2,2,1,1,1,1,2,2,2,2,2,2,1,1,2,2,2,1,1,1,2,1,2,1,2,1,1,2,2,1,2,234,229,2,2,1,2,1,1,1,1,2,1,2,2,2,1,1,1,1,1,2,2,1,2,1,1,1,2,1,1,1,1,1,2,1,2,2,1,1,1,2,2,2,2,1,1,2,1,2,2,1,1,2,2,5,7,2,3,2,1,4,2,2,1,59
1,234,230,2,3,3,2,7,5,9,1,2,4,1,3,1,2,1,1,2,6,1,1,2,1,1,1,1,1,1,1,2,2,2,2,1,2,2,2,1,1,1,2,1,2,2,1,1,2,1,2,1,2,2,2,2,1,1,2,1,1,1,2,1,2,2,2,2,1,1,2,2,2,1,2,234,230,2,1,1,2,2,1,1,1,1,1,2,1,2,1,1,2,1,1,2,1,1,2,1,1,1,2,1,1,2,1,1,2,1,1,2,2,1,1,1,2,2,1,1,1,2,2,2,2,1,2,2,2,2,10,3,3,1,2,4,2,2,1,17
1,234,231,2,3,3,3,8,5,9,1,2,1,2,0,0,2,1,1,1,5,1,3,2,1,1,1,2,1,1,1,2,2,2,2,1,2,2,2,2,1,1,1,1,2,2,1,1,2,2,2,1,1,2,0,1,1,1,2,2,2,1,2,1,2,1,1,2,2,1,2,2,2,1,2,234,231,2,1,1,2,1,2,1,1,1,1,1,2,2,1,1,1,1,1,2,2,1,2,2,2,1,2,2,1,2,2,1,2,2,1,2,2,2,1,2,2,2,1,2,2,2,2,0,2,1,1,1,2,5,8,3,3,1,2,3,2,2,1,46
1,234,232,2,1,1,2,7,5,9,1,1,5,2,0,0,2,1,1,1,6,2,3,1,1,1,1,2,1,2,3,1,1,1,2,1,2,1,1,1,1,1,1,1,2,1,1,1,2,1,1,1,2,2,1,1,1,1,1,1,1,1,1,2,2,2,2,2,2,2,1,2,1,1,2,234,232,2,1,1,1,1,1,1,1,1,2,2,2,2,1,1,1,1,1,2,2,1,2,2,1,2,1,1,1,2,1,1,1,2,1,2,1,1,1,2,2,2,2,1,1,2,1,2,2,2,1,1,1,5,9,1,3,1,2,4,2,1,1,14
1,234,233,2,3,3,2,7,5,9,1,2,1,1,2,1,2,1,1,2,5,1,3,2,1,1,1,1,2,1,1,1,2,1,2,1,2,1,2,1,1,1,1,1,2,2,1,1,2,2,2,2,2,2,2,2,1,1,2,1,1,2,2,1,2,1,2,2,2,2,1,2,1,1,2,234,233,2,1,1,1,1,1,1,1,1,2,2,1,1,1,1,1,1,1,2,1,1,1,1,1,1,2,1,1,1,2,1,2,1,2,2,1,2,1,1,2,1,1,2,1,2,2,2,2,1,1,2,2,1,9,1,3,1,2,4,2,2,1,8
1,234,234,2,4,1,3,7,5,9,1,2,2,1,2,1,2,1,1,1,6,0,1,1,1,1,1,1,1,1,1,1,1,1,2,1,2,1,2,1,1,1,2,1,2,2,1,1,2,1,2,2,2,1,2,2,1,1,2,2,2,1,1,1,2,2,2,2,2,2,1,1,1,1,2,234,234,2,1,1,2,1,1,1,1,1,2,2,1,2,1,1,2,1,1,2,2,1,2,2,2,1,2,2,1,1,2,1,2,1,2,2,1,1,1,2,2,1,2,2,2,2,2,1,1,1,0,1,2,2,4,1,3,1,2,4,2,2,7,29
1,234,235,2,4,2,2,6,5,9,1,2,4,1,3,1,2,1,1,2,6,1,3,1,1,1,1,3,3,1,1,1,1,2,2,1,2,2,2,2,1,1,1,2,2,2,2,1,2,1,2,2,2,2,2,2,1,1,2,2,2,2,2,2,2,2,2,2,2,2,2,2,2,2,2,234,235,2,2,1,2,1,1,1,1,2,2,2,1,2,1,1,2,1,2,2,2,1,2,2,2,2,2,2,1,2,2,2,2,2,1,2,1,2,2,2,2,2,2,1,2,2,2,2,2,2,2,2,2,4,6,1,3,1,2,4,2,2,1,48
1,234,236,2,3,3,2,6,4,9,1,2,4,1,1,1,2,1,1,2,3,1,3,1,1,1,1,3,3,1,1,1,1,2,2,1,2,1,2,1,1,1,1,2,2,2,2,1,2,2,2,2,2,2,2,1,1,1,2,1,1,1,2,2,2,1,2,2,2,2,2,2,2,2,2,234,236,2,2,1,2,1,1,1,1,2,2,2,2,2,1,1,1,1,2,2,2,1,2,2,2,1,2,1,1,1,2,2,2,1,1,2,1,2,1,2,2,2,2,1,1,2,1,2,1,1,1,2,2,2,6,3,3,1,2,4,2,2,1,26
1,234,237,2,3,3,2,7,5,9,1,2,4,1,2,1,2,1,1,2,6,2,3,2,1,1,1,2,1,1,1,1,2,2,1,1,2,1,2,1,1,1,1,1,2,2,1,1,2,1,1,2,2,2,2,1,1,1,2,2,2,2,2,1,2,1,2,2,1,2,2,2,1,2,2,234,237,2,1,1,1,1,1,1,1,2,1,2,1,1,1,1,2,1,1,2,2,1,2,2,2,1,2,1,1,1,2,1,2,2,2,2,1,1,1,2,2,2,2,1,2,2,2,2,2,1,1,2,2,1,8,1,3,1,2,4,2,2,1,34
1,234,238,2,4,4,3,7,6,9,1,2,3,2,0,0,2,1,1,1,6,1,3,2,1,1,2,1,1,3,1,2,1,2,1,1,2,2,2,2,1,1,2,1,2,2,1,1,2,1,2,1,2,2,1,2,1,1,1,2,2,1,2,2,2,1,2,2,2,1,2,2,1,2,2,234,238,2,1,1,2,1,2,1,1,2,1,2,2,2,1,1,1,1,1,2,2,2,2,2,1,1,2,2,1,2,1,1,2,1,2,2,1,1,2,1,2,2,2,1,2,2,2,1,3,1,1,2,2,5,9,3,3,1,2,3,2,3,1,45
1,234,239,2,3,4,3,5,5,9,1,2,4,1,3,1,2,1,1,2,6,1,1,2,2,2,2,1,1,1,1,1,1,2,2,1,2,2,2,1,1,1,2,2,1,2,1,1,1,1,1,2,2,2,2,1,1,2,2,1,1,1,2,1,2,1,2,2,1,1,1,1,2,1,2,234,239,2,1,1,1,1,1,1,1,2,2,2,1,1,1,1,1,1,2,2,2,1,2,1,1,1,2,2,1,1,2,1,2,2,1,2,1,2,2,2,2,2,1,1,2,2,2,2,2,1,1,2,2,2,8,3,3,1,2,3,2,2,1,31
1,234,240,2,3,3,2,7,5,9,1,2,4,2,0,0,2,1,1,1,4,2,1,2,2,2,1,1,1,3,1,1,1,2,2,1,2,2,2,1,2,1,2,1,2,2,1,1,2,1,1,2,2,2,2,1,1,1,2,1,1,1,2,2,2,2,2,2,1,2,2,2,2,2,2,234,240,2,1,1,2,2,1,1,1,2,2,2,2,2,1,1,2,1,2,2,1,1,2,2,2,1,1,1,1,2,2,0,2,2,1,2,2,2,1,2,2,2,2,2,2,2,2,2,3,1,0,2,2,5,10,3,3,2,2,3,2,2,1,28
1,234,241,2,4,2,2,6,5,9,1,2,4,2,0,0,2,1,1,2,6,1,2,4,1,3,1,2,1,1,1,1,1,2,2,1,1,1,2,1,2,1,1,1,2,2,1,1,2,1,2,2,2,2,2,1,1,1,2,1,1,1,1,2,2,1,2,2,2,2,2,2,2,2,2,234,241,2,2,1,2,1,1,1,1,2,2,2,1,2,1,1,1,2,2,2,1,1,2,2,2,1,2,1,1,2,2,1,2,1,1,2,1,1,1,2,2,2,2,1,1,2,2,2,3,3,0,3,2,5,6,3,3,2,2,4,2,0,7,28
1,234,242,2,3,4,3,7,6,9,1,2,4,1,3,1,2,1,1,2,5,0,3,3,2,2,3,1,1,1,1,2,2,2,2,1,2,0,2,2,2,2,1,2,1,2,1,1,2,2,2,2,1,2,1,2,2,0,2,1,2,1,2,1,0,2,2,1,2,1,2,2,2,1,2,234,242,2,1,2,2,1,1,1,1,2,1,2,1,2,1,1,2,1,1,2,1,2,1,2,1,1,2,2,1,1,2,1,2,2,1,2,1,1,1,2,2,2,1,1,2,2,1,2,3,3,2,2,2,1,5,3,3,1,2,3,2,1,1,9
1,234,243,2,2,2,2,7,6,9,1,2,4,1,2,1,3,1,1,1,3,0,3,2,1,1,2,3,1,1,1,2,1,2,2,1,2,1,2,1,2,1,2,1,2,2,1,2,1,1,2,2,2,1,2,1,1,1,2,2,2,2,1,2,2,1,2,2,2,2,1,1,2,1,2,234,243,2,2,1,2,1,1,1,1,2,2,2,1,2,1,1,2,1,1,2,1,1,2,2,2,1,2,1,1,1,1,2,2,2,2,2,1,1,1,2,2,2,2,1,1,2,2,2,1,1,1,2,2,1,4,3,3,1,2,4,2,3,1,4
1,234,244,2,2,1,2,6,4,9,1,1,5,2,0,0,2,1,1,1,3,1,3,2,1,1,2,1,1,1,1,1,2,2,1,1,2,1,1,2,1,1,1,2,2,2,1,1,2,1,1,2,2,2,1,1,1,2,2,1,2,2,1,2,2,1,2,2,2,1,2,2,2,2,2,234,244,2,1,1,2,1,2,1,1,1,1,2,2,2,1,1,2,1,1,2,1,1,1,1,2,1,2,1,1,2,1,1,2,1,1,2,1,1,1,1,2,2,1,1,2,2,1,2,2,1,1,2,2,5,8,3,3,2,3,4,2,3,1,58
1,234,245,2,3,3,3,7,5,9,1,2,4,1,1,1,2,1,1,2,6,1,2,2,2,1,1,2,1,1,1,2,2,1,2,1,2,1,2,1,1,1,1,1,2,2,1,1,2,1,1,2,2,2,1,1,2,1,2,2,2,1,1,1,2,2,2,2,1,1,2,2,1,1,2,234,245,2,1,1,2,1,1,1,1,1,2,2,2,2,1,1,1,1,1,2,2,2,2,2,2,1,2,1,1,1,1,1,2,2,2,2,1,1,1,1,2,2,2,1,2,2,2,2,2,1,1,2,2,1,9,3,3,1,3,4,2,2,1,22
1,234,246,2,2,3,2,7,4,9,1,2,1,2,0,0,2,1,1,2,6,0,3,1,1,1,1,1,1,1,1,1,1,2,2,1,2,1,2,1,1,1,1,2,2,2,1,2,2,1,2,1,2,2,2,1,2,1,1,2,2,1,1,1,2,2,2,2,2,2,1,2,2,2,2,234,246,2,1,1,2,2,2,1,1,2,2,2,2,2,1,1,2,2,2,2,2,1,2,2,1,1,2,1,1,2,1,1,2,2,1,2,1,1,1,2,2,1,1,2,1,2,2,2,2,1,2,2,3,6,9,3,3,2,3,4,2,2,1,44
1,234,247,2,3,3,2,7,5,9,1,1,5,1,2,1,2,1,1,2,1,2,3,2,1,1,1,2,1,3,1,1,2,2,2,2,2,2,2,1,1,1,2,2,2,2,1,2,2,1,2,2,2,1,2,1,2,1,2,1,1,1,1,2,2,1,2,2,2,2,1,1,2,2,2,234,247,2,2,1,2,1,1,1,1,2,2,2,2,2,1,2,2,2,2,2,2,2,2,2,2,1,2,1,1,1,2,2,2,1,2,2,1,2,1,2,2,2,2,2,1,2,2,1,2,1,1,2,2,2,7,3,3,1,3,4,2,2,7,26
1,234,248,2,3,1,3,6,5,9,1,1,5,1,3,1,2,1,1,1,4,1,1,1,1,1,1,1,1,1,2,1,2,2,2,1,2,1,2,2,1,1,1,1,2,2,1,1,2,1,2,2,2,1,2,1,1,2,2,2,1,1,2,2,2,2,2,2,2,1,2,2,2,2,2,234,248,2,1,1,2,2,1,1,1,2,2,2,1,2,1,1,2,1,1,2,2,1,2,2,2,1,1,2,1,2,1,1,2,2,2,2,1,1,1,2,2,2,2,1,2,2,2,2,3,1,1,2,2,1,9,3,3,1,3,4,2,2,1,18
1,234,249,2,3,2,2,5,5,9,1,2,1,1,2,1,2,1,1,1,5,0,3,2,1,1,1,1,1,1,1,1,1,2,2,1,2,2,2,2,1,1,2,1,2,2,2,1,1,1,1,2,2,2,2,1,1,1,2,1,2,1,2,2,2,1,2,2,2,2,2,2,2,1,2,234,249,2,2,1,2,1,1,1,1,2,2,2,2,2,1,1,2,1,2,2,1,1,2,1,2,1,2,1,1,2,1,2,2,2,1,2,2,1,1,2,2,2,2,2,1,2,2,2,2,1,2,1,2,1,9,2,3,1,3,4,2,2,1,27
1,234,250,2,2,2,2,6,4,9,1,1,5,2,0,0,2,1,1,1,5,2,3,1,1,1,1,3,1,1,1,1,1,2,2,1,2,1,2,1,1,1,1,1,2,2,1,1,2,2,2,2,2,2,2,1,2,2,2,1,2,1,1,1,2,1,2,2,1,2,2,2,2,1,2,234,250,2,1,1,2,1,1,1,1,2,2,2,2,2,1,1,1,1,2,2,2,1,2,2,2,1,2,2,1,1,2,1,2,2,1,2,1,2,1,2,2,2,2,1,2,2,2,1,2,1,1,1,2,5,10,3,3,2,3,4,2,2,1,16
1,234,251,2,1,2,2,6,4,9,1,1,5,2,0,0,2,1,1,2,5,1,3,1,1,1,1,1,2,1,1,1,1,2,2,1,2,2,2,1,1,1,2,2,2,2,1,1,2,2,2,2,2,2,2,0,1,1,2,2,2,2,2,1,2,2,2,2,2,1,2,2,2,1,2,234,251,2,2,1,2,2,1,2,1,2,1,2,2,2,1,1,1,2,2,2,2,1,2,1,1,1,2,1,1,2,1,2,2,2,2,2,0,1,1,2,2,2,1,1,1,2,2,2,3,3,3,1,2,5,7,3,3,2,3,4,2,0,1,41
1,234,252,2,4,4,3,7,6,9,1,2,4,1,3,2,2,1,1,1,6,5,1,2,2,2,1,2,1,1,1,1,2,2,1,1,2,1,2,1,1,1,2,2,1,2,1,1,2,1,1,1,1,1,2,2,2,1,2,2,2,1,1,1,2,1,2,1,2,1,1,2,2,1,2,234,252,2,1,1,2,2,1,2,1,2,1,2,1,1,1,1,2,2,2,2,2,1,1,1,2,1,2,1,1,2,1,2,1,1,2,2,2,2,1,2,2,1,1,2,1,2,1,2,2,2,2,2,1,0,10,3,3,1,3,3,2,1,1,33
1,234,253,2,3,3,3,6,6,9,1,2,1,1,2,3,2,1,1,1,3,0,3,2,3,5,2,2,2,1,2,2,2,2,2,1,2,1,1,1,2,1,1,1,2,2,1,1,2,1,1,2,1,1,2,1,1,1,2,2,1,1,1,1,2,2,2,2,2,1,2,2,2,2,2,234,253,2,1,1,2,2,1,1,1,1,2,2,1,2,1,1,2,1,1,2,1,1,1,2,1,1,1,1,1,2,1,1,2,2,1,2,1,2,1,2,2,2,2,1,2,2,2,2,2,1,1,1,1,0,9,3,3,2,3,4,2,3,1,49
1,234,254,2,3,1,2,7,5,9,1,2,4,2,0,0,2,1,1,2,4,0,3,2,1,2,2,1,1,1,1,1,2,2,2,1,2,1,1,1,2,1,1,2,2,2,1,1,2,2,2,2,1,2,2,2,1,2,2,2,2,1,2,1,1,2,2,2,2,1,2,2,2,2,2,234,254,2,1,1,2,2,2,2,1,1,1,2,2,2,1,1,2,1,2,2,2,1,2,2,1,1,1,1,1,2,1,1,1,1,1,2,1,1,1,2,2,1,1,1,1,2,0,0,0,0,0,0,2,5,7,2,3,2,3,4,2,2,1,36
1,234,255,2,2,3,2,7,4,9,1,2,1,2,0,0,2,1,1,1,6,1,3,3,2,2,2,2,3,1,2,2,2,2,2,1,1,1,2,2,2,2,1,1,1,2,1,1,2,1,2,1,1,1,2,2,2,1,2,2,2,2,1,1,1,2,1,1,2,1,1,1,0,1,2,234,255,2,1,2,2,1,2,2,1,1,1,2,1,1,1,1,2,1,1,1,2,1,1,1,1,1,2,2,1,1,1,1,1,1,1,1,1,2,2,1,1,1,1,2,1,2,2,2,2,2,1,2,1,5,4,3,3,2,3,4,2,2,1,19
1,234,256,2,3,1,2,7,4,9,1,2,1,2,0,0,2,1,1,1,6,1,3,2,2,2,1,2,1,3,1,2,2,2,1,1,2,1,2,1,2,1,1,1,2,2,1,1,1,1,2,1,2,1,2,1,2,2,2,2,2,1,2,1,1,2,2,2,2,1,1,2,2,1,2,234,256,2,1,1,2,2,2,2,2,1,1,2,2,2,1,1,2,1,1,2,2,1,2,1,2,1,2,1,1,2,1,1,2,2,1,2,1,1,1,1,1,2,2,1,2,2,2,1,2,1,2,2,2,5,8,2,3,1,3,4,2,2,1,32
1,234,257,2,2,3,2,7,4,9,1,1,5,2,0,3,2,1,1,2,6,2,1,2,2,5,1,1,1,3,1,1,2,1,2,1,2,2,1,2,2,1,1,2,1,2,1,1,2,2,2,1,1,2,2,1,1,2,2,2,2,1,1,1,1,1,1,2,2,1,2,2,1,1,2,234,257,2,1,1,2,2,0,2,2,1,1,2,2,1,1,1,2,1,1,1,1,1,1,1,1,1,0,1,1,0,0,0,1,1,2,2,2,2,1,2,1,1,2,1,1,2,1,2,2,1,1,2,2,5,6,3,3,2,3,4,2,2,1,47
1,234,258,2,3,2,2,6,5,9,1,1,5,1,2,1,2,3,1,1,1,0,3,2,3,1,2,2,2,1,2,1,2,1,2,1,2,1,1,2,2,1,1,2,1,2,1,2,2,1,2,1,2,2,2,1,2,1,2,2,2,2,2,1,1,2,2,2,1,1,2,2,1,2,2,234,258,2,2,1,2,1,2,2,1,2,2,2,2,2,1,1,2,1,2,1,1,1,2,1,1,1,1,2,1,1,2,1,1,1,1,2,1,2,2,1,2,1,1,1,1,2,2,2,2,2,2,2,2,1,8,3,3,1,3,4,2,2,1,13
1,234,259,2,3,3,3,7,6,9,1,2,4,1,2,1,2,1,1,1,6,2,3,1,1,1,1,3,2,3,1,1,2,2,2,1,2,2,2,1,2,1,1,1,2,2,1,1,2,1,2,2,1,1,2,2,1,1,2,2,2,1,1,1,2,2,2,2,1,1,2,2,1,2,2,234,259,2,2,1,2,2,2,1,1,2,2,2,2,1,1,1,1,1,1,2,1,2,2,2,2,1,2,1,1,2,1,1,2,1,2,2,1,2,1,1,2,2,2,2,1,2,1,1,2,1,1,2,2,2,5,3,3,1,3,4,2,3,1,29
1,234,260,2,3,1,2,7,5,9,1,2,1,2,0,3,2,1,1,1,4,6,3,1,2,1,1,1,2,1,1,1,1,2,2,2,2,1,2,2,2,1,1,1,1,2,2,1,2,1,2,2,2,2,2,2,1,2,2,1,2,1,1,2,2,1,2,2,2,2,2,2,2,1,2,234,260,2,1,1,2,1,1,1,1,2,2,2,2,1,1,1,1,1,2,2,1,1,2,2,2,1,2,1,1,2,2,1,2,2,1,2,2,1,1,2,2,2,2,2,1,2,2,2,1,1,1,2,2,5,7,3,3,2,3,4,2,2,1,55
1,234,261,2,2,4,3,6,6,9,1,2,4,1,3,1,2,1,1,2,6,1,1,2,2,3,1,1,1,2,1,2,2,2,2,2,2,2,2,1,2,1,1,1,2,2,1,2,2,2,2,1,1,1,1,2,2,1,1,1,1,1,1,1,1,2,2,2,2,1,2,2,1,1,2,234,261,2,1,1,2,1,1,1,1,2,2,2,1,2,1,1,2,2,1,2,2,2,2,1,2,1,2,1,1,1,1,1,2,1,1,2,1,1,1,1,2,1,1,2,2,2,2,1,2,1,2,2,2,1,8,3,3,1,3,4,2,2,1,6
1,234,262,2,3,1,3,7,5,9,1,2,4,1,3,1,2,1,1,1,6,1,3,2,3,1,2,1,1,3,1,1,1,1,2,1,2,2,2,1,2,1,1,1,1,2,2,1,2,1,2,1,2,2,2,1,2,1,2,1,2,1,2,1,2,1,2,2,1,2,2,2,1,1,2,234,262,2,2,1,2,1,1,1,1,2,1,2,1,1,1,1,2,1,1,2,1,1,1,1,2,1,1,2,1,2,1,1,2,1,2,2,2,2,1,1,1,2,2,1,1,2,1,2,2,1,1,2,2,1,5,2,2,1,3,4,2,2,1,50
1,234,263,2,3,3,3,7,6,9,1,1,5,1,5,1,2,1,1,2,6,1,1,2,1,1,1,2,1,3,1,1,1,2,1,1,2,2,2,1,2,1,2,1,2,2,1,1,2,1,1,2,2,2,2,1,2,2,2,1,1,2,1,2,2,1,2,2,1,2,2,2,2,1,2,234,263,2,2,1,2,2,1,1,1,2,2,2,2,1,1,1,2,1,2,2,2,1,2,2,2,1,2,1,1,2,2,1,2,2,2,2,1,1,1,2,2,2,2,1,2,2,2,2,3,1,0,2,2,1,10,3,3,1,3,4,2,3,7,6
1,234,264,2,1,4,3,7,5,9,1,2,4,2,0,0,2,1,1,2,6,1,2,2,1,1,1,1,1,1,1,2,2,2,0,1,2,2,2,2,1,1,1,1,1,2,1,1,2,1,2,2,2,2,1,2,2,1,2,2,2,2,2,1,2,1,2,2,2,2,1,1,2,2,2,234,264,2,2,1,0,1,1,2,1,1,1,2,2,2,1,1,2,1,1,2,2,1,2,1,2,1,2,1,1,2,2,1,2,1,2,2,2,2,1,1,2,2,2,2,2,2,2,2,3,1,1,1,2,5,5,3,3,2,3,4,5,2,7,17
1,234,265,2,1,4,2,7,5,8,1,1,5,1,3,2,2,1,3,2,6,1,2,3,2,2,2,1,1,3,1,2,1,0,2,1,2,2,2,2,1,1,2,2,2,2,2,2,2,1,2,1,1,2,0,1,2,2,1,1,2,2,2,2,1,1,2,2,1,1,2,2,2,1,2,234,265,2,2,1,2,1,1,1,1,1,1,2,1,1,1,1,2,1,1,1,2,1,2,1,2,1,2,2,1,1,1,1,2,1,1,2,1,1,1,1,2,1,1,1,1,2,2,2,2,2,0,3,2,1,8,3,3,1,2,4,5,1,7,24
1,234,266,2,2,2,4,5,3,4,2,2,4,1,2,1,2,2,2,3,4,1,3,2,1,2,2,2,2,2,1,1,1,2,2,1,2,2,1,2,1,1,1,2,2,2,1,2,2,1,2,1,2,1,2,1,2,1,1,2,2,2,1,1,2,1,2,1,1,1,1,1,1,1,2,234,266,2,1,2,1,2,2,2,2,1,1,2,2,2,1,1,2,1,1,2,2,1,1,2,1,1,2,2,1,1,0,1,2,1,1,1,2,2,2,1,2,2,1,2,2,2,2,1,3,3,1,1,2,1,1,3,3,1,2,4,5,2,2,46
1,234,267,2,2,2,2,7,4,4,2,1,5,1,2,1,2,1,1,2,3,0,3,4,1,3,1,1,1,2,1,1,2,2,1,1,2,2,2,1,1,1,1,2,2,2,1,1,2,2,2,1,1,2,2,1,2,1,1,2,2,1,1,2,2,1,1,2,2,1,1,1,2,1,2,234,267,2,2,1,2,2,1,2,1,1,1,1,2,1,1,1,2,1,2,2,2,1,1,1,2,1,1,1,1,2,1,1,1,2,1,2,2,1,1,1,2,2,1,1,1,2,1,1,2,2,2,2,2,1,3,2,3,1,3,5,5,2,2,23
1,234,268,2,2,2,2,8,4,4,2,1,5,1,2,1,3,1,1,2,4,2,1,2,3,2,1,1,2,2,1,1,2,2,1,1,1,2,2,1,1,1,1,2,1,2,1,2,2,1,1,2,1,2,1,1,2,1,1,2,2,1,2,2,2,1,2,2,1,1,1,1,2,1,2,234,268,2,1,1,2,2,2,1,1,1,1,2,2,1,1,1,2,1,1,1,2,1,2,1,1,1,2,2,1,1,1,1,2,2,1,2,1,2,1,1,2,1,1,2,1,2,1,2,2,2,2,2,2,1,6,3,3,1,3,4,5,2,2,9
1,234,269,2,3,3,3,7,6,9,1,2,4,1,4,1,2,1,1,1,5,0,3,2,2,2,3,2,2,3,1,2,2,2,2,1,2,1,2,1,1,1,2,2,1,2,1,2,2,1,2,1,2,2,2,2,2,2,1,2,1,1,2,1,1,1,2,1,1,1,2,2,1,1,2,234,269,2,1,1,1,2,0,2,2,1,1,2,2,2,1,1,1,1,1,2,2,1,2,2,1,1,2,2,1,1,1,1,1,1,1,1,2,1,1,1,2,2,1,1,2,2,1,2,1,1,1,2,2,6,9,3,3,1,4,4,5,2,1,24
1,234,270,2,2,2,3,7,5,4,2,1,5,1,2,1,2,1,1,1,5,1,3,2,1,1,1,1,1,2,1,1,1,2,2,1,2,1,2,2,1,1,1,2,2,2,2,1,2,1,2,1,1,2,2,1,1,1,2,2,2,1,2,1,2,1,2,2,1,1,1,1,2,2,2,234,270,2,2,1,2,1,1,1,1,2,2,2,1,1,1,1,1,1,1,2,2,1,2,2,2,1,2,1,1,2,1,1,2,2,1,2,1,1,1,2,2,2,2,1,2,2,2,2,2,1,1,1,2,1,9,3,3,1,4,4,5,2,2,44
1,234,271,2,1,4,4,6,6,3,1,2,4,2,0,0,2,1,1,1,4,1,1,1,1,1,1,1,1,1,1,1,1,2,2,1,2,2,1,1,1,2,2,1,2,2,2,2,1,1,1,2,2,1,2,1,1,1,1,1,1,1,2,2,2,2,2,2,2,2,1,2,1,2,2,234,271,2,1,1,2,1,1,2,1,2,2,2,1,2,1,1,1,2,2,1,2,1,2,1,2,1,1,1,2,1,2,2,2,2,1,2,1,1,1,2,2,1,2,1,2,1,1,2,1,1,1,1,1,5,10,3,3,1,4,4,5,1,7,2
1,234,272,2,4,4,5,7,6,11,3,2,1,2,0,0,2,1,1,2,5,1,3,1,1,1,1,1,2,2,1,1,1,2,0,1,2,1,2,2,1,1,2,1,2,0,1,1,2,1,2,2,2,2,2,2,2,2,0,2,2,2,1,1,2,0,1,2,0,2,2,2,0,2,2,234,272,2,2,0,0,1,1,2,1,2,2,2,1,1,1,1,2,2,1,2,2,1,2,2,2,1,0,0,1,0,2,0,2,0,1,2,1,2,1,2,2,2,2,1,1,2,2,2,2,1,1,3,2,5,9,2,3,2,5,5,5,1,3,13
1,234,273,2,3,3,5,4,6,6,2,2,2,1,4,1,2,1,1,1,2,0,3,3,2,4,1,2,2,2,1,1,2,2,2,1,2,2,2,1,1,1,1,2,2,2,2,2,2,1,1,2,2,1,2,2,1,2,2,1,2,1,2,2,2,2,2,2,2,2,1,2,1,2,2,234,273,2,2,1,2,1,2,1,1,2,2,2,1,2,1,1,2,2,2,2,2,1,2,1,2,1,2,1,1,2,2,2,2,2,2,2,2,2,1,2,2,2,2,1,2,2,2,1,2,2,1,2,2,2,10,3,3,2,4,4,5,2,4,7
1,234,274,2,4,3,5,8,6,3,3,2,4,1,4,2,2,1,1,1,5,1,1,1,1,1,1,1,2,3,1,1,1,2,2,1,2,1,1,1,1,1,2,1,2,2,2,2,1,1,1,2,2,2,2,2,1,1,2,1,1,1,1,2,2,2,2,2,2,2,2,2,1,2,2,234,274,2,2,1,2,1,1,1,1,2,2,2,2,2,1,1,1,2,2,2,2,1,2,2,2,1,1,1,1,2,2,2,2,2,2,2,1,1,1,2,2,2,2,1,2,2,2,1,2,1,1,2,2,2,10,2,3,1,4,4,5,3,6,56
1,234,275,2,1,4,4,6,6,9,1,2,1,2,0,0,1,1,1,3,3,1,1,2,1,1,1,1,1,1,1,1,1,2,2,1,2,2,2,1,1,1,1,1,2,2,2,1,2,1,1,1,2,2,1,2,1,2,2,1,1,1,1,2,2,1,2,2,2,2,2,2,1,2,2,234,275,2,2,1,2,2,1,1,1,2,2,2,1,2,1,1,1,1,2,2,2,1,2,2,2,1,1,1,1,2,2,2,2,1,2,2,2,2,1,2,2,2,2,1,2,2,1,1,3,1,0,3,2,5,8,3,3,1,4,4,5,1,7,30
1,234,276,2,4,4,5,4,6,8,3,2,2,2,0,0,2,1,1,1,6,0,1,1,2,2,1,2,3,3,1,1,1,2,1,1,2,2,2,1,1,1,2,1,2,2,2,2,2,1,2,1,2,2,2,2,1,1,2,1,1,2,1,1,1,2,2,2,2,1,2,2,2,2,2,234,276,2,2,1,1,2,1,1,1,2,2,2,1,2,1,1,1,1,1,2,2,1,2,2,2,1,2,1,1,2,1,1,2,0,2,2,1,2,1,2,2,2,1,1,2,2,1,2,1,1,2,2,2,5,7,3,2,2,4,4,5,1,5,30
1,234,277,2,4,3,4,7,6,9,1,2,2,2,0,0,2,1,1,2,5,0,2,2,1,1,1,1,2,1,1,1,1,2,2,1,2,2,2,1,1,1,2,2,1,2,1,1,2,2,2,2,2,2,2,1,1,1,2,1,1,1,2,1,2,1,2,2,2,2,2,2,2,2,2,234,277,2,2,1,2,2,1,1,1,2,2,2,1,2,1,1,1,1,2,2,2,1,2,2,2,1,2,1,1,2,2,1,2,2,2,2,2,2,1,2,2,2,2,2,1,2,2,1,1,1,1,2,2,5,8,2,3,2,4,4,5,2,1,30
1,234,278,2,4,4,5,6,6,2,2,2,1,1,4,1,1,1,1,2,6,9,3,2,2,2,1,1,0,0,1,1,0,2,1,1,2,1,2,1,1,1,2,2,2,2,1,2,2,1,2,2,2,2,2,1,2,0,2,2,0,1,2,2,2,2,1,2,2,2,2,2,1,2,2,234,278,2,2,1,2,2,1,0,1,2,2,2,1,2,1,1,2,2,1,2,2,1,2,2,2,1,2,2,1,2,2,1,2,2,2,2,1,1,1,2,2,2,2,2,2,2,2,1,2,1,1,1,2,2,1,3,3,1,4,3,5,0,5,14
1,234,279,2,4,2,3,7,6,6,2,1,5,1,5,1,0,0,0,0,0,1,1,1,1,1,1,2,1,1,1,1,2,1,2,1,2,2,2,2,1,1,2,1,2,2,1,1,2,1,2,2,1,2,2,2,1,1,2,1,2,1,1,1,2,1,2,2,2,1,1,2,2,2,2,234,279,2,2,1,2,2,1,1,1,2,2,2,2,1,1,1,2,1,2,2,2,1,2,1,2,1,2,2,1,2,1,2,2,2,2,2,2,1,1,2,2,2,2,2,2,2,2,1,3,1,1,2,3,2,5,2,3,1,4,4,5,1,4,20
1,234,280,2,1,4,5,5,6,6,2,2,4,1,3,2,1,1,1,1,4,0,3,2,1,1,1,2,3,3,1,1,1,2,2,2,2,2,2,1,1,1,1,1,2,2,1,2,2,1,2,2,2,2,2,2,1,1,2,1,2,1,1,1,2,2,2,2,2,1,2,2,2,1,2,234,280,2,2,1,1,1,1,1,1,2,2,2,1,2,1,1,1,1,1,2,2,1,2,2,1,1,1,1,1,1,1,2,2,2,1,1,2,2,1,2,2,2,0,0,2,2,0,0,1,1,2,2,2,1,8,2,3,1,4,4,5,2,4,22
1,234,281,2,2,2,3,5,4,4,2,2,4,1,2,1,2,2,2,3,2,1,3,0,2,2,2,1,2,1,1,1,1,2,1,1,2,2,1,2,1,1,1,1,2,2,1,1,2,1,2,1,1,2,2,1,2,1,2,1,2,1,2,2,2,1,1,2,2,1,1,1,2,1,2,234,281,2,2,1,2,1,1,1,1,2,2,2,2,1,1,1,2,1,2,2,2,1,2,2,2,1,2,1,1,2,2,1,2,1,1,2,1,2,1,2,2,1,2,1,1,2,1,1,2,2,3,2,2,1,6,3,3,1,4,4,5,2,2,45
1,234,282,2,3,1,2,6,6,9,1,3,1,2,0,0,2,1,1,1,1,3,1,2,2,2,2,2,1,1,2,2,2,2,0,1,2,1,2,1,1,1,1,0,2,2,2,1,2,1,2,2,2,2,1,1,2,1,2,1,2,1,2,2,2,2,2,2,1,2,2,2,1,1,2,234,282,2,2,1,2,1,1,1,1,2,2,2,1,2,1,1,2,2,1,2,2,1,2,2,2,1,1,2,1,1,1,1,1,2,2,2,1,2,2,2,2,2,2,1,1,2,2,2,2,1,1,2,2,6,9,3,3,2,4,4,5,2,1,53
1,234,283,2,4,4,5,5,6,6,2,2,2,2,0,3,1,2,2,3,6,1,3,2,2,3,1,2,2,3,2,1,2,2,2,2,2,1,2,1,1,1,2,1,2,2,2,2,2,1,1,0,2,2,2,1,1,1,2,1,2,1,1,0,2,2,2,2,2,2,2,2,2,1,2,234,283,2,2,1,1,1,1,1,1,2,2,2,1,2,1,1,1,2,1,2,2,1,2,2,2,1,0,1,1,1,0,2,2,2,2,2,0,0,1,2,2,2,0,0,2,2,1,2,2,1,2,2,2,5,7,2,3,2,4,4,5,2,5,26
1,234,284,2,2,2,2,7,4,4,2,1,5,1,2,1,2,1,1,2,4,0,3,3,0,2,2,1,3,2,1,1,1,1,1,1,1,2,2,1,2,1,2,2,2,2,1,1,1,1,2,2,2,1,2,2,1,1,1,1,2,1,1,1,2,2,2,2,2,1,1,1,2,2,2,234,284,2,1,1,2,2,1,1,1,1,2,2,2,2,1,1,2,1,2,2,2,1,2,2,2,1,2,1,1,2,0,1,1,2,0,2,1,2,1,2,2,2,2,2,2,2,1,2,2,2,1,2,2,1,6,3,3,1,3,4,5,2,2,42
1,234,285,2,4,2,5,8,6,2,3,2,4,2,0,0,2,1,1,1,4,4,3,1,1,1,1,1,1,1,1,2,2,2,2,1,2,1,2,2,2,1,1,1,2,2,1,1,1,1,2,1,1,2,2,1,2,1,1,2,1,1,1,1,2,2,2,1,2,1,2,1,2,2,2,234,285,2,1,1,2,2,1,1,1,1,1,2,1,1,1,1,2,1,1,1,2,1,2,1,1,1,2,1,1,1,1,1,2,2,1,2,2,2,2,2,1,2,2,1,2,2,1,1,2,1,1,1,2,5,10,3,3,2,1,3,5,3,3,26
1,234,286,2,2,2,2,6,4,4,0,2,4,1,2,1,2,1,1,2,6,1,2,2,1,1,2,1,2,2,1,1,1,1,1,1,2,2,2,1,2,1,2,2,2,2,2,1,1,1,1,2,2,1,2,2,1,1,1,1,1,1,1,1,2,1,2,2,2,1,1,1,1,1,2,234,286,2,1,1,1,2,2,1,1,1,2,2,1,2,1,1,2,1,1,2,2,1,1,2,1,2,1,2,2,2,2,2,1,1,2,2,1,1,1,2,2,2,1,1,1,2,2,1,2,2,1,1,2,1,6,3,2,1,3,4,5,3,2,39
1,234,287,2,2,2,2,7,5,3,3,1,5,1,3,3,1,1,1,2,6,2,2,2,3,5,1,1,2,3,1,1,2,2,1,1,2,1,2,2,2,1,2,2,2,2,2,1,2,1,1,2,2,2,2,1,1,1,2,1,1,1,2,2,2,1,2,2,1,2,1,2,1,1,2,234,287,2,2,1,2,1,1,1,1,1,2,2,2,1,1,1,1,1,1,2,2,1,2,1,1,1,2,2,1,1,1,1,2,1,2,2,1,1,1,2,2,2,2,1,2,2,2,2,3,1,1,2,2,1,9,3,3,1,4,4,5,1,6,31
1,234,288,2,4,4,5,7,5,4,3,2,4,2,0,0,1,2,3,2,4,4,3,2,2,1,1,1,1,1,1,1,1,2,1,1,2,1,1,2,2,1,1,1,2,2,2,2,1,1,2,2,2,2,2,1,1,1,2,1,1,1,1,1,2,2,2,2,2,2,1,1,2,2,2,234,288,2,2,1,2,2,1,1,1,2,2,2,1,2,1,1,1,2,1,2,2,1,2,2,2,1,2,1,1,1,1,1,2,1,1,2,1,1,1,2,2,2,2,1,2,2,2,2,1,1,1,1,2,5,9,2,3,2,3,3,5,1,5,28
1,234,289,2,4,1,4,8,4,5,3,2,4,2,0,0,2,1,1,1,6,2,4,2,1,1,1,1,2,3,1,1,1,2,2,1,2,2,2,2,2,1,2,1,2,2,2,1,1,1,2,2,2,2,1,2,1,1,2,2,2,1,1,2,2,2,2,2,2,1,2,2,2,2,2,234,289,2,2,1,2,1,1,1,1,2,2,2,2,2,1,1,2,1,1,2,1,1,2,2,1,1,2,1,1,2,1,2,2,1,1,2,1,2,2,1,2,2,2,1,2,2,2,2,3,1,1,1,2,5,7,3,3,2,3,4,5,1,3,19
1,234,290,2,2,2,2,7,4,4,2,2,4,1,2,1,2,1,1,3,1,2,3,3,1,3,1,1,1,1,1,1,2,2,2,1,2,2,2,1,2,1,1,2,2,2,1,1,2,1,2,1,2,2,2,2,1,1,2,1,2,2,2,1,2,2,1,1,2,1,2,2,1,2,2,234,290,2,2,1,2,1,1,1,1,2,2,2,2,2,1,1,2,1,1,2,1,2,2,2,1,1,2,2,1,2,1,1,1,1,1,2,1,1,1,1,1,2,1,1,1,2,2,1,2,3,3,2,2,1,5,3,3,1,3,4,5,2,2,8
1,234,291,2,1,4,5,5,6,9,1,2,4,1,4,2,2,1,2,3,0,0,3,2,1,1,1,1,2,3,1,1,1,2,2,1,2,2,1,1,2,1,2,1,2,2,1,1,2,2,2,1,1,1,2,2,1,1,2,1,1,1,1,1,2,2,2,2,2,1,2,2,2,2,2,234,291,2,1,1,2,2,1,1,1,2,1,2,1,1,1,1,2,1,1,2,1,1,2,2,2,1,2,1,1,2,1,1,2,2,1,2,2,1,1,2,2,2,2,1,2,2,2,1,1,1,1,2,2,4,7,2,3,1,4,4,5,1,7,9
1,234,292,2,4,4,5,4,6,3,3,2,1,2,0,3,2,1,1,2,6,9,3,2,1,1,1,3,2,2,1,1,1,2,2,1,2,2,2,2,2,1,1,0,2,2,1,2,1,1,2,2,2,2,2,1,1,2,0,2,2,1,2,1,2,1,2,2,2,2,1,2,2,2,2,234,292,2,2,1,2,2,1,1,1,2,2,2,2,2,1,1,1,2,2,2,0,1,2,2,2,1,2,1,1,2,2,1,2,2,1,2,2,1,1,2,2,2,2,1,2,2,2,1,1,1,1,2,2,4,7,3,3,1,4,4,5,1,5,27
1,234,293,2,3,3,5,4,6,15,2,2,1,1,4,1,2,1,2,2,5,1,3,2,2,2,1,3,3,2,1,1,2,2,2,2,2,2,1,1,2,1,1,2,2,2,2,2,2,1,1,2,2,2,2,1,2,0,2,2,2,2,1,2,0,2,2,2,2,2,2,2,2,2,2,234,293,2,2,1,2,2,1,1,1,2,2,2,1,1,1,1,2,2,1,2,1,2,2,2,2,1,2,2,1,2,2,1,2,2,2,2,2,2,1,2,2,2,2,1,0,2,1,1,2,2,2,2,2,1,9,1,1,1,4,1,5,2,5,13
1,234,294,2,2,2,2,5,5,4,0,1,4,1,3,1,2,1,1,1,1,1,1,1,1,4,1,1,2,2,1,1,0,2,2,1,1,1,2,0,2,1,2,2,1,2,1,1,2,1,2,1,1,2,2,1,2,2,2,2,0,2,2,1,1,1,2,2,2,2,2,2,2,2,2,234,294,2,1,1,1,1,1,1,0,2,2,2,2,2,1,1,1,1,2,2,2,2,2,1,1,1,2,1,1,2,2,1,1,1,2,1,1,2,1,1,2,1,1,2,1,2,2,2,2,2,1,2,2,1,8,3,3,1,0,4,5,2,2,24
1,234,295,2,3,3,4,5,6,6,2,2,1,1,4,1,1,3,1,2,5,9,1,2,1,1,1,2,1,2,1,1,1,2,2,1,2,2,2,1,2,1,1,2,2,2,1,1,2,1,2,2,2,2,2,2,1,1,2,1,1,1,0,1,2,2,2,2,2,0,1,2,2,1,2,234,295,2,2,1,0,1,1,1,1,2,0,2,2,1,1,1,1,2,1,2,0,1,2,1,2,1,2,1,1,2,2,1,2,2,1,2,0,1,1,2,2,2,2,1,2,2,2,0,3,1,1,1,2,2,8,3,3,1,4,4,5,2,4,24
1,234,296,2,2,2,2,7,5,12,2,1,5,1,3,1,2,1,1,2,6,2,1,2,2,2,2,1,1,1,1,2,2,2,1,1,2,2,1,1,2,1,2,2,1,2,1,1,1,1,2,1,2,1,2,1,2,1,2,1,2,2,2,1,2,2,2,2,1,2,2,2,2,1,2,234,296,2,1,1,2,2,1,1,1,2,2,2,2,2,1,1,2,1,1,2,2,1,2,2,2,1,2,1,1,1,2,1,2,2,2,2,1,2,1,2,2,2,1,2,1,2,1,1,2,1,1,2,2,1,7,2,3,1,4,4,5,2,2,33
1,234,297,2,2,2,2,6,4,4,2,1,5,1,2,1,2,1,1,2,6,1,1,3,1,3,1,1,1,1,1,0,2,1,1,1,0,2,2,1,2,1,1,2,2,2,2,1,2,1,2,1,1,2,1,2,1,1,0,1,2,2,2,1,2,1,2,2,2,1,2,2,1,1,2,234,297,2,1,1,2,2,1,1,1,1,2,1,2,1,1,1,1,1,1,2,1,1,1,2,1,1,2,1,1,1,0,1,2,1,1,2,1,1,1,2,2,1,1,2,1,1,2,1,2,2,2,2,2,1,7,1,3,1,4,4,6,2,2,36
1,234,298,2,0,4,5,5,6,5,3,1,5,1,3,2,2,1,1,2,1,0,3,1,1,1,1,2,1,3,1,1,2,2,1,2,2,2,1,1,2,1,1,2,1,2,1,1,2,2,2,2,1,2,1,2,2,1,2,2,1,1,1,1,2,2,2,2,1,1,1,1,2,2,2,234,298,2,1,1,1,2,2,1,1,2,1,2,2,1,1,1,2,2,1,1,2,1,2,2,1,1,1,1,1,1,1,1,1,1,1,2,2,1,1,1,2,2,1,1,1,1,1,1,2,2,2,1,2,1,10,3,3,2,4,4,6,1,2,28
1,234,299,2,2,1,2,7,4,4,2,2,4,1,2,1,2,1,1,3,6,1,3,4,1,4,2,1,1,2,1,2,2,2,1,1,1,1,2,2,2,2,1,2,1,1,1,1,2,2,2,1,2,2,1,2,2,2,2,2,2,2,2,1,1,1,2,1,1,1,1,2,2,1,2,234,299,2,1,2,2,2,2,2,0,2,1,2,1,1,1,1,2,1,2,2,2,1,1,1,1,1,1,2,1,1,2,1,2,1,1,1,2,2,2,1,1,1,1,2,1,2,2,1,2,2,1,2,2,1,6,1,3,1,4,4,6,2,2,11
1,234,300,2,2,3,2,7,5,9,1,1,5,2,0,0,2,1,1,1,5,1,3,2,1,2,1,1,1,1,2,2,2,1,2,2,2,2,2,1,2,1,2,1,1,2,1,2,2,2,2,1,1,1,2,1,1,1,1,2,2,1,1,1,2,2,2,2,2,1,1,2,2,1,2,234,300,2,1,1,2,1,1,2,1,2,2,1,2,1,1,1,1,1,1,2,1,2,1,2,1,1,2,1,1,2,2,1,2,1,2,2,2,1,1,1,1,1,1,1,1,2,2,2,2,1,1,1,1,6,10,3,3,2,4,4,6,2,1,11
1,234,301,2,4,4,3,7,6,2,2,2,2,1,3,1,2,1,1,2,3,2,3,1,1,1,1,1,1,1,1,1,1,2,2,1,2,2,2,2,1,1,1,1,2,2,2,1,2,2,2,2,2,2,2,1,2,1,2,1,2,2,1,1,2,1,2,2,1,1,2,2,2,2,2,234,301,2,2,1,2,2,1,1,1,2,2,2,2,2,1,1,2,1,1,2,2,1,2,2,2,1,2,1,1,2,0,1,2,2,1,2,1,2,1,1,2,2,2,2,2,2,2,1,3,3,2,1,2,2,9,2,3,1,0,3,3,1,4,35
1,234,302,2,4,4,4,7,6,13,3,2,2,1,3,2,1,1,1,2,6,0,3,2,1,1,1,3,1,2,1,1,2,2,1,1,2,2,2,2,1,1,1,2,2,2,1,2,2,2,2,2,2,2,2,2,2,2,2,1,1,1,1,1,2,2,2,2,2,1,1,2,2,2,2,234,302,2,1,1,2,2,1,1,1,2,2,2,2,2,1,1,2,1,1,2,2,1,2,2,2,1,2,1,1,1,1,1,2,2,2,2,2,2,0,1,2,2,2,0,2,2,2,1,3,3,1,2,2,2,8,3,3,2,0,3,3,1,3,10
1,234,303,2,4,4,3,8,6,9,1,1,5,1,2,3,2,1,1,2,5,1,3,1,1,1,1,1,1,1,1,1,1,2,2,1,1,2,1,1,2,1,1,1,2,2,1,1,2,1,2,1,1,2,1,2,2,2,1,2,1,1,2,2,1,2,2,2,2,1,2,2,2,2,2,234,303,2,2,1,2,1,1,1,1,2,1,2,2,2,1,1,2,1,1,1,2,1,2,2,2,1,2,1,1,1,2,1,2,2,1,2,2,2,1,2,2,2,2,1,1,2,2,1,3,1,0,2,2,2,6,3,3,2,0,3,3,1,7,4
1,234,304,2,2,2,2,7,5,4,2,1,0,1,2,1,2,1,1,1,4,2,3,4,2,2,2,1,1,2,2,0,0,1,1,1,1,2,2,2,2,1,1,2,2,2,1,1,2,2,2,1,2,2,0,2,1,1,1,2,2,1,2,1,2,1,2,1,1,1,1,2,1,1,2,234,304,2,2,2,1,1,2,1,0,1,1,1,2,1,1,1,1,0,0,0,0,0,0,0,0,0,0,0,0,0,0,0,0,0,0,0,0,0,0,0,0,0,0,0,0,0,0,0,0,0,0,0,0,6,0,0,0,0,0,0,0,0,2,22
1,234,305,2,1,3,4,0,6,9,1,2,3,2,0,3,2,1,1,2,5,0,3,1,1,1,1,1,1,1,1,1,1,2,2,2,2,2,2,1,2,1,2,1,2,2,2,2,1,1,2,2,2,2,2,1,1,2,2,1,2,1,2,2,2,1,2,2,2,2,2,2,2,2,2,234,305,2,2,1,1,1,1,1,1,2,2,2,1,2,1,1,1,2,2,1,1,1,2,2,2,1,2,1,1,2,2,1,2,2,2,2,1,2,1,2,2,2,2,1,2,2,1,2,2,1,2,2,2,5,7,3,3,1,0,0,0,3,7,27
1,234,306,2,3,3,3,8,3,5,3,2,4,1,1,2,2,1,1,2,4,2,3,4,1,3,2,1,2,1,2,2,2,2,2,1,1,2,2,2,2,1,2,1,2,2,1,1,1,1,2,2,1,2,2,2,2,2,2,1,2,2,2,2,2,1,2,2,1,1,2,2,2,2,2,234,306,2,2,1,2,1,1,2,1,1,2,2,2,2,1,1,2,1,1,2,1,1,2,2,1,1,2,1,1,1,1,1,2,2,1,2,1,2,2,2,2,2,2,1,2,1,1,1,2,2,2,3,2,2,10,3,3,2,1,4,6,3,3,21
1,234,307,2,4,2,3,8,4,6,2,2,4,1,3,1,2,1,1,1,4,2,3,2,2,1,1,2,1,2,1,1,1,2,2,1,2,2,2,2,1,1,2,2,1,2,1,2,2,1,2,1,2,2,2,1,1,1,2,1,2,1,1,1,2,1,2,2,2,1,2,2,2,2,2,234,307,2,1,1,2,1,1,1,1,1,2,2,1,1,1,1,1,1,2,2,2,1,2,1,1,1,2,1,1,1,1,1,2,2,2,2,1,2,1,2,2,2,1,2,2,2,2,1,2,1,1,2,2,1,9,3,3,1,1,3,3,2,4,14
1,234,308,2,3,3,2,7,5,9,1,2,1,1,2,1,2,1,1,1,5,1,3,1,1,1,1,2,1,1,3,2,2,1,1,2,2,1,2,1,1,1,1,1,1,2,1,1,2,2,2,1,2,1,2,2,1,1,2,1,1,1,1,1,2,2,2,2,1,1,2,2,2,1,2,234,308,2,1,1,2,1,1,2,1,1,1,2,1,2,1,1,1,1,1,2,2,2,2,1,1,1,2,2,1,2,1,1,2,2,2,2,1,2,1,1,2,2,1,2,2,2,1,2,2,1,2,2,2,1,7,3,3,1,1,4,3,2,1,25
1,234,309,2,3,4,2,8,4,4,2,1,5,1,2,1,2,1,1,2,1,2,1,2,1,1,1,3,3,2,1,1,0,1,1,1,1,1,1,1,2,1,1,1,2,2,1,1,2,1,0,1,2,2,2,2,2,1,1,1,2,1,2,1,2,2,2,2,2,2,2,2,2,2,2,234,309,2,1,1,1,1,1,0,0,2,2,2,1,1,1,1,1,1,1,2,1,2,2,2,2,1,2,0,1,1,2,2,2,2,0,1,1,1,1,1,2,1,2,1,1,2,2,0,2,2,1,2,2,1,8,3,3,1,1,3,0,2,2,12
1,234,310,2,4,1,2,8,4,5,3,2,4,2,0,0,2,1,1,1,3,7,3,2,1,1,2,1,1,1,2,2,2,2,0,1,2,2,2,2,1,1,1,1,2,0,2,1,1,0,2,2,2,2,2,1,2,1,0,1,2,2,1,1,2,0,2,2,0,0,1,1,0,2,2,234,310,2,1,0,0,1,1,0,1,1,2,2,2,2,1,1,2,0,1,2,2,1,2,2,2,0,0,1,1,0,1,2,2,0,1,2,2,1,1,2,2,2,2,1,2,2,2,1,2,1,1,2,3,5,9,3,3,2,2,4,6,3,3,11
1,234,311,2,3,3,4,8,5,9,1,2,4,2,0,0,3,3,2,3,6,1,3,2,2,1,2,1,1,1,1,2,2,2,1,1,1,2,2,2,1,1,1,2,2,1,1,1,2,2,1,2,2,2,1,2,1,1,1,2,2,2,2,2,2,1,1,2,1,1,2,2,2,1,2,234,311,2,1,1,2,1,2,1,2,1,1,2,1,2,1,1,2,1,1,2,2,1,1,2,2,1,1,1,1,1,1,1,2,1,1,2,2,2,2,2,2,2,1,2,2,2,2,1,2,1,2,2,2,5,5,3,3,2,2,4,6,3,1,35
1,234,312,2,4,3,3,8,5,9,1,2,4,2,0,0,2,1,0,2,6,1,4,4,1,3,1,1,1,1,1,1,1,2,2,1,2,1,2,2,2,1,1,2,2,2,2,2,2,1,2,1,2,2,2,1,1,2,2,1,1,2,1,2,2,2,2,2,2,2,1,2,2,1,2,234,312,2,2,1,2,1,1,1,1,1,2,2,1,1,1,1,2,2,1,2,1,1,2,2,2,1,2,2,1,2,1,1,2,1,1,2,1,2,2,2,2,2,2,1,2,2,1,1,2,2,1,2,2,5,9,3,3,2,2,3,6,0,1,38
1,234,313,2,3,3,2,7,5,9,1,2,4,1,1,3,2,1,1,2,6,2,3,3,2,3,1,1,1,1,1,2,2,2,2,2,2,1,2,1,1,1,1,2,2,2,1,1,2,2,2,1,2,2,1,2,2,1,2,2,2,1,2,1,2,2,2,2,2,1,2,2,1,1,2,234,313,2,1,1,2,1,1,2,2,1,1,2,1,1,1,1,2,1,2,1,2,1,2,1,1,1,2,2,1,2,1,1,2,1,2,2,1,1,2,1,2,2,1,2,1,2,1,2,2,2,0,3,2,2,7,3,3,1,2,3,3,1,7,15
1,234,314,2,4,3,4,8,6,4,2,2,4,1,5,1,2,1,1,1,4,2,3,1,1,1,1,2,1,1,1,1,1,2,2,1,2,1,1,1,2,1,1,1,2,2,2,2,2,1,1,2,2,2,2,1,2,1,2,1,1,2,1,2,1,2,2,2,2,2,2,2,2,1,2,234,314,2,2,1,2,1,1,1,1,1,2,2,1,2,1,1,1,1,2,1,2,1,2,2,2,1,1,1,1,1,2,2,2,2,1,2,1,1,1,2,2,2,2,2,1,2,1,2,1,1,1,3,3,4,7,2,3,1,2,3,3,2,4,44
1,234,315,2,3,2,2,8,5,8,2,1,5,1,2,1,2,1,1,1,5,2,3,3,1,3,2,0,2,2,1,1,1,2,2,1,2,2,2,2,2,2,1,1,2,2,1,1,2,2,2,1,1,2,2,2,2,2,2,2,2,1,2,1,2,2,2,2,1,1,1,2,2,1,2,234,315,2,1,1,2,2,1,1,1,1,2,2,2,2,1,2,1,1,2,2,1,1,1,2,2,1,2,2,1,2,1,1,2,2,1,2,1,1,1,2,2,2,1,1,1,2,2,2,2,3,0,1,2,1,8,3,3,1,2,3,0,0,2,53
1,234,316,2,1,4,3,7,6,9,1,1,5,2,0,0,2,1,1,2,6,0,1,2,1,3,1,1,1,1,1,2,1,1,1,1,1,2,2,2,2,1,1,2,2,2,2,2,2,2,2,1,2,2,2,2,2,1,2,1,1,1,2,2,2,2,2,1,2,2,2,2,2,2,2,234,316,2,2,1,2,1,1,1,1,2,2,1,1,2,1,1,2,1,2,2,2,2,2,2,2,1,2,1,1,1,2,1,2,2,2,2,1,2,1,2,2,2,2,1,2,2,2,2,2,1,1,2,2,5,9,3,3,2,3,4,6,1,7,14
1,234,317,2,2,2,2,6,4,4,2,1,5,1,2,1,2,1,1,3,5,1,1,1,2,2,2,1,2,3,2,2,2,2,2,1,2,2,2,1,2,1,1,2,2,2,2,2,2,1,2,1,1,1,2,2,2,1,2,2,1,2,1,1,1,1,2,1,2,1,1,1,1,1,2,234,317,2,1,1,1,1,1,1,0,2,1,2,2,2,1,1,2,1,1,2,2,1,2,1,1,1,2,2,1,2,2,2,1,2,1,2,1,2,1,1,2,1,1,2,1,2,2,2,2,1,2,3,3,1,2,3,3,1,3,4,6,2,2,1
1,234,318,2,4,4,5,6,6,4,2,2,3,2,0,0,2,1,1,1,4,1,3,2,2,2,1,1,1,1,1,1,2,2,2,1,2,2,1,1,2,1,1,2,1,2,1,1,2,1,1,1,1,2,2,2,2,2,2,1,1,1,2,1,2,2,2,2,2,1,2,2,2,1,2,234,318,2,1,1,2,1,1,1,1,2,2,2,2,2,1,1,1,2,1,2,2,1,1,1,1,1,2,1,2,1,2,2,2,0,2,2,1,2,1,2,1,2,0,2,2,2,2,1,2,3,2,1,2,6,10,3,3,2,3,0,3,2,4,31
