CARD.,DECK.,BALLOT.,FORM.,Q.1.,Q.2.,Q.3.,Q.4.,Q.5.,Q.6.,Q.7.,Q.8.,Q.9.,Q.10.,Q.11.,Q.12.,Q.13.,Q.15.,Q.16.,Q.17.,Q.18.,Q.19.,Q.20.,Q.21.,Q.22.,Q.23.,Q.24.,Q.25.,Q.26.,Q.27A.,Q.27B.,Q.28.,Q.29.,Q.30.,Q.31.,Q.32.,Q.33.,Q.34.,Q.35.,Q.36.,Q.37A.,Q.37B.,Q.38.,Q.39A.,Q.39B.,Q.40.,Q.41.,Q.42.,Q.43.,Q.44A.,Q.44B.,Q.45.,Q.46.,Q.47.,Q.48.,Q.49.,Q.50.,Q.51.,Q.52.,Q.54.,Q.55.,Q.56.,Q.57.,Q.59.,Q.60.,Q.61.,CARD..1,DECK..1,BALLOT..1,BALLOT..2,Q.62.,V.64.,V.65.,V.66.,V.67.,V.68.
1,218,1,3,2,30,3,1,1,1,6,14,1,4,2,2,3,5,1,1,2,5,5,2,2,1,2,2,2,3,3,3,2,2,2,1,1,1,5,1,3,3,67,1,2,1,3,6,2,4,1,2,2,1,2,1,1,5,9,9,99,9,9,5,2,24,2,218,1,3,7,2,2,2,8,6
1,218,2,3,2,30,2,2,2,1,6,14,2,1,2,1,2,4,2,1,1,2,3,1,3,1,1,2,4,0,0,0,2,3,2,2,1,1,4,1,2,1,62,1,2,2,1,0,2,1,3,2,2,2,3,1,1,5,9,9,99,9,9,5,2,25,2,218,2,3,9,2,2,2,8,4
1,218,3,3,2,30,3,2,2,1,6,14,1,4,2,3,4,0,2,1,3,3,3,2,2,1,1,2,2,2,2,3,0,1,1,1,1,1,5,1,2,2,55,1,1,1,3,6,2,6,0,0,2,2,1,1,1,5,9,9,99,9,9,5,2,24,2,218,3,3,7,2,2,2,8,2
1,218,4,3,2,30,2,2,2,1,0,14,1,4,2,3,3,4,1,1,3,2,4,1,1,1,2,2,4,2,2,0,1,1,3,2,1,3,4,1,3,2,60,1,1,1,3,6,2,0,3,2,2,2,1,1,1,5,9,9,99,9,9,5,2,24,2,218,4,3,7,2,2,2,8,0
1,218,5,3,3,30,2,1,1,1,6,14,1,4,2,3,4,5,2,1,3,3,4,1,1,1,2,2,2,3,3,3,2,2,2,2,1,2,5,1,1,1,57,1,2,1,5,2,2,4,1,2,2,1,3,1,1,5,9,9,99,9,9,4,2,24,2,218,5,3,7,2,2,2,8,3
1,218,6,3,1,12,3,11,99,1,6,14,2,3,2,3,4,5,3,3,3,3,5,1,2,1,2,2,2,3,4,3,2,2,2,4,1,2,5,1,3,3,18,1,1,1,3,6,2,5,1,2,4,2,2,1,1,5,9,9,99,9,9,6,1,7,2,218,6,3,8,2,2,2,8,8
1,218,7,3,2,30,3,11,99,1,6,14,1,4,2,1,1,3,2,2,2,3,3,1,3,1,2,2,3,4,4,3,1,1,3,5,1,2,5,5,3,2,59,1,1,1,3,6,2,6,0,1,2,2,3,1,1,5,9,9,99,9,9,6,2,25,2,218,7,3,7,2,2,2,8,7
1,218,8,3,2,30,2,1,1,1,6,14,2,4,2,3,4,6,2,3,3,3,4,1,2,1,2,2,2,2,3,3,2,3,3,3,1,2,4,3,3,2,54,1,1,1,3,6,2,5,2,2,2,2,2,1,1,5,9,9,99,9,9,6,2,24,2,218,8,3,7,2,2,2,8,10
1,218,9,3,4,23,3,2,2,2,1,1,3,1,3,3,4,4,1,1,1,2,3,2,3,1,2,2,3,3,4,3,3,4,3,1,2,4,3,3,2,2,57,1,1,1,3,6,1,1,3,2,2,2,3,2,6,4,9,9,99,9,9,3,2,17,2,218,9,3,9,2,2,1,7,23
1,218,10,3,1,27,2,2,2,1,6,1,2,3,1,3,4,5,2,1,3,4,4,2,2,1,2,2,2,2,3,3,3,1,2,1,1,2,5,1,1,2,53,1,2,1,3,6,2,4,1,2,1,1,1,2,2,1,9,9,99,9,9,5,2,22,2,218,10,3,8,2,2,1,7,26
1,218,11,3,1,34,2,2,2,1,6,1,2,2,3,1,3,5,3,1,3,2,3,1,3,2,2,2,4,1,1,3,1,1,4,4,2,3,1,4,3,0,60,2,1,2,3,6,4,4,1,2,3,3,3,2,6,4,9,9,99,9,9,0,2,23,2,218,11,3,7,2,2,1,7,46
1,218,12,3,1,34,2,2,2,1,6,1,1,2,3,1,2,4,2,1,2,2,3,2,3,1,2,1,1,2,3,2,1,4,4,4,2,4,1,4,2,1,62,1,4,1,3,6,3,6,0,4,5,3,3,2,6,4,9,9,99,9,9,1,2,23,2,218,12,3,7,2,2,1,7,47
1,218,13,3,2,28,2,2,2,1,0,1,2,2,2,2,3,4,2,1,3,3,0,2,2,3,1,0,2,3,3,3,1,2,4,2,3,2,3,5,3,3,57,1,2,2,2,5,5,0,1,2,2,1,1,2,2,1,9,9,99,9,9,3,2,23,2,218,13,3,8,2,2,1,7,43
1,218,14,3,2,28,3,2,2,2,1,1,2,2,2,2,4,6,2,1,3,4,3,2,1,1,2,2,3,2,3,4,1,1,2,2,1,2,3,0,3,3,54,1,1,2,2,5,2,6,2,3,2,1,2,2,2,1,9,9,99,9,9,5,2,22,2,218,14,3,7,2,2,1,7,0
1,218,15,3,2,34,0,0,0,1,0,1,1,0,0,0,0,0,0,0,0,3,0,1,1,0,0,0,1,1,0,0,0,2,0,4,0,0,0,0,0,2,62,1,1,2,0,5,3,0,0,1,1,0,1,2,2,0,9,9,99,9,9,1,3,22,2,218,15,3,0,2,2,1,7,3
1,218,16,3,2,34,2,2,2,2,0,1,1,4,1,1,1,3,2,3,3,4,7,2,1,1,3,2,1,3,4,4,1,3,4,4,3,4,4,4,3,3,62,2,5,1,3,6,5,6,0,3,5,3,3,2,6,4,9,9,99,9,9,4,5,23,2,218,16,3,0,2,2,1,7,33
1,218,17,3,2,35,2,2,2,1,6,1,1,4,2,3,3,5,2,1,2,3,3,1,2,1,2,2,2,3,4,3,2,3,3,3,1,3,5,3,2,2,62,1,1,1,3,6,3,4,1,1,5,2,3,2,8,2,9,9,99,9,9,5,2,22,2,218,17,3,6,2,2,1,7,44
1,218,18,3,2,35,2,2,2,2,1,1,1,3,2,1,3,4,2,3,2,2,1,1,2,1,3,0,2,2,2,3,1,3,3,3,2,4,5,2,1,2,73,1,1,1,2,2,5,4,2,3,2,2,1,2,2,2,9,9,99,9,9,2,3,23,2,218,18,3,0,2,2,1,7,30
1,218,19,3,3,29,2,2,2,1,0,1,2,2,2,3,3,4,2,1,3,2,3,2,2,3,2,2,2,2,5,3,2,2,1,2,1,2,3,5,3,3,57,1,1,1,3,6,2,5,1,3,1,1,3,2,8,0,9,9,99,9,9,6,2,23,2,218,19,3,6,2,2,1,7,7
1,218,20,3,3,31,3,2,2,2,1,1,2,3,2,1,2,3,2,3,1,2,3,1,2,1,2,2,2,2,3,3,1,2,2,3,1,3,3,1,1,2,74,1,2,1,3,6,3,1,3,3,2,2,2,2,4,1,9,9,99,9,9,6,3,27,2,218,20,3,6,2,2,1,7,12
1,218,21,3,3,27,3,2,2,3,6,1,1,4,2,3,3,5,2,1,3,4,5,2,2,1,2,2,3,3,3,3,3,1,1,1,1,1,1,1,3,3,52,1,1,1,3,6,1,6,1,1,4,3,3,2,2,1,9,9,99,9,9,4,4,21,2,218,21,3,7,2,2,1,7,17
1,218,22,3,3,31,3,2,2,1,6,1,3,2,2,3,3,5,2,1,3,3,4,2,2,2,3,2,3,2,2,3,2,2,3,3,1,2,5,4,3,2,62,1,1,1,3,6,2,6,0,1,2,2,3,2,2,3,9,9,99,9,9,4,2,27,2,218,22,3,6,2,2,1,7,22
1,218,23,3,3,32,2,2,2,2,1,1,3,4,2,2,2,3,1,1,3,3,3,1,2,1,2,2,3,2,4,3,1,2,2,2,1,2,5,1,1,2,71,1,1,1,4,2,2,2,3,2,2,1,2,2,2,2,9,9,99,9,9,5,3,23,2,218,23,3,7,2,2,1,7,42
1,218,24,3,3,34,2,2,2,1,6,1,2,2,2,1,3,4,2,1,3,3,4,2,2,1,2,2,2,3,3,4,1,2,3,2,1,2,1,2,2,1,62,1,1,1,3,6,4,1,3,2,3,2,2,2,2,2,9,9,99,9,9,5,2,23,2,218,24,3,7,2,2,1,7,28
1,218,25,3,3,34,3,2,2,2,6,1,3,3,2,1,2,0,1,1,3,3,3,1,2,3,3,1,3,3,3,3,1,1,1,2,1,1,3,1,0,2,69,2,2,1,3,6,1,0,0,4,5,1,2,2,5,0,9,9,99,9,9,0,4,30,2,218,25,3,0,2,2,1,7,8
1,218,26,3,3,35,3,2,2,2,6,1,2,3,2,2,2,3,1,3,2,3,3,2,2,1,2,2,3,2,3,3,2,3,2,2,2,2,3,3,3,1,62,1,2,1,3,6,2,3,2,2,3,2,1,2,2,2,9,9,99,9,9,5,5,23,2,218,26,3,7,2,2,1,7,50
1,218,27,3,3,36,2,2,2,1,6,1,1,4,2,2,1,2,2,3,1,3,3,1,2,3,3,2,2,2,4,4,1,3,4,5,3,5,4,5,3,2,62,2,5,1,3,6,5,6,2,4,4,1,3,2,0,0,9,9,99,9,9,5,2,24,2,218,27,3,7,2,2,1,7,32
1,218,28,3,4,32,3,2,2,1,6,1,2,3,2,2,3,3,2,1,3,3,3,1,0,1,2,2,2,3,3,3,2,1,3,2,2,1,4,2,1,3,62,1,1,1,3,6,4,1,2,3,2,1,2,2,2,2,9,9,99,9,9,4,2,22,2,218,28,3,7,2,2,1,7,27
1,218,29,3,2,0,3,11,99,2,4,1,0,1,1,1,0,0,1,3,3,10,0,1,3,3,3,0,0,0,0,4,1,0,1,5,3,5,5,5,2,0,67,2,5,1,0,6,5,6,1,4,5,3,2,2,2,1,9,9,99,9,9,1,4,10,2,218,29,3,0,2,2,1,7,14
1,218,30,3,3,0,1,2,2,0,0,1,0,0,2,0,0,0,0,0,0,0,0,0,0,0,0,0,0,0,0,0,0,0,0,0,0,0,0,0,2,2,0,2,5,0,3,6,0,0,0,0,0,0,0,0,0,0,9,9,99,9,9,1,2,23,2,218,30,3,7,2,2,1,7,37
1,218,31,3,3,40,3,1,1,1,6,1,2,1,2,3,4,5,2,1,3,4,5,1,2,1,2,2,3,3,4,3,2,1,2,2,1,2,4,5,3,1,43,2,1,1,3,6,2,4,1,3,2,3,3,1,1,5,9,9,99,9,9,5,3,7,2,218,31,3,9,2,2,1,7,6
1,218,32,3,4,51,3,2,2,1,6,1,1,3,1,3,2,4,1,1,3,4,5,2,1,2,2,1,3,2,4,3,2,2,2,2,2,2,0,5,3,0,78,1,1,1,3,6,5,0,0,2,1,0,0,2,2,1,9,9,99,9,9,6,4,23,2,218,32,3,6,2,2,1,7,34
1,218,33,3,3,37,2,2,2,1,6,1,2,2,2,3,4,5,2,1,3,3,4,2,2,1,2,2,3,3,3,3,2,1,3,3,1,3,1,3,2,1,62,1,2,1,3,6,2,3,2,2,2,2,2,2,7,1,9,9,99,9,9,7,2,23,2,218,33,3,9,2,2,1,7,40
1,218,34,3,1,40,3,11,99,1,6,1,2,4,1,3,3,4,2,1,3,3,4,2,1,3,2,1,2,3,4,3,2,2,2,1,1,2,4,1,3,2,49,0,2,1,2,5,2,6,2,2,2,2,2,2,4,1,9,9,99,9,9,2,2,7,2,218,34,3,8,2,2,1,7,4
1,218,35,3,2,39,3,2,2,1,6,1,2,1,2,3,4,5,2,3,3,3,2,2,2,1,2,2,2,2,3,3,2,1,3,3,3,2,3,3,2,2,66,1,1,1,3,6,2,1,3,1,1,1,3,2,4,2,9,9,99,9,9,5,3,24,2,218,35,3,7,2,2,1,7,25
1,218,36,3,1,30,3,11,99,1,6,1,1,4,2,3,4,1,2,1,3,5,5,2,2,1,2,2,3,3,6,3,2,1,1,1,1,1,5,1,2,2,38,2,1,3,1,0,2,6,1,2,2,1,1,2,2,1,9,9,99,9,9,6,2,6,2,218,36,3,9,2,2,1,7,45
1,218,37,3,2,32,3,2,2,1,6,1,2,3,2,2,3,5,3,2,3,4,5,2,2,1,2,2,4,2,4,3,0,3,4,4,2,4,2,3,3,3,59,1,2,1,4,2,3,1,3,3,3,1,2,2,8,0,9,9,99,9,9,6,2,22,2,218,37,3,0,2,2,1,7,35
1,218,38,3,2,32,2,2,2,2,1,1,1,2,2,3,2,6,1,2,3,4,5,2,2,1,2,1,2,4,5,3,1,2,3,1,2,3,5,2,1,2,72,1,2,2,2,5,3,1,2,2,3,2,2,2,8,0,9,9,99,9,9,6,3,25,2,218,38,3,9,2,2,1,7,38
1,218,39,3,1,34,2,2,2,1,6,1,2,2,2,2,4,5,2,2,3,3,5,2,1,1,2,1,3,2,3,4,1,1,2,2,2,2,2,2,2,1,57,2,5,1,3,6,2,4,1,2,2,2,2,2,2,1,9,9,99,9,9,7,2,22,2,218,39,3,7,2,2,1,7,2
1,218,40,3,2,16,3,11,99,2,1,1,1,2,2,1,4,5,2,1,3,5,5,2,3,1,2,2,3,2,4,4,3,4,2,2,2,2,5,2,1,3,31,1,1,1,3,6,5,6,0,1,1,3,2,2,2,1,9,9,99,9,9,6,4,8,2,218,40,3,8,2,2,1,7,18
1,218,41,3,2,20,3,11,99,2,1,1,1,4,2,1,4,3,1,1,2,10,10,1,2,1,2,2,3,3,5,3,0,3,3,3,1,2,5,5,3,2,34,1,2,1,3,6,2,6,2,3,5,2,2,1,1,5,9,9,99,9,9,3,4,5,2,218,41,3,0,2,2,1,7,16
1,218,42,3,2,24,2,2,2,2,6,1,2,3,1,3,2,3,1,1,3,3,5,2,1,1,2,1,4,2,3,3,2,3,3,2,1,1,5,1,1,3,55,1,1,1,3,6,1,1,0,3,1,2,2,2,4,3,9,9,99,9,9,5,4,16,2,218,42,3,7,2,2,1,7,48
1,218,43,3,0,23,0,2,2,0,0,1,0,1,1,1,1,0,0,1,2,2,2,2,0,1,2,2,3,0,0,2,1,3,2,2,1,1,0,2,3,3,62,1,3,2,1,1,2,1,2,2,1,1,0,0,0,0,9,9,99,9,9,1,5,23,2,218,43,3,7,2,2,1,7,36
1,218,44,3,3,15,3,2,2,2,1,1,2,2,3,1,2,3,1,2,2,3,4,1,2,3,3,2,2,3,3,4,1,3,3,3,2,3,5,2,1,2,35,1,2,1,3,6,2,4,2,3,2,2,2,2,4,4,9,9,99,9,9,6,5,8,2,218,44,3,7,2,2,1,7,24
1,218,45,3,3,16,3,1,1,1,6,1,1,4,3,3,4,5,1,1,3,3,5,1,1,1,2,1,3,3,3,3,3,1,1,2,1,1,4,1,2,2,19,1,1,1,3,6,1,1,3,1,1,1,1,1,1,5,9,9,99,9,9,8,4,8,2,218,45,3,8,2,2,1,7,13
1,218,46,3,3,16,3,2,2,2,1,1,2,2,2,2,4,4,1,1,2,3,4,1,2,3,2,2,3,3,2,3,2,3,2,2,3,1,3,1,3,3,36,1,1,1,3,6,2,1,0,2,1,1,2,2,2,1,9,9,99,9,9,5,4,8,2,218,46,3,8,2,2,1,7,20
1,218,47,3,3,18,3,1,1,2,3,1,1,4,2,1,3,6,2,1,3,3,5,2,2,1,2,2,3,3,3,3,1,3,4,4,1,2,1,3,1,2,62,2,5,1,2,5,4,1,3,1,2,1,3,2,4,2,9,9,99,9,9,4,5,8,2,218,47,3,9,2,2,1,7,10
1,218,48,3,2,27,3,1,1,2,1,5,1,2,3,1,4,3,1,1,2,2,2,1,2,1,2,1,2,2,4,3,1,2,3,1,2,3,5,2,1,2,59,1,1,2,2,5,5,4,2,1,2,1,3,2,8,0,9,9,99,9,9,6,4,21,2,218,48,3,7,2,2,1,4,13
1,218,49,3,1,21,3,11,99,1,6,5,2,3,2,2,3,7,2,1,2,5,8,1,2,1,2,2,3,2,4,3,2,2,2,2,1,2,2,1,0,2,26,1,1,2,2,5,2,4,1,2,2,2,2,2,2,2,9,9,99,9,9,6,1,5,2,218,49,3,9,2,2,1,4,7
1,218,50,3,2,23,3,1,1,3,6,5,2,2,2,1,4,6,1,3,2,3,5,1,2,1,2,2,3,3,3,3,2,3,2,2,2,2,5,2,1,1,38,1,1,1,3,6,3,1,1,2,3,2,3,2,2,1,9,9,99,9,9,6,4,16,2,218,50,3,8,2,2,1,4,14
1,218,51,3,2,13,3,11,99,1,6,5,2,4,2,3,3,4,1,1,3,3,4,2,2,1,2,1,2,2,3,3,2,2,2,3,3,2,4,5,3,2,16,1,1,3,1,5,2,1,2,2,2,2,2,1,1,5,9,9,99,9,9,4,1,5,2,218,51,3,8,2,2,1,4,3
1,218,52,3,2,24,3,1,1,2,6,5,1,4,2,1,2,3,1,1,2,2,3,1,3,2,1,2,3,3,3,1,1,4,2,2,2,2,5,2,1,2,45,1,1,1,3,6,2,4,1,1,1,2,1,2,2,1,9,9,99,9,9,5,5,18,2,218,52,3,9,2,2,1,4,23
1,218,53,3,2,24,1,2,2,2,1,5,1,4,1,3,3,3,2,1,2,2,3,2,2,3,2,2,3,3,0,3,2,1,2,2,3,5,5,5,1,3,49,2,5,1,3,6,5,1,2,2,2,1,2,1,0,0,9,9,99,9,9,5,4,10,2,218,53,3,0,2,2,1,4,12
1,218,54,3,2,24,3,11,99,1,6,5,4,4,1,1,3,4,2,1,2,3,3,2,3,1,1,1,2,3,5,2,3,1,1,5,2,2,5,3,0,3,48,1,1,0,2,5,2,4,1,3,1,1,3,0,0,0,9,9,99,9,9,3,2,19,2,218,54,3,8,2,2,1,4,10
1,218,55,3,3,18,3,11,99,2,1,5,1,4,2,3,3,5,1,1,2,3,4,1,2,1,2,2,3,3,3,3,3,1,3,3,2,2,3,2,1,1,34,1,1,1,5,3,2,1,2,1,1,2,3,3,1,5,9,9,99,9,9,6,4,3,2,218,55,3,8,2,2,1,4,22
1,218,56,3,4,23,3,1,1,2,6,5,1,4,1,2,1,3,1,1,2,2,4,2,1,1,2,2,2,4,3,3,2,1,1,1,1,1,4,1,1,2,42,1,1,1,3,6,1,4,1,1,1,1,1,1,1,5,9,9,99,9,9,6,5,18,2,218,56,3,7,2,2,1,4,8
1,218,57,3,3,20,3,11,99,2,6,5,1,3,2,2,2,3,1,1,1,2,3,1,1,1,2,1,4,3,5,3,1,2,3,3,2,2,2,3,1,3,25,2,5,1,3,6,2,4,2,2,2,2,2,2,4,2,9,9,99,9,9,5,4,3,2,218,57,3,7,2,2,1,4,6
1,218,58,3,1,31,3,11,99,1,0,5,2,3,2,1,3,4,3,1,3,2,2,2,3,1,2,1,2,2,3,3,1,2,2,2,1,3,1,3,1,2,32,2,1,1,3,6,2,3,2,2,2,2,2,2,4,2,9,9,99,9,9,4,3,3,2,218,58,3,8,2,2,2,4,3
1,218,59,3,2,31,3,1,1,1,0,5,1,4,2,2,2,3,2,1,3,3,4,2,2,1,2,1,2,2,3,3,2,2,1,2,1,2,5,1,3,3,63,1,1,1,3,6,1,5,1,2,2,1,1,1,1,5,9,9,99,9,9,5,2,27,2,218,59,3,0,2,2,2,4,14
1,218,60,3,3,32,3,11,99,1,6,5,4,1,2,3,4,6,3,3,3,4,5,2,2,1,2,2,3,2,3,3,2,2,3,3,2,2,1,4,2,1,29,2,1,2,2,5,3,1,3,2,3,2,2,2,7,2,9,9,99,9,9,7,2,3,2,218,60,3,9,2,2,2,4,12
1,218,61,3,3,53,2,1,1,2,1,5,1,4,2,1,1,3,1,1,2,3,5,1,3,1,3,1,3,3,3,4,1,2,1,1,1,1,1,1,3,2,82,1,1,1,3,6,1,4,1,1,1,1,2,2,6,4,9,9,99,9,9,5,5,31,2,218,61,3,5,2,2,2,4,2
1,218,62,3,3,40,3,11,99,1,6,5,1,2,1,3,4,6,2,1,3,5,8,2,1,1,2,2,3,3,4,3,2,1,2,2,1,1,1,5,1,2,42,1,1,1,3,6,2,5,2,1,2,2,1,2,4,1,9,9,99,9,9,6,4,3,2,218,62,3,9,2,2,2,4,4
1,218,63,3,3,50,3,1,1,1,6,5,2,2,1,1,2,3,2,1,2,3,4,2,3,1,2,2,3,2,2,3,1,2,2,2,1,2,1,1,2,1,83,1,1,1,3,6,2,4,1,2,3,2,2,2,6,3,9,9,99,9,9,6,3,30,2,218,63,3,5,2,2,2,4,0
1,218,64,3,4,38,3,2,2,1,6,5,1,4,2,3,4,6,1,1,2,3,5,2,2,1,2,2,3,3,3,3,2,1,2,2,1,2,2,2,1,2,69,1,1,1,3,6,2,5,0,1,1,1,2,2,4,3,9,9,99,9,9,6,2,31,2,218,64,3,5,2,2,2,4,8
1,218,65,3,4,53,3,1,1,1,6,5,2,4,1,1,1,2,1,1,2,3,4,2,2,1,2,2,3,2,3,3,1,2,2,2,1,2,2,1,1,2,83,1,1,1,3,6,2,5,1,1,2,2,3,2,0,3,9,9,99,9,9,7,4,30,2,218,65,3,6,2,2,2,4,6
1,218,66,3,1,84,3,11,99,2,1,5,2,3,3,2,5,3,1,2,1,2,2,1,3,1,2,1,3,3,3,3,1,3,2,2,3,3,1,1,3,3,99,1,3,2,0,2,2,6,0,3,3,2,2,2,2,3,9,9,99,9,9,4,3,4,2,218,66,3,7,2,2,2,4,7
1,218,67,3,2,40,3,1,1,1,6,5,1,4,1,3,3,4,1,1,2,3,3,2,1,1,2,1,4,3,4,3,2,3,1,2,1,1,1,1,2,2,74,2,5,1,3,6,1,5,1,2,1,1,1,2,3,1,9,9,99,9,9,1,4,30,2,218,67,3,5,2,2,2,4,17
1,218,68,3,2,57,3,1,1,1,0,5,1,4,2,1,2,3,3,1,3,4,5,1,1,1,2,2,2,3,3,3,1,2,1,2,1,1,5,1,2,2,82,1,2,2,0,0,2,5,1,2,1,1,1,2,2,1,9,9,99,9,9,3,2,24,2,218,68,3,5,2,2,2,4,16
1,218,69,3,2,51,0,11,99,2,1,5,1,4,1,1,2,3,1,3,3,3,3,1,3,3,2,2,3,3,4,3,2,3,5,1,3,5,0,5,1,2,70,1,1,1,3,6,1,5,2,3,0,1,1,2,8,0,9,9,99,9,9,5,3,4,2,218,69,3,7,2,2,2,4,10
1,218,70,3,3,24,3,2,2,1,6,5,2,1,2,3,4,5,2,1,2,3,3,2,1,1,2,1,3,4,4,3,2,3,1,2,1,1,4,1,2,2,50,1,1,1,3,6,1,1,1,1,1,1,2,1,1,5,9,9,99,9,9,5,2,20,2,218,70,3,8,2,2,2,4,13
1,218,71,3,3,32,3,11,99,2,2,5,1,4,2,2,0,4,2,1,3,2,4,1,2,1,2,1,3,3,3,4,2,3,2,2,2,2,5,2,1,3,76,1,2,1,3,6,5,1,2,3,5,2,1,2,2,1,9,9,99,9,9,4,4,20,2,218,71,3,7,2,2,3,4,0
1,218,72,3,3,35,3,11,99,1,6,5,1,4,2,3,3,4,2,1,2,2,4,1,2,1,2,2,3,3,3,3,2,2,2,2,1,2,4,1,2,1,50,2,1,1,3,6,2,5,2,2,3,1,2,1,1,5,9,9,99,9,9,5,2,19,2,218,72,3,7,2,2,3,4,2
1,218,73,3,4,36,3,11,99,3,6,5,1,4,1,3,3,4,2,1,2,3,4,1,1,1,2,2,2,3,3,3,2,1,1,1,1,1,4,1,2,2,58,1,1,2,3,6,1,5,1,3,1,1,1,1,1,5,9,9,99,9,9,4,5,19,2,218,73,3,7,2,2,3,4,3
1,218,74,3,3,44,3,11,99,1,6,5,2,3,1,3,4,4,2,1,2,3,4,1,2,1,2,2,3,3,3,4,2,2,3,5,1,2,2,5,3,2,60,1,1,1,3,6,2,5,2,2,2,2,1,1,1,5,9,9,99,9,9,3,4,18,2,218,74,3,7,2,2,3,4,6
1,218,75,3,4,48,3,11,99,1,6,5,1,4,1,1,3,5,2,1,2,3,4,2,2,1,2,2,3,2,4,3,1,2,3,2,1,3,1,3,2,1,66,1,1,1,3,6,2,1,2,2,2,1,1,1,1,5,9,9,99,9,9,6,3,19,2,218,75,3,8,2,2,3,4,7
1,218,76,3,4,41,3,11,99,1,6,5,2,4,1,3,3,5,2,1,3,3,4,2,1,1,2,2,3,3,3,3,2,1,2,2,1,1,2,1,2,2,57,1,1,2,2,5,1,5,1,2,2,1,1,1,1,5,9,9,99,9,9,6,3,19,2,218,76,3,9,2,2,3,4,4
1,218,77,3,4,38,3,11,99,1,6,5,1,4,2,3,3,5,1,1,3,3,7,1,1,1,2,2,2,2,2,1,2,4,1,1,1,2,4,1,0,2,54,1,1,1,3,6,1,5,1,2,1,1,1,1,1,5,9,9,99,9,9,7,4,19,2,218,77,3,8,2,2,3,4,10
1,218,78,3,4,42,3,11,99,1,6,5,1,4,1,3,3,4,3,1,3,3,4,2,1,1,2,2,2,2,3,4,3,2,2,5,1,2,4,1,2,1,58,1,1,2,2,5,2,2,3,3,2,1,1,1,1,5,9,9,99,9,9,7,3,18,2,218,78,3,7,2,2,3,4,8
1,218,79,3,3,36,3,2,2,1,6,7,2,2,2,1,3,5,2,3,2,3,4,1,2,1,2,2,2,2,3,3,1,3,2,3,1,1,2,1,1,2,68,1,2,1,3,6,5,1,2,2,3,2,2,2,2,1,9,9,99,9,9,6,2,27,2,218,79,3,7,2,2,1,5,0
1,218,80,3,4,33,3,2,2,1,6,7,1,4,1,3,3,5,2,1,3,2,4,1,2,1,2,0,0,0,4,3,2,2,3,0,1,4,1,3,3,1,65,1,1,1,3,6,2,0,3,1,2,1,2,1,1,5,9,9,99,9,9,6,3,27,2,218,80,3,0,2,2,1,5,6
1,218,81,3,4,34,3,2,2,1,6,7,1,4,1,2,3,4,2,1,2,3,3,2,2,1,2,2,3,2,3,3,2,3,2,3,1,2,4,2,1,1,69,1,1,1,3,6,2,1,2,2,2,2,1,2,4,2,9,9,99,9,9,6,5,29,2,218,81,3,0,2,2,1,5,3
1,218,82,3,4,28,2,2,2,2,6,7,1,4,2,3,2,0,2,1,3,2,3,1,2,1,2,1,4,2,3,4,2,1,3,4,1,2,5,5,2,2,56,1,1,1,3,6,2,1,3,2,3,2,3,2,8,0,9,9,99,9,9,7,2,22,2,218,82,3,6,2,2,1,5,4
1,218,83,3,4,33,2,2,2,1,6,7,1,2,2,2,3,6,2,3,3,3,4,2,2,1,2,2,3,2,4,3,1,2,3,2,1,2,5,2,1,2,55,1,1,1,3,6,3,1,2,2,2,2,3,2,8,1,9,9,99,9,9,7,3,22,2,218,83,3,8,2,2,1,5,8
1,218,84,3,3,25,3,11,99,1,0,7,2,2,2,2,4,0,2,3,3,3,3,2,2,1,2,2,3,2,2,3,2,2,2,0,0,2,0,5,3,3,46,2,5,1,0,0,2,0,0,2,2,2,2,0,0,0,9,9,99,9,9,5,2,20,2,218,84,3,0,2,2,1,5,10
1,218,85,3,4,40,3,1,1,1,6,7,1,3,1,2,3,6,3,1,3,5,6,2,2,1,2,2,3,3,3,3,1,3,4,4,1,2,2,3,1,1,63,1,1,1,3,6,2,4,1,2,2,2,1,2,3,2,9,9,99,9,9,7,5,23,2,218,85,3,8,2,2,1,5,2
1,218,86,3,2,23,3,1,1,2,6,7,2,2,2,2,3,0,1,2,3,2,3,1,2,1,2,2,3,3,5,3,2,3,3,3,1,2,3,5,1,2,25,2,5,1,3,6,5,5,2,2,2,2,2,2,4,0,9,9,99,9,9,4,4,6,2,218,86,3,8,2,2,1,5,7
1,218,87,3,4,29,3,11,99,2,1,7,2,2,1,3,3,5,1,1,3,2,3,1,1,1,2,2,3,3,3,3,3,3,2,3,1,2,5,1,1,2,34,1,3,1,3,6,2,5,2,2,2,2,1,2,7,1,9,9,99,9,9,6,2,7,2,218,87,3,8,2,2,2,5,4
1,218,88,3,4,36,3,11,99,1,6,7,1,4,2,3,3,5,1,1,3,3,5,2,2,1,2,2,2,3,3,4,1,2,4,4,2,3,2,3,3,1,47,1,1,1,3,6,3,4,2,2,3,1,3,2,1,1,9,9,99,9,9,6,2,16,2,218,88,3,7,2,2,2,5,3
1,218,89,3,3,28,3,11,99,1,6,7,1,4,1,2,3,6,3,1,2,5,7,1,1,1,2,2,3,3,3,3,3,1,2,2,1,2,4,1,2,2,31,1,1,1,3,6,2,1,2,2,1,1,2,1,1,5,9,9,99,9,9,7,2,7,2,218,89,3,9,2,2,2,5,0
1,218,90,3,3,29,3,1,1,1,6,7,2,2,2,2,3,4,1,1,2,3,4,1,1,1,2,2,4,3,3,3,3,2,2,2,1,2,4,1,1,2,31,1,1,1,3,6,1,5,1,1,1,1,1,1,1,5,9,9,99,9,9,7,2,7,2,218,90,3,8,2,2,2,5,6
1,218,91,3,4,78,3,11,99,2,1,7,1,4,1,3,4,4,1,2,1,2,4,2,2,1,2,2,3,3,5,3,2,1,4,2,2,3,1,3,1,1,36,1,1,1,3,6,4,0,3,1,2,2,1,1,1,5,9,9,99,9,9,7,4,8,2,218,91,3,7,2,2,2,5,10
1,218,92,3,2,30,3,11,99,2,6,7,1,4,1,2,2,4,1,2,1,2,3,1,1,1,2,2,3,3,4,3,2,1,2,3,1,2,1,1,1,2,32,1,1,1,3,6,2,4,1,1,1,1,1,1,1,5,9,9,99,9,9,6,4,6,2,218,92,3,8,2,2,2,5,2
1,218,93,3,1,20,3,11,99,1,6,7,2,4,1,3,4,6,1,1,3,4,5,1,3,1,2,2,4,3,3,3,2,3,2,1,1,2,5,1,3,1,24,1,1,1,3,6,2,2,2,4,5,1,1,2,0,0,9,9,99,9,9,5,2,7,2,218,93,3,9,2,2,2,5,8
1,218,94,3,4,24,3,11,99,2,6,7,1,4,1,3,4,4,2,1,3,2,3,2,2,1,2,2,3,3,4,3,2,2,4,5,1,4,1,3,1,1,28,1,1,1,3,6,5,5,1,1,4,2,1,1,1,5,9,9,99,9,9,5,4,7,2,218,94,3,8,2,2,2,5,7
1,218,95,3,2,28,3,11,99,1,6,7,1,4,1,2,3,5,3,1,3,4,5,2,2,1,2,2,3,2,2,4,2,3,2,2,1,1,4,1,3,2,46,1,1,1,3,6,2,1,2,2,2,2,1,1,1,5,9,9,99,9,9,5,2,22,2,218,95,3,8,2,2,4,5,13
1,218,96,3,3,33,3,11,99,1,6,7,2,3,1,3,3,5,2,3,3,3,4,1,2,3,2,2,2,2,3,4,2,3,2,2,1,2,2,1,2,2,50,1,1,1,3,6,2,6,1,2,2,2,2,2,8,1,9,9,99,9,9,6,2,22,2,218,96,3,8,2,2,4,5,14
1,218,97,3,4,29,3,11,99,2,6,7,1,2,2,1,3,4,2,3,2,4,5,2,2,1,2,0,3,2,2,4,1,3,3,3,1,2,5,2,1,2,45,1,1,1,3,6,0,6,0,2,2,1,0,1,1,5,9,9,99,9,9,6,4,23,2,218,97,3,7,2,2,4,5,8
1,218,98,3,4,30,3,0,0,1,6,7,3,1,1,3,4,4,2,3,3,2,4,1,1,1,2,1,3,3,4,3,0,1,2,2,1,2,4,0,1,1,42,1,1,1,3,6,2,6,0,1,2,0,0,0,0,0,9,9,99,9,9,7,3,18,2,218,98,3,8,2,2,4,5,4
1,218,99,3,4,35,1,1,1,2,6,7,1,3,2,3,3,4,2,2,2,2,3,2,1,1,2,2,3,2,3,3,2,2,2,1,1,3,4,2,2,2,60,1,1,1,3,6,2,4,2,1,4,2,1,2,2,1,9,9,99,9,9,7,3,26,2,218,99,3,8,2,2,4,5,3
1,218,100,3,4,36,3,11,99,2,6,7,1,3,2,3,3,3,1,1,2,2,3,1,2,1,2,2,3,2,4,3,2,2,2,2,1,2,3,3,2,1,45,1,1,1,3,6,2,0,3,1,1,1,1,1,1,5,9,9,99,9,9,7,2,16,2,218,100,3,7,2,2,4,5,18
1,218,101,3,4,31,3,11,99,2,1,7,1,4,2,2,2,4,1,1,2,3,4,2,2,1,2,2,2,3,3,3,1,1,1,1,1,2,5,1,3,2,58,1,3,1,3,6,2,1,2,1,1,1,1,0,0,0,9,9,99,9,9,8,4,19,2,218,101,3,8,2,2,4,5,10
1,218,102,3,3,33,3,11,99,3,6,7,1,1,3,3,3,4,2,1,3,3,4,1,3,3,2,0,3,3,5,4,1,0,4,4,3,3,1,4,3,1,49,2,5,1,3,6,4,0,0,0,0,0,0,0,0,0,9,9,99,9,9,5,4,21,2,218,102,3,9,2,2,4,5,12
1,218,103,3,4,36,3,11,99,2,2,7,1,4,2,1,2,0,1,3,1,2,2,2,1,3,3,1,3,2,3,3,1,3,1,1,1,1,4,1,2,2,76,1,1,1,3,6,1,5,1,1,5,1,1,0,0,0,9,9,99,9,9,5,4,23,2,218,103,3,7,2,2,4,5,0
1,218,104,3,2,40,3,11,99,1,6,7,2,4,1,3,4,5,2,1,3,2,3,1,2,1,2,2,3,2,2,3,2,4,2,2,2,4,1,3,3,1,54,1,1,1,3,6,3,2,3,4,3,2,1,1,1,5,9,9,99,9,9,6,4,18,2,218,104,3,8,2,2,4,5,7
1,218,105,3,2,40,3,11,99,1,6,7,1,4,2,2,4,4,2,1,2,3,5,2,2,1,3,1,3,2,3,4,1,1,2,2,1,2,4,1,3,3,54,1,1,1,3,6,2,4,1,2,2,1,3,1,1,5,9,9,99,9,9,6,3,18,2,218,105,3,8,2,2,4,5,6
1,218,106,3,2,28,3,11,99,1,6,7,2,4,2,3,3,4,2,1,2,2,2,1,2,1,2,1,3,2,2,3,2,2,3,3,1,2,5,0,2,0,40,1,1,1,3,6,2,5,1,1,2,2,2,2,3,0,9,9,99,9,9,6,2,20,2,218,106,3,7,2,2,4,5,17
1,218,107,3,2,19,3,11,99,2,1,7,2,1,2,3,2,3,1,1,3,4,9,1,2,1,2,1,2,3,4,3,3,2,3,3,1,2,4,3,2,2,35,1,1,1,3,6,2,1,2,1,3,1,1,0,0,0,9,9,99,9,9,7,4,7,2,218,107,3,8,2,2,4,5,2
1,218,108,3,2,15,3,11,99,2,2,1,1,4,1,3,4,6,1,1,3,3,0,1,1,1,2,2,2,2,2,1,3,3,1,3,2,1,4,1,0,2,25,1,2,1,3,6,2,6,2,3,3,1,2,2,2,1,9,9,99,9,9,4,3,4,2,218,108,3,8,2,2,4,5,16
1,218,109,3,2,28,2,1,1,1,6,12,1,4,2,3,3,4,2,1,3,2,3,2,2,1,2,2,4,3,5,3,1,2,4,5,3,2,3,4,3,2,48,1,1,1,3,6,2,6,1,2,5,2,2,2,2,1,9,9,99,9,9,2,2,22,2,218,109,3,7,2,2,2,6,7
1,218,110,3,3,36,3,11,99,1,6,12,2,4,2,2,3,4,2,2,3,3,4,2,1,1,2,2,2,3,3,3,1,1,2,1,1,2,2,1,3,1,49,1,2,1,3,6,3,5,0,3,2,1,1,2,4,2,9,9,99,9,9,6,2,8,2,218,110,3,8,2,2,2,6,3
1,218,111,3,3,27,0,1,1,1,6,12,1,4,3,1,3,5,1,2,3,3,3,1,2,1,2,2,3,2,3,3,2,1,1,2,2,2,5,2,0,1,50,1,1,2,3,6,2,4,1,2,2,2,2,2,2,1,9,9,99,9,9,5,2,21,2,218,111,3,7,2,2,2,6,14
1,218,112,3,3,28,3,1,1,1,6,12,1,4,1,2,3,0,1,1,3,2,3,2,2,1,2,0,2,3,4,4,2,2,3,3,1,2,5,3,1,3,49,1,1,2,2,5,2,0,3,4,5,2,1,2,2,1,9,9,99,9,9,5,3,21,2,218,112,3,8,2,2,2,6,12
1,218,113,3,3,29,2,1,1,1,6,12,2,4,2,2,2,4,2,1,3,5,7,2,1,1,2,2,2,2,2,4,2,2,3,3,2,2,5,5,1,2,49,1,2,1,3,6,5,1,2,2,2,2,2,2,4,1,9,9,99,9,9,4,4,20,2,218,113,3,8,2,2,2,6,4
1,218,114,3,3,29,2,2,2,2,1,12,1,4,3,1,4,5,2,1,3,3,3,2,2,1,3,1,3,1,1,4,1,4,4,3,2,3,4,2,1,2,71,1,2,1,4,3,3,1,2,2,3,2,2,2,2,1,9,9,99,9,9,3,4,24,2,218,114,3,0,2,2,2,6,18
1,218,115,3,3,29,2,1,1,1,6,12,1,4,1,2,3,6,1,1,3,3,5,2,1,1,2,2,2,2,3,2,2,3,3,1,2,2,5,2,2,2,50,1,2,1,0,0,2,1,3,1,2,1,1,1,1,5,9,9,99,9,9,5,2,21,2,218,115,3,8,2,2,2,6,13
1,218,116,3,3,32,3,1,1,1,0,12,1,4,2,3,3,0,2,1,3,10,10,0,1,3,2,2,1,3,0,3,2,4,4,3,1,1,0,2,3,2,57,1,2,1,3,6,2,0,3,2,2,1,3,2,4,1,9,9,99,9,9,4,2,25,2,218,116,3,0,2,2,2,6,8
1,218,117,3,4,40,3,11,99,2,6,12,1,2,2,2,3,3,1,1,2,2,2,1,1,2,2,2,2,2,4,4,1,1,3,4,2,3,1,4,3,1,44,1,1,1,3,6,3,1,3,1,4,2,2,2,2,1,9,9,99,9,9,5,4,4,2,218,117,3,0,2,2,2,6,17
1,218,118,3,4,48,3,1,1,1,6,12,2,2,2,1,2,3,2,1,3,3,5,1,2,1,2,2,2,3,4,3,1,2,2,1,1,1,5,1,2,2,79,1,2,1,3,6,5,5,1,2,2,1,2,2,2,1,9,9,99,9,9,6,3,30,2,218,118,3,6,2,2,2,6,6
1,218,119,3,4,54,1,1,1,1,6,12,1,4,2,1,1,2,2,1,3,3,4,2,2,1,2,2,2,3,3,3,1,1,2,2,2,2,4,2,2,2,84,1,1,1,4,1,2,4,1,1,2,1,2,2,2,1,9,9,99,9,9,6,3,31,2,218,119,3,5,2,2,2,6,16
1,218,120,3,3,43,3,1,1,1,0,12,1,4,3,1,3,4,2,1,3,4,5,2,2,1,2,1,3,3,4,3,1,2,2,2,1,2,4,2,2,1,72,1,1,1,3,6,3,1,2,1,2,2,2,2,4,1,9,9,99,9,9,7,3,31,2,218,120,3,7,2,2,2,6,0
1,218,121,3,2,17,3,11,99,2,1,12,2,3,2,2,3,4,2,1,3,3,3,1,1,1,2,2,3,3,3,4,3,2,3,3,1,3,2,5,3,2,39,2,1,1,3,6,3,1,2,3,5,1,1,2,2,1,9,9,99,9,9,5,3,9,2,218,121,3,8,2,2,2,6,2
1,218,122,3,3,19,3,1,1,2,6,12,1,4,2,2,2,5,1,1,3,4,4,2,1,1,2,2,3,3,3,4,1,2,4,4,2,3,4,2,1,2,27,1,1,1,3,6,4,5,2,1,3,2,1,2,2,1,9,9,99,9,9,6,5,18,2,218,122,3,9,2,2,2,6,10
1,218,123,3,3,25,0,1,1,1,0,5,4,1,3,1,3,3,2,2,2,2,3,1,3,0,0,0,1,3,4,0,1,3,5,5,3,5,3,5,3,3,99,2,5,3,2,5,5,6,2,3,5,3,3,2,6,4,9,9,99,9,9,3,3,19,2,218,123,3,9,2,2,1,4,4
1,218,124,3,4,25,0,1,1,2,6,5,1,4,2,2,3,4,1,3,2,4,4,2,2,2,2,2,3,2,2,3,1,4,3,3,1,2,4,3,1,2,38,2,1,2,2,5,1,6,0,1,5,2,2,1,2,1,9,9,99,9,9,5,4,13,2,218,124,3,7,2,2,1,4,17
1,218,125,3,1,12,3,11,99,2,6,5,1,3,2,3,3,4,1,1,3,2,3,2,3,1,2,2,2,2,4,3,2,1,2,2,2,1,5,1,2,2,13,1,1,3,1,5,2,4,1,2,2,1,1,2,7,3,9,9,99,9,9,8,2,6,2,218,125,3,8,2,2,1,4,16
1,218,126,3,1,12,3,11,99,1,6,5,2,2,2,2,4,5,3,2,3,2,4,1,3,3,3,1,1,2,1,3,1,2,4,3,1,4,4,4,3,3,15,1,1,1,3,6,5,1,2,4,3,2,3,0,0,0,9,9,99,9,9,5,1,3,2,218,126,3,7,2,2,1,4,0
1,218,127,3,2,12,3,11,99,1,6,5,1,4,2,3,3,4,1,1,3,3,4,1,1,1,2,2,2,4,5,3,3,4,2,1,3,2,4,1,2,1,17,1,1,2,2,5,2,4,2,2,2,2,3,2,4,1,9,9,99,9,9,8,3,5,2,218,127,3,8,2,2,1,4,20
1,218,128,3,4,56,3,1,1,2,6,5,1,4,3,1,2,4,2,1,2,2,2,1,2,3,2,2,3,2,2,3,1,2,4,4,1,2,2,5,1,3,60,1,1,1,3,6,2,4,1,1,2,1,2,2,4,2,9,9,99,9,9,6,3,5,2,218,128,3,0,2,2,1,4,18
1,218,129,3,1,55,3,11,99,2,6,5,2,4,1,2,3,6,1,1,2,2,2,2,2,1,2,2,4,2,2,4,3,4,1,1,1,1,1,3,3,2,36,1,4,1,3,6,3,6,2,3,3,2,1,2,4,2,9,9,99,9,9,5,2,3,2,218,129,3,9,2,2,1,4,2
1,218,130,3,2,25,2,11,99,1,6,11,4,2,2,1,3,4,2,2,2,4,4,1,3,1,2,2,3,2,3,3,1,4,3,3,2,2,2,4,1,1,35,1,1,1,3,6,2,1,3,1,3,2,1,1,1,5,9,9,99,9,9,4,5,16,2,218,130,3,7,2,2,2,0,3
1,218,131,3,2,30,1,3,3,1,6,11,2,2,2,1,1,4,3,1,3,5,7,2,2,1,2,2,3,2,3,3,1,2,3,2,1,2,3,1,2,1,70,1,1,1,3,6,2,2,2,3,2,2,1,1,1,5,9,9,99,9,9,4,5,23,2,218,131,3,7,2,2,2,0,8
1,218,132,3,4,31,3,11,99,2,6,11,2,3,2,3,3,5,1,1,1,2,4,1,1,1,2,2,2,2,2,3,2,2,3,2,1,3,1,3,3,1,46,1,1,1,3,6,3,4,2,2,2,1,1,1,1,5,9,9,99,9,9,6,3,20,2,218,132,3,7,2,2,2,0,14
1,218,133,3,3,30,3,11,99,2,2,11,1,4,1,3,2,0,2,1,3,10,10,1,1,1,2,2,2,2,2,3,2,1,2,2,1,2,5,1,3,2,69,1,1,1,3,6,1,2,0,2,2,1,1,1,1,5,9,9,99,9,9,7,2,19,2,218,133,3,7,2,2,2,0,7
1,218,134,3,4,31,3,11,99,1,0,11,2,4,2,2,2,4,2,1,2,2,3,1,1,1,2,1,3,2,2,3,2,2,2,3,2,3,1,3,2,1,48,2,0,1,3,6,2,1,2,2,2,2,3,3,1,5,9,9,99,9,9,7,2,20,2,218,134,3,7,2,2,2,0,2
1,218,135,3,4,36,3,11,99,2,1,11,0,0,0,0,1,2,1,1,0,0,0,0,3,3,3,0,0,0,0,4,2,0,4,4,3,4,1,0,0,0,0,0,0,0,0,0,0,0,0,0,0,0,0,0,0,0,9,9,99,9,9,0,0,0,2,218,135,3,0,2,2,2,0,6
1,218,136,3,4,37,3,11,99,2,2,11,1,3,2,2,3,5,1,1,2,3,3,2,3,1,2,2,2,3,2,3,2,1,1,2,1,2,3,1,1,2,79,1,3,1,0,6,1,6,1,3,5,1,2,1,1,0,9,9,99,9,9,5,5,19,2,218,136,3,0,2,2,2,0,10
1,218,137,3,4,56,3,11,99,1,6,11,1,4,2,1,3,4,1,1,3,4,5,2,2,1,2,2,3,3,2,3,1,2,2,2,2,2,5,3,2,2,71,1,2,1,3,6,5,4,1,4,5,2,1,1,1,5,9,9,99,9,9,6,4,20,2,218,137,3,8,2,2,2,0,13
1,218,138,3,2,55,3,11,99,1,6,11,1,4,1,3,4,4,3,3,3,3,3,2,1,1,2,1,2,2,3,3,1,2,4,4,3,2,1,4,3,2,66,2,1,1,3,6,3,6,0,2,2,1,1,1,1,5,9,9,99,9,9,5,5,19,2,218,138,3,7,2,2,2,0,0
1,218,139,3,2,41,3,11,99,2,1,11,2,3,1,2,2,4,2,1,2,3,5,2,2,1,2,2,2,2,3,3,2,1,2,2,1,2,1,1,1,2,72,1,1,1,3,6,2,1,2,1,2,1,1,1,1,5,9,9,99,9,9,7,3,19,2,218,139,3,7,2,2,2,0,12
1,218,140,3,3,24,3,11,99,1,6,11,1,3,3,3,4,5,2,1,3,3,4,2,2,1,2,2,2,3,3,3,2,1,3,2,2,2,4,2,1,2,36,1,2,1,3,6,3,1,2,2,2,1,1,1,1,5,9,9,99,9,9,6,2,16,2,218,140,3,7,2,2,2,0,4
1,218,141,3,2,26,2,3,3,1,6,11,2,2,2,3,3,4,1,1,2,2,4,2,2,1,2,2,2,2,2,2,1,1,2,2,1,1,4,3,3,3,45,1,2,1,2,5,2,1,2,1,1,2,2,1,1,5,9,9,99,9,9,3,2,22,2,218,141,3,7,2,2,4,0,16
1,218,142,3,2,28,2,11,99,1,6,11,2,2,2,2,4,4,2,1,3,2,3,1,2,3,2,1,2,3,3,3,2,1,2,4,3,2,5,2,1,3,46,1,1,1,3,6,2,6,1,2,2,2,2,0,0,0,9,9,99,9,9,0,0,0,2,218,142,3,0,2,2,4,0,17
1,218,143,3,2,28,2,11,99,2,6,11,1,4,2,3,3,6,2,1,3,4,5,1,3,1,2,1,2,3,4,3,2,1,2,2,3,2,4,1,3,2,46,1,1,1,3,6,1,4,2,2,2,1,3,2,2,1,9,9,99,9,9,4,2,21,2,218,143,3,8,2,2,4,0,10
1,218,144,3,2,28,2,1,1,2,2,11,1,4,2,1,2,2,1,3,3,2,3,2,2,3,2,2,4,3,4,3,1,2,1,2,1,1,4,1,3,3,70,1,3,1,2,5,2,0,0,0,0,0,2,1,1,5,9,9,99,9,9,0,3,22,2,218,144,3,6,2,2,4,0,0
1,218,145,3,2,29,2,11,99,1,6,11,1,4,1,3,4,5,3,1,3,3,5,2,2,1,2,2,3,2,2,3,2,2,3,3,1,1,4,3,1,2,45,1,1,1,3,6,2,5,1,2,2,2,3,1,1,5,9,9,99,9,9,5,2,22,2,218,145,3,7,2,2,4,0,8
1,218,146,3,2,31,2,11,99,1,6,11,2,3,2,3,3,4,2,1,3,2,4,1,2,1,2,2,2,3,3,3,2,3,2,2,1,2,3,2,2,2,47,1,1,1,3,6,2,6,0,2,2,2,1,3,2,1,9,9,99,9,9,5,2,23,2,218,146,3,9,2,2,4,0,4
1,218,147,3,3,27,2,11,99,1,6,11,2,2,1,3,3,4,2,2,2,2,4,1,1,1,2,2,3,3,3,3,2,2,2,2,1,2,2,1,2,2,45,2,5,1,3,6,2,5,1,2,2,1,1,1,1,5,9,9,99,9,9,4,4,22,2,218,147,3,7,2,2,4,0,12
1,218,148,3,3,29,2,11,99,1,6,11,2,4,2,3,3,4,2,1,3,3,3,1,1,1,2,2,3,2,3,3,1,2,2,2,1,2,4,1,2,2,46,1,1,1,3,6,1,6,2,2,2,1,2,1,1,5,9,9,99,9,9,4,2,20,2,218,148,3,9,2,2,4,0,13
1,218,149,3,4,28,2,11,99,1,0,11,0,0,0,3,3,0,0,1,3,0,0,1,2,2,2,0,2,3,3,3,2,3,2,3,1,2,3,2,2,2,47,1,1,1,0,0,0,6,0,2,2,2,3,3,1,5,9,9,99,9,9,5,2,21,2,218,149,3,8,2,2,4,0,2
1,218,150,3,4,30,2,11,99,1,6,11,1,4,2,2,3,4,2,3,2,5,5,2,1,1,2,2,3,3,3,4,2,3,4,3,1,2,4,2,3,3,46,1,1,1,3,6,2,1,3,2,1,1,2,1,1,5,9,9,99,9,9,4,2,22,2,218,150,3,7,2,2,4,0,14
1,218,151,3,2,15,3,11,99,2,3,11,0,3,2,1,2,0,1,3,2,2,2,1,2,1,3,2,3,3,3,3,0,2,3,2,2,2,4,0,0,0,54,1,2,2,3,6,5,6,2,2,2,2,0,0,8,0,9,9,99,9,9,5,5,6,2,218,151,3,0,2,2,4,0,18
1,218,152,3,2,15,3,11,99,1,6,11,1,4,1,3,4,6,2,1,3,4,3,2,2,3,3,2,2,2,3,2,3,4,2,2,1,2,4,1,2,2,21,2,3,2,2,5,3,1,2,3,2,2,2,3,1,5,9,9,99,9,9,1,2,6,2,218,152,3,9,2,2,4,0,3
1,218,153,3,3,27,3,1,1,2,6,3,1,4,1,3,4,4,1,1,2,3,4,1,3,1,2,2,4,2,2,3,2,2,2,2,1,2,5,1,1,2,47,1,1,1,3,6,2,5,1,2,2,1,2,1,1,5,9,9,99,9,9,6,4,21,2,218,153,3,8,2,2,4,1,26
1,218,154,3,3,31,3,11,99,1,6,16,2,3,2,1,4,5,3,3,1,2,3,1,3,1,2,2,4,2,2,3,1,1,3,2,1,3,1,4,1,1,35,1,1,1,3,6,4,4,2,2,2,2,1,2,8,1,9,9,99,9,9,6,2,9,2,218,154,3,9,2,2,4,1,6
1,218,155,3,4,30,3,11,99,1,6,11,2,3,2,3,3,6,2,1,2,3,5,2,3,3,1,2,2,2,3,3,2,2,4,3,3,3,4,1,2,3,46,1,1,1,3,6,2,1,2,1,2,1,3,1,1,5,9,9,99,9,9,6,2,23,2,218,155,3,8,2,2,4,1,8
1,218,156,3,4,31,3,11,99,2,6,13,2,2,2,3,3,3,2,0,2,2,4,1,1,1,2,2,3,2,2,3,0,1,0,0,0,1,0,1,1,2,49,1,1,1,3,6,0,6,0,1,2,1,1,2,7,1,9,9,99,9,9,6,5,22,2,218,156,3,7,2,2,4,1,17
1,218,157,3,4,31,3,11,99,2,6,1,1,3,1,1,2,3,1,1,2,2,3,1,1,1,2,2,2,2,2,3,1,1,2,2,1,2,4,1,1,2,46,1,1,1,3,6,2,1,2,2,1,2,1,1,1,5,9,9,99,9,9,6,5,20,2,218,157,3,6,2,2,4,1,27
1,218,158,3,4,36,3,11,99,1,6,1,1,4,2,3,3,4,1,1,2,2,3,1,1,1,2,2,2,3,3,3,2,2,1,1,1,1,4,1,2,2,50,1,1,1,3,6,2,4,2,2,2,1,1,1,1,5,9,9,99,9,9,6,3,19,2,218,158,3,8,2,2,4,1,14
1,218,159,3,3,27,2,1,1,2,6,12,1,3,2,3,4,5,1,1,3,4,5,2,2,1,2,2,2,3,3,3,3,1,2,2,1,2,5,1,2,2,47,1,1,1,3,6,2,1,2,1,2,1,1,1,1,0,9,9,99,9,9,7,3,20,2,218,159,3,8,2,2,4,1,0
1,218,160,3,4,31,3,11,99,1,6,16,1,2,2,3,3,4,2,1,2,2,3,1,2,1,2,1,3,2,2,4,2,1,2,2,1,2,5,1,3,3,49,1,1,1,3,6,2,5,1,2,2,2,1,1,1,5,9,9,99,9,9,7,3,23,2,218,160,3,0,2,2,4,1,22
1,218,161,3,4,34,3,11,99,1,6,16,2,2,3,2,4,0,2,0,3,5,10,1,2,1,2,2,3,3,2,3,0,2,4,4,0,2,2,0,2,2,55,1,1,1,3,6,0,4,1,2,2,2,1,0,0,0,9,9,99,9,9,7,2,27,2,218,161,3,8,2,2,4,1,16
1,218,162,3,3,28,2,1,1,3,1,3,4,1,1,1,2,3,1,1,2,4,7,1,1,3,3,1,3,3,3,4,3,3,2,2,0,1,4,5,1,1,62,1,1,1,3,6,1,6,2,4,2,3,3,1,1,5,9,9,99,9,9,8,5,22,2,218,162,3,7,2,2,4,1,25
1,218,163,3,4,27,3,11,99,1,6,1,2,3,2,2,3,6,2,2,3,3,4,2,2,3,2,2,2,2,2,3,2,2,2,2,1,2,4,2,1,1,42,1,1,1,3,6,5,1,2,1,2,1,2,1,1,5,9,9,99,9,9,8,3,22,2,218,163,3,8,2,2,4,1,4
1,218,164,3,4,30,3,11,99,2,6,16,2,3,1,2,2,3,1,1,2,3,4,2,1,1,2,2,3,2,3,4,2,3,2,2,1,3,4,1,1,2,48,1,1,1,3,6,2,1,2,2,1,1,1,1,1,5,9,9,99,9,9,8,5,21,2,218,164,3,7,2,2,4,1,13
1,218,165,3,4,35,3,11,99,1,6,3,1,4,2,2,3,4,2,1,2,3,3,2,2,1,2,2,3,2,2,3,2,3,2,2,1,2,4,1,2,3,44,1,1,1,3,6,2,1,2,1,2,1,1,1,1,5,9,9,99,9,9,8,3,14,2,218,165,3,8,2,2,4,1,24
1,218,166,3,4,28,3,11,99,2,6,12,1,4,2,3,3,6,1,3,3,4,5,2,2,1,2,2,3,3,3,3,2,2,2,1,1,2,4,5,1,2,45,1,1,1,3,6,2,4,1,2,2,2,3,2,8,0,9,9,99,9,9,5,2,22,2,218,166,3,0,2,2,4,1,2
1,218,167,3,4,49,3,11,99,1,6,12,1,2,1,1,2,4,1,1,3,4,6,2,2,1,2,2,3,2,2,3,1,3,4,4,1,3,1,3,2,2,66,1,1,1,3,6,2,1,3,1,1,2,2,1,1,5,9,9,99,9,9,5,4,23,2,218,167,3,9,2,2,4,1,20
1,218,168,3,4,68,3,1,1,1,6,16,1,3,1,1,1,1,2,1,2,2,3,2,2,1,2,1,2,4,3,3,1,2,2,2,1,1,2,1,1,2,81,1,1,1,3,0,2,1,2,1,1,2,3,2,3,1,9,9,99,9,9,5,3,23,2,218,168,3,5,2,2,4,1,7
1,218,169,3,4,61,3,11,99,1,6,1,2,3,1,3,3,3,3,1,2,3,4,2,2,1,2,1,2,3,3,3,1,2,1,2,1,1,5,1,3,2,74,1,1,1,3,6,5,1,2,2,5,2,1,1,1,5,9,9,99,9,9,4,2,18,2,218,169,3,7,2,2,4,1,3
1,218,170,3,3,49,3,11,99,2,1,3,1,3,1,2,2,3,2,1,2,3,3,2,2,1,2,2,3,2,2,4,1,1,1,1,1,2,4,1,2,2,70,1,1,1,3,6,5,5,2,1,2,2,2,2,2,1,9,9,99,9,9,8,3,15,2,218,170,3,7,2,2,4,1,23
1,218,171,3,2,37,3,11,99,2,1,16,1,3,1,1,4,6,1,1,3,3,4,2,3,1,2,2,2,2,2,3,1,1,2,2,1,2,2,2,1,1,50,1,1,1,3,6,2,1,3,2,2,2,2,4,1,5,9,9,99,9,9,8,3,3,2,218,171,3,9,2,2,4,1,10
1,218,172,3,2,26,3,11,99,1,6,16,2,4,2,2,4,5,1,1,3,3,3,1,2,1,2,1,2,3,4,4,2,1,2,2,1,1,5,1,1,2,42,1,1,1,3,6,2,0,2,2,2,1,3,1,1,5,9,9,99,9,9,6,2,17,2,218,172,3,8,2,2,4,1,12
1,218,173,3,4,24,3,11,99,2,6,12,2,3,1,2,3,4,2,1,2,2,3,1,1,1,2,2,3,2,3,3,2,2,2,2,1,2,2,3,2,2,36,1,1,1,3,6,2,4,1,3,5,1,1,2,8,0,9,9,99,9,9,6,3,17,2,218,173,3,7,2,2,4,1,18
1,218,174,3,2,35,3,2,2,2,1,0,1,4,3,1,2,0,2,2,2,3,3,1,2,1,2,2,3,3,3,3,1,2,2,2,1,2,4,1,2,2,65,1,2,1,3,6,1,5,1,3,2,2,2,2,2,2,9,9,99,9,9,4,2,15,2,218,174,3,0,2,1,2,4,18
1,218,175,3,3,33,3,11,99,1,6,5,1,2,2,3,4,5,2,1,3,3,5,2,1,1,2,2,2,3,3,3,3,2,2,3,1,2,2,1,2,2,34,1,1,1,3,6,2,1,0,2,2,1,1,2,2,1,9,9,99,9,9,5,2,5,2,218,175,3,9,2,1,3,5,4
1,218,176,3,1,36,3,1,1,1,6,12,1,4,2,3,4,6,2,1,1,3,4,1,2,1,2,1,2,3,4,3,2,1,5,1,3,1,4,1,1,3,54,1,3,1,3,6,1,6,1,1,1,1,2,2,3,1,9,9,99,9,9,3,3,24,2,218,176,3,8,2,1,2,7,62
1,218,177,3,4,39,3,11,99,1,6,12,1,4,3,1,4,0,3,1,3,3,10,2,2,3,2,2,2,3,4,3,1,3,4,3,2,3,1,4,3,3,43,1,1,1,3,6,4,6,2,2,3,3,3,3,1,5,9,9,99,9,9,0,3,7,2,218,177,3,9,2,1,2,7,0
1,218,178,3,2,26,3,11,99,2,1,3,2,2,2,2,3,6,1,1,2,3,3,1,2,3,2,2,3,2,2,3,2,4,4,4,2,5,3,4,3,2,35,1,2,1,3,6,3,6,0,2,2,2,3,2,3,1,9,9,99,9,9,4,3,18,2,218,178,3,8,2,1,3,7,6
1,218,179,3,2,38,0,11,99,1,0,14,0,0,0,3,0,4,0,0,0,3,2,2,0,1,0,0,1,2,4,0,1,4,3,1,0,0,1,0,0,0,0,0,0,0,1,1,0,5,2,1,1,1,1,0,0,0,9,9,99,9,9,5,0,0,2,218,179,3,9,2,1,3,7,3
1,218,180,3,3,39,3,1,1,2,1,5,2,4,2,3,4,6,2,1,3,5,8,2,2,1,2,1,2,3,3,3,2,3,2,2,1,2,4,1,3,2,67,1,3,1,3,6,1,4,2,2,2,1,2,2,3,1,9,9,99,9,9,3,3,24,2,218,180,3,9,2,1,4,7,6
1,218,181,3,4,99,3,11,99,2,6,0,1,4,2,4,3,0,3,1,2,0,0,1,2,3,2,2,2,3,4,3,2,2,3,3,1,2,1,3,2,2,60,2,1,1,3,6,2,5,3,2,2,1,2,3,1,5,9,9,99,9,9,4,3,7,2,218,181,3,0,2,1,4,7,2
1,218,182,3,4,60,2,1,1,2,6,0,2,3,2,3,3,4,2,1,3,2,4,2,2,3,2,2,2,3,3,3,2,1,2,3,3,2,4,5,3,3,78,1,1,1,3,6,3,1,2,2,2,2,2,2,0,2,9,9,99,9,9,6,5,18,2,218,182,3,7,2,1,4,7,10
1,218,183,3,1,33,3,1,1,1,6,0,2,2,3,3,4,5,2,3,2,4,6,1,3,3,1,2,3,2,5,4,1,3,3,4,2,3,4,2,2,3,56,2,5,1,3,6,5,4,2,1,2,2,3,3,1,5,9,9,99,9,9,6,2,23,2,218,183,3,7,2,1,4,7,4
1,218,184,3,1,26,2,2,2,1,6,1,1,4,2,1,2,3,2,1,3,3,3,1,3,1,2,2,3,3,2,2,1,2,2,3,1,3,5,1,3,3,51,1,1,1,3,6,2,1,2,4,3,1,1,2,8,1,9,9,99,9,9,4,2,19,2,218,184,3,7,2,1,1,1,26
1,218,185,3,2,27,2,2,2,2,2,1,2,3,2,2,2,3,3,1,2,3,2,1,2,1,2,2,2,3,4,3,1,2,1,2,1,2,3,1,1,3,76,1,1,1,3,6,2,1,1,2,2,1,2,0,0,0,9,9,99,9,9,5,3,19,2,218,185,3,6,2,1,1,1,18
1,218,186,3,2,27,2,2,2,1,6,1,1,4,2,3,4,0,2,1,2,4,5,2,2,1,2,1,3,2,3,3,2,1,4,5,1,3,1,3,1,1,52,1,2,1,3,6,2,4,2,2,2,1,2,2,2,2,9,9,99,9,9,4,2,19,2,218,186,3,8,2,1,1,1,28
1,218,187,3,2,28,2,2,2,1,6,1,2,2,2,0,4,6,2,1,3,5,7,1,2,1,2,2,3,3,4,3,2,4,2,3,1,2,5,5,3,2,54,1,1,1,3,6,2,5,2,2,5,1,1,2,4,0,9,9,99,9,9,4,2,20,2,218,187,3,9,2,1,1,1,6
1,218,188,3,2,34,2,2,2,1,6,1,1,4,2,3,4,0,1,1,3,4,10,1,2,1,2,2,2,2,2,3,2,3,3,1,1,1,4,1,1,3,57,1,1,1,3,6,2,1,2,1,5,1,1,2,2,1,9,9,99,9,9,5,2,19,2,218,188,3,8,2,1,1,1,12
1,218,189,3,3,28,2,2,2,1,0,1,1,4,2,3,4,5,2,1,3,3,5,1,1,1,2,2,3,2,3,3,2,2,1,5,1,1,5,1,2,2,54,1,1,1,3,6,2,5,0,2,2,1,0,2,1,5,9,9,99,9,9,6,2,19,2,218,189,3,7,2,1,1,1,13
1,218,190,3,3,29,2,2,2,1,6,1,2,4,3,3,4,5,2,1,2,3,3,2,3,3,2,2,2,2,2,3,2,3,2,2,1,2,4,1,3,2,54,2,1,1,3,6,2,1,2,2,2,2,3,2,2,1,9,9,99,9,9,6,2,18,2,218,190,3,7,2,1,1,1,0
1,218,191,3,4,29,2,2,2,2,1,1,1,4,2,1,3,5,2,1,3,4,5,2,2,1,2,2,3,3,3,3,1,2,1,2,1,3,4,1,1,2,66,1,1,1,3,6,2,6,0,1,1,1,2,2,2,1,9,9,99,9,9,6,3,19,2,218,191,3,0,2,1,1,1,16
1,218,192,3,4,30,2,2,2,1,6,1,1,2,2,3,3,3,2,1,3,2,2,1,2,1,2,1,3,3,5,3,2,3,2,3,1,2,3,2,3,3,55,1,1,1,3,6,5,4,1,1,2,2,3,2,2,1,9,9,99,9,9,7,2,20,2,218,192,3,7,2,1,1,1,14
1,218,193,3,3,27,2,2,2,1,6,1,1,4,2,3,4,4,2,1,3,2,4,2,1,1,2,2,3,2,2,3,2,2,1,1,1,1,5,1,1,2,52,1,1,1,3,6,1,1,2,1,1,2,1,2,4,1,9,9,99,9,9,5,2,19,2,218,193,3,7,2,1,1,1,3
1,218,194,3,3,29,2,2,2,1,6,1,1,2,2,2,1,4,0,3,3,0,2,2,1,1,2,0,2,3,3,3,1,3,2,2,1,2,3,1,1,3,54,1,2,1,3,6,2,1,3,2,1,1,1,0,0,0,9,9,99,9,9,0,2,20,2,218,194,3,9,2,1,1,1,32
1,218,195,3,3,29,2,2,2,1,6,1,2,2,2,2,4,0,3,1,3,3,4,2,2,1,2,2,2,3,3,3,1,1,2,5,1,2,3,1,1,0,54,1,1,1,3,6,1,6,2,4,2,2,1,2,2,1,9,9,99,9,9,5,2,19,2,218,195,3,8,2,1,1,1,20
1,218,196,3,3,31,2,0,0,1,6,1,1,4,2,3,4,4,2,1,3,3,4,2,2,1,2,0,2,3,4,4,2,1,2,2,3,1,3,5,3,3,49,1,2,1,3,6,1,6,0,2,2,1,1,1,1,5,9,9,99,9,9,1,2,19,2,218,196,3,7,2,1,1,1,2
1,218,197,3,4,30,2,2,2,1,6,1,1,4,1,3,4,5,2,1,2,2,3,1,1,1,2,2,3,3,3,4,2,2,2,2,1,2,5,5,1,2,54,1,2,1,3,6,1,5,1,2,1,1,1,2,2,1,9,9,99,9,9,5,2,20,2,218,197,3,7,2,1,1,1,7
1,218,198,3,4,31,2,2,2,1,0,1,1,4,2,3,4,4,2,1,2,2,2,1,2,1,2,2,3,2,2,3,2,2,4,3,1,2,1,3,1,1,59,2,1,1,3,6,2,5,2,2,2,1,2,2,0,1,9,9,99,9,9,4,2,21,2,218,198,3,7,2,1,1,1,25
1,218,199,3,4,0,3,3,3,1,6,1,2,2,2,3,4,3,2,1,2,2,2,2,2,0,2,1,4,4,0,0,2,3,3,3,2,0,1,3,0,0,60,1,1,1,0,0,3,0,2,3,3,2,3,0,0,0,9,9,99,9,9,5,4,24,2,218,199,3,6,2,1,1,1,10
1,218,200,3,4,51,2,2,2,1,6,1,1,4,2,1,2,3,1,1,2,3,3,2,1,2,2,1,1,4,3,3,1,2,4,4,1,2,1,3,1,1,76,1,1,1,3,6,1,1,2,1,1,1,1,2,2,1,9,9,99,9,9,5,5,20,2,218,200,3,8,2,1,1,1,30
1,218,201,3,4,52,2,2,2,1,0,1,1,4,1,1,1,2,2,1,2,3,4,2,2,1,2,2,3,3,3,3,1,3,2,3,1,2,1,3,1,1,76,1,1,1,3,6,2,1,3,1,2,2,1,2,2,2,9,9,99,9,9,8,4,19,2,218,201,3,6,2,1,1,1,4
1,218,202,3,2,37,3,10,0,1,6,1,1,4,2,3,3,3,3,1,3,2,2,1,1,1,2,2,2,4,4,3,2,2,4,2,1,2,5,1,2,2,54,2,1,1,3,6,1,4,1,1,1,1,1,1,1,5,9,9,99,9,9,4,2,18,2,218,202,3,6,2,1,1,1,27
1,218,203,3,2,30,2,2,2,1,6,1,1,4,1,3,2,4,1,1,2,3,3,2,2,1,2,1,3,3,2,3,2,3,3,3,1,2,1,3,2,1,55,1,1,1,3,6,1,1,3,1,1,1,1,2,4,1,9,9,99,9,9,7,3,19,2,218,203,3,7,2,1,1,1,8
1,218,204,3,2,32,2,2,2,1,6,1,1,4,2,3,3,6,2,1,3,3,5,1,2,1,2,2,3,3,4,3,2,2,2,2,1,2,5,1,2,1,57,1,1,1,3,6,2,5,1,1,1,1,2,2,2,1,9,9,99,9,9,7,2,19,2,218,204,3,8,2,1,1,1,23
1,218,205,3,2,23,3,2,2,1,6,1,1,4,2,3,4,4,1,1,2,2,3,1,3,1,2,2,3,2,2,3,2,2,2,2,1,2,5,1,2,1,48,1,1,1,3,6,1,5,2,1,2,1,1,1,1,5,9,9,99,9,9,6,2,19,2,218,205,3,7,2,1,1,1,22
1,218,206,3,2,24,2,2,2,1,6,1,1,4,2,3,3,6,2,1,3,3,5,2,2,1,2,1,3,2,2,3,2,2,2,2,1,2,4,1,2,2,49,1,1,1,3,6,2,1,2,1,1,1,1,2,2,1,9,9,99,9,9,6,2,19,2,218,206,3,8,2,1,1,1,24
1,218,207,3,2,24,2,2,2,2,6,1,1,3,2,3,3,5,1,1,3,4,5,2,1,2,3,2,2,4,4,3,2,1,1,2,1,1,4,1,1,2,45,1,2,1,3,6,2,4,3,1,2,1,1,2,2,1,9,9,99,9,9,5,4,16,2,218,207,3,8,2,1,1,1,17
1,218,208,3,2,33,2,11,1,3,2,1,1,4,1,1,2,3,2,1,2,3,3,2,3,1,2,2,3,3,4,3,1,1,1,1,1,2,5,2,2,2,78,1,3,1,4,2,1,5,1,2,2,1,2,2,2,1,9,9,99,9,9,5,4,22,2,218,208,3,7,2,1,2,1,8
1,218,209,3,3,27,3,11,99,1,6,1,1,3,2,2,4,5,1,3,3,10,5,1,2,1,2,2,2,2,4,3,0,1,3,3,1,3,4,3,2,1,44,1,1,1,3,6,1,5,2,1,1,1,0,2,0,0,9,9,99,9,9,7,2,22,2,218,209,3,7,2,1,2,1,4
1,218,210,3,4,26,3,11,99,2,1,1,2,4,1,1,3,6,2,1,3,3,5,2,2,1,2,2,2,3,3,3,2,2,2,3,1,2,2,3,3,1,55,1,1,1,3,6,2,0,2,2,2,2,2,1,1,5,9,9,99,9,9,7,3,22,2,218,210,3,7,2,1,2,1,6
1,218,211,3,4,30,2,11,99,1,6,1,1,2,2,0,2,6,0,2,3,4,4,2,2,1,2,2,3,3,3,3,2,2,1,5,1,1,4,1,1,1,42,1,1,1,3,6,1,5,1,1,1,1,1,2,2,1,9,9,99,9,9,8,2,16,2,218,211,3,8,2,1,2,1,10
1,218,212,3,3,25,2,11,99,2,1,1,2,4,2,3,3,4,3,3,2,2,3,1,2,3,2,2,3,3,3,3,2,2,2,5,3,3,4,3,2,2,54,1,1,1,3,6,2,5,1,3,5,1,1,1,1,5,9,9,99,9,9,4,2,20,2,218,212,3,7,2,1,2,1,2
1,218,213,3,4,32,3,11,99,1,6,1,1,4,3,1,3,4,2,1,3,4,6,1,1,1,2,2,4,3,3,2,2,2,2,5,1,2,5,1,3,3,49,1,1,1,3,6,2,1,2,2,2,1,1,2,2,1,9,9,99,9,9,5,2,21,2,218,213,3,7,2,1,2,1,0
1,218,214,3,2,25,3,11,99,1,6,1,4,1,1,3,4,6,2,3,3,5,7,2,2,1,2,2,3,2,3,4,2,3,3,2,1,2,4,2,2,3,37,1,1,1,3,6,2,4,2,4,4,2,1,2,2,1,9,9,99,9,9,7,2,18,2,218,214,3,7,2,1,2,1,7
1,218,215,3,2,28,3,11,99,1,0,1,2,3,1,0,0,4,1,3,3,3,5,2,2,1,2,2,2,3,4,4,2,1,2,0,1,2,5,1,3,2,38,1,1,1,3,6,2,6,0,2,2,1,1,1,1,5,9,9,99,9,9,7,4,16,2,218,215,3,7,2,1,2,1,3
1,218,216,3,1,34,1,2,2,1,6,8,1,4,2,3,3,4,2,1,3,3,5,2,2,1,2,2,3,3,4,3,3,2,2,2,1,2,4,1,2,2,59,1,1,1,3,6,2,5,1,2,1,1,2,0,0,0,9,9,99,9,9,5,2,21,2,218,216,3,8,2,1,3,2,2
1,218,217,3,2,25,3,1,1,2,6,8,2,3,2,2,4,0,3,1,3,4,4,1,2,1,2,2,3,3,2,3,2,2,3,3,2,2,1,4,1,1,35,2,1,1,3,6,2,1,3,3,3,2,1,2,5,4,9,9,99,9,9,4,2,10,2,218,217,3,0,2,1,3,2,13
1,218,218,3,2,29,2,2,2,1,6,8,2,2,2,3,4,5,2,1,3,3,4,2,2,1,2,2,3,2,4,3,1,4,1,5,2,1,3,2,1,2,44,2,5,1,4,3,2,1,2,3,3,2,1,2,4,2,9,9,99,9,9,5,2,9,2,218,218,3,8,2,1,3,2,12
1,218,219,3,3,28,3,2,2,2,1,8,1,4,2,2,2,3,2,1,3,3,3,1,1,1,2,1,2,3,3,3,2,1,2,2,1,1,5,1,2,2,68,1,2,1,3,6,2,4,1,2,2,1,1,4,1,5,9,9,99,9,9,4,2,21,2,218,219,3,7,2,1,3,2,6
1,218,220,3,3,29,3,2,2,1,6,8,1,4,2,3,3,4,3,1,3,3,4,1,1,1,2,2,3,3,3,3,3,1,2,2,1,2,4,1,1,1,56,1,1,1,0,6,1,1,2,1,1,1,1,3,1,5,9,9,99,9,9,5,2,21,2,218,220,3,7,2,1,3,2,4
1,218,221,3,3,29,2,2,2,2,1,8,1,4,3,2,3,5,2,3,3,3,5,2,2,1,2,1,2,3,3,3,0,1,2,5,1,2,5,5,3,3,68,1,1,1,3,6,2,4,2,2,2,1,1,4,1,5,9,9,99,9,9,4,2,21,2,218,221,3,9,2,1,3,2,0
1,218,222,3,4,28,2,2,2,2,1,8,2,3,2,2,3,4,2,3,2,2,3,1,2,3,3,0,3,2,4,4,1,2,3,2,0,3,5,4,1,1,68,1,1,1,3,6,4,1,3,4,5,2,0,3,1,5,9,9,99,9,9,4,2,21,2,218,222,3,9,2,1,3,2,3
1,218,223,3,1,12,3,11,99,1,6,8,2,4,1,3,4,6,1,1,2,4,6,2,1,1,2,2,2,2,3,3,3,1,1,1,1,1,3,1,2,2,11,1,1,1,3,6,2,1,2,2,2,1,1,0,0,0,9,9,99,9,9,7,1,2,2,218,223,3,9,2,1,3,2,8
1,218,224,3,1,39,3,11,99,2,1,8,1,3,2,2,2,4,1,1,3,5,5,1,2,1,2,2,2,3,4,3,3,2,2,2,1,2,3,1,1,2,52,1,1,1,3,6,2,0,0,0,0,0,1,2,4,1,9,9,99,9,9,7,3,4,2,218,224,3,8,2,1,3,2,10
1,218,225,3,1,13,3,11,99,1,6,8,1,4,2,2,3,6,1,1,2,4,5,2,2,1,2,2,3,3,5,3,3,2,3,4,1,3,5,3,1,2,15,2,1,1,3,6,2,1,2,1,2,1,0,1,1,5,9,9,99,9,9,5,1,4,2,218,225,3,9,2,1,3,2,14
1,218,226,3,2,24,3,2,2,2,6,8,2,3,3,1,2,3,1,1,2,2,3,2,3,1,2,1,3,3,4,3,1,2,2,5,1,2,4,1,1,2,45,1,1,1,3,6,2,1,2,1,2,1,2,2,2,1,9,9,99,9,9,5,5,15,2,218,226,3,7,2,1,3,2,16
1,218,227,3,3,24,3,1,1,1,6,8,2,4,2,3,4,4,3,1,3,4,5,2,1,3,2,1,2,3,3,4,3,2,2,2,1,1,5,1,3,3,30,1,1,1,5,2,1,1,2,3,2,1,2,2,2,1,9,9,99,9,9,6,2,10,2,218,227,3,9,2,1,3,2,7
1,218,228,3,3,32,3,11,99,1,6,3,1,4,2,3,3,5,2,1,3,4,5,2,2,1,2,1,3,2,3,3,2,1,2,3,1,2,3,3,3,3,63,2,1,1,3,6,2,5,2,1,2,1,1,1,1,5,9,9,99,9,9,0,2,24,2,218,228,3,7,2,1,3,3,4
1,218,229,3,3,35,3,11,99,1,6,3,1,4,2,2,3,4,1,2,3,4,5,1,2,1,2,1,3,2,3,3,1,2,2,2,2,2,2,3,1,2,54,1,2,1,3,6,2,4,1,3,2,2,1,1,1,5,9,9,99,9,9,5,3,24,2,218,229,3,5,2,1,3,3,7
1,218,230,3,3,37,2,11,99,1,6,3,1,3,2,1,4,0,2,3,3,3,3,1,2,1,2,0,4,3,4,3,2,3,3,3,1,3,1,3,3,2,49,2,5,1,3,6,1,4,2,1,2,1,1,1,1,5,9,9,99,9,9,2,2,16,2,218,230,3,7,2,1,3,3,0
1,218,231,3,3,38,3,11,99,1,6,3,1,4,2,1,2,3,1,1,2,2,4,1,1,1,2,1,3,3,3,4,1,2,2,2,3,2,1,1,1,2,58,1,1,1,3,6,2,5,2,1,2,1,1,1,1,5,9,9,99,9,9,4,5,24,2,218,231,3,0,2,1,3,3,8
1,218,232,3,3,40,3,11,99,2,6,3,2,3,2,2,2,2,2,3,1,2,3,1,2,1,2,2,3,3,5,3,2,2,3,2,1,3,2,3,1,1,59,1,2,1,3,6,2,6,0,3,3,2,1,1,1,5,9,9,99,9,9,4,5,25,2,218,232,3,0,2,1,3,3,6
1,218,233,3,4,42,3,1,1,1,6,3,1,4,2,3,3,6,2,1,3,4,5,2,1,1,2,1,2,3,3,3,2,1,2,2,1,2,2,3,1,2,67,1,1,1,3,6,1,5,2,1,1,1,1,1,1,5,9,9,99,9,9,5,3,24,2,218,233,3,7,2,1,3,3,2
1,218,234,3,2,33,3,11,99,1,6,3,3,2,3,3,3,6,3,2,3,2,3,1,3,1,1,2,3,2,3,4,2,3,4,2,0,2,2,3,1,2,49,1,1,1,3,6,1,1,3,1,1,2,1,1,1,5,9,9,99,9,9,6,2,21,2,218,234,3,0,2,1,3,3,10
1,218,235,3,2,24,3,0,0,1,0,3,1,2,2,3,3,4,2,3,3,3,3,1,1,2,2,2,2,3,3,3,3,2,5,5,3,5,5,5,2,2,62,1,1,1,3,6,1,3,0,1,1,1,1,1,1,5,9,9,99,9,9,2,3,24,2,218,235,3,0,2,1,3,3,3
1,218,236,3,2,33,2,2,2,1,6,7,2,2,3,1,4,4,2,2,3,3,3,1,2,3,3,2,4,2,2,4,1,3,3,3,3,2,5,3,3,3,63,1,1,1,3,6,3,1,3,3,3,2,2,1,1,5,9,9,99,9,9,4,4,24,2,218,236,3,6,2,1,1,4,3
1,218,237,3,2,34,2,2,2,2,6,7,2,4,1,2,3,4,2,1,3,3,5,2,2,1,2,2,2,2,3,3,2,1,2,2,1,1,1,2,1,2,67,1,1,1,3,6,2,1,2,2,2,1,1,1,1,5,9,9,99,9,9,5,3,16,2,218,237,3,8,2,1,1,4,12
1,218,238,3,3,34,2,2,2,1,6,7,2,4,2,3,3,4,1,2,3,3,3,1,2,1,2,1,3,2,3,3,2,3,1,2,2,1,5,2,2,2,63,1,1,1,3,6,3,6,2,2,2,1,2,1,1,5,9,9,99,9,9,6,2,23,2,218,238,3,7,2,1,1,4,4
1,218,239,3,4,31,2,2,2,2,1,7,2,2,2,1,1,3,1,1,2,3,5,1,3,1,2,1,3,2,4,3,2,3,1,2,1,2,5,1,1,2,71,1,1,1,3,6,2,1,2,2,2,1,1,2,4,1,9,9,99,9,9,8,2,24,2,218,239,3,6,2,1,1,4,8
1,218,240,3,4,35,3,2,2,1,0,7,1,4,2,2,3,4,1,1,3,4,5,2,2,1,2,1,2,2,4,3,2,2,2,2,1,2,4,1,1,2,63,1,2,1,3,6,1,4,1,1,2,1,1,1,1,5,9,9,99,9,9,8,3,24,2,218,240,3,6,2,1,1,4,6
1,218,241,3,3,34,2,2,2,2,6,7,1,4,3,1,2,4,1,2,3,3,2,1,2,1,2,2,3,1,4,3,1,4,4,1,0,4,2,0,1,1,62,1,1,1,3,6,4,0,3,2,3,2,3,0,0,0,9,9,99,9,9,5,3,25,2,218,241,3,6,2,1,1,4,10
1,218,242,3,4,34,2,2,2,2,6,7,1,1,3,1,3,4,3,3,3,3,5,2,1,1,2,1,2,2,2,3,1,2,2,2,1,3,4,3,2,1,63,1,1,1,3,6,1,4,1,1,1,1,1,1,1,5,9,9,99,9,9,5,3,24,2,218,242,3,8,2,1,1,4,7
1,218,243,3,3,41,2,2,2,1,6,7,0,1,2,3,3,7,2,1,2,4,4,2,2,1,2,2,2,3,2,3,2,2,2,3,1,2,4,3,2,2,71,1,1,1,3,6,1,5,0,2,5,1,1,2,2,1,9,9,99,9,9,3,3,24,2,218,243,3,0,2,1,1,4,14
1,218,244,3,3,42,2,2,2,2,1,7,2,2,3,1,2,1,1,1,2,3,3,1,1,1,2,2,3,3,3,3,1,2,2,2,1,1,1,1,1,2,82,1,1,1,3,6,1,4,1,2,1,1,1,1,1,5,9,9,99,9,9,5,4,24,2,218,244,3,5,2,1,1,4,0
1,218,245,3,3,37,2,2,2,1,6,7,1,2,2,3,4,6,2,1,3,3,4,0,2,1,2,2,3,3,3,1,2,4,2,5,2,1,3,2,3,2,56,1,1,1,3,6,3,1,2,4,2,2,3,2,2,1,9,9,99,9,9,7,2,24,2,218,245,3,7,2,1,1,4,13
1,218,246,3,2,35,2,2,2,2,1,7,2,2,3,3,2,5,1,1,3,4,4,2,2,1,2,2,3,2,2,3,1,4,1,1,1,2,5,2,2,3,76,1,3,1,3,6,2,4,2,1,3,2,1,3,1,5,9,9,99,9,9,6,3,24,2,218,246,3,0,2,1,1,4,2
1,218,247,3,2,29,3,11,99,1,6,14,1,3,2,3,4,4,2,1,3,3,5,1,2,1,2,2,3,3,4,3,1,4,2,1,1,1,3,2,2,2,47,1,1,1,0,6,2,1,0,2,2,2,3,1,1,5,9,9,99,9,9,5,2,23,2,218,247,3,6,2,1,3,5,2
1,218,248,3,2,31,3,11,99,2,6,14,1,4,2,2,2,3,0,2,1,3,3,1,2,3,3,2,3,3,0,3,1,2,3,2,2,3,2,3,0,2,48,1,1,1,3,6,3,0,0,1,1,1,0,1,1,5,9,9,99,9,9,4,5,22,2,218,248,3,7,2,1,3,5,0
1,218,249,3,2,32,0,1,1,1,6,14,1,3,2,2,2,4,2,1,2,2,4,1,2,1,2,2,4,3,3,2,2,2,3,3,3,2,2,3,3,3,49,1,2,1,2,1,2,1,2,3,1,2,3,0,0,0,9,9,99,9,9,3,2,16,2,218,249,3,7,2,1,3,5,3
1,218,250,3,3,36,3,11,99,2,6,14,1,1,1,3,3,3,1,1,3,2,2,1,1,3,3,1,3,3,4,3,2,2,2,2,3,2,1,5,3,3,48,1,1,1,3,6,2,6,2,2,2,2,1,1,1,5,9,9,99,9,9,6,2,15,2,218,250,3,0,2,1,3,5,7
1,218,251,3,4,28,3,11,99,1,6,14,1,1,3,1,4,6,2,1,3,5,5,1,1,0,0,0,0,0,0,0,1,0,2,2,1,1,4,2,0,0,39,1,1,1,3,6,2,6,0,2,2,2,2,1,1,5,9,9,99,9,9,6,3,18,2,218,251,3,8,2,1,3,5,6
1,218,252,3,4,30,3,11,99,1,6,14,1,3,2,3,3,5,2,1,3,4,5,1,2,1,2,2,2,2,4,1,1,2,2,2,2,2,3,3,2,2,48,1,1,1,3,6,5,4,1,1,1,2,1,4,1,5,9,9,99,9,9,6,3,23,2,218,252,3,7,2,1,3,5,4
1,218,253,3,1,29,3,11,99,1,6,14,1,4,3,3,3,4,1,3,2,3,3,1,3,1,2,1,3,4,3,3,2,2,2,2,1,2,5,2,2,1,39,2,5,1,3,6,3,5,2,1,4,3,1,2,0,0,9,9,99,9,9,6,2,16,2,218,253,3,9,2,1,3,5,8
1,218,254,3,2,30,1,2,2,2,6,12,1,4,2,3,4,5,2,1,3,3,5,1,2,1,2,2,3,3,3,3,2,3,2,5,3,2,4,1,1,2,44,1,2,1,3,6,2,4,2,2,2,1,2,2,3,2,9,9,99,9,9,5,2,9,2,218,254,3,8,2,1,3,6,16
1,218,255,3,4,30,2,2,2,2,6,5,2,3,2,3,4,5,1,2,2,3,9,1,2,3,3,2,3,3,2,4,2,2,4,4,1,4,1,3,2,1,54,1,1,1,3,6,2,5,2,2,3,1,1,3,1,5,9,9,99,9,9,5,5,15,2,218,255,3,8,2,1,3,1,2
1,218,256,3,1,40,2,2,2,1,6,11,1,4,1,3,3,3,2,1,2,2,2,1,2,3,2,2,3,2,3,3,2,3,2,2,2,2,5,1,2,3,74,1,1,1,3,6,2,1,2,2,2,1,1,2,4,1,9,9,99,9,9,2,4,24,2,218,256,3,7,2,1,1,2,7
1,218,257,3,2,33,3,1,1,1,6,1,1,4,2,3,3,5,3,1,2,3,4,2,2,1,2,2,2,3,3,3,2,4,1,2,1,1,4,1,3,3,41,1,1,1,3,6,2,0,1,2,2,2,3,0,0,0,9,9,99,9,9,5,2,8,2,218,257,3,7,2,1,3,2,54
1,218,258,3,4,33,3,1,1,1,6,12,2,4,2,3,4,6,3,1,3,4,4,1,2,1,2,2,2,2,4,4,2,1,1,1,1,1,4,1,2,2,41,2,5,1,3,6,1,6,0,2,1,1,1,2,2,1,9,9,99,9,9,6,2,8,2,218,258,3,9,2,1,3,2,7
1,218,259,3,4,34,3,1,1,2,6,5,2,4,1,2,3,5,3,1,3,4,6,1,1,1,2,1,2,3,3,3,2,3,3,2,1,2,3,5,3,2,45,1,1,1,3,6,5,1,3,2,2,2,3,0,0,0,9,9,99,9,9,6,2,8,2,218,259,3,8,2,1,3,2,44
1,218,260,3,4,66,3,1,1,2,1,12,2,4,2,4,4,0,1,1,3,4,6,2,2,1,2,1,3,2,2,3,3,1,1,1,1,1,3,1,2,1,91,2,1,2,2,5,1,1,3,3,5,1,1,1,1,5,1,6,99,9,9,5,4,37,2,218,260,3,0,2,1,3,2,38
1,218,261,3,2,23,3,11,99,1,6,10,1,4,2,3,4,5,2,1,2,2,3,2,2,1,2,2,2,3,2,3,2,2,2,1,2,2,4,1,1,2,30,1,1,1,3,6,2,1,1,3,2,2,2,2,3,2,9,9,99,9,9,6,2,12,2,218,261,3,8,2,1,2,7,13
1,218,262,3,2,19,3,11,99,1,6,10,1,2,2,3,4,5,0,1,3,3,5,1,2,1,2,2,3,2,4,3,3,2,2,4,1,1,4,1,2,2,24,1,1,1,3,6,1,1,1,1,1,2,3,2,2,1,9,9,99,9,9,7,1,7,2,218,262,3,9,2,1,3,7,12
1,218,263,3,1,15,3,1,3,2,2,10,2,2,2,3,3,4,2,3,3,2,5,1,2,3,2,2,3,3,4,3,3,1,3,2,2,2,1,2,2,1,45,2,5,1,3,0,5,1,2,2,3,1,2,3,1,5,9,9,99,9,9,5,3,5,2,218,263,3,9,2,1,2,4,4
1,218,264,3,2,15,3,11,99,2,1,10,1,4,2,3,3,0,1,1,3,3,5,1,2,3,2,2,3,2,2,4,2,4,3,3,3,3,3,4,3,3,30,1,2,1,3,6,4,1,3,3,3,2,3,2,0,2,9,9,99,9,9,5,3,9,2,218,264,3,8,2,1,4,2,0
1,218,265,3,2,16,3,11,99,2,2,9,1,3,2,3,3,6,1,1,2,2,4,1,2,3,2,2,1,3,3,4,2,2,1,2,1,1,4,2,2,2,40,1,1,1,4,4,2,6,2,2,2,2,3,2,0,0,9,9,99,9,9,4,3,6,2,218,265,3,8,2,1,3,7,26
1,218,266,3,2,24,2,1,1,2,6,10,3,3,2,1,2,0,1,3,3,2,3,2,3,1,2,2,2,3,3,3,1,1,3,3,1,2,4,0,1,2,35,1,1,2,2,5,2,5,1,2,2,2,2,2,2,1,9,9,99,9,9,3,5,12,2,218,266,3,0,2,1,1,7,10
1,218,267,3,2,15,3,11,99,2,1,10,1,4,2,3,3,4,2,1,2,2,3,1,1,1,2,2,2,3,4,3,3,2,3,3,1,2,4,0,2,2,28,1,2,1,3,6,2,5,2,1,2,1,1,2,2,1,9,9,99,9,9,3,4,5,2,218,267,3,8,2,1,3,7,27
1,218,268,3,3,18,3,11,99,1,6,10,1,3,1,3,4,5,1,1,3,3,4,2,1,1,2,1,2,2,5,3,3,3,2,2,1,1,3,1,2,2,23,2,1,1,3,6,2,4,1,2,2,2,2,3,1,5,9,9,99,9,9,6,1,11,2,218,268,3,8,2,1,4,6,0
1,218,269,3,3,24,3,11,99,1,6,10,2,3,2,3,4,5,3,1,3,3,9,2,1,1,2,2,3,2,4,3,2,2,1,2,1,1,4,1,2,2,38,2,5,1,3,6,2,4,2,2,2,2,2,2,2,1,9,9,99,9,9,6,2,10,2,218,269,3,8,2,1,3,6,4
1,218,270,3,4,23,1,1,2,1,6,9,1,4,1,3,4,4,2,1,3,3,4,2,1,1,2,1,3,2,1,3,2,2,2,2,1,4,5,1,3,2,35,2,1,1,3,6,1,4,2,2,2,2,3,2,2,1,9,9,99,9,9,6,3,7,2,218,270,3,7,2,1,3,6,3
1,218,271,3,3,20,3,2,2,2,1,10,1,4,2,2,4,4,1,1,2,3,7,2,1,1,2,2,3,2,2,3,3,2,3,5,3,2,4,5,3,3,54,2,5,1,3,6,2,2,1,2,2,1,1,2,2,1,9,9,99,9,9,5,2,16,2,218,271,3,7,2,1,3,4,14
1,218,272,3,4,24,2,11,99,2,1,10,2,4,2,3,4,4,1,1,3,2,2,1,2,2,2,2,2,2,2,2,1,2,2,2,2,2,2,2,2,2,60,2,2,1,2,2,2,2,1,2,2,2,3,2,3,2,9,9,99,9,9,5,2,9,2,218,272,3,7,2,1,3,2,28
1,218,273,3,3,24,3,1,1,2,6,10,1,4,2,3,4,4,2,3,3,3,3,1,1,1,2,2,3,3,4,3,3,2,1,1,1,1,5,1,3,2,34,1,1,1,3,6,1,6,0,2,1,1,1,1,1,5,9,9,99,9,9,4,3,8,2,218,273,3,8,2,1,3,2,13
1,218,274,3,4,43,2,2,2,1,6,10,2,4,2,2,2,4,1,1,3,3,6,2,2,1,2,2,2,3,4,3,2,3,2,2,1,2,2,1,2,2,72,1,1,1,3,6,2,5,1,2,2,1,2,2,2,1,9,9,99,9,9,7,2,24,2,218,274,3,7,2,1,1,2,10
1,218,275,3,4,46,3,11,99,2,5,10,3,2,2,2,4,5,1,3,1,3,4,1,1,1,2,2,3,2,3,4,1,2,3,1,2,2,1,2,3,3,69,1,1,1,3,6,3,6,0,4,5,2,3,2,8,0,9,9,99,9,9,7,3,13,2,218,275,3,8,2,1,2,7,37
1,218,276,3,4,47,3,11,99,2,5,10,1,3,2,3,3,5,2,1,3,3,5,1,2,1,1,2,3,2,2,3,2,3,2,2,2,2,2,2,2,2,72,1,1,1,3,6,3,1,2,1,2,2,3,2,8,0,9,9,99,9,9,7,3,12,2,218,276,3,8,2,1,2,7,48
1,218,277,3,4,48,2,2,2,1,6,10,1,4,2,3,3,4,2,1,3,3,10,2,1,1,2,1,2,2,3,3,2,2,2,2,2,2,4,2,1,1,75,1,1,1,3,6,2,1,2,2,2,2,2,2,2,1,9,9,99,9,9,7,4,22,2,218,277,3,0,2,1,2,4,17
1,218,278,3,4,52,3,11,99,1,6,10,2,4,2,2,3,5,1,1,2,3,4,2,2,1,2,2,3,2,4,3,2,2,2,2,1,2,1,3,2,1,55,2,1,1,3,6,2,4,2,2,3,1,1,2,8,2,9,9,99,9,9,7,3,8,2,218,278,3,8,2,1,2,2,6
1,218,279,3,3,37,3,11,99,2,1,10,4,1,3,1,4,6,1,2,2,2,2,1,3,1,2,1,3,3,5,3,1,1,1,4,1,4,1,4,1,3,48,1,1,1,4,4,4,4,3,1,1,3,3,4,1,5,9,9,99,9,9,8,2,6,2,218,279,3,9,2,1,2,7,56
1,218,280,3,4,37,2,1,1,1,6,10,1,4,2,3,4,4,3,1,3,3,3,1,3,1,2,2,3,2,3,3,3,1,2,2,1,3,5,2,2,2,45,2,5,1,3,6,2,3,2,1,1,1,2,2,2,1,9,9,99,9,9,8,3,8,2,218,280,3,8,2,1,3,8,7
1,218,281,3,4,44,3,11,99,2,1,10,1,3,1,2,4,4,3,1,3,3,5,1,2,1,2,1,2,3,4,3,1,2,2,1,1,2,2,1,1,2,60,1,1,1,3,6,2,4,2,1,2,1,1,2,0,0,9,9,99,9,9,8,4,9,2,218,281,3,8,2,1,2,7,17
1,218,282,3,3,37,3,2,2,1,6,10,1,4,2,2,3,3,1,1,2,3,4,2,3,1,2,2,3,3,4,3,2,3,3,3,1,2,1,3,1,1,67,1,1,1,3,6,2,1,2,2,2,1,2,2,2,1,9,9,99,9,9,6,4,24,2,218,282,3,6,2,1,1,2,8
1,218,283,3,3,37,2,1,1,2,6,10,2,3,2,1,3,4,3,3,1,2,3,1,1,1,2,1,3,2,6,3,2,2,3,2,2,3,2,2,2,1,61,2,1,1,3,6,3,1,3,1,2,2,2,2,2,1,9,9,99,9,9,6,2,25,2,218,283,3,7,2,1,3,8,13
1,218,284,3,3,37,3,11,99,1,6,10,2,4,1,3,4,5,2,1,3,3,5,1,2,1,2,2,2,3,3,3,3,2,2,0,1,2,0,1,1,3,37,1,1,1,3,6,2,1,1,2,2,1,2,2,2,1,9,9,99,9,9,6,3,4,2,218,284,3,9,2,1,2,7,3
1,218,285,3,3,40,3,1,1,1,6,10,2,2,2,3,3,0,0,1,3,0,0,2,3,1,2,1,4,3,3,3,2,2,2,2,1,2,4,1,1,2,63,1,1,1,3,6,5,1,1,2,1,2,2,3,1,5,9,9,99,9,9,6,5,24,2,218,285,3,0,2,1,2,7,12
1,218,286,3,3,42,2,10,0,3,6,10,2,1,1,3,4,6,2,1,2,3,5,2,2,1,2,2,2,2,0,3,3,2,4,1,0,0,1,0,0,0,66,2,5,1,3,6,0,1,0,1,1,0,0,0,0,0,9,9,99,9,9,6,2,25,2,218,286,3,9,2,1,3,8,3
1,218,287,3,3,43,2,1,1,1,6,10,2,2,1,2,3,5,2,1,2,2,3,1,2,1,2,1,3,2,4,3,1,3,4,3,2,3,1,3,2,1,53,1,1,1,3,6,2,1,2,2,2,2,3,2,7,3,9,9,99,9,9,6,2,10,2,218,287,3,8,2,1,1,7,8
1,218,288,3,4,37,2,2,2,2,6,10,1,2,3,2,4,4,2,1,3,3,4,2,2,1,2,2,2,3,3,3,1,2,2,2,1,2,4,1,1,2,59,1,1,1,3,6,1,5,1,1,2,1,1,1,1,5,9,9,99,9,9,6,4,18,2,218,288,3,7,2,1,3,1,12
1,218,289,3,4,37,3,2,2,2,1,10,1,4,1,2,2,4,2,1,2,4,5,2,2,1,2,1,4,3,3,3,2,2,2,2,1,2,3,5,1,1,63,1,1,1,3,6,2,6,0,3,5,1,1,1,1,5,9,9,99,9,9,6,3,8,2,218,289,3,8,2,1,3,6,0
1,218,290,3,4,37,3,1,1,1,6,10,1,4,2,3,4,4,1,1,3,3,5,1,1,1,2,1,2,2,2,4,2,1,3,3,2,2,4,3,2,1,60,2,5,1,3,6,2,1,3,3,2,2,2,2,2,1,9,9,99,9,9,6,2,23,2,218,290,3,8,2,1,3,8,2
1,218,291,3,4,38,3,1,1,2,6,10,2,3,3,1,3,0,2,3,3,3,5,2,3,3,3,1,3,2,3,3,0,2,4,3,3,3,2,3,2,1,47,1,1,1,3,6,2,1,2,4,2,1,1,1,1,5,9,9,99,9,9,6,4,9,2,218,291,3,0,2,1,3,2,58
1,218,292,3,4,38,2,1,1,1,0,10,1,3,2,1,3,3,2,1,3,3,3,2,2,1,2,1,2,3,4,3,1,2,3,3,2,2,4,4,3,1,68,1,1,2,1,2,3,4,1,2,2,2,2,2,4,2,9,9,99,9,9,6,4,28,2,218,292,3,7,2,1,3,8,16
1,218,293,3,4,38,3,2,2,2,1,10,1,4,2,2,2,3,2,1,3,3,4,2,2,1,2,2,3,3,3,3,1,2,2,2,1,2,3,0,2,1,71,1,1,1,3,6,2,1,2,2,1,1,1,2,2,1,9,9,99,9,9,6,3,13,2,218,293,3,7,2,1,2,4,3
1,218,294,3,4,38,3,11,99,1,6,10,2,4,2,3,4,6,2,1,3,2,3,2,2,1,2,2,3,2,3,3,1,3,2,2,3,3,3,5,3,3,43,1,2,1,3,6,5,6,0,2,2,2,2,0,0,0,9,9,99,9,9,6,3,8,2,218,294,3,9,2,1,3,7,28
1,218,295,3,4,38,3,11,99,2,6,10,1,4,1,3,3,4,2,1,2,2,2,1,1,3,2,2,3,3,5,3,2,1,1,1,1,1,4,1,2,2,48,1,1,1,3,6,2,6,0,1,1,1,2,3,1,5,9,9,99,9,9,6,4,14,2,218,295,3,7,2,1,4,7,3
1,218,296,3,4,39,3,2,2,1,6,10,2,3,3,2,3,4,1,2,3,2,4,1,1,1,2,2,3,2,3,3,2,2,3,3,1,2,1,3,1,2,61,1,2,1,3,6,2,1,2,3,5,1,2,1,1,5,9,9,99,9,9,6,3,16,2,218,296,3,7,2,1,3,1,10
1,218,297,3,4,39,3,11,99,1,6,10,1,4,1,2,4,6,1,2,2,2,3,1,1,1,2,1,3,2,3,3,2,2,4,4,1,4,5,3,1,1,55,1,1,1,3,6,2,4,3,1,4,1,3,2,2,3,9,9,99,9,9,6,4,22,2,218,297,3,7,2,1,2,2,8
1,218,298,3,4,39,3,2,2,1,6,10,2,4,1,2,3,4,2,1,2,3,4,2,1,1,2,1,3,2,3,3,3,1,2,2,1,1,4,1,2,2,58,1,4,2,2,5,2,1,1,4,5,1,1,2,2,2,9,9,99,9,9,6,3,10,2,218,298,3,8,2,1,3,4,13
1,218,299,3,4,39,2,3,3,1,6,10,2,4,1,3,3,4,2,1,3,2,2,1,1,1,2,2,3,2,2,3,2,3,3,3,1,3,4,3,2,1,64,1,1,1,3,6,2,1,3,2,2,1,1,1,1,5,9,9,99,9,9,6,4,14,2,218,299,3,8,2,1,3,6,10
1,218,300,3,4,39,3,11,99,1,6,10,1,2,2,3,3,6,2,1,3,4,5,2,2,3,2,2,4,3,3,3,2,2,2,5,2,2,1,2,3,3,44,1,1,1,3,6,3,1,2,3,3,2,3,3,1,5,9,9,99,9,9,6,3,10,2,218,300,3,9,2,1,2,7,54
1,218,301,3,4,39,3,11,99,1,6,10,1,3,2,1,3,5,2,1,2,3,4,2,2,1,2,2,2,3,4,3,1,3,3,3,1,3,1,1,3,3,44,1,1,1,3,6,2,4,0,2,2,1,1,2,8,0,9,9,99,9,9,6,4,11,2,218,301,3,9,2,1,2,7,38
1,218,302,3,4,40,3,11,99,2,6,10,2,4,2,2,1,2,1,2,1,1,3,1,1,1,2,2,4,2,2,3,1,2,4,3,2,4,1,2,1,1,60,1,1,1,3,6,4,4,1,3,2,3,3,1,1,5,9,9,99,9,9,6,5,24,2,218,302,3,6,2,1,2,2,7
1,218,303,3,4,41,2,1,1,1,6,10,2,3,1,3,4,5,3,3,3,4,7,2,1,1,2,2,2,2,3,4,3,2,2,3,1,1,4,1,3,3,52,1,1,1,3,6,2,4,1,2,2,1,1,2,2,1,9,9,99,9,9,6,3,8,2,218,303,3,8,2,1,3,2,40
1,218,304,3,4,42,2,1,1,1,6,10,2,3,1,3,4,5,2,1,3,3,8,1,1,1,2,2,3,2,2,3,2,3,2,5,1,1,4,3,1,2,51,2,1,1,3,6,2,5,1,3,5,1,1,1,1,5,9,9,99,9,9,6,3,8,2,218,304,3,8,2,1,3,2,23
1,218,305,3,4,42,2,1,1,1,6,10,1,3,1,3,3,5,2,1,3,3,4,1,2,1,2,2,3,2,2,3,2,4,0,1,1,1,5,1,1,1,69,1,1,1,3,6,5,1,2,1,1,1,2,2,8,0,9,9,99,9,9,6,3,24,2,218,305,3,6,2,1,1,7,12
1,218,306,3,4,42,3,11,99,1,6,10,2,3,1,3,4,6,2,3,3,4,5,1,2,1,2,1,3,2,2,3,3,2,4,4,2,3,1,4,3,1,47,1,1,1,3,6,3,4,2,4,5,2,3,3,1,5,9,9,99,9,9,6,3,11,2,218,306,3,8,2,1,2,7,46
1,218,307,3,4,42,3,11,99,2,6,9,1,4,1,3,3,4,2,1,3,4,5,1,1,1,2,2,2,2,3,3,2,3,2,2,1,1,4,1,2,2,52,1,1,1,3,6,1,5,1,1,1,1,1,2,2,1,9,9,99,9,9,6,4,14,2,218,307,3,8,2,1,3,7,17
1,218,308,3,4,43,2,1,1,1,6,10,2,2,2,3,3,5,2,1,2,4,5,2,2,1,2,2,3,2,2,3,2,2,2,2,1,2,5,3,1,2,51,1,2,1,3,6,1,1,2,3,2,1,2,1,1,5,9,9,99,9,9,6,2,8,2,218,308,3,9,2,1,3,2,24
1,218,309,3,4,47,2,2,2,2,6,10,1,4,2,3,2,3,1,1,3,3,5,1,2,1,2,2,2,2,3,3,2,3,2,2,1,2,4,1,2,2,77,1,1,1,3,6,2,4,1,2,2,1,2,2,2,1,9,9,99,9,9,6,4,24,2,218,309,3,7,2,1,1,2,2
1,218,310,3,4,47,3,11,99,1,6,10,1,4,2,3,3,6,2,1,3,4,5,2,1,1,2,1,3,2,2,3,2,4,2,2,1,3,3,1,2,2,53,1,1,1,3,6,2,5,1,2,5,1,2,2,3,1,9,9,99,9,9,6,3,11,2,218,310,3,8,2,1,2,7,55
1,218,311,3,4,49,3,11,99,1,6,10,1,3,2,2,3,4,2,1,1,2,5,1,1,1,2,2,3,3,3,3,2,2,3,2,2,3,1,2,1,1,52,1,1,1,3,6,5,1,0,1,3,1,3,2,7,4,9,9,99,9,9,6,3,8,2,218,311,3,8,2,1,4,2,4
1,218,312,3,4,50,1,1,1,1,1,10,1,2,2,2,3,5,2,1,3,3,4,1,2,1,2,2,3,4,4,3,1,3,3,4,2,3,2,3,0,2,67,2,5,1,3,6,4,1,3,2,4,2,3,2,2,2,9,9,99,9,9,6,3,16,2,218,312,3,8,2,1,3,8,20
1,218,313,3,4,50,3,3,3,1,6,10,1,3,1,4,2,0,0,1,3,3,4,1,1,1,2,2,2,2,3,3,2,4,2,2,2,2,5,1,2,1,90,1,1,1,3,6,2,1,2,2,2,1,1,2,3,1,1,6,8,4,1,6,3,32,2,218,313,3,6,2,1,3,5,3
1,218,314,3,4,53,2,2,2,1,6,10,1,4,2,3,4,5,1,3,3,3,4,2,1,1,2,2,2,2,2,3,2,4,3,2,1,3,2,3,2,1,83,1,1,1,3,6,2,4,1,1,3,3,3,2,2,2,9,9,99,9,9,6,3,24,2,218,314,3,7,2,1,1,2,3
1,218,315,3,4,54,2,1,1,1,6,10,1,4,2,1,1,1,2,1,3,3,5,2,2,1,2,2,2,2,2,3,1,1,2,1,2,1,2,1,1,2,91,1,1,1,3,6,2,5,1,1,1,1,3,2,2,1,1,6,2,9,1,6,3,45,2,218,315,3,5,2,1,3,8,4
1,218,316,3,4,55,2,1,1,3,6,10,1,1,3,1,1,0,1,2,3,0,0,2,3,1,2,2,3,4,3,3,1,1,1,1,2,2,2,2,2,1,90,1,1,1,3,6,3,5,2,2,3,2,2,2,2,1,1,6,8,1,4,6,3,37,2,218,316,3,0,2,1,3,8,14
1,218,317,3,4,56,1,1,1,2,6,10,1,3,3,1,1,3,1,3,2,3,4,2,2,1,2,2,2,3,4,3,1,1,1,2,1,1,4,1,2,2,90,1,2,1,3,6,2,5,1,2,2,1,3,2,2,1,1,6,8,1,4,6,3,38,2,218,317,3,7,2,1,3,8,10
1,218,318,3,4,57,2,2,2,1,6,10,1,4,2,1,1,1,2,1,1,2,2,1,2,2,3,2,3,3,3,3,1,3,1,2,3,2,1,1,2,3,91,2,2,1,5,2,2,5,1,2,5,2,2,2,2,0,1,6,99,2,3,6,5,48,2,218,318,3,5,2,1,3,8,23
1,218,319,3,4,57,1,1,1,2,6,10,2,4,2,2,1,3,2,1,3,4,5,1,2,1,2,2,2,3,3,3,2,2,1,1,2,1,5,2,1,2,90,1,1,1,3,6,3,5,1,2,2,2,2,2,2,1,1,6,7,4,2,6,3,40,2,218,319,3,0,2,1,3,8,24
1,218,320,3,4,58,1,1,1,1,6,10,1,4,2,1,1,1,2,1,2,2,2,1,2,1,2,2,3,3,3,3,1,2,1,5,2,1,3,2,2,2,92,1,1,1,3,6,2,1,2,1,1,1,2,2,2,1,1,6,9,4,2,6,2,40,2,218,320,3,4,2,1,3,8,8
1,218,321,3,4,60,2,1,1,1,6,10,2,4,2,2,1,2,1,1,3,3,6,1,2,1,2,2,3,3,3,3,2,2,2,3,0,2,5,2,1,2,91,1,1,1,3,6,2,2,2,2,2,1,2,2,2,1,1,5,2,5,1,6,3,36,2,218,321,3,3,2,1,3,8,25
1,218,322,3,4,64,2,2,2,1,6,10,1,3,2,1,2,7,2,3,3,4,5,1,1,3,2,1,3,2,2,4,1,4,2,2,1,2,1,1,3,1,88,1,1,1,3,6,3,4,2,3,5,2,3,2,1,5,1,6,9,1,4,6,2,24,2,218,322,3,5,2,1,1,2,4
1,218,323,3,4,68,3,2,2,2,1,10,2,1,2,1,2,3,2,1,2,3,3,2,2,1,2,2,2,2,2,1,1,4,1,1,1,1,3,1,2,2,86,1,1,1,3,6,5,5,1,3,5,2,3,2,2,1,9,9,99,9,9,6,3,10,2,218,323,3,8,2,1,3,4,0
1,218,324,3,4,33,3,1,1,1,6,10,1,4,2,3,3,4,1,1,2,2,3,2,2,1,2,2,1,2,2,4,2,3,3,5,2,2,5,2,3,3,54,1,3,1,3,6,5,1,2,3,3,2,3,2,2,2,9,9,99,9,9,6,3,21,2,218,324,3,7,2,1,2,7,44
1,218,325,3,4,35,3,1,1,1,6,10,1,4,2,3,4,4,2,1,2,2,3,1,1,1,2,2,3,2,4,3,2,2,2,2,3,2,2,3,3,1,44,1,1,1,3,6,2,1,2,4,5,2,3,2,2,0,9,9,99,9,9,6,2,10,2,218,325,3,7,2,1,3,2,35
1,218,326,3,4,35,1,1,1,2,6,10,1,3,2,2,3,5,1,1,2,3,5,1,2,1,2,2,2,2,4,3,1,1,2,2,1,2,4,1,1,2,42,2,1,1,3,6,2,1,2,2,2,1,2,2,2,1,9,9,99,9,9,6,2,10,2,218,326,3,9,2,1,3,2,27
1,218,327,3,4,35,3,11,99,2,1,10,2,3,2,2,2,4,2,1,3,4,4,1,2,1,2,1,2,2,2,3,2,3,2,2,1,2,4,1,2,2,68,1,1,1,3,6,2,5,2,2,2,2,2,2,4,2,9,9,99,9,9,6,2,28,2,218,327,3,7,2,1,4,2,7
1,218,328,3,4,35,2,2,5,1,6,9,1,4,2,2,2,2,3,1,3,4,5,2,1,1,2,2,3,2,2,3,2,1,4,2,1,3,4,3,1,1,76,1,1,1,3,6,2,5,1,4,4,2,2,2,2,1,9,9,99,9,9,6,2,22,2,218,328,3,3,2,1,2,4,0
1,218,329,3,4,36,2,1,1,1,6,10,1,4,2,2,3,5,3,1,2,3,3,1,2,1,2,2,2,3,4,3,1,2,3,2,1,2,4,1,1,1,45,1,1,1,3,6,2,5,1,2,2,1,3,2,2,1,9,9,99,9,9,6,2,8,2,218,329,3,9,2,1,3,2,57
1,218,330,3,4,36,3,2,2,1,6,10,2,2,1,3,4,6,2,1,3,3,5,1,2,1,2,2,3,2,2,4,2,3,2,2,2,2,1,2,3,3,60,1,1,1,3,6,4,5,1,2,3,2,2,3,1,5,9,9,99,9,9,6,2,25,2,218,330,3,7,2,1,2,7,8
1,218,331,3,3,26,3,1,1,1,6,10,1,4,2,3,3,4,1,2,1,2,4,1,2,1,2,2,3,3,4,3,3,2,1,2,1,2,5,1,1,2,36,1,1,2,2,5,2,4,2,1,2,1,3,2,2,2,9,9,99,9,9,7,2,8,2,218,331,3,7,2,1,3,2,33
1,218,332,3,3,28,3,1,1,1,6,10,2,3,2,3,3,4,2,1,2,2,3,0,2,3,2,2,3,2,2,3,2,4,3,3,1,3,1,2,3,3,38,1,2,1,0,0,0,6,2,3,0,2,1,0,0,0,9,9,99,9,9,7,2,8,2,218,332,3,7,2,1,3,2,36
1,218,333,3,3,29,3,11,99,1,6,10,1,4,1,3,3,6,1,3,2,3,3,1,1,1,2,2,3,2,4,4,2,3,4,4,2,3,2,2,2,2,47,1,1,1,3,6,3,4,2,2,3,2,2,2,3,2,9,9,99,9,9,7,2,20,2,218,333,3,7,2,1,2,7,63
1,218,334,3,3,30,2,1,1,1,6,10,2,4,1,3,4,5,2,1,2,3,5,1,1,1,2,1,2,2,3,3,2,2,1,2,1,1,4,1,2,2,38,2,1,1,3,6,2,1,1,2,2,1,2,2,3,1,9,9,99,9,9,7,2,9,2,218,334,3,8,2,1,3,2,56
1,218,335,3,3,31,3,1,1,1,6,10,1,4,2,3,4,4,1,1,3,2,3,1,2,1,2,2,2,2,3,3,3,2,1,2,2,1,4,2,2,2,41,1,1,1,3,6,2,4,1,3,2,1,1,2,8,1,9,9,99,9,9,7,2,9,2,218,335,3,7,2,1,3,2,43
1,218,336,3,3,31,3,1,1,1,6,10,1,4,2,3,4,6,2,1,3,4,5,2,2,1,1,1,2,2,4,3,0,2,2,2,1,2,3,0,2,2,40,1,1,1,3,6,2,1,0,2,2,1,2,2,8,0,9,9,99,9,9,7,2,9,2,218,336,3,8,2,1,3,2,17
1,218,337,3,3,34,2,2,2,1,6,10,1,3,2,3,4,6,1,1,3,3,7,2,2,1,2,1,3,2,2,3,3,2,2,2,1,2,4,1,2,2,63,1,1,1,3,6,2,1,1,1,2,2,1,2,4,1,9,9,99,9,9,7,2,24,2,218,337,3,8,2,1,3,4,3
1,218,338,3,3,35,2,1,1,1,6,10,2,4,1,1,4,7,2,1,2,4,5,1,2,1,2,1,1,2,3,3,1,2,2,5,3,3,1,3,2,2,44,1,1,1,3,6,5,4,1,2,2,2,2,2,8,2,9,9,99,9,9,7,3,9,2,218,338,3,9,2,1,3,2,42
1,218,339,3,3,36,2,3,3,1,6,10,1,2,2,1,3,4,2,1,2,2,3,2,2,1,2,2,4,2,2,4,1,1,3,3,2,2,4,3,2,1,62,1,1,1,3,6,5,6,3,4,5,2,1,2,8,1,9,9,99,9,9,7,2,21,2,218,339,3,8,2,1,3,6,2
1,218,340,3,4,27,0,1,1,1,6,10,1,4,1,1,4,4,2,1,3,3,3,2,1,1,2,2,3,2,3,3,2,3,2,1,2,2,5,2,2,2,37,1,1,1,3,6,5,4,1,4,5,1,3,2,2,1,9,9,99,9,9,7,2,9,2,218,340,3,7,2,1,3,2,60
1,218,341,3,4,27,3,1,1,1,6,10,1,2,1,3,4,5,1,1,2,4,5,2,1,1,2,1,3,1,2,3,2,4,2,1,2,1,4,2,2,2,47,1,1,1,3,6,2,1,2,1,2,2,2,2,4,2,9,9,99,9,9,7,2,19,2,218,341,3,7,2,1,2,7,10
1,218,342,3,4,29,1,2,3,2,6,9,1,4,3,3,3,3,1,1,2,1,5,1,1,2,2,2,3,3,2,3,2,1,2,2,1,2,5,1,2,1,37,2,1,1,3,6,2,5,1,2,2,1,1,0,0,0,9,9,99,9,9,7,3,7,2,218,342,3,6,2,1,3,6,14
1,218,343,3,4,30,3,2,2,3,6,10,2,3,1,3,3,6,1,3,3,4,6,1,1,1,2,2,3,2,2,3,2,3,2,5,1,2,3,5,3,1,49,1,1,2,2,5,2,6,0,3,3,2,1,2,8,0,9,9,99,9,9,7,2,13,2,218,343,3,0,2,1,3,5,0
1,218,344,3,4,30,3,11,99,2,1,10,1,3,2,3,4,5,1,1,3,3,4,1,1,2,2,2,3,3,3,3,3,2,2,2,2,2,4,2,3,2,43,1,1,1,3,6,3,6,2,2,3,2,2,3,1,5,9,9,99,9,9,7,4,7,2,218,344,3,9,2,1,4,6,7
1,218,345,3,4,31,3,11,99,1,6,10,1,2,1,3,4,4,2,1,2,2,3,1,1,1,2,2,3,2,3,3,2,2,2,2,1,2,4,1,2,2,39,1,1,1,3,6,2,4,1,2,2,1,1,3,1,5,9,9,99,9,9,7,2,12,2,218,345,3,8,2,1,4,6,10
1,218,346,3,4,31,3,11,99,2,6,10,2,4,2,3,3,4,2,2,2,2,3,1,1,1,2,2,3,3,5,3,2,3,2,2,2,3,1,2,2,2,46,1,1,1,3,6,3,0,2,2,3,3,0,2,7,3,9,9,99,9,9,7,2,20,2,218,346,3,7,2,1,2,7,6
1,218,347,3,4,34,1,2,2,2,1,10,2,4,1,2,2,3,3,1,2,4,5,1,2,1,2,2,3,2,4,4,1,2,2,2,1,2,3,5,1,2,69,1,1,1,3,6,2,0,3,2,2,2,2,2,2,1,9,9,99,9,9,7,4,23,2,218,347,3,6,2,1,3,1,3
1,218,348,3,4,35,3,1,1,1,6,10,1,4,1,2,3,4,1,1,3,3,3,2,2,1,2,1,3,3,3,3,2,2,3,3,1,2,2,3,2,2,48,1,1,2,2,5,2,1,3,1,2,1,2,2,4,3,9,9,99,9,9,7,3,13,2,218,348,3,8,2,1,3,5,6
1,218,349,3,4,36,3,2,2,1,6,10,1,4,1,3,4,5,1,1,3,3,5,1,1,1,2,1,3,3,5,3,3,3,2,2,1,2,5,0,2,2,50,1,1,1,3,6,5,1,3,2,1,1,1,2,2,1,9,9,99,9,9,7,2,9,2,218,349,3,8,2,1,3,1,4
1,218,350,3,4,36,3,11,99,2,6,10,1,4,1,3,3,0,1,1,1,1,1,2,3,1,2,1,3,3,4,4,3,2,3,4,2,3,4,2,1,1,53,1,1,2,3,6,4,3,3,1,4,2,1,2,2,2,9,9,99,9,9,7,5,24,2,218,350,3,6,2,1,2,2,13
1,218,351,3,4,36,2,1,1,2,1,10,2,4,1,3,3,6,1,1,3,4,7,1,2,1,2,1,2,3,3,3,2,2,2,3,1,2,4,1,1,2,55,1,1,1,3,6,2,1,2,2,2,1,1,2,2,1,9,9,99,9,9,7,2,9,2,218,351,3,7,2,1,3,2,18
1,218,352,3,3,26,3,11,99,2,6,10,2,2,3,2,4,6,3,1,2,4,7,1,3,1,2,2,2,2,2,3,3,2,3,3,1,2,4,4,1,2,31,1,1,1,3,6,2,1,2,2,4,2,2,2,8,2,9,9,99,9,9,8,5,11,2,218,352,3,9,2,1,4,6,2
1,218,353,3,4,27,3,2,2,1,6,10,3,2,1,2,4,6,2,2,3,3,5,1,2,1,2,1,3,1,3,3,0,1,3,2,2,2,5,1,1,1,54,1,1,1,3,6,3,5,1,1,3,3,1,1,1,5,9,9,99,9,9,8,4,22,2,218,353,3,8,2,1,3,1,0
1,218,354,3,4,28,2,2,2,1,6,10,1,2,2,3,4,5,1,1,3,4,4,2,1,1,2,2,3,3,4,3,2,2,2,2,1,2,2,1,2,1,59,1,1,1,3,6,2,1,2,2,1,1,3,3,1,5,9,9,99,9,9,8,3,24,2,218,354,3,8,2,1,4,6,13
1,218,355,3,4,36,3,1,1,2,6,10,2,2,3,1,5,5,1,1,1,1,2,1,2,1,1,2,3,2,3,3,1,2,3,3,2,2,5,2,1,1,63,1,1,1,3,6,3,1,2,3,5,1,3,2,8,0,9,9,99,9,9,8,4,24,2,218,355,3,6,2,1,2,7,28
1,218,356,3,3,27,3,2,2,1,6,10,2,4,2,2,3,6,2,1,3,4,5,2,2,1,2,2,1,2,3,3,2,2,2,2,3,2,4,5,0,3,42,1,1,1,3,6,2,4,2,3,5,1,1,2,4,2,9,9,99,9,9,4,3,9,2,218,356,3,8,2,1,3,4,10
1,218,357,3,3,29,3,11,99,2,1,10,2,4,2,1,4,5,2,3,2,2,2,1,2,1,2,2,3,2,4,3,1,3,4,3,2,2,5,5,3,2,41,1,4,1,5,2,2,1,3,4,4,3,2,2,8,0,9,9,99,9,9,4,2,11,2,218,357,3,8,2,1,3,7,0
1,218,358,3,3,34,3,11,99,1,6,10,1,4,1,3,4,5,2,1,3,2,3,2,3,1,2,2,2,2,2,3,3,2,1,2,1,1,5,1,2,2,37,2,1,1,3,6,1,4,1,1,2,1,1,3,1,5,9,9,99,9,9,4,2,6,2,218,358,3,9,2,1,1,7,3
1,218,359,3,3,36,3,1,1,3,1,10,4,2,2,1,4,4,2,1,3,2,2,2,2,2,2,2,3,2,1,3,3,4,3,5,1,3,3,2,2,2,56,1,2,1,3,6,5,4,2,3,5,3,2,1,1,5,9,9,99,9,9,4,2,9,2,218,359,3,9,2,1,3,2,8
1,218,360,3,4,30,2,11,99,1,6,10,1,4,2,2,4,5,1,3,3,2,4,1,2,1,2,1,2,1,4,3,1,3,2,1,1,2,5,1,2,1,46,2,1,1,3,6,2,6,1,3,2,3,1,1,1,5,9,9,99,9,9,4,2,24,2,218,360,3,7,2,2,4,0,6
1,218,361,3,3,26,3,10,0,2,6,10,1,4,2,3,3,4,2,1,3,3,7,2,2,1,2,1,2,3,4,3,3,2,2,3,1,2,5,3,1,1,42,1,1,1,3,6,2,4,1,2,2,1,1,1,1,5,9,9,99,9,9,5,5,10,2,218,361,3,7,2,1,3,1,13
1,218,362,3,3,28,3,0,0,2,6,10,0,3,3,1,4,5,2,2,2,3,0,0,2,3,2,0,2,2,0,3,1,2,2,0,3,1,0,0,1,0,32,2,1,1,3,6,1,6,0,0,5,3,1,0,0,0,9,9,99,9,9,5,2,8,2,218,362,3,9,2,1,3,2,6
1,218,363,3,3,28,2,1,1,1,6,10,1,3,1,3,4,5,1,1,2,3,4,1,2,1,2,2,3,2,4,3,3,2,3,5,3,3,3,5,2,1,37,1,1,1,3,6,5,5,1,2,5,1,1,2,2,1,9,9,99,9,9,5,2,8,2,218,363,3,8,2,1,3,8,18
1,218,364,3,3,29,2,2,2,1,0,10,1,1,2,2,4,0,2,1,2,2,10,1,2,1,2,2,1,2,3,1,1,4,3,1,2,1,2,2,1,0,51,1,3,1,3,6,3,4,1,2,2,2,1,2,2,1,9,9,99,9,9,5,2,19,2,218,364,3,9,2,1,3,4,2
1,218,365,3,3,30,3,11,99,1,6,10,1,4,2,3,4,5,2,1,3,4,7,2,3,1,2,2,2,2,5,3,3,2,2,2,1,2,5,5,2,2,40,1,2,1,3,6,2,5,2,2,2,2,2,2,8,0,9,9,99,9,9,5,2,8,2,218,365,3,9,2,1,3,2,22
1,218,366,3,3,32,3,2,2,1,6,10,2,3,2,3,4,6,2,1,3,4,6,2,3,1,2,2,2,2,3,3,2,3,2,1,1,2,4,2,2,2,56,1,1,1,3,6,2,5,1,1,2,2,1,2,2,1,9,9,99,9,9,5,2,20,2,218,366,3,9,2,1,3,4,17
1,218,367,3,3,33,3,11,99,1,6,10,1,2,1,3,3,5,2,3,2,3,4,1,2,3,2,1,2,3,3,3,2,1,4,4,3,4,1,4,3,3,41,1,1,2,2,5,5,3,0,4,4,0,3,2,8,3,9,9,99,9,9,5,3,11,2,218,367,3,8,2,1,2,7,43
1,218,368,3,3,33,3,11,99,2,1,10,1,1,2,3,3,4,2,1,3,3,5,2,2,1,2,1,2,3,3,3,2,2,2,2,3,2,3,1,1,2,48,1,2,1,3,6,1,5,1,2,2,1,2,2,7,0,9,9,99,9,9,5,3,9,2,218,368,3,8,2,1,4,7,8
1,218,369,3,3,34,3,1,1,1,6,10,1,3,1,3,4,4,1,2,2,2,3,1,2,1,2,0,1,2,4,3,2,2,2,2,1,2,1,2,1,2,48,1,1,1,3,6,3,6,2,2,2,2,3,3,1,0,9,9,99,9,9,5,2,24,2,218,369,3,7,2,1,2,7,50
1,218,370,3,4,30,3,11,99,2,1,10,2,2,2,1,3,4,2,2,3,2,4,1,3,1,2,1,3,2,3,3,1,3,2,3,2,2,4,1,1,2,66,1,3,1,2,2,2,1,2,3,2,2,1,1,1,5,9,9,99,9,9,5,2,18,2,218,370,3,7,2,1,1,2,6
1,218,371,3,4,32,3,1,1,1,6,10,1,2,1,3,4,5,2,3,3,3,3,2,2,1,2,2,2,3,3,4,2,1,5,2,2,2,2,2,2,2,41,1,1,1,3,6,2,4,1,3,2,2,2,2,8,0,9,9,99,9,9,5,2,9,2,218,371,3,8,2,1,3,2,45
1,218,372,3,4,33,3,11,99,2,6,10,1,4,1,3,4,4,2,1,3,3,3,2,1,1,2,2,3,3,5,3,2,1,3,3,1,2,4,3,3,1,50,1,1,1,3,6,2,1,2,2,2,1,1,0,0,0,9,9,99,9,9,5,2,10,2,218,372,3,8,2,1,2,2,4
1,218,373,3,4,33,2,2,2,2,6,9,4,2,2,1,3,0,2,1,3,2,2,2,2,1,2,2,4,2,3,4,1,1,2,2,2,1,5,2,3,3,61,1,1,1,3,6,4,1,2,1,2,3,3,2,2,2,9,9,99,9,9,5,3,22,2,218,373,3,0,2,1,2,4,14
1,218,374,3,4,34,3,11,99,2,1,10,1,4,2,3,3,4,1,1,3,3,4,2,2,1,2,2,3,3,4,3,2,3,2,2,1,2,1,1,1,2,48,1,1,1,3,6,1,3,2,1,2,1,2,3,1,5,9,9,99,9,9,5,4,4,2,218,374,3,8,2,1,1,7,4
1,218,375,3,4,35,3,11,99,2,1,9,1,2,2,1,2,3,1,2,1,2,1,1,1,1,2,2,2,3,2,3,2,2,5,2,1,1,2,2,1,3,55,1,1,1,3,6,2,5,0,3,2,1,2,1,1,5,9,9,99,9,9,5,5,12,2,218,375,3,7,2,1,3,7,13
1,218,376,3,4,36,3,11,99,2,6,10,1,4,2,2,3,4,2,2,3,4,7,1,3,1,2,2,3,3,3,3,2,2,1,3,3,1,1,2,1,2,52,1,1,1,3,6,3,1,2,1,2,1,3,2,2,2,9,9,99,9,9,5,3,21,2,218,376,3,0,2,1,2,2,16
1,218,377,3,3,28,1,1,1,1,6,10,1,4,2,3,3,3,2,1,2,2,2,2,2,3,3,2,2,2,3,4,1,2,2,2,3,5,2,5,3,3,36,1,2,1,3,6,2,6,0,2,5,1,0,1,1,5,9,9,99,9,9,3,2,9,2,218,377,3,7,2,1,3,2,52
1,218,378,3,3,34,3,11,99,2,3,10,1,2,1,1,1,3,1,2,1,2,3,1,3,1,2,0,1,2,2,0,1,5,2,5,2,1,3,4,2,2,75,1,1,1,3,6,3,6,0,3,5,2,3,2,8,0,9,9,99,9,9,3,3,8,2,218,378,3,7,2,1,3,7,14
1,218,379,3,4,36,3,11,99,2,6,10,1,4,2,2,3,0,2,1,2,10,10,2,1,1,2,2,3,3,3,3,1,1,2,2,1,1,2,1,1,2,44,1,1,1,3,6,2,4,2,3,2,1,2,3,1,5,9,9,99,9,9,3,4,12,2,218,379,3,0,2,1,2,7,23
1,218,380,3,4,35,3,11,99,2,6,10,1,4,2,3,3,4,2,2,2,3,3,1,1,3,3,2,3,2,2,3,2,2,3,3,2,2,5,2,2,2,50,1,1,1,0,6,2,5,0,2,2,1,2,2,4,1,9,9,99,9,9,2,4,16,2,218,380,3,8,2,1,4,2,2
1,218,381,3,4,36,3,11,99,1,6,10,2,4,2,3,4,5,3,1,3,2,5,2,1,3,2,2,3,2,2,4,2,2,2,2,2,2,2,3,3,3,43,1,1,1,3,6,2,4,2,3,5,2,2,3,1,5,9,9,99,9,9,2,3,12,2,218,381,3,9,2,1,2,7,25
1,218,382,3,3,30,3,11,99,1,6,10,3,0,3,2,2,0,1,0,0,0,0,2,3,1,0,0,2,0,0,3,0,0,0,0,0,5,1,0,0,0,0,0,0,0,0,0,0,0,3,0,0,0,0,0,0,0,9,9,99,9,9,0,0,0,2,218,382,3,0,2,1,2,2,0
1,218,383,3,3,32,3,11,99,2,5,10,0,0,2,1,0,5,0,1,2,2,0,2,1,0,1,1,2,2,3,0,1,0,0,0,0,0,0,0,0,0,0,0,0,0,0,0,0,0,0,0,0,0,0,0,0,0,9,9,99,9,9,0,0,0,2,218,383,3,0,2,1,2,7,34
1,218,384,3,3,35,3,11,99,1,6,10,1,2,2,3,4,5,2,1,2,2,0,1,2,1,2,1,3,3,1,2,0,2,4,3,1,3,1,3,0,1,0,1,2,1,3,6,2,1,2,3,0,0,3,3,1,5,9,9,99,9,9,0,0,0,2,218,384,3,0,2,1,4,6,4
1,218,385,3,4,35,3,1,1,1,6,10,3,3,1,3,3,6,3,1,3,4,7,2,2,1,2,2,2,2,3,3,2,2,2,4,2,2,1,2,1,2,59,1,2,1,3,6,2,0,0,2,2,1,2,2,5,3,9,9,99,9,9,0,0,0,2,218,385,3,0,2,1,2,7,14
1,218,386,3,3,38,3,2,2,2,6,10,2,3,1,3,4,4,1,1,2,3,4,2,2,1,3,2,2,2,4,4,2,3,3,3,1,3,4,2,2,2,55,1,1,1,3,6,2,1,2,2,2,1,1,2,0,0,9,9,99,9,9,7,2,13,2,218,386,3,8,2,1,3,4,4
1,218,387,3,3,38,3,11,99,2,1,10,1,4,1,3,3,4,1,1,2,2,3,1,2,1,2,2,3,2,2,3,2,1,3,3,2,3,2,2,1,1,52,1,1,1,3,6,3,4,1,1,2,1,1,2,3,2,9,9,99,9,9,7,3,9,2,218,387,3,9,2,1,3,7,30
1,218,388,3,3,53,3,11,99,2,1,10,1,4,3,1,2,3,1,1,2,2,3,2,3,1,2,2,2,2,3,3,1,1,2,2,2,2,1,2,1,2,73,1,1,1,3,6,3,4,2,1,4,3,3,2,3,3,9,9,99,9,9,7,3,13,2,218,388,3,7,2,1,2,7,22
1,218,389,3,4,37,2,1,1,1,6,10,2,3,2,2,3,4,2,1,2,3,6,2,2,1,2,2,3,3,3,3,2,2,2,2,0,2,4,1,1,2,50,1,1,1,3,6,2,1,2,2,2,2,1,2,2,1,9,9,99,9,9,7,4,8,2,218,389,3,7,2,1,3,8,12
1,218,390,3,4,37,2,1,1,1,6,10,2,4,1,3,3,3,2,1,2,2,3,1,2,1,2,1,3,3,4,3,2,2,2,2,1,2,4,1,2,2,61,1,2,2,2,5,2,1,2,2,2,1,2,0,0,0,9,9,99,9,9,7,3,23,2,218,390,3,7,2,1,3,5,2
1,218,391,3,4,37,3,11,99,1,6,10,2,2,2,3,4,5,2,1,3,3,4,1,2,1,2,2,2,2,3,3,2,2,2,2,1,2,4,1,1,3,59,1,1,1,3,6,2,1,2,1,2,2,1,2,3,2,9,9,99,9,9,7,3,22,2,218,391,3,7,2,1,3,7,2
1,218,392,3,4,39,2,3,3,1,6,10,1,4,2,3,3,5,2,1,3,4,4,1,1,1,2,1,2,2,3,3,2,3,3,2,1,2,5,1,2,1,66,1,1,1,3,6,2,5,1,2,3,1,1,2,3,1,9,9,99,9,9,7,3,18,2,218,392,3,8,2,1,3,6,8
1,218,393,3,4,40,3,1,1,2,6,10,2,2,1,3,4,5,3,1,3,3,4,1,2,1,2,1,2,2,4,3,1,2,2,2,3,0,4,2,1,1,49,1,2,1,3,6,2,5,0,2,2,1,3,2,2,1,9,9,99,9,9,7,3,8,2,218,393,3,8,2,1,3,2,3
1,218,394,3,4,42,3,3,3,2,6,10,1,4,2,1,3,4,2,1,3,3,4,2,2,1,2,2,4,3,3,3,1,2,4,4,1,3,1,3,2,1,67,1,2,1,3,6,2,1,3,2,2,1,1,2,4,1,9,9,99,9,9,7,3,14,2,218,394,3,8,2,1,3,6,7
1,218,395,3,3,38,3,11,99,1,6,10,2,3,1,3,4,4,2,1,3,4,5,2,2,1,2,2,3,3,3,3,1,2,2,2,1,1,2,5,3,2,50,1,1,1,3,6,5,6,2,2,2,1,2,2,4,1,9,9,99,9,9,5,3,15,2,218,395,3,7,2,1,4,2,10
1,218,396,3,3,59,2,2,2,1,6,10,3,2,3,1,3,0,2,3,2,4,6,1,3,1,2,2,3,2,5,4,1,4,3,3,3,2,4,4,2,1,85,1,3,1,5,4,3,6,0,3,3,2,2,2,2,1,1,6,9,1,4,5,3,22,2,218,396,3,0,2,1,2,4,16
1,218,397,3,4,37,1,3,6,1,6,9,2,4,1,2,3,3,1,1,1,2,3,1,2,1,2,2,3,2,3,3,2,2,2,2,2,2,5,5,1,1,61,1,1,1,3,6,2,6,0,2,2,2,2,2,4,2,9,9,99,9,9,5,2,10,2,218,397,3,5,2,1,3,6,13
1,218,398,3,4,37,2,1,1,2,6,10,2,2,3,1,3,4,1,3,3,2,4,1,2,2,2,1,3,3,3,3,1,2,4,4,1,4,1,3,3,0,52,2,5,1,3,6,2,4,2,2,5,1,3,2,8,0,9,9,99,9,9,5,2,11,2,218,398,3,7,2,1,1,7,7
1,218,399,3,4,38,3,1,1,2,1,10,1,2,3,1,4,0,1,3,3,3,5,2,3,3,3,2,3,4,2,4,1,4,0,5,2,0,5,4,1,3,80,1,1,1,0,0,2,2,3,1,4,2,2,0,0,0,9,9,99,9,9,5,4,29,2,218,399,3,9,2,1,3,8,6
1,218,400,3,4,38,3,11,99,1,6,9,2,2,2,2,3,5,3,3,2,3,5,1,2,1,2,1,3,3,4,3,1,2,3,4,1,3,2,3,1,0,44,1,1,1,3,6,5,1,2,2,3,2,1,2,8,0,9,9,99,9,9,5,4,11,2,218,400,3,8,2,1,2,7,26
1,218,401,3,4,38,3,11,99,2,6,10,2,3,1,2,3,4,2,1,3,4,5,1,1,1,2,2,3,3,3,3,1,2,2,3,2,2,4,1,3,3,46,1,1,1,3,6,3,1,2,2,2,2,2,3,1,0,9,9,99,9,9,5,3,13,2,218,401,3,8,2,1,4,7,7
1,218,402,3,4,39,3,11,99,2,1,10,1,2,2,3,3,4,2,1,2,2,4,1,1,1,2,2,3,2,3,3,1,3,3,1,2,2,2,2,3,2,54,1,1,1,3,6,2,4,2,3,2,2,3,2,2,2,9,9,99,9,9,5,2,8,2,218,402,3,8,2,1,4,2,3
1,218,403,3,4,39,3,2,2,3,6,10,1,4,1,1,1,3,1,1,2,2,3,1,1,1,2,1,3,3,3,3,2,2,2,3,1,2,2,3,1,2,68,1,1,1,3,6,1,5,1,1,2,1,1,1,1,5,9,9,99,9,9,5,5,19,2,218,403,3,7,2,1,3,4,16
1,218,404,3,4,40,3,11,99,2,6,9,1,3,1,1,2,0,1,1,2,2,10,2,1,1,1,1,1,2,2,3,1,3,4,4,2,3,3,2,2,2,44,1,1,1,3,6,2,1,2,1,1,1,2,0,0,0,9,9,99,9,9,5,5,12,2,218,404,3,0,2,1,4,2,8
1,218,405,3,4,41,3,11,99,1,0,10,2,1,2,3,3,5,2,2,3,3,5,1,3,1,2,2,3,3,3,3,2,3,2,2,1,2,4,1,3,2,61,1,1,1,3,6,2,1,3,3,2,2,2,2,3,2,9,9,99,9,9,5,4,21,2,218,405,3,9,2,1,2,7,2
1,218,406,3,4,46,2,2,2,1,0,10,2,4,2,2,3,5,2,1,3,4,5,2,2,1,2,2,2,2,2,3,1,4,2,2,3,2,1,5,2,1,75,1,2,1,3,6,2,6,2,3,2,2,2,2,2,1,9,9,99,9,9,5,2,24,2,218,406,3,7,2,1,1,2,0
1,218,407,3,4,47,2,2,2,1,0,10,2,4,2,3,2,4,3,1,3,5,7,2,2,1,2,2,3,2,2,3,3,2,2,2,1,2,4,3,2,1,69,1,2,1,3,6,1,1,2,2,2,1,1,2,2,1,9,9,99,9,9,5,3,17,2,218,407,3,8,2,1,3,2,4
1,218,408,3,4,47,1,1,1,1,6,10,2,3,1,2,2,3,2,1,2,2,3,1,1,1,2,2,2,2,3,3,1,2,2,2,1,2,2,2,1,1,80,1,1,1,3,6,5,5,1,1,2,3,1,2,2,1,9,9,99,9,9,5,4,32,2,218,408,3,7,2,1,3,8,17
1,218,409,3,4,48,3,11,99,1,6,10,2,3,2,3,3,4,2,1,2,3,5,2,2,3,2,1,3,3,3,2,2,2,2,3,1,2,4,1,3,2,46,2,5,1,3,0,5,5,1,2,2,1,2,2,2,1,9,9,99,9,9,5,3,2,2,218,409,3,8,2,1,2,4,2
1,218,410,3,4,51,2,2,3,2,1,10,2,3,2,1,1,3,2,3,2,3,7,2,2,1,2,2,2,2,3,3,1,3,2,3,2,1,4,2,3,2,90,1,2,1,3,6,3,1,2,3,5,2,3,3,1,5,1,4,8,5,1,5,3,21,2,218,410,3,5,2,1,4,6,12
1,218,411,3,4,58,2,1,1,1,6,10,1,4,2,1,2,3,2,1,3,4,5,2,2,1,2,2,3,3,4,3,1,2,1,1,1,1,4,1,2,2,91,1,1,1,3,6,2,1,3,2,4,1,1,2,2,1,1,6,9,1,9,5,3,36,2,218,411,3,7,2,1,3,8,22
1,218,412,3,4,66,3,11,99,2,2,10,2,4,2,1,2,1,2,1,3,3,3,1,1,1,2,1,3,3,4,3,1,1,1,1,1,1,1,1,3,2,84,1,1,1,3,6,1,1,2,2,2,1,1,1,1,5,9,9,99,9,9,5,3,6,2,218,412,3,5,2,1,2,2,3
1,218,413,3,4,37,2,1,1,2,1,10,1,3,2,2,3,3,1,2,3,2,3,1,1,1,2,2,2,3,4,3,2,2,2,2,1,1,3,1,2,2,57,1,1,1,3,6,1,1,1,2,1,1,1,0,0,0,9,9,99,9,9,3,3,8,2,218,413,3,7,2,1,3,2,34
1,218,414,3,3,39,3,11,99,1,6,10,2,4,3,3,2,4,3,1,3,2,3,2,2,3,3,2,3,2,2,4,1,2,5,1,3,5,1,5,3,3,58,2,5,1,3,6,5,6,1,3,5,1,3,1,1,5,9,9,99,9,9,2,4,24,2,218,414,3,7,2,1,2,2,12
1,218,415,3,3,8,2,1,1,2,2,10,1,4,2,2,2,3,1,3,3,3,4,2,1,3,3,2,2,3,5,4,1,3,5,1,1,2,4,1,3,3,62,1,0,0,0,0,0,0,0,0,0,0,0,0,0,0,9,9,99,9,9,0,0,0,2,218,415,3,0,2,1,3,2,25
1,218,416,3,2,11,3,11,99,1,6,10,2,2,3,1,3,6,2,2,3,5,5,1,2,1,2,2,3,2,2,3,1,3,4,5,3,4,2,3,3,3,11,1,2,1,3,6,5,4,2,3,4,2,3,3,1,5,9,9,99,9,9,6,1,4,2,218,416,3,9,2,1,4,6,6
1,218,417,3,3,28,3,11,99,2,6,10,2,3,2,3,3,4,2,1,3,2,3,1,2,3,3,1,3,3,5,3,2,2,3,3,1,2,4,3,1,2,47,1,2,1,3,6,2,1,1,2,2,1,2,1,1,5,9,9,99,9,9,6,2,24,2,218,417,3,6,2,1,2,2,14
1,218,418,3,3,29,3,11,99,2,2,10,2,2,2,3,3,4,1,2,2,2,3,1,1,1,2,1,3,2,4,3,2,2,2,2,2,2,5,2,1,2,57,1,1,1,3,6,3,6,2,1,3,2,3,2,0,0,9,9,99,9,9,6,3,8,2,218,418,3,7,2,1,2,7,40
1,218,419,3,3,30,3,11,99,2,6,10,2,2,2,3,4,4,2,1,2,3,3,0,2,1,2,2,4,2,3,4,0,4,2,5,2,3,3,0,2,3,38,1,1,1,3,6,5,6,0,3,2,2,2,3,1,5,9,9,99,9,9,6,2,13,2,218,419,3,7,2,1,2,7,7
1,218,420,3,3,32,3,11,99,2,2,10,2,3,2,3,3,4,2,2,3,2,3,1,3,1,2,2,3,4,4,3,3,2,3,4,1,2,1,3,2,2,44,1,1,1,3,6,3,1,2,2,4,2,3,3,1,5,9,9,99,9,9,6,2,6,2,218,420,3,8,2,1,4,6,3
1,218,421,3,3,32,3,11,99,2,6,10,2,2,3,3,4,4,2,1,1,2,2,1,2,1,1,1,3,3,3,3,2,2,4,2,2,1,5,2,1,1,46,1,1,1,3,6,3,1,2,4,5,2,3,2,8,0,9,9,99,9,9,6,2,13,2,218,421,3,8,2,1,2,7,35
1,218,422,3,3,33,3,1,1,2,6,10,1,3,2,3,3,5,2,1,3,3,3,1,2,1,2,2,3,2,5,3,2,3,2,2,1,2,3,5,2,1,42,1,1,2,2,5,5,1,3,1,2,1,1,2,8,0,9,9,99,9,9,6,2,8,2,218,422,3,8,2,1,3,2,10
1,218,423,3,3,33,2,2,4,1,6,9,2,2,3,1,4,1,1,3,2,3,5,1,3,1,2,2,3,4,5,3,2,3,2,2,2,1,5,2,2,2,67,2,1,1,3,6,2,1,2,2,2,1,2,2,3,2,9,9,99,9,9,6,3,14,2,218,423,3,7,2,1,2,4,10
1,218,424,3,3,33,3,11,99,1,6,10,1,4,1,3,4,4,1,1,1,2,3,1,1,1,2,2,3,2,3,3,2,2,2,2,1,2,5,1,1,1,36,1,1,2,2,5,1,1,3,2,1,1,1,2,4,1,9,9,99,9,9,6,3,9,2,218,424,3,7,2,1,3,5,7
1,218,425,3,3,33,3,11,99,1,0,9,2,3,2,3,4,4,2,3,2,2,2,1,1,1,2,1,3,2,4,3,3,2,1,5,3,1,4,5,3,2,40,2,5,1,3,6,5,6,0,2,5,1,2,2,8,0,9,9,99,9,9,6,2,11,2,218,425,3,7,2,1,2,7,24
1,218,426,3,3,34,3,2,2,1,6,10,2,3,1,3,4,6,2,1,3,4,7,2,1,1,2,1,2,2,3,3,3,1,2,2,1,1,5,1,2,2,47,2,5,1,3,6,1,2,2,2,2,1,1,1,1,5,9,9,99,9,9,6,2,9,2,218,426,3,9,2,1,3,6,6
1,218,427,3,3,34,2,1,2,1,6,9,2,2,1,3,4,5,2,1,3,2,3,2,2,1,2,2,3,3,4,3,2,3,2,2,1,2,4,1,3,2,60,1,1,1,3,6,2,5,2,2,2,1,0,4,0,0,9,9,99,9,9,6,2,20,2,218,427,3,7,2,1,3,7,22
1,218,428,3,3,35,1,1,1,1,6,10,1,4,2,3,4,6,2,2,3,3,4,1,2,1,2,1,2,2,4,3,2,2,4,1,2,1,1,2,2,1,44,1,2,1,3,6,3,1,2,2,2,2,3,2,2,1,9,9,99,9,9,6,2,8,2,218,428,3,9,2,1,3,2,12
1,218,429,3,3,35,2,2,2,1,6,10,1,4,2,2,2,3,1,3,3,3,2,1,1,3,2,2,3,3,4,3,3,2,4,1,2,4,5,4,1,1,62,1,1,1,3,6,5,1,3,1,2,2,3,2,7,3,9,9,99,9,9,6,2,22,2,218,429,3,7,2,1,2,4,6
1,218,430,3,3,35,3,11,99,2,6,10,2,1,3,1,3,6,2,2,3,4,5,1,2,1,2,2,3,2,2,3,3,4,3,1,2,2,4,2,1,2,42,1,1,1,3,6,3,4,2,1,3,2,3,2,8,3,9,9,99,9,9,6,2,12,2,218,430,3,8,2,1,2,7,58
1,218,431,3,3,36,2,2,2,2,1,10,1,3,1,1,3,5,2,1,2,3,4,2,1,1,2,2,2,2,3,3,1,2,2,2,1,2,4,1,1,2,62,1,1,1,3,6,2,1,2,2,2,1,1,1,1,5,9,9,99,9,9,6,2,15,2,218,431,3,7,2,1,3,1,8
1,218,432,3,3,36,2,1,1,1,0,10,1,4,1,0,0,0,0,1,3,4,4,1,1,1,2,2,3,3,3,3,2,2,1,1,1,1,4,1,2,2,45,1,1,1,3,6,2,4,0,2,2,1,1,2,2,1,9,9,99,9,9,6,2,8,2,218,432,3,9,2,1,3,2,37
1,218,433,3,4,27,3,10,0,2,6,9,1,3,2,3,3,6,2,1,3,4,5,2,2,3,2,1,2,3,4,4,2,2,5,4,1,2,5,2,1,3,30,2,1,1,3,6,2,5,1,3,2,1,1,2,2,1,9,9,99,9,9,6,2,2,2,218,433,3,9,2,1,2,4,13
1,218,434,3,4,28,3,11,99,1,6,10,2,4,3,2,3,4,3,1,3,2,1,1,2,1,2,2,3,2,2,3,2,2,2,3,1,2,4,5,3,2,42,1,1,1,3,6,2,1,1,2,2,1,3,2,2,1,9,9,99,9,9,6,2,19,2,218,434,3,7,2,1,4,2,12
1,218,435,3,4,28,3,11,99,1,6,10,1,4,2,3,3,5,2,1,2,4,5,1,1,1,2,2,2,3,4,4,2,2,2,2,2,1,4,2,2,2,45,1,1,1,3,6,2,6,0,2,3,2,2,2,7,2,9,9,99,9,9,6,2,19,2,218,435,3,7,2,1,2,7,27
1,218,436,3,4,28,3,11,99,2,6,10,1,4,1,3,3,4,2,1,3,2,3,1,2,1,2,1,3,3,4,3,2,3,2,2,1,2,5,1,1,2,42,1,1,1,3,6,1,5,2,1,1,1,1,2,3,1,9,9,99,9,9,6,2,18,2,218,436,3,7,2,1,4,7,0
1,218,437,3,4,29,3,2,2,1,6,10,2,2,2,3,4,6,2,1,3,4,5,1,2,2,2,2,2,2,2,3,2,3,2,2,1,2,4,1,1,2,55,1,2,1,3,6,2,1,2,3,2,1,2,2,2,1,9,9,99,9,9,6,2,20,2,218,437,3,7,2,1,3,4,8
1,218,438,3,4,29,3,11,99,2,1,10,1,4,2,2,3,5,2,1,3,3,2,1,1,1,2,2,2,2,2,3,2,2,2,2,1,2,4,2,1,2,46,1,1,1,3,6,2,4,2,1,1,1,2,2,4,2,9,9,99,9,9,6,3,10,2,218,438,3,8,2,1,2,7,57
1,218,439,3,4,30,0,2,8,2,6,9,4,4,3,1,3,4,3,1,3,3,4,2,2,3,3,2,4,2,2,3,1,3,4,4,2,3,4,2,1,3,67,2,5,1,3,6,3,1,2,4,2,2,1,0,0,0,9,9,99,9,9,6,2,9,2,218,439,3,0,2,1,2,4,12
1,218,440,3,4,30,3,11,99,2,6,10,2,4,2,3,4,4,2,1,3,9,10,2,2,3,2,2,2,2,2,3,3,3,2,2,3,3,5,2,2,2,34,1,1,1,3,6,2,5,1,2,2,3,3,2,3,3,9,9,99,9,9,6,4,6,2,218,440,3,9,2,1,4,6,8
1,218,441,3,4,31,3,11,99,2,1,10,2,4,2,3,3,5,2,1,3,3,5,1,2,1,3,2,4,3,3,4,2,2,3,2,2,2,4,3,2,2,54,1,2,1,3,6,3,1,2,3,3,1,1,2,3,4,9,9,99,9,9,6,3,12,2,218,441,3,9,2,1,4,2,13
1,218,442,3,4,31,3,11,99,1,6,10,1,4,1,3,4,3,2,1,3,3,4,2,1,1,2,2,2,3,3,3,2,3,3,3,1,2,1,3,1,2,47,1,1,1,3,6,2,5,1,2,2,1,2,2,3,2,9,9,99,9,9,6,5,15,2,218,442,3,8,2,1,4,2,6
1,218,443,3,4,31,3,2,2,1,6,10,1,4,2,2,2,3,2,1,1,2,3,1,1,1,2,1,2,3,4,3,2,2,2,2,1,1,4,1,2,2,74,2,5,1,3,6,2,5,1,2,1,1,1,2,4,1,9,9,99,9,9,6,2,26,2,218,443,3,3,2,1,3,6,12
1,218,444,3,4,32,2,2,3,2,2,10,1,4,1,1,3,3,2,3,2,4,5,2,2,1,2,2,2,2,2,3,1,2,2,1,2,2,5,1,2,2,83,1,1,1,3,6,1,4,1,1,1,1,2,1,1,5,9,9,99,9,9,6,2,17,2,218,444,3,8,2,1,3,1,7
1,218,445,3,4,32,3,1,1,1,6,10,2,3,2,3,4,4,2,1,2,3,5,1,2,1,2,2,3,2,2,3,3,2,2,2,1,2,4,0,2,1,41,2,1,1,3,6,2,1,2,2,2,1,2,2,2,1,9,9,99,9,9,6,2,9,2,218,445,3,8,2,1,3,2,46
1,218,446,3,4,32,2,2,2,2,6,10,1,3,2,3,3,5,2,3,2,4,5,1,2,1,2,2,3,2,3,4,2,2,3,4,1,3,3,3,3,3,56,1,1,1,3,6,3,1,2,2,3,2,2,2,2,2,9,9,99,9,9,6,3,23,2,218,446,3,0,2,1,2,4,8
1,218,447,3,4,32,3,1,1,1,6,10,1,4,1,2,3,4,2,1,3,3,3,1,1,1,2,2,3,3,3,3,3,2,2,2,1,2,4,1,2,2,59,1,1,1,3,6,2,1,2,1,1,1,1,2,7,1,9,9,99,9,9,6,2,26,2,218,447,3,3,2,1,2,7,36
1,218,448,3,4,33,2,1,1,1,6,10,1,2,2,2,3,6,1,1,3,4,3,2,1,1,3,2,2,2,2,3,2,4,3,5,2,1,2,2,2,2,53,1,1,1,3,6,3,1,2,1,2,2,2,2,2,2,9,9,99,9,9,6,3,15,2,218,448,3,7,2,1,3,4,7
1,218,449,3,4,33,3,1,1,1,6,10,2,3,2,3,4,6,1,1,3,4,5,2,2,1,2,2,2,2,3,3,3,2,2,1,1,1,4,2,2,2,50,1,2,1,3,6,2,5,1,2,1,1,1,2,2,1,9,9,99,9,9,6,2,16,2,218,449,3,9,2,1,3,8,0
1,218,450,3,2,29,1,1,1,1,6,10,1,3,2,3,4,4,2,1,3,3,4,1,3,1,2,2,3,3,3,3,1,1,2,2,1,2,3,1,3,3,37,1,1,1,3,6,2,1,2,2,2,2,1,2,3,1,9,9,99,9,9,7,2,8,2,218,450,3,8,2,1,3,2,14
1,218,451,3,2,32,3,1,1,2,1,10,2,2,2,1,4,5,1,2,2,3,6,2,3,1,2,2,3,2,3,3,3,2,2,3,3,1,4,1,3,1,50,2,1,1,3,6,2,1,2,1,3,1,3,2,2,1,9,9,99,9,9,7,2,7,2,218,451,3,9,2,1,3,2,48
1,218,452,3,2,33,3,1,1,1,6,10,1,4,1,3,4,6,1,1,3,2,3,1,1,1,2,2,2,3,4,3,2,2,2,2,1,1,5,1,0,2,42,1,1,1,3,6,2,1,2,2,2,1,2,2,2,1,9,9,99,9,9,7,2,9,2,218,452,3,7,2,1,3,2,50
1,218,453,3,2,36,2,1,1,2,1,10,1,4,3,3,1,2,0,1,3,3,5,2,2,1,2,2,2,2,4,3,2,0,4,4,1,0,5,4,1,2,62,1,2,1,3,6,4,6,0,1,2,3,3,2,0,0,9,9,99,9,9,7,6,14,2,218,453,3,5,2,1,1,7,14
1,218,454,3,2,36,1,2,5,1,6,9,1,2,3,1,3,4,3,1,1,3,3,2,3,1,2,2,2,2,1,3,1,1,4,4,1,4,5,4,0,2,48,2,4,1,1,4,1,4,3,1,4,3,3,3,1,5,9,9,99,9,9,7,2,12,2,218,454,3,0,2,1,1,7,6
1,218,455,3,1,27,3,11,99,1,6,10,1,3,2,1,4,4,3,1,2,3,4,1,1,1,2,2,2,2,3,3,3,1,2,4,1,2,5,1,1,2,36,1,1,1,3,6,1,1,3,1,3,1,3,2,4,2,9,9,99,9,9,6,2,8,2,218,455,3,8,2,1,3,2,32
1,218,456,3,1,30,2,1,1,1,6,10,2,4,2,3,4,6,2,1,3,3,4,2,2,1,2,2,2,3,3,3,3,1,2,1,1,2,5,1,2,2,41,1,1,1,3,6,2,5,1,2,2,1,2,1,1,5,9,9,99,9,9,6,2,8,2,218,456,3,9,2,1,3,2,16
1,218,457,3,1,34,3,11,99,1,6,10,1,0,3,1,4,5,3,2,2,10,10,2,3,1,2,2,3,2,3,3,2,1,4,4,1,4,1,3,1,1,32,1,1,1,3,6,5,4,2,1,2,1,3,2,8,5,9,9,99,9,9,6,5,6,2,218,457,3,9,2,1,2,7,33
1,218,458,3,2,25,3,2,2,1,6,10,1,4,1,3,3,5,2,1,2,3,3,1,2,1,2,2,2,2,2,3,3,1,2,2,1,2,5,1,1,2,47,1,1,1,3,6,2,1,1,2,2,1,1,2,2,1,9,9,99,9,9,6,2,17,2,218,458,3,8,2,1,2,4,7
1,218,459,3,2,27,3,11,99,1,6,10,1,4,3,1,4,6,2,1,3,4,10,2,2,1,2,2,2,2,2,4,0,2,5,5,3,3,5,5,3,3,45,1,2,1,3,6,5,6,0,3,5,2,3,1,1,5,9,9,99,9,9,6,2,19,2,218,459,3,0,2,1,2,2,2
1,218,460,3,2,28,3,11,99,1,6,10,3,3,1,3,4,6,1,1,2,3,4,1,3,1,2,0,3,2,4,4,3,3,3,2,3,1,1,5,3,2,40,1,2,1,3,6,2,1,3,3,3,2,2,2,8,0,9,9,99,9,9,6,2,7,2,218,460,3,8,2,1,3,7,10
1,218,461,3,2,30,3,1,1,2,2,10,2,4,2,2,3,4,2,2,3,4,7,2,3,1,2,1,3,2,4,3,1,2,2,1,1,1,5,1,2,2,63,1,1,1,3,6,2,1,2,2,1,1,3,2,6,2,9,9,99,9,9,6,2,9,2,218,461,3,8,2,1,3,2,20
1,218,462,3,2,30,3,2,3,2,6,9,1,4,1,3,4,5,2,1,2,2,4,1,2,1,2,2,3,1,3,3,2,3,2,4,2,4,4,3,1,3,99,2,5,3,1,5,5,0,3,4,3,3,3,0,1,5,9,9,99,9,9,6,2,6,2,218,462,3,0,2,1,1,7,2
1,218,463,3,2,30,2,11,99,1,6,10,1,3,1,3,4,5,1,1,3,3,5,1,2,1,2,2,2,3,2,3,3,2,2,1,1,2,4,1,3,2,46,1,1,1,3,6,1,6,0,2,1,1,1,1,1,5,9,9,99,9,9,6,2,22,2,218,463,3,7,2,2,4,0,7
1,218,464,3,2,31,3,11,99,2,6,10,2,4,2,1,4,5,2,1,1,2,2,1,2,2,1,2,3,1,1,2,2,4,4,4,0,0,1,4,1,3,36,2,1,1,3,6,4,4,3,1,4,3,3,2,8,4,9,9,99,9,9,6,2,7,2,218,464,3,9,2,1,3,7,4
1,218,465,3,2,32,3,11,99,2,6,9,1,2,2,2,3,5,3,3,2,3,10,1,3,1,2,2,4,3,3,3,1,3,3,5,3,3,4,0,1,2,34,2,1,1,3,6,2,6,0,3,5,2,0,0,0,0,9,9,99,9,9,6,5,6,2,218,465,3,0,2,1,2,7,18
1,218,466,3,2,32,3,11,99,1,6,10,2,2,1,3,3,5,2,1,3,3,4,1,2,1,2,2,3,3,3,3,2,3,2,2,1,2,2,1,2,2,40,1,2,1,3,6,2,4,2,2,2,2,1,2,2,1,9,9,99,9,9,6,2,11,2,218,466,3,8,2,1,3,7,20
1,218,467,3,2,33,3,1,1,1,1,10,1,3,1,3,3,5,1,3,3,3,4,1,3,3,2,2,3,3,5,3,2,3,2,4,1,1,5,1,2,2,47,1,1,1,3,6,2,1,3,2,5,0,1,2,2,1,9,9,99,9,9,6,2,9,2,218,467,3,9,2,1,3,2,0
1,218,468,3,2,33,3,11,99,1,6,10,2,3,1,3,4,5,1,1,3,4,7,2,1,1,2,2,3,2,4,3,3,2,2,2,1,2,5,1,2,2,37,2,1,1,3,6,2,1,2,2,2,2,2,2,8,2,9,9,99,9,9,6,2,8,2,218,468,3,9,2,1,3,7,8
1,218,469,3,2,36,3,11,99,1,6,10,2,3,2,3,4,5,1,1,2,3,3,2,2,1,2,1,1,1,2,4,2,3,2,2,1,2,5,1,3,1,36,1,1,1,3,6,2,5,2,3,2,2,2,2,2,1,9,9,99,9,9,6,2,7,2,218,469,3,9,2,1,2,7,47
1,218,470,3,2,36,3,1,1,1,6,10,2,3,2,3,3,4,2,1,2,2,4,2,2,1,2,1,2,3,4,3,2,1,3,3,0,2,2,5,1,2,61,2,2,1,0,2,2,4,2,3,5,1,1,3,2,0,9,9,99,9,9,6,3,23,2,218,470,3,7,2,1,3,7,18
1,218,471,3,1,28,2,1,1,2,2,10,2,3,2,1,2,3,1,1,3,3,4,1,3,1,2,1,3,3,4,3,1,1,3,2,3,3,4,3,1,2,69,1,1,1,4,4,2,5,2,2,3,1,3,2,6,3,9,9,99,9,9,5,2,9,2,218,471,3,8,2,1,3,2,55
1,218,472,3,2,26,2,2,2,3,6,10,2,2,2,3,4,6,2,3,0,3,4,2,2,3,3,0,1,2,4,4,2,0,5,5,3,5,3,5,0,0,51,2,5,1,3,6,5,6,0,2,5,0,0,2,2,0,9,9,99,9,9,5,2,14,2,218,472,3,9,2,1,3,4,12
1,218,473,3,2,26,3,1,1,2,1,9,2,4,2,2,3,4,2,1,2,3,3,1,2,1,2,1,2,3,3,3,2,1,1,1,2,1,5,2,1,2,57,1,4,1,3,6,5,6,0,1,3,3,3,2,7,4,9,9,99,9,9,5,4,19,2,218,473,3,0,2,1,2,7,20
1,218,474,3,2,27,3,11,99,1,6,10,2,3,2,3,4,6,2,3,3,0,3,1,2,3,2,2,3,2,4,3,2,3,2,3,1,3,4,1,2,2,38,1,2,1,3,6,1,1,2,2,2,1,1,2,8,1,9,9,99,9,9,5,2,17,2,218,474,3,7,2,1,2,7,53
1,218,475,3,2,28,3,2,2,1,6,10,1,4,3,2,3,4,2,1,1,2,3,1,2,1,2,2,3,3,0,3,2,3,2,2,3,2,5,2,0,0,42,1,2,1,3,6,2,6,0,2,2,2,2,2,4,0,9,9,99,9,9,5,2,8,2,218,475,3,7,2,1,3,1,6
1,218,476,3,2,28,2,1,1,2,6,10,3,2,3,3,4,5,2,1,3,4,5,2,2,1,2,2,3,3,4,3,3,2,2,2,1,2,4,2,3,3,55,2,2,1,3,6,2,1,2,3,3,1,3,2,0,0,9,9,99,9,9,5,2,8,2,218,476,3,7,2,1,3,2,2
1,218,477,3,2,28,3,11,99,1,6,10,1,4,2,3,1,5,1,1,2,3,4,2,2,1,2,2,2,3,4,3,2,1,2,2,1,3,4,1,2,2,36,1,1,1,3,6,2,4,2,2,1,1,1,2,3,1,9,9,99,9,9,5,2,12,2,218,477,3,8,2,1,3,7,7
1,218,478,3,2,30,3,1,1,2,6,10,2,3,2,2,3,0,2,1,3,0,0,2,2,1,3,1,3,2,0,4,1,3,5,3,0,2,5,5,3,3,54,1,1,1,0,0,5,6,0,3,0,0,0,0,0,0,9,9,99,9,9,5,4,24,2,218,478,3,0,2,1,2,7,30
1,218,479,3,2,30,3,11,99,1,6,10,2,2,2,1,4,5,2,1,3,3,4,2,2,3,2,2,3,2,3,3,1,2,1,1,2,2,4,2,3,2,41,1,1,1,3,6,3,1,1,2,2,2,2,2,2,2,9,9,99,9,9,5,2,14,2,218,479,3,8,2,1,3,7,23
1,218,480,3,2,31,3,11,99,1,6,10,3,2,2,3,3,3,2,2,2,2,2,1,3,1,2,2,4,2,2,1,1,4,3,4,2,2,2,4,1,2,36,2,2,1,3,6,2,1,3,2,3,2,2,2,7,0,9,9,99,9,9,5,5,11,2,218,480,3,7,2,1,2,7,42
1,218,481,3,2,34,3,11,99,1,6,10,1,4,2,1,3,4,2,1,2,3,0,2,2,1,2,1,3,2,4,4,2,4,4,5,3,3,4,1,1,0,51,1,1,1,6,3,5,5,2,1,5,1,2,2,4,1,9,9,99,9,9,5,5,24,2,218,481,3,0,2,1,2,2,10
1,218,482,3,2,36,2,1,1,1,6,10,1,3,2,2,3,5,3,1,3,4,5,1,2,1,2,2,3,2,3,3,2,2,4,5,3,3,1,3,3,3,46,1,1,1,3,6,5,4,2,3,5,2,2,2,0,0,9,9,99,9,9,5,2,9,2,218,482,3,9,2,1,3,2,47
1,218,483,3,2,36,3,11,99,1,6,10,2,2,2,3,3,5,2,1,3,3,5,2,3,3,3,1,4,3,2,4,2,2,3,3,1,3,3,3,3,2,45,2,5,1,3,6,2,1,3,2,5,1,2,2,2,2,9,9,99,9,9,5,4,14,2,218,483,3,8,2,1,2,7,16
1,218,484,3,2,36,3,11,99,1,6,10,1,4,2,2,4,5,2,1,2,2,3,2,3,1,2,2,4,3,5,3,1,1,3,2,1,2,2,1,2,2,45,1,1,1,3,6,2,5,2,2,2,2,1,2,2,1,9,9,99,9,9,5,2,12,2,218,484,3,8,2,1,3,7,25
1,218,485,3,2,27,1,1,1,1,6,10,1,4,2,3,3,3,2,1,2,2,2,2,2,3,3,2,2,2,2,4,1,2,2,2,3,5,2,5,3,3,36,2,5,1,3,6,2,6,2,2,5,1,1,2,8,2,9,9,99,9,9,4,2,9,2,218,485,3,7,2,1,3,2,53
1,218,486,3,2,28,3,11,99,1,6,10,1,4,1,3,4,4,1,3,1,2,3,1,2,1,3,1,2,2,4,3,2,1,2,2,1,1,4,1,2,2,38,1,1,1,3,6,2,5,1,2,2,1,3,2,8,0,9,9,99,9,9,4,2,8,2,218,486,3,7,2,1,3,2,26
1,218,487,3,2,29,2,1,1,1,6,10,2,4,2,2,3,5,3,1,3,2,3,1,2,1,3,0,3,2,2,4,1,3,3,3,3,3,3,3,1,3,39,1,2,1,3,6,3,6,0,2,2,2,3,2,8,0,9,9,99,9,9,4,2,9,2,218,487,3,8,2,1,3,2,30
1,218,488,3,2,34,3,11,99,1,6,10,2,4,2,3,4,5,2,1,3,3,3,2,2,3,2,2,3,2,4,3,2,2,3,2,1,3,2,3,1,2,34,1,1,1,3,6,2,6,2,4,5,2,1,0,0,0,9,9,99,9,9,2,5,6,2,218,488,3,9,2,1,3,7,24
1,218,489,3,2,35,3,10,0,1,6,10,1,4,2,3,4,4,2,1,2,3,3,2,1,1,2,2,3,3,2,3,2,2,3,1,2,1,4,2,0,0,42,1,2,1,0,2,3,1,0,1,3,2,2,2,4,3,9,9,99,9,9,1,2,11,2,218,489,3,8,2,1,2,7,4
1,218,490,3,1,60,3,11,99,2,1,10,1,4,2,2,4,6,2,1,3,4,5,2,2,1,2,0,2,2,0,3,2,4,1,1,1,1,4,1,2,2,76,1,1,2,2,5,1,1,2,1,0,0,1,0,0,0,9,9,99,9,9,6,3,9,2,218,490,3,0,2,1,1,7,0
1,218,491,3,1,76,3,11,99,2,1,10,1,4,2,1,2,4,3,1,3,4,7,2,2,2,2,1,3,3,2,3,1,4,2,2,2,1,4,2,2,2,85,1,1,1,3,6,3,4,3,3,2,2,3,2,3,3,3,3,9,1,4,6,3,23,2,218,491,3,8,2,1,2,7,60
1,218,492,3,2,51,3,1,1,1,6,10,2,4,3,1,4,0,2,3,2,3,3,2,3,3,3,2,2,2,3,4,1,4,3,3,2,4,1,2,2,1,76,1,2,1,3,6,5,6,0,4,5,1,2,2,0,0,9,9,99,9,9,6,3,24,2,218,492,3,0,2,1,2,7,32
1,218,493,3,2,53,3,11,99,2,3,10,1,4,2,2,1,3,1,3,2,3,6,1,2,1,2,2,2,3,2,3,1,3,1,2,1,2,1,1,2,2,90,2,1,1,3,6,2,6,0,2,2,2,2,0,0,0,9,9,99,9,9,6,3,8,2,218,493,3,7,2,1,2,7,45
1,218,494,3,2,39,3,11,99,1,6,10,2,2,1,2,2,7,2,1,3,3,4,2,1,1,2,2,3,4,3,3,2,2,5,2,1,2,2,5,2,0,44,2,1,1,3,6,5,6,0,3,2,2,2,2,4,1,9,9,99,9,9,5,5,10,2,218,494,3,8,2,1,3,7,16
1,218,495,3,2,44,3,2,2,1,6,10,2,2,2,1,3,6,2,1,3,3,4,1,3,1,2,2,2,2,3,3,2,3,2,1,1,3,1,5,3,3,56,1,2,1,3,6,5,6,2,2,2,2,2,2,2,1,9,9,99,9,9,5,3,15,2,218,495,3,8,2,1,3,4,18
1,218,496,3,2,46,3,11,99,2,1,10,2,2,3,2,3,4,2,1,3,2,2,1,3,1,2,1,3,3,3,3,1,3,4,3,1,2,1,1,2,2,59,1,1,1,3,6,5,1,1,2,2,1,2,3,0,0,9,9,99,9,9,5,2,5,2,218,496,3,8,2,1,2,7,52
1,218,497,3,3,42,3,11,99,2,6,10,2,4,1,3,3,5,2,1,3,2,3,1,1,1,2,1,2,3,4,3,2,2,2,2,1,2,2,1,1,3,49,1,1,2,2,5,2,0,3,2,2,2,2,4,0,0,9,9,99,9,9,4,2,12,2,218,497,3,8,2,1,1,7,13
1,218,498,3,4,38,3,2,2,2,6,10,2,3,2,3,2,6,2,1,3,3,5,2,1,1,3,1,2,3,4,3,2,4,3,2,1,2,2,1,1,1,58,1,2,1,3,6,2,6,2,3,2,1,1,2,2,1,9,9,99,9,9,4,4,15,2,218,498,3,8,2,1,3,4,6
1,218,499,3,3,49,2,1,1,2,6,1,1,4,3,1,2,6,1,3,1,2,3,1,3,1,2,2,2,3,3,3,1,2,1,1,2,1,1,1,1,2,79,1,2,1,3,6,3,5,1,1,1,1,2,2,2,0,9,9,99,9,9,5,2,30,2,218,499,3,5,1,2,3,7,10
1,218,500,3,3,48,1,2,2,3,6,1,1,2,2,1,1,2,2,1,3,2,1,2,1,1,2,2,4,3,4,3,1,2,1,1,1,1,0,0,1,2,80,2,5,1,3,6,5,5,1,2,5,2,2,2,2,1,9,9,99,9,9,4,4,24,2,218,500,3,7,1,2,2,7,12
1,218,501,3,3,48,1,1,2,1,6,3,2,2,2,1,3,6,2,1,3,0,3,2,2,3,3,2,3,4,2,3,1,2,3,3,2,4,2,5,3,0,71,1,2,1,2,5,3,4,0,2,4,2,3,2,2,2,9,9,99,9,9,5,2,31,2,218,501,3,0,1,2,2,3,17
1,218,502,3,3,44,2,11,99,2,0,3,0,3,3,1,4,0,3,2,3,3,0,1,3,3,3,0,0,1,0,0,1,5,4,1,0,0,1,0,0,0,59,0,0,1,0,0,4,0,0,0,0,2,3,0,0,0,9,9,99,9,9,0,3,21,2,218,502,3,7,1,1,2,3,3
1,218,503,3,3,60,1,1,2,1,6,3,4,2,1,1,1,1,3,3,3,3,3,2,3,1,2,2,4,4,4,3,1,2,1,1,2,1,4,2,3,3,90,1,1,1,3,6,4,6,0,1,3,2,3,2,5,2,1,6,7,6,3,5,2,31,2,218,503,3,0,1,2,2,3,3
1,218,504,3,3,37,3,11,99,2,2,3,2,3,2,1,3,4,3,1,2,3,3,2,1,1,2,2,3,3,4,3,1,3,3,2,1,2,4,3,1,2,63,1,1,1,3,6,2,1,2,2,3,2,3,2,2,1,9,9,99,9,9,1,3,13,2,218,504,3,8,1,2,4,3,2
1,218,505,3,4,49,0,3,3,2,6,3,4,4,1,1,3,0,3,2,2,5,5,2,2,3,3,2,1,1,1,1,1,4,1,1,2,1,5,4,1,1,84,2,4,2,0,0,4,1,3,2,1,1,2,2,0,0,9,9,99,9,9,2,2,30,2,218,505,3,7,1,2,2,3,12
1,218,506,3,4,43,3,11,99,2,6,3,1,4,2,2,2,0,1,1,3,2,3,1,2,1,2,1,2,2,4,3,2,4,4,4,2,4,1,3,3,2,61,1,1,1,3,6,5,1,2,1,5,1,2,1,1,5,9,9,99,9,9,5,3,21,2,218,506,3,0,1,1,2,3,10
1,218,507,3,4,50,2,1,1,2,6,1,2,4,2,1,1,2,2,1,2,3,3,2,2,1,1,2,3,4,4,3,1,1,1,1,1,1,1,1,1,2,82,1,3,1,3,6,5,5,1,3,2,2,3,2,2,4,9,9,99,9,9,2,3,32,2,218,507,3,7,1,2,3,7,4
1,218,508,3,4,64,3,1,1,2,1,3,3,2,3,2,4,6,2,3,3,5,5,1,2,1,2,2,3,2,4,3,2,2,4,0,2,4,0,2,3,3,91,1,2,1,3,6,0,6,0,2,2,1,3,2,8,0,1,6,7,4,9,5,3,30,2,218,508,3,7,1,2,2,3,18
1,218,509,3,3,48,3,11,99,1,6,3,1,4,2,3,4,4,2,3,3,2,2,1,2,3,2,1,3,2,4,3,2,2,2,2,1,1,1,3,3,3,62,1,1,1,3,6,2,6,2,2,1,1,2,2,2,1,9,9,99,9,9,6,3,20,2,218,509,3,7,1,2,4,3,4
1,218,510,3,3,44,3,11,99,1,6,3,1,4,2,1,3,0,1,1,3,2,2,2,2,2,1,2,3,2,2,4,2,4,4,4,1,3,3,4,0,2,62,2,1,1,3,6,2,4,2,1,4,1,1,2,0,0,9,9,99,9,9,6,2,21,2,218,510,3,0,1,1,2,3,8
1,218,511,3,3,51,3,1,1,1,6,5,1,2,2,1,2,2,2,2,2,2,2,1,2,1,2,2,3,3,4,3,1,2,2,1,2,1,4,2,1,1,82,1,2,2,2,5,3,4,1,2,3,2,3,2,2,2,9,9,99,9,9,6,3,29,2,218,511,3,6,1,2,3,7,7
1,218,512,3,4,45,3,2,2,2,6,3,2,3,2,1,4,7,2,1,3,4,5,2,1,1,2,1,3,3,5,3,1,2,3,3,2,2,5,2,1,2,80,1,1,1,3,6,2,4,2,1,2,1,2,2,4,2,9,9,99,9,9,6,3,30,2,218,512,3,9,1,2,2,3,14
1,218,513,3,4,51,3,1,1,2,6,1,2,2,3,1,1,2,2,1,2,1,1,2,3,1,2,2,4,3,4,3,1,1,1,1,2,1,1,1,1,2,81,1,1,1,3,6,2,4,2,3,2,2,3,1,1,5,9,9,99,9,9,6,3,30,2,218,513,3,5,1,2,3,7,3
1,218,514,3,4,47,3,1,1,2,1,1,1,2,2,1,2,2,1,2,1,9,9,1,2,1,2,1,3,3,3,3,1,2,1,2,1,1,1,1,3,2,90,1,1,1,3,6,2,5,1,2,1,2,3,2,2,1,1,6,9,9,9,7,3,30,2,218,514,3,7,1,2,3,7,8
1,218,515,3,4,45,3,1,1,1,6,1,1,3,2,3,3,3,2,1,3,3,3,2,3,1,2,2,2,2,2,3,2,3,2,2,1,2,2,1,3,1,69,1,1,1,3,6,2,4,1,1,2,1,1,1,1,5,9,9,99,9,9,7,3,24,2,218,515,3,7,1,2,2,7,4
1,218,516,3,4,44,3,11,99,1,6,3,1,2,3,1,4,4,2,1,3,4,3,1,1,3,2,2,3,3,3,3,1,3,4,4,2,3,1,4,1,2,62,1,1,1,3,6,3,1,3,1,2,2,1,1,1,5,9,9,99,9,9,7,3,22,2,218,516,3,9,1,1,2,3,0
1,218,517,3,0,58,0,11,99,0,0,3,0,0,3,0,0,0,2,0,1,0,0,1,1,1,1,1,0,1,1,1,1,1,1,1,1,1,1,0,0,0,0,0,0,0,0,0,0,0,0,0,0,0,0,0,0,0,9,9,99,9,9,4,5,5,2,218,517,3,0,1,2,2,3,7
1,218,518,3,1,43,2,2,2,1,1,3,2,3,2,2,1,3,2,1,2,5,4,2,3,1,3,2,3,3,3,4,1,3,3,2,2,2,2,2,1,3,75,1,2,2,2,2,3,1,2,1,1,2,2,2,2,1,9,9,99,9,9,5,3,24,2,218,518,3,6,1,2,2,3,37
1,218,519,3,1,50,3,1,1,2,6,1,1,1,3,1,2,4,2,1,1,10,10,1,3,1,2,1,2,4,3,3,1,1,1,1,1,1,1,1,1,2,79,1,1,1,3,6,2,3,1,1,1,1,3,2,5,4,9,9,99,9,9,5,4,28,2,218,519,3,0,1,2,3,7,6
1,218,520,3,1,39,3,1,1,1,6,1,1,2,2,2,3,3,2,1,2,1,2,1,3,1,2,2,1,2,2,3,2,1,2,2,1,3,2,3,2,2,63,1,1,1,5,4,3,4,3,2,2,2,3,2,4,1,9,9,99,9,9,5,3,25,2,218,520,3,7,1,2,2,7,8
1,218,521,3,2,41,3,1,1,1,6,1,2,3,2,1,2,2,2,1,2,2,2,1,2,3,1,2,3,3,2,2,1,3,1,5,2,3,2,2,1,3,73,1,3,2,2,5,3,1,0,3,5,2,3,2,2,2,9,9,99,9,9,4,3,31,2,218,521,3,0,1,2,3,7,14
1,218,522,3,2,42,2,2,2,2,1,3,2,3,2,1,2,3,2,3,1,2,3,1,2,3,3,2,3,3,3,4,1,1,2,5,3,5,1,5,3,3,79,2,5,1,3,6,5,6,0,2,2,2,1,2,8,0,9,9,99,9,9,4,3,31,2,218,522,3,4,1,2,2,3,35
1,218,523,3,2,44,3,11,99,1,6,3,1,2,3,4,3,0,1,1,2,3,3,2,1,1,2,2,2,2,4,3,2,4,5,1,3,1,1,1,3,3,59,1,1,1,3,6,5,5,2,1,1,1,1,2,4,1,9,9,99,9,9,3,4,21,2,218,523,3,0,1,1,2,3,7
1,218,524,3,2,42,3,11,99,1,6,3,0,3,1,1,3,0,2,1,1,4,4,2,2,1,2,1,3,2,3,3,1,3,3,2,1,5,1,1,2,2,60,1,1,3,1,1,1,3,1,1,1,1,1,2,7,0,9,9,99,9,9,2,2,22,2,218,524,3,0,1,1,2,3,2
1,218,525,3,2,51,2,1,1,2,6,1,1,4,3,1,1,2,2,1,0,3,3,2,3,1,2,1,3,4,6,3,1,1,1,1,1,1,5,1,1,2,85,1,1,1,3,6,1,3,1,1,1,1,3,2,6,3,1,9,9,9,9,1,3,31,2,218,525,3,5,1,2,3,7,2
1,218,526,3,2,37,3,0,0,1,6,12,0,2,2,1,3,0,2,1,2,2,0,1,2,1,2,2,4,2,3,2,1,3,2,1,1,3,2,1,2,2,56,2,5,1,0,0,0,4,0,0,0,0,0,0,0,0,9,9,99,9,9,0,0,0,2,218,526,3,0,1,1,3,3,10
1,218,527,3,3,26,3,2,2,2,3,3,2,2,1,1,2,3,2,1,3,3,4,2,3,1,2,2,2,2,3,3,2,3,2,1,3,2,4,1,1,2,83,1,2,1,3,6,2,4,1,3,2,1,2,2,2,2,9,9,99,9,9,4,3,21,2,218,527,3,7,1,2,1,3,2
1,218,528,3,3,27,3,2,2,2,1,3,1,4,2,3,4,5,2,3,3,3,0,1,2,1,3,1,2,2,4,4,2,3,3,5,3,3,2,2,3,3,49,1,1,1,3,6,3,4,0,4,5,2,3,1,1,5,9,9,99,9,9,2,4,21,2,218,528,3,7,1,2,1,3,4
1,218,529,3,3,29,3,11,99,0,6,3,0,3,2,0,4,0,3,0,0,0,2,2,1,0,0,0,1,4,3,1,1,3,1,1,1,1,1,1,1,1,42,1,1,1,1,0,1,5,1,1,1,1,1,1,1,5,9,9,99,9,9,4,2,21,2,218,529,3,0,1,1,2,3,4
1,218,530,3,3,30,1,1,1,1,6,3,2,1,1,1,4,0,2,1,2,3,3,2,2,1,1,2,2,3,3,1,2,2,1,2,2,2,2,2,3,3,72,2,2,2,2,5,2,1,0,3,1,2,2,2,2,2,9,9,99,9,9,4,4,31,2,218,530,3,6,1,2,2,3,26
1,218,531,3,3,31,3,1,1,1,0,1,0,0,2,1,0,0,2,2,1,0,0,0,2,3,2,0,0,0,4,4,1,0,1,0,0,2,0,1,3,0,57,1,1,2,2,5,2,0,0,2,0,2,2,2,0,0,9,9,99,9,9,3,3,23,2,218,531,3,0,1,2,2,7,13
1,218,532,3,3,32,3,11,99,1,6,12,2,3,2,4,4,3,2,3,3,2,3,1,2,1,2,2,3,2,4,3,2,4,4,4,1,1,5,3,3,3,49,2,1,3,6,2,3,6,2,4,3,2,3,2,3,4,9,9,99,9,9,0,2,23,2,218,532,3,6,1,1,3,3,6
1,218,533,3,3,33,3,2,2,1,6,1,1,1,1,2,1,4,1,1,2,3,3,1,2,3,0,2,3,2,1,4,2,4,2,3,1,4,1,3,3,2,62,2,5,1,3,6,5,5,1,2,5,1,1,2,2,1,9,9,99,9,9,1,2,24,2,218,533,3,7,1,2,2,7,14
1,218,534,3,3,34,3,10,0,2,2,3,1,2,1,1,2,3,1,1,3,5,5,2,2,2,1,1,2,3,4,2,1,3,1,1,1,1,2,2,1,1,0,1,1,1,3,6,1,3,1,4,2,1,3,2,3,4,9,9,99,9,9,3,3,30,2,218,534,3,0,1,2,2,3,10
1,218,535,3,3,35,2,2,2,2,6,3,1,4,2,2,3,4,1,2,3,4,3,1,3,1,2,2,1,3,4,3,1,1,4,1,2,2,1,2,3,3,71,1,1,1,3,6,2,0,0,0,0,0,0,0,0,0,9,9,99,9,9,4,2,31,2,218,535,3,7,1,2,2,3,6
1,218,536,3,3,35,3,11,99,2,5,3,3,3,2,1,1,0,1,1,2,2,2,1,2,3,3,0,3,3,2,4,2,3,5,5,3,5,1,2,3,3,56,1,1,2,2,2,3,1,2,0,0,0,0,0,0,0,9,9,99,9,9,0,0,0,2,218,536,3,0,1,2,2,3,38
1,218,537,3,3,36,1,2,2,2,6,3,0,0,0,1,2,0,1,0,0,0,0,1,3,0,0,1,1,2,3,4,1,0,5,0,3,5,0,5,3,3,73,1,1,2,2,0,0,0,0,0,0,0,0,0,0,0,9,9,99,9,9,3,4,30,2,218,537,3,0,1,2,2,3,32
1,218,538,3,3,36,3,0,0,2,6,3,1,0,0,0,1,6,1,3,1,2,2,1,1,2,2,2,1,4,1,3,1,4,4,3,0,2,4,5,3,2,36,1,1,1,3,6,5,6,2,1,1,2,2,0,0,0,9,9,99,9,9,1,4,3,2,218,538,3,9,1,2,2,3,40
1,218,539,3,3,36,3,11,99,2,6,12,1,2,3,1,3,6,1,1,3,3,2,1,2,1,2,2,2,2,2,3,2,1,2,1,1,1,5,1,3,3,58,1,2,1,1,0,3,6,2,2,2,2,2,0,0,0,9,9,99,9,9,5,3,23,2,218,539,3,7,1,1,3,3,8
1,218,540,3,4,28,3,2,2,1,6,1,1,3,3,1,3,4,1,3,3,5,5,2,2,1,2,2,2,2,2,3,1,5,4,5,3,4,5,4,3,3,54,1,4,1,3,6,5,6,3,4,5,3,3,2,2,4,9,9,99,9,9,3,2,24,2,218,540,3,7,1,2,2,7,2
1,218,541,3,4,31,1,1,1,1,6,1,1,4,3,1,3,2,2,1,2,3,3,1,3,2,3,0,5,1,1,0,1,4,4,4,2,4,2,3,0,1,52,1,1,1,3,6,2,4,3,2,3,1,2,2,5,3,9,9,99,9,9,5,2,25,2,218,541,3,6,1,2,2,7,6
1,218,542,3,4,31,3,11,99,3,6,12,2,3,2,3,3,4,3,2,2,3,4,1,2,1,2,2,2,2,3,3,2,1,3,3,1,3,4,3,1,2,49,1,1,1,3,6,2,5,2,2,2,2,1,1,1,5,9,9,99,9,9,1,4,23,2,218,542,3,6,1,1,3,3,2
1,218,543,3,4,33,2,1,1,1,1,1,0,2,0,3,3,0,2,1,2,5,0,2,2,0,3,2,2,1,0,0,2,1,2,0,0,2,0,5,0,0,69,0,2,0,3,6,2,5,2,2,0,1,3,0,0,0,9,9,99,9,9,1,3,24,2,218,543,3,7,1,2,2,7,7
1,218,544,3,4,36,0,11,99,2,1,0,0,0,0,0,0,6,2,0,0,5,5,0,0,0,0,0,1,2,0,0,0,0,0,0,0,0,0,0,0,0,41,1,0,0,0,0,0,0,0,0,0,0,0,0,0,0,9,9,99,9,9,0,0,0,2,218,544,3,0,1,2,4,3,0
1,218,545,3,4,36,2,2,2,3,6,3,4,2,2,1,2,4,2,1,3,3,0,2,2,3,2,0,5,4,4,4,1,2,3,2,1,4,1,2,0,0,67,1,3,2,2,5,0,3,0,2,2,2,1,2,8,0,9,9,99,9,9,5,2,31,2,218,545,3,0,1,2,2,3,28
1,218,546,3,3,27,3,1,1,1,6,3,2,3,2,1,3,5,2,1,2,4,3,1,2,1,3,2,3,3,3,4,1,3,2,3,3,3,4,2,1,2,47,2,5,1,3,6,5,4,1,4,5,2,3,2,2,1,9,9,99,9,9,6,2,21,2,218,546,3,8,1,2,1,3,13
1,218,547,3,3,35,2,3,3,1,6,3,1,4,3,1,1,1,1,2,3,2,2,2,2,1,2,2,1,2,3,3,1,4,4,4,2,4,2,4,2,3,71,2,1,2,2,5,4,6,0,3,3,2,3,2,4,3,9,9,99,9,9,6,4,30,2,218,547,3,6,1,2,2,3,13
1,218,548,3,4,27,3,1,1,1,1,3,1,4,2,1,2,3,2,2,1,3,4,1,1,1,2,2,2,3,4,3,1,1,3,2,1,2,5,3,2,2,60,1,1,1,2,6,2,4,1,1,1,2,1,1,1,5,9,9,99,9,9,6,4,22,2,218,548,3,7,1,2,1,3,10
1,218,549,3,4,33,3,1,1,1,6,1,1,3,2,1,3,4,2,1,2,4,5,2,2,1,2,2,2,2,3,3,2,2,2,2,1,1,5,3,3,2,61,1,1,1,3,6,5,5,2,1,2,1,3,1,1,5,9,9,99,9,9,6,2,24,2,218,549,3,7,1,2,2,7,0
1,218,550,3,4,36,2,11,99,1,2,3,2,3,2,0,1,0,0,0,0,0,0,0,0,0,0,0,0,0,0,0,0,0,0,0,0,0,0,0,0,0,0,0,0,0,0,0,0,0,0,0,0,0,0,0,0,0,9,9,99,9,9,6,3,30,2,218,550,3,7,1,2,2,3,25
1,218,551,3,3,27,2,2,2,2,6,3,2,2,1,2,2,4,2,1,3,3,5,1,3,1,2,2,3,3,4,3,1,2,4,4,2,4,4,4,1,2,47,1,1,1,3,6,4,4,2,1,3,2,3,2,6,4,9,9,99,9,9,7,2,21,2,218,551,3,8,1,2,1,3,3
1,218,552,3,3,30,3,11,99,1,6,12,1,3,1,2,3,4,2,1,2,4,5,2,2,1,2,2,3,3,3,3,2,4,2,1,1,2,1,1,1,2,49,1,2,1,3,6,1,1,2,1,1,2,2,3,0,0,9,9,99,9,9,7,4,22,2,218,552,3,6,1,1,3,3,4
1,218,553,3,3,34,2,1,1,2,6,3,1,2,2,1,3,6,1,1,2,2,10,1,3,1,2,2,3,4,5,3,1,2,2,2,2,2,4,2,1,3,56,1,1,1,3,6,3,5,1,1,1,2,3,3,1,5,9,9,99,9,9,7,2,22,2,218,553,3,7,1,2,2,3,30
1,218,554,3,4,30,3,11,99,2,6,12,1,2,2,1,4,4,1,1,3,2,2,1,3,1,2,2,0,3,4,3,0,2,2,2,2,1,4,2,3,2,33,1,1,1,3,6,2,5,1,1,2,1,1,2,0,0,9,9,99,9,9,7,4,7,2,218,554,3,8,1,1,3,3,0
1,218,555,3,4,36,3,11,99,2,6,3,2,4,1,1,4,4,2,2,2,2,2,2,3,1,2,2,2,3,4,3,1,2,3,2,1,4,4,2,1,2,56,1,1,1,3,6,2,1,3,1,3,1,1,2,2,1,9,9,99,9,9,8,0,22,2,218,555,3,8,1,2,4,3,3
1,218,556,3,4,36,2,2,2,1,3,7,0,0,0,0,0,0,0,1,3,0,0,2,2,2,0,1,0,0,0,2,2,0,0,4,0,4,0,0,2,2,99,0,0,2,0,0,0,0,0,0,0,0,0,0,0,0,9,9,99,9,9,8,0,36,2,218,556,3,0,1,2,1,3,14
1,218,557,3,0,27,0,2,2,1,6,3,1,4,2,2,2,4,1,3,3,5,5,1,2,1,2,2,2,4,3,3,2,3,4,4,2,2,5,3,1,2,48,1,2,1,3,6,2,5,1,2,2,2,3,2,3,3,9,9,99,9,9,5,4,21,2,218,557,3,7,1,2,1,3,0
1,218,558,3,0,33,0,0,0,0,1,1,0,0,1,0,2,6,1,0,1,3,2,2,2,0,0,0,3,2,2,0,0,0,2,1,1,0,0,0,0,0,58,0,1,0,2,5,1,1,0,1,3,1,1,2,0,0,9,9,99,9,9,5,3,24,2,218,558,3,8,1,2,2,7,10
1,218,559,3,0,36,0,1,1,1,6,14,0,0,0,1,2,0,0,0,0,0,0,0,0,1,0,1,0,0,0,0,0,0,0,0,0,0,0,0,0,0,73,0,0,2,0,0,0,0,0,0,0,0,0,1,0,0,9,9,99,9,9,1,4,30,2,218,559,3,5,1,2,2,3,23
1,218,560,3,1,34,3,3,3,2,1,3,1,1,3,1,3,5,2,2,3,3,4,2,3,1,2,2,3,2,2,3,1,2,4,4,2,3,3,2,2,2,71,1,3,1,1,1,2,5,2,2,2,1,3,2,3,4,9,9,99,9,9,5,5,28,2,218,560,3,9,1,2,2,3,0
1,218,561,3,1,36,2,2,2,1,6,3,1,4,3,1,4,5,2,2,3,5,5,2,3,1,2,2,3,3,5,3,1,1,4,3,1,4,1,3,3,3,73,1,1,1,3,6,5,5,3,1,1,1,3,2,2,2,9,9,99,9,9,5,4,30,2,218,561,3,0,1,2,2,3,36
1,218,562,3,1,36,2,1,1,1,2,14,3,2,2,3,2,4,1,3,2,3,2,1,1,3,3,2,0,0,0,0,1,0,1,1,1,1,1,5,3,3,99,2,5,2,2,5,1,5,1,4,1,1,0,0,0,0,9,9,99,9,9,1,5,31,2,218,562,3,7,1,2,2,3,24
1,218,563,3,1,36,2,2,2,1,6,3,2,2,3,2,3,4,2,1,2,3,0,2,2,3,3,0,0,4,4,4,2,1,2,2,3,2,4,5,3,3,70,2,5,1,3,6,2,4,1,2,2,1,1,2,2,1,9,9,99,9,9,5,3,31,2,218,563,3,7,1,2,2,3,27
1,218,564,3,1,36,1,1,1,2,6,3,1,4,1,4,4,4,2,1,2,3,3,2,2,1,2,2,3,2,3,3,2,2,1,1,1,2,1,1,1,2,99,2,5,2,2,5,1,5,0,1,1,1,2,2,4,1,9,9,99,9,9,2,5,30,2,218,564,3,7,1,2,2,3,22
1,218,565,3,2,25,3,3,3,1,6,3,2,3,2,2,2,4,2,1,3,3,4,2,1,1,2,2,3,3,3,3,1,1,2,3,2,2,1,3,2,2,51,1,1,1,4,2,2,4,2,1,1,2,3,3,1,5,9,9,99,9,9,5,2,21,2,218,565,3,7,1,2,1,3,8
1,218,566,3,2,26,3,2,2,1,6,3,3,3,2,1,2,5,1,3,2,3,3,2,2,1,2,2,3,2,2,3,1,3,3,3,3,3,4,4,3,2,49,1,2,1,3,6,3,4,2,4,4,2,3,2,3,2,9,9,99,9,9,5,2,22,2,218,566,3,7,1,2,1,3,6
1,218,567,3,2,27,3,11,99,1,6,3,2,2,2,3,2,0,2,3,2,3,5,2,1,3,3,2,3,3,5,4,2,1,2,1,3,5,2,5,3,3,46,1,2,1,3,6,2,1,0,3,1,1,1,1,1,5,9,9,99,9,9,3,3,21,2,218,567,3,7,1,2,1,3,12
1,218,568,3,2,30,3,11,99,1,6,12,3,2,2,1,3,3,1,1,2,2,3,1,3,3,3,2,2,3,4,3,1,1,5,2,3,5,3,5,3,3,51,2,5,1,3,6,5,0,0,4,5,0,0,1,1,5,9,9,99,9,9,4,3,22,2,218,568,3,7,1,1,3,3,3
1,218,569,3,2,31,3,11,99,2,6,3,3,2,2,3,2,3,1,2,1,2,2,1,2,3,2,1,3,3,3,3,1,1,5,1,2,1,1,2,1,3,38,1,2,1,3,6,2,1,2,1,2,2,1,2,2,2,9,9,99,9,9,5,4,5,2,218,569,3,7,1,2,2,3,34
1,218,570,3,2,34,3,1,1,2,2,1,1,4,2,2,3,4,2,1,3,0,0,2,2,1,3,2,3,4,4,3,1,1,1,1,1,1,3,1,3,3,57,1,1,1,3,6,1,0,0,0,0,0,2,2,0,4,9,9,99,9,9,0,2,24,2,218,570,3,7,1,2,2,7,3
1,218,571,3,3,23,3,11,99,2,6,3,0,0,2,0,2,0,2,1,2,10,10,1,2,0,0,0,3,3,4,0,3,3,4,2,3,5,5,3,1,3,99,1,0,2,2,5,5,4,1,4,5,0,3,0,0,0,9,9,99,9,9,2,4,19,2,218,571,3,0,1,2,4,3,6
1,218,572,3,2,14,3,11,99,1,6,3,2,3,2,2,3,5,2,1,1,2,10,1,1,3,0,0,3,2,1,4,2,2,5,5,3,5,2,5,2,2,99,2,5,1,0,0,2,6,0,3,5,1,1,0,0,0,9,9,99,9,9,2,2,6,2,218,572,3,7,1,2,4,3,10
1,218,573,3,2,15,3,11,99,2,4,3,2,2,2,1,3,6,3,3,3,2,3,1,2,1,2,1,2,3,3,3,1,3,3,2,2,2,5,2,3,2,55,1,1,1,0,0,0,0,0,0,0,0,0,0,0,0,9,9,99,9,9,0,0,0,2,218,573,3,0,1,2,4,3,8
1,218,574,3,1,13,3,11,99,1,6,1,2,4,1,2,4,6,2,1,2,3,3,1,1,1,2,2,3,3,4,3,2,1,1,1,1,1,5,1,2,0,13,2,1,1,5,0,2,5,2,2,2,1,1,2,4,1,9,9,99,9,9,4,3,3,2,218,574,3,8,1,2,3,7,0
1,218,575,3,1,24,3,11,99,1,6,3,1,1,3,2,4,4,2,2,1,3,0,1,2,1,2,2,2,4,4,3,2,3,3,3,1,4,3,3,2,2,37,1,1,2,2,5,1,5,2,3,2,1,1,2,2,1,9,9,99,9,9,4,2,19,2,218,575,3,7,1,2,2,3,4
1,218,576,3,1,13,3,1,1,2,3,3,1,3,3,1,1,3,1,2,3,0,3,2,3,1,2,2,2,2,2,3,1,3,3,3,2,3,2,2,1,2,52,1,1,1,3,6,2,3,1,1,2,2,3,2,6,3,9,9,99,9,9,6,3,6,2,218,576,3,7,1,2,2,3,33
1,218,577,3,1,23,3,11,99,1,6,3,2,4,2,1,3,6,2,1,2,3,3,1,2,1,2,2,2,3,3,3,2,2,2,3,1,2,4,2,2,3,40,1,1,1,3,6,2,1,2,2,2,2,2,2,2,1,9,9,99,9,9,6,2,16,2,218,577,3,8,1,2,2,3,8
1,218,578,3,2,11,3,11,99,1,6,1,1,3,1,3,4,4,2,1,2,2,3,1,2,1,2,2,1,3,5,3,3,2,2,2,1,2,5,1,1,3,11,2,1,1,3,6,1,5,1,2,2,2,3,2,2,1,9,9,99,9,9,7,1,4,2,218,578,3,0,1,2,3,7,13
1,218,579,3,2,11,3,11,99,2,1,1,1,3,1,2,4,4,1,1,2,2,3,2,3,1,2,2,2,3,2,3,1,2,1,1,2,1,5,2,3,2,30,1,2,2,2,5,2,6,0,3,2,2,3,2,2,2,9,9,99,9,9,4,1,5,2,218,579,3,8,1,2,3,7,12
1,218,580,3,1,0,0,0,0,0,0,3,0,0,0,0,0,0,0,0,0,0,0,0,0,1,2,2,2,2,3,3,1,3,2,1,1,3,5,1,1,2,73,1,1,1,3,6,2,4,3,2,1,1,3,2,8,0,9,9,99,9,9,6,2,17,2,218,580,3,8,1,2,4,3,7
1,218,581,3,0,0,0,0,0,0,0,3,0,0,3,1,4,0,3,1,1,3,0,2,3,0,0,2,0,1,1,1,1,4,3,4,2,3,3,2,0,0,66,1,1,1,0,0,0,6,2,4,4,2,3,2,6,0,9,9,99,9,9,3,2,25,2,218,581,3,8,1,2,2,3,16
1,218,582,3,0,0,0,0,0,0,0,3,0,0,0,1,1,0,1,2,0,0,0,1,2,3,3,0,0,0,0,0,1,1,5,0,0,0,0,5,3,3,66,1,5,1,0,0,0,6,0,4,0,0,0,0,0,0,9,9,99,9,9,0,5,30,2,218,582,3,0,1,2,2,3,20
1,218,583,3,1,0,0,11,99,1,6,3,3,0,0,1,3,6,2,3,3,10,10,1,1,0,0,0,1,4,4,3,1,4,0,1,1,0,1,1,3,1,17,0,1,2,2,3,2,6,0,1,0,2,3,2,4,0,9,9,99,9,9,4,1,14,2,218,583,3,9,1,2,2,3,2
1,218,584,3,4,0,3,2,2,2,2,3,1,1,3,1,4,3,2,2,3,2,2,1,2,1,2,2,3,2,3,4,2,4,1,1,2,1,5,5,2,0,77,1,1,1,3,0,4,5,0,1,1,0,3,3,1,5,9,9,99,9,9,6,4,21,2,218,584,3,8,1,2,1,3,7
1,218,585,3,3,0,2,11,99,1,2,3,2,1,3,1,1,3,2,1,3,5,5,2,2,1,3,2,4,3,3,3,1,3,1,1,1,2,5,0,0,0,70,1,2,1,3,6,1,5,2,1,1,2,1,3,5,4,9,9,99,9,9,8,4,32,2,218,585,3,7,1,1,2,3,6
1,218,586,3,0,32,0,0,0,0,0,10,0,0,0,0,4,0,0,0,0,0,0,0,0,0,0,0,0,0,0,0,0,0,0,0,0,0,0,0,0,0,0,0,0,0,0,0,0,3,2,0,0,0,0,0,0,0,9,9,99,9,9,0,0,0,2,218,586,3,0,1,1,3,3,7
