,CARD,DECK,BALLOT,S204.Q1,S204.Q2,S204.Q3,S204.Q4,S204.Q5,S204.Q6,S204.Q7,S204.Q8,S204.Q9,S204.Q10,S204.Q11,S204.Q12.n,S204.Q13,S204.Q14,S204.Q15,S204.Q16,S204.Q17,S204.Q18,S204.Q19,S204.Q20,S204.Q21,S204.Q22,S204.Q23,S204.Q24,S204.Q25,S204.Q26
0,1.0,204.0,1.0,3.0,1.0,2.0,1.0,3.0,2.0,5.0,5.0,2.0,2.0,1.0,,1.0,2.0,1.0,1.0,2.0,1.0,1.0,2.0,1.0,1.0,1.0,1.0,1.0,2.0
1,1.0,204.0,2.0,3.0,1.0,2.0,1.0,3.0,2.0,5.0,2.0,2.0,2.0,2.0,,1.0,2.0,2.0,2.0,3.0,3.0,1.0,5.0,1.0,1.0,3.0,1.0,1.0,1.0
2,1.0,204.0,3.0,4.0,1.0,2.0,1.0,3.0,2.0,5.0,5.0,2.0,2.0,2.0,,1.0,2.0,2.0,2.0,0.0,0.0,1.0,2.0,1.0,1.0,0.0,0.0,1.0,2.0
3,1.0,204.0,4.0,2.0,1.0,1.0,0.0,3.0,2.0,4.0,5.0,2.0,1.0,1.0,,1.0,2.0,1.0,2.0,1.0,1.0,2.0,2.0,1.0,2.0,2.0,2.0,0.0,2.0
4,1.0,204.0,5.0,7.0,1.0,3.0,0.0,2.0,1.0,6.0,0.0,0.0,2.0,4.0,,3.0,2.0,2.0,2.0,4.0,3.0,2.0,0.0,3.0,3.0,1.0,2.0,1.0,1.0
5,1.0,204.0,6.0,1.0,1.0,4.0,4.0,6.0,2.0,4.0,5.0,2.0,2.0,4.0,,2.0,2.0,2.0,2.0,4.0,1.0,2.0,4.0,1.0,1.0,1.0,1.0,2.0,2.0
6,1.0,204.0,7.0,5.0,1.0,2.0,6.0,7.0,2.0,5.0,5.0,4.0,2.0,4.0,,2.0,2.0,2.0,2.0,4.0,3.0,2.0,5.0,2.0,2.0,1.0,1.0,3.0,1.0
7,1.0,204.0,8.0,6.0,1.0,3.0,4.0,8.0,2.0,5.0,1.0,2.0,2.0,5.0,,2.0,2.0,3.0,2.0,1.0,3.0,2.0,4.0,3.0,3.0,1.0,1.0,1.0,1.0
8,1.0,204.0,9.0,6.0,1.0,4.0,1.0,6.0,2.0,6.0,5.0,1.0,2.0,3.0,,2.0,1.0,2.0,3.0,3.0,4.0,2.0,0.0,1.0,1.0,1.0,2.0,1.0,2.0
9,1.0,204.0,10.0,6.0,1.0,3.0,1.0,7.0,2.0,5.0,5.0,2.0,2.0,4.0,,2.0,1.0,2.0,2.0,2.0,3.0,2.0,1.0,3.0,3.0,1.0,1.0,2.0,1.0
10,1.0,204.0,11.0,6.0,1.0,3.0,1.0,4.0,2.0,4.0,4.0,4.0,2.0,4.0,,2.0,2.0,2.0,2.0,2.0,3.0,2.0,1.0,3.0,3.0,3.0,3.0,3.0,1.0
11,1.0,204.0,12.0,5.0,1.0,3.0,1.0,5.0,2.0,4.0,5.0,1.0,2.0,2.0,,1.0,1.0,1.0,1.0,3.0,3.0,2.0,1.0,2.0,3.0,2.0,1.0,1.0,1.0
12,1.0,204.0,13.0,5.0,1.0,2.0,1.0,2.0,2.0,5.0,4.0,2.0,1.0,5.0,,2.0,2.0,2.0,1.0,2.0,1.0,3.0,1.0,3.0,3.0,3.0,3.0,2.0,1.0
13,1.0,204.0,14.0,4.0,1.0,3.0,1.0,3.0,2.0,5.0,5.0,4.0,2.0,4.0,,2.0,1.0,2.0,1.0,4.0,2.0,3.0,10.0,2.0,2.0,1.0,1.0,1.0,2.0
14,1.0,204.0,15.0,5.0,1.0,3.0,2.0,5.0,2.0,4.0,5.0,1.0,2.0,2.0,,2.0,2.0,2.0,1.0,4.0,3.0,3.0,2.0,2.0,2.0,3.0,1.0,2.0,2.0
15,1.0,204.0,16.0,5.0,1.0,3.0,1.0,3.0,2.0,5.0,0.0,2.0,2.0,5.0,,2.0,2.0,3.0,3.0,1.0,1.0,3.0,1.0,3.0,2.0,3.0,1.0,1.0,1.0
16,1.0,204.0,17.0,6.0,1.0,3.0,2.0,3.0,2.0,5.0,5.0,1.0,2.0,4.0,,2.0,2.0,2.0,2.0,3.0,2.0,3.0,1.0,2.0,3.0,2.0,1.0,3.0,2.0
17,1.0,204.0,18.0,6.0,1.0,2.0,1.0,2.0,2.0,5.0,5.0,2.0,2.0,2.0,,2.0,2.0,2.0,1.0,4.0,3.0,3.0,1.0,2.0,2.0,3.0,1.0,2.0,2.0
18,1.0,204.0,19.0,6.0,1.0,3.0,1.0,2.0,2.0,5.0,5.0,4.0,2.0,2.0,,2.0,2.0,1.0,1.0,3.0,3.0,3.0,1.0,1.0,1.0,1.0,1.0,1.0,1.0
19,1.0,204.0,20.0,4.0,1.0,0.0,1.0,3.0,2.0,5.0,1.0,3.0,2.0,2.0,,1.0,1.0,1.0,1.0,4.0,3.0,3.0,1.0,3.0,2.0,2.0,1.0,1.0,2.0
20,1.0,204.0,21.0,1.0,1.0,2.0,1.0,3.0,2.0,5.0,5.0,1.0,1.0,2.0,,2.0,2.0,2.0,2.0,4.0,1.0,4.0,1.0,2.0,2.0,3.0,1.0,3.0,2.0
21,1.0,204.0,22.0,3.0,1.0,3.0,1.0,3.0,2.0,5.0,5.0,2.0,1.0,5.0,,2.0,2.0,3.0,3.0,4.0,3.0,4.0,1.0,3.0,3.0,3.0,3.0,1.0,2.0
22,1.0,204.0,23.0,3.0,1.0,3.0,1.0,4.0,2.0,5.0,5.0,4.0,1.0,2.0,,2.0,1.0,2.0,2.0,3.0,3.0,4.0,3.0,2.0,2.0,1.0,1.0,2.0,1.0
23,1.0,204.0,24.0,4.0,1.0,3.0,1.0,3.0,2.0,5.0,5.0,3.0,1.0,1.0,,1.0,1.0,1.0,1.0,3.0,3.0,4.0,1.0,3.0,3.0,2.0,2.0,1.0,1.0
24,1.0,204.0,25.0,4.0,1.0,3.0,1.0,4.0,2.0,5.0,5.0,3.0,1.0,3.0,,1.0,1.0,2.0,1.0,4.0,3.0,4.0,1.0,1.0,2.0,2.0,1.0,1.0,2.0
25,1.0,204.0,26.0,5.0,1.0,4.0,1.0,3.0,2.0,5.0,5.0,3.0,1.0,2.0,,1.0,1.0,2.0,2.0,3.0,3.0,4.0,1.0,3.0,3.0,1.0,2.0,2.0,2.0
26,1.0,204.0,27.0,4.0,1.0,2.0,2.0,3.0,2.0,5.0,5.0,2.0,2.0,3.0,,3.0,0.0,0.0,0.0,0.0,0.0,4.0,2.0,2.0,1.0,2.0,1.0,1.0,2.0
27,1.0,204.0,28.0,6.0,1.0,3.0,1.0,3.0,2.0,6.0,0.0,3.0,2.0,3.0,,3.0,2.0,2.0,2.0,2.0,2.0,4.0,1.0,2.0,1.0,1.0,1.0,1.0,2.0
28,1.0,204.0,29.0,2.0,1.0,3.0,1.0,3.0,2.0,6.0,0.0,2.0,2.0,3.0,,2.0,2.0,2.0,2.0,3.0,0.0,4.0,1.0,2.0,2.0,3.0,2.0,2.0,1.0
29,1.0,204.0,30.0,2.0,1.0,3.0,1.0,3.0,2.0,5.0,5.0,3.0,2.0,3.0,,2.0,1.0,2.0,2.0,2.0,2.0,4.0,1.0,2.0,3.0,2.0,1.0,2.0,1.0
30,1.0,204.0,31.0,4.0,1.0,2.0,1.0,3.0,2.0,5.0,5.0,4.0,2.0,2.0,,2.0,2.0,1.0,2.0,2.0,2.0,4.0,1.0,2.0,3.0,1.0,1.0,2.0,2.0
31,1.0,204.0,32.0,5.0,1.0,3.0,1.0,3.0,2.0,5.0,0.0,1.0,2.0,1.0,,2.0,1.0,2.0,1.0,4.0,3.0,4.0,1.0,2.0,2.0,1.0,1.0,3.0,1.0
32,1.0,204.0,33.0,5.0,1.0,3.0,1.0,3.0,2.0,5.0,1.0,1.0,2.0,5.0,,2.0,2.0,2.0,2.0,1.0,1.0,4.0,1.0,1.0,3.0,3.0,2.0,3.0,1.0
33,1.0,204.0,34.0,5.0,1.0,2.0,1.0,2.0,2.0,5.0,0.0,2.0,2.0,3.0,,2.0,2.0,2.0,2.0,2.0,2.0,4.0,2.0,3.0,3.0,3.0,3.0,3.0,1.0
34,1.0,204.0,35.0,5.0,1.0,3.0,1.0,3.0,2.0,1.0,5.0,4.0,2.0,2.0,,2.0,1.0,1.0,1.0,3.0,3.0,4.0,1.0,1.0,3.0,2.0,1.0,3.0,2.0
35,1.0,204.0,36.0,5.0,1.0,2.0,1.0,3.0,2.0,5.0,4.0,4.0,2.0,2.0,,2.0,0.0,1.0,2.0,4.0,3.0,4.0,1.0,2.0,1.0,3.0,2.0,3.0,1.0
36,1.0,204.0,37.0,6.0,1.0,2.0,2.0,3.0,2.0,4.0,1.0,2.0,2.0,3.0,,2.0,2.0,2.0,3.0,4.0,3.0,4.0,1.0,3.0,1.0,2.0,3.0,1.0,1.0
37,1.0,204.0,38.0,6.0,1.0,2.0,1.0,3.0,2.0,4.0,5.0,2.0,2.0,2.0,,2.0,2.0,1.0,2.0,3.0,3.0,4.0,1.0,2.0,1.0,1.0,1.0,1.0,1.0
38,1.0,204.0,39.0,6.0,1.0,3.0,1.0,2.0,2.0,5.0,5.0,2.0,2.0,4.0,,2.0,2.0,1.0,1.0,3.0,2.0,4.0,1.0,1.0,2.0,3.0,1.0,1.0,1.0
39,1.0,204.0,40.0,6.0,1.0,2.0,1.0,2.0,2.0,5.0,0.0,2.0,2.0,2.0,,2.0,1.0,2.0,1.0,4.0,3.0,4.0,1.0,2.0,1.0,1.0,1.0,1.0,1.0
40,1.0,204.0,41.0,6.0,1.0,3.0,1.0,3.0,2.0,5.0,1.0,4.0,2.0,5.0,,2.0,1.0,3.0,3.0,3.0,3.0,4.0,1.0,2.0,2.0,3.0,1.0,2.0,2.0
41,1.0,204.0,42.0,6.0,1.0,3.0,1.0,3.0,2.0,5.0,4.0,4.0,2.0,4.0,,2.0,1.0,3.0,3.0,2.0,2.0,4.0,1.0,1.0,1.0,1.0,1.0,2.0,1.0
42,1.0,204.0,43.0,7.0,1.0,2.0,0.0,2.0,2.0,4.0,5.0,2.0,2.0,0.0,,2.0,2.0,2.0,1.0,4.0,3.0,4.0,1.0,1.0,1.0,2.0,0.0,1.0,1.0
43,1.0,204.0,44.0,7.0,1.0,3.0,1.0,3.0,2.0,5.0,5.0,3.0,2.0,0.0,,2.0,1.0,2.0,3.0,2.0,1.0,4.0,1.0,1.0,2.0,2.0,3.0,3.0,1.0
44,1.0,204.0,45.0,7.0,1.0,3.0,1.0,3.0,2.0,5.0,5.0,4.0,2.0,0.0,,2.0,1.0,3.0,3.0,4.0,3.0,4.0,1.0,2.0,3.0,3.0,1.0,3.0,1.0
45,1.0,204.0,46.0,1.0,1.0,2.0,3.0,3.0,2.0,5.0,5.0,2.0,2.0,2.0,,1.0,1.0,1.0,1.0,2.0,5.0,4.0,5.0,1.0,2.0,3.0,2.0,1.0,2.0
46,1.0,204.0,47.0,3.0,1.0,3.0,2.0,3.0,2.0,5.0,5.0,2.0,2.0,2.0,,1.0,1.0,2.0,2.0,1.0,3.0,4.0,1.0,2.0,2.0,3.0,3.0,3.0,1.0
47,1.0,204.0,48.0,4.0,1.0,3.0,2.0,6.0,2.0,5.0,5.0,2.0,2.0,1.0,,1.0,2.0,1.0,2.0,2.0,3.0,4.0,1.0,1.0,1.0,1.0,1.0,1.0,1.0
48,1.0,204.0,49.0,4.0,1.0,2.0,1.0,3.0,2.0,5.0,0.0,3.0,2.0,2.0,,1.0,2.0,2.0,2.0,3.0,2.0,4.0,1.0,3.0,1.0,2.0,1.0,2.0,2.0
49,1.0,204.0,50.0,6.0,1.0,3.0,1.0,3.0,2.0,4.0,5.0,2.0,2.0,2.0,,1.0,2.0,2.0,2.0,1.0,3.0,4.0,1.0,1.0,1.0,2.0,1.0,1.0,1.0
50,1.0,204.0,51.0,6.0,1.0,2.0,1.0,2.0,2.0,5.0,1.0,4.0,2.0,3.0,,1.0,1.0,2.0,3.0,4.0,1.0,4.0,1.0,1.0,1.0,3.0,1.0,1.0,1.0
51,1.0,204.0,52.0,4.0,1.0,3.0,1.0,4.0,2.0,5.0,5.0,2.0,1.0,3.0,,2.0,1.0,2.0,2.0,1.0,3.0,5.0,1.0,1.0,3.0,2.0,1.0,3.0,1.0
52,1.0,204.0,53.0,5.0,1.0,1.0,1.0,4.0,2.0,5.0,5.0,4.0,1.0,4.0,,2.0,2.0,2.0,1.0,2.0,2.0,5.0,1.0,1.0,1.0,1.0,2.0,1.0,1.0
53,1.0,204.0,54.0,6.0,1.0,2.0,2.0,7.0,2.0,5.0,4.0,2.0,1.0,3.0,,2.0,2.0,2.0,2.0,2.0,3.0,5.0,4.0,2.0,2.0,1.0,2.0,2.0,1.0
54,1.0,204.0,55.0,6.0,1.0,3.0,1.0,3.0,2.0,5.0,5.0,3.0,1.0,2.0,,2.0,1.0,3.0,3.0,3.0,3.0,5.0,1.0,2.0,2.0,2.0,1.0,2.0,2.0
55,1.0,204.0,56.0,2.0,1.0,2.0,1.0,4.0,2.0,5.0,5.0,1.0,1.0,1.0,,1.0,2.0,2.0,1.0,4.0,3.0,5.0,2.0,1.0,1.0,2.0,1.0,3.0,1.0
56,1.0,204.0,57.0,4.0,1.0,3.0,2.0,4.0,2.0,5.0,1.0,4.0,1.0,3.0,,1.0,1.0,1.0,2.0,3.0,1.0,5.0,2.0,2.0,3.0,1.0,2.0,3.0,2.0
57,1.0,204.0,58.0,4.0,1.0,4.0,1.0,4.0,2.0,5.0,5.0,3.0,1.0,4.0,,1.0,1.0,3.0,2.0,4.0,1.0,5.0,1.0,3.0,3.0,2.0,2.0,1.0,2.0
58,1.0,204.0,59.0,6.0,1.0,3.0,1.0,4.0,2.0,5.0,5.0,3.0,1.0,1.0,,1.0,2.0,1.0,1.0,4.0,3.0,5.0,1.0,1.0,1.0,3.0,1.0,2.0,2.0
59,1.0,204.0,60.0,3.0,1.0,4.0,5.0,6.0,2.0,3.0,5.0,1.0,2.0,4.0,,2.0,1.0,2.0,2.0,2.0,1.0,5.0,1.0,3.0,1.0,2.0,0.0,1.0,1.0
60,1.0,204.0,61.0,4.0,1.0,4.0,1.0,4.0,2.0,4.0,1.0,3.0,2.0,1.0,,2.0,2.0,1.0,3.0,4.0,3.0,5.0,1.0,2.0,3.0,3.0,3.0,3.0,1.0
61,1.0,204.0,62.0,5.0,1.0,3.0,2.0,6.0,2.0,5.0,5.0,2.0,2.0,4.0,,2.0,1.0,2.0,2.0,2.0,1.0,5.0,1.0,2.0,2.0,2.0,3.0,1.0,2.0
62,1.0,204.0,63.0,5.0,1.0,2.0,2.0,3.0,2.0,5.0,1.0,2.0,2.0,2.0,,2.0,2.0,2.0,2.0,2.0,2.0,5.0,1.0,1.0,2.0,2.0,2.0,3.0,1.0
63,1.0,204.0,64.0,5.0,1.0,3.0,2.0,4.0,2.0,4.0,5.0,2.0,2.0,3.0,,2.0,2.0,3.0,2.0,2.0,3.0,5.0,10.0,3.0,1.0,3.0,3.0,1.0,1.0
64,1.0,204.0,65.0,5.0,1.0,3.0,2.0,3.0,2.0,5.0,5.0,2.0,2.0,4.0,,2.0,2.0,3.0,2.0,3.0,1.0,5.0,1.0,3.0,3.0,3.0,1.0,3.0,1.0
65,1.0,204.0,66.0,5.0,1.0,3.0,2.0,4.0,2.0,5.0,5.0,2.0,2.0,0.0,,2.0,2.0,3.0,3.0,2.0,1.0,5.0,1.0,3.0,3.0,3.0,1.0,0.0,1.0
66,1.0,204.0,67.0,5.0,1.0,4.0,1.0,4.0,2.0,5.0,5.0,3.0,2.0,2.0,,2.0,2.0,2.0,2.0,3.0,3.0,5.0,1.0,3.0,2.0,2.0,1.0,3.0,1.0
67,1.0,204.0,68.0,5.0,1.0,3.0,1.0,4.0,2.0,5.0,5.0,4.0,2.0,1.0,,2.0,1.0,1.0,1.0,0.0,2.0,5.0,1.0,3.0,3.0,2.0,1.0,3.0,1.0
68,1.0,204.0,69.0,6.0,1.0,3.0,1.0,3.0,2.0,5.0,5.0,2.0,2.0,3.0,,2.0,2.0,3.0,2.0,1.0,3.0,5.0,1.0,3.0,3.0,1.0,1.0,0.0,1.0
69,1.0,204.0,70.0,6.0,1.0,1.0,1.0,4.0,2.0,5.0,5.0,3.0,2.0,3.0,,2.0,2.0,2.0,2.0,4.0,3.0,5.0,10.0,2.0,2.0,1.0,2.0,3.0,2.0
70,1.0,204.0,71.0,7.0,1.0,3.0,1.0,3.0,2.0,1.0,5.0,1.0,2.0,2.0,,2.0,2.0,1.0,1.0,3.0,2.0,5.0,1.0,1.0,3.0,2.0,1.0,2.0,1.0
71,1.0,204.0,72.0,7.0,1.0,3.0,1.0,3.0,2.0,5.0,5.0,1.0,2.0,3.0,,2.0,2.0,2.0,2.0,2.0,2.0,5.0,1.0,3.0,3.0,1.0,2.0,2.0,1.0
72,1.0,204.0,73.0,7.0,1.0,3.0,1.0,3.0,2.0,5.0,5.0,1.0,2.0,4.0,,2.0,2.0,3.0,2.0,1.0,3.0,5.0,1.0,2.0,3.0,2.0,1.0,2.0,1.0
73,1.0,204.0,74.0,7.0,1.0,3.0,1.0,4.0,2.0,5.0,5.0,3.0,2.0,4.0,,2.0,2.0,3.0,3.0,3.0,2.0,5.0,1.0,3.0,3.0,2.0,3.0,3.0,1.0
74,1.0,204.0,75.0,8.0,1.0,3.0,1.0,4.0,2.0,1.0,5.0,3.0,2.0,2.0,,2.0,1.0,2.0,2.0,3.0,2.0,5.0,1.0,2.0,2.0,2.0,1.0,2.0,1.0
75,1.0,204.0,76.0,5.0,1.0,3.0,2.0,4.0,2.0,5.0,5.0,1.0,2.0,1.0,,1.0,2.0,2.0,2.0,3.0,3.0,5.0,1.0,1.0,2.0,2.0,2.0,3.0,2.0
76,1.0,204.0,77.0,5.0,1.0,3.0,1.0,4.0,2.0,4.0,5.0,3.0,2.0,4.0,,1.0,1.0,1.0,1.0,3.0,3.0,5.0,1.0,1.0,1.0,1.0,1.0,1.0,2.0
77,1.0,204.0,78.0,5.0,1.0,3.0,1.0,4.0,2.0,4.0,5.0,3.0,2.0,4.0,,1.0,2.0,2.0,2.0,3.0,3.0,5.0,1.0,2.0,1.0,1.0,1.0,1.0,1.0
78,1.0,204.0,79.0,5.0,1.0,4.0,1.0,4.0,2.0,5.0,1.0,3.0,2.0,2.0,,1.0,1.0,2.0,2.0,2.0,3.0,5.0,1.0,1.0,1.0,2.0,1.0,1.0,2.0
79,1.0,204.0,80.0,6.0,1.0,3.0,1.0,4.0,2.0,5.0,5.0,1.0,2.0,3.0,,1.0,1.0,2.0,2.0,3.0,3.0,5.0,1.0,2.0,2.0,3.0,3.0,1.0,2.0
80,1.0,204.0,81.0,6.0,1.0,2.0,1.0,4.0,2.0,5.0,5.0,1.0,2.0,4.0,,1.0,1.0,2.0,2.0,4.0,3.0,5.0,1.0,1.0,2.0,2.0,3.0,3.0,1.0
81,1.0,204.0,82.0,6.0,1.0,3.0,1.0,4.0,2.0,5.0,5.0,3.0,2.0,0.0,,1.0,0.0,0.0,1.0,3.0,3.0,5.0,1.0,2.0,2.0,2.0,0.0,0.0,2.0
82,1.0,204.0,83.0,2.0,1.0,2.0,1.0,3.0,2.0,2.0,1.0,4.0,2.0,3.0,,2.0,2.0,2.0,2.0,2.0,3.0,6.0,3.0,1.0,2.0,1.0,1.0,1.0,1.0
83,1.0,204.0,84.0,3.0,1.0,3.0,1.0,4.0,2.0,5.0,5.0,3.0,2.0,0.0,,2.0,1.0,1.0,1.0,3.0,1.0,6.0,1.0,3.0,1.0,1.0,1.0,1.0,2.0
84,1.0,204.0,85.0,5.0,1.0,4.0,4.0,5.0,2.0,4.0,5.0,1.0,2.0,4.0,,2.0,2.0,3.0,2.0,2.0,1.0,6.0,3.0,2.0,2.0,2.0,3.0,1.0,1.0
85,1.0,204.0,86.0,6.0,1.0,3.0,1.0,5.0,2.0,5.0,5.0,2.0,2.0,4.0,,2.0,2.0,2.0,3.0,1.0,3.0,6.0,1.0,2.0,3.0,2.0,1.0,1.0,1.0
86,1.0,204.0,87.0,6.0,1.0,3.0,1.0,3.0,2.0,5.0,5.0,4.0,2.0,0.0,,2.0,1.0,2.0,3.0,2.0,1.0,6.0,1.0,2.0,3.0,2.0,2.0,2.0,1.0
87,1.0,204.0,88.0,7.0,1.0,3.0,1.0,5.0,2.0,5.0,5.0,1.0,2.0,3.0,,2.0,1.0,2.0,2.0,4.0,2.0,6.0,1.0,1.0,1.0,2.0,1.0,2.0,1.0
88,1.0,204.0,89.0,4.0,1.0,3.0,2.0,4.0,2.0,5.0,5.0,2.0,2.0,2.0,,1.0,2.0,2.0,2.0,2.0,3.0,6.0,2.0,2.0,3.0,2.0,1.0,1.0,2.0
89,1.0,204.0,90.0,6.0,1.0,2.0,1.0,2.0,2.0,5.0,5.0,2.0,1.0,5.0,,1.0,2.0,1.0,1.0,2.0,3.0,7.0,1.0,2.0,1.0,1.0,1.0,2.0,1.0
90,1.0,204.0,91.0,3.0,1.0,2.0,2.0,0.0,1.0,4.0,5.0,2.0,2.0,3.0,,2.0,2.0,1.0,1.0,4.0,2.0,7.0,1.0,3.0,3.0,3.0,1.0,1.0,1.0
91,1.0,204.0,92.0,4.0,1.0,4.0,3.0,5.0,2.0,5.0,5.0,1.0,2.0,4.0,,2.0,2.0,3.0,3.0,3.0,1.0,7.0,2.0,3.0,3.0,3.0,3.0,3.0,2.0
92,1.0,204.0,93.0,5.0,1.0,3.0,1.0,5.0,2.0,4.0,5.0,4.0,2.0,2.0,,2.0,1.0,2.0,3.0,1.0,3.0,7.0,1.0,2.0,1.0,1.0,1.0,1.0,1.0
93,1.0,204.0,94.0,5.0,1.0,5.0,4.0,4.0,2.0,5.0,5.0,2.0,2.0,5.0,,2.0,2.0,2.0,2.0,2.0,1.0,8.0,1.0,2.0,1.0,2.0,0.0,1.0,1.0
94,1.0,204.0,95.0,5.0,1.0,2.0,5.0,6.0,2.0,1.0,1.0,1.0,2.0,4.0,,2.0,2.0,2.0,2.0,3.0,3.0,8.0,1.0,1.0,2.0,1.0,1.0,1.0,2.0
95,1.0,204.0,96.0,4.0,1.0,4.0,2.0,4.0,2.0,5.0,5.0,1.0,2.0,2.0,,2.0,1.0,1.0,2.0,3.0,3.0,9.0,1.0,2.0,3.0,2.0,1.0,1.0,1.0
96,1.0,204.0,97.0,4.0,1.0,3.0,1.0,3.0,2.0,5.0,5.0,1.0,2.0,5.0,,2.0,2.0,2.0,2.0,4.0,2.0,9.0,1.0,3.0,3.0,3.0,0.0,2.0,1.0
97,1.0,204.0,98.0,5.0,1.0,4.0,1.0,7.0,2.0,5.0,5.0,2.0,2.0,2.0,,1.0,1.0,2.0,2.0,4.0,3.0,9.0,1.0,2.0,3.0,2.0,3.0,2.0,1.0
98,1.0,204.0,99.0,6.0,1.0,4.0,1.0,3.0,2.0,5.0,5.0,1.0,2.0,3.0,,1.0,1.0,2.0,1.0,4.0,4.0,9.0,1.0,2.0,2.0,2.0,1.0,1.0,1.0
99,1.0,204.0,100.0,5.0,2.0,2.0,2.0,2.0,2.0,5.0,5.0,4.0,2.0,3.0,,2.0,2.0,2.0,3.0,3.0,3.0,10.0,1.0,2.0,1.0,3.0,1.0,1.0,1.0
100,1.0,204.0,101.0,4.0,2.0,3.0,1.0,4.0,2.0,2.0,5.0,1.0,2.0,1.0,,1.0,0.0,2.0,2.0,2.0,2.0,10.0,1.0,2.0,2.0,2.0,1.0,1.0,1.0
101,1.0,204.0,102.0,0.0,2.0,0.0,2.0,4.0,3.0,2.0,0.0,0.0,1.0,0.0,,3.0,0.0,0.0,0.0,0.0,0.0,0.0,0.0,3.0,2.0,2.0,2.0,2.0,1.0
102,1.0,204.0,103.0,3.0,2.0,2.0,1.0,2.0,2.0,4.0,5.0,4.0,1.0,1.0,,2.0,2.0,2.0,1.0,2.0,2.0,0.0,1.0,1.0,2.0,2.0,3.0,2.0,2.0
103,1.0,204.0,104.0,5.0,2.0,3.0,1.0,2.0,2.0,5.0,5.0,2.0,0.0,0.0,,3.0,0.0,0.0,0.0,0.0,0.0,0.0,0.0,3.0,3.0,1.0,1.0,2.0,1.0
104,1.0,204.0,105.0,2.0,2.0,3.0,3.0,3.0,2.0,2.0,5.0,4.0,2.0,0.0,,3.0,0.0,0.0,0.0,0.0,0.0,0.0,0.0,1.0,1.0,1.0,1.0,1.0,2.0
105,1.0,204.0,106.0,3.0,2.0,1.0,0.0,1.0,2.0,4.0,5.0,2.0,1.0,2.0,,1.0,2.0,0.0,2.0,3.0,3.0,1.0,4.0,1.0,1.0,1.0,1.0,1.0,2.0
106,1.0,204.0,107.0,5.0,2.0,2.0,1.0,2.0,2.0,4.0,5.0,2.0,1.0,2.0,,1.0,1.0,1.0,1.0,2.0,3.0,1.0,1.0,2.0,1.0,2.0,3.0,1.0,2.0
107,1.0,204.0,108.0,2.0,2.0,2.0,1.0,3.0,2.0,1.0,5.0,4.0,2.0,2.0,,2.0,2.0,1.0,2.0,2.0,1.0,1.0,4.0,2.0,2.0,2.0,1.0,2.0,2.0
108,1.0,204.0,109.0,5.0,2.0,4.0,0.0,0.0,3.0,5.0,5.0,0.0,2.0,5.0,,2.0,2.0,3.0,3.0,1.0,2.0,1.0,0.0,3.0,3.0,1.0,1.0,1.0,2.0
109,1.0,204.0,110.0,5.0,2.0,2.0,2.0,3.0,2.0,5.0,5.0,4.0,2.0,0.0,,2.0,0.0,1.0,1.0,4.0,3.0,1.0,0.0,1.0,1.0,1.0,1.0,1.0,2.0
110,1.0,204.0,111.0,6.0,2.0,2.0,2.0,4.0,2.0,5.0,5.0,2.0,2.0,2.0,,2.0,2.0,2.0,1.0,3.0,1.0,1.0,2.0,2.0,2.0,3.0,2.0,1.0,1.0
111,1.0,204.0,112.0,7.0,2.0,2.0,2.0,4.0,2.0,5.0,5.0,2.0,2.0,3.0,,2.0,2.0,3.0,3.0,1.0,3.0,1.0,3.0,3.0,3.0,3.0,1.0,3.0,1.0
112,1.0,204.0,113.0,6.0,2.0,2.0,2.0,4.0,2.0,5.0,5.0,4.0,2.0,2.0,,1.0,2.0,2.0,2.0,3.0,3.0,1.0,3.0,2.0,1.0,1.0,1.0,1.0,2.0
113,1.0,204.0,114.0,6.0,2.0,3.0,3.0,8.0,2.0,5.0,5.0,1.0,1.0,0.0,,2.0,1.0,3.0,1.0,2.0,2.0,2.0,3.0,1.0,2.0,3.0,1.0,2.0,1.0
114,1.0,204.0,115.0,5.0,2.0,2.0,3.0,5.0,2.0,5.0,5.0,1.0,1.0,1.0,,1.0,2.0,2.0,1.0,1.0,2.0,2.0,5.0,2.0,2.0,1.0,3.0,1.0,2.0
115,1.0,204.0,116.0,3.0,2.0,1.0,1.0,6.0,2.0,4.0,5.0,2.0,2.0,2.0,,2.0,1.0,1.0,2.0,3.0,2.0,2.0,1.0,2.0,1.0,1.0,1.0,2.0,1.0
116,1.0,204.0,117.0,5.0,2.0,2.0,2.0,3.0,2.0,5.0,5.0,2.0,2.0,3.0,,2.0,2.0,1.0,1.0,3.0,2.0,2.0,3.0,2.0,2.0,2.0,1.0,2.0,2.0
117,1.0,204.0,118.0,6.0,2.0,2.0,3.0,7.0,2.0,5.0,5.0,1.0,2.0,2.0,,2.0,2.0,2.0,1.0,3.0,2.0,2.0,1.0,2.0,1.0,2.0,1.0,1.0,2.0
118,1.0,204.0,119.0,6.0,2.0,2.0,1.0,2.0,2.0,5.0,5.0,2.0,2.0,1.0,,2.0,2.0,1.0,1.0,2.0,3.0,2.0,1.0,3.0,1.0,2.0,2.0,2.0,1.0
119,1.0,204.0,120.0,4.0,2.0,2.0,2.0,6.0,2.0,4.0,5.0,1.0,2.0,2.0,,1.0,2.0,3.0,3.0,2.0,3.0,2.0,1.0,2.0,3.0,3.0,3.0,3.0,1.0
120,1.0,204.0,121.0,4.0,2.0,2.0,3.0,3.0,2.0,4.0,5.0,4.0,2.0,2.0,,1.0,2.0,1.0,2.0,4.0,3.0,2.0,0.0,2.0,1.0,3.0,1.0,1.0,1.0
121,1.0,204.0,122.0,7.0,2.0,2.0,2.0,3.0,2.0,4.0,4.0,2.0,2.0,4.0,,1.0,2.0,1.0,2.0,1.0,3.0,2.0,1.0,3.0,1.0,1.0,1.0,1.0,1.0
122,1.0,204.0,123.0,7.0,2.0,3.0,1.0,6.0,2.0,5.0,1.0,4.0,2.0,4.0,,1.0,1.0,2.0,1.0,4.0,3.0,2.0,0.0,3.0,2.0,3.0,1.0,2.0,1.0
123,1.0,204.0,124.0,3.0,2.0,2.0,1.0,2.0,2.0,5.0,4.0,4.0,1.0,0.0,,2.0,2.0,1.0,1.0,4.0,3.0,3.0,1.0,2.0,1.0,1.0,1.0,1.0,1.0
124,1.0,204.0,125.0,5.0,2.0,3.0,3.0,4.0,2.0,4.0,5.0,1.0,1.0,4.0,,2.0,0.0,2.0,3.0,2.0,2.0,3.0,4.0,2.0,2.0,3.0,3.0,2.0,1.0
125,1.0,204.0,126.0,4.0,2.0,3.0,5.0,6.0,2.0,4.0,5.0,4.0,2.0,2.0,,2.0,1.0,2.0,2.0,1.0,1.0,3.0,6.0,1.0,2.0,2.0,1.0,2.0,1.0
126,1.0,204.0,127.0,4.0,2.0,2.0,1.0,3.0,2.0,5.0,5.0,3.0,2.0,0.0,,2.0,0.0,2.0,2.0,4.0,0.0,3.0,1.0,3.0,0.0,3.0,0.0,0.0,2.0
127,1.0,204.0,128.0,6.0,2.0,2.0,1.0,3.0,2.0,5.0,5.0,1.0,2.0,3.0,,2.0,2.0,2.0,2.0,4.0,2.0,3.0,1.0,3.0,3.0,2.0,1.0,2.0,1.0
128,1.0,204.0,129.0,4.0,2.0,2.0,2.0,2.0,2.0,2.0,5.0,2.0,2.0,2.0,,1.0,1.0,1.0,1.0,4.0,3.0,3.0,2.0,1.0,1.0,1.0,1.0,1.0,2.0
129,1.0,204.0,130.0,6.0,2.0,2.0,2.0,2.0,2.0,4.0,5.0,2.0,2.0,4.0,,1.0,2.0,2.0,2.0,2.0,2.0,3.0,1.0,2.0,1.0,2.0,1.0,1.0,2.0
130,1.0,204.0,131.0,4.0,2.0,2.0,1.0,3.0,2.0,4.0,5.0,4.0,1.0,1.0,,2.0,2.0,1.0,1.0,2.0,1.0,4.0,1.0,3.0,2.0,1.0,2.0,1.0,2.0
131,1.0,204.0,132.0,6.0,2.0,2.0,2.0,2.0,2.0,5.0,5.0,2.0,1.0,0.0,,2.0,2.0,2.0,2.0,2.0,2.0,4.0,2.0,2.0,2.0,3.0,3.0,2.0,2.0
132,1.0,204.0,133.0,4.0,2.0,1.0,1.0,2.0,2.0,4.0,5.0,2.0,1.0,0.0,,1.0,1.0,1.0,1.0,2.0,0.0,4.0,1.0,0.0,2.0,2.0,1.0,1.0,2.0
133,1.0,204.0,134.0,5.0,2.0,2.0,3.0,3.0,2.0,5.0,5.0,4.0,1.0,3.0,,1.0,2.0,2.0,1.0,2.0,3.0,4.0,1.0,3.0,2.0,2.0,3.0,2.0,1.0
134,1.0,204.0,135.0,5.0,2.0,3.0,7.0,9.0,2.0,3.0,0.0,0.0,1.0,2.0,,1.0,1.0,2.0,2.0,0.0,1.0,4.0,2.0,2.0,1.0,1.0,2.0,1.0,2.0
135,1.0,204.0,136.0,4.0,2.0,3.0,2.0,2.0,2.0,5.0,1.0,2.0,2.0,5.0,,2.0,1.0,1.0,1.0,4.0,2.0,4.0,1.0,3.0,1.0,1.0,1.0,1.0,1.0
136,1.0,204.0,137.0,5.0,2.0,2.0,0.0,0.0,2.0,4.0,5.0,2.0,2.0,2.0,,2.0,2.0,1.0,1.0,4.0,2.0,4.0,1.0,3.0,3.0,1.0,1.0,1.0,2.0
137,1.0,204.0,138.0,5.0,2.0,3.0,2.0,3.0,2.0,5.0,5.0,2.0,2.0,3.0,,2.0,0.0,2.0,1.0,4.0,2.0,4.0,1.0,2.0,1.0,2.0,1.0,2.0,2.0
138,1.0,204.0,139.0,5.0,2.0,3.0,2.0,3.0,2.0,5.0,5.0,4.0,2.0,4.0,,2.0,1.0,1.0,2.0,2.0,2.0,4.0,2.0,3.0,1.0,2.0,1.0,1.0,1.0
139,1.0,204.0,140.0,6.0,2.0,2.0,2.0,2.0,2.0,5.0,5.0,2.0,2.0,4.0,,2.0,1.0,2.0,2.0,1.0,1.0,4.0,2.0,1.0,1.0,2.0,1.0,1.0,2.0
140,1.0,204.0,141.0,7.0,2.0,2.0,1.0,2.0,2.0,5.0,5.0,2.0,2.0,3.0,,2.0,2.0,3.0,2.0,3.0,1.0,4.0,1.0,2.0,2.0,1.0,1.0,1.0,2.0
141,1.0,204.0,142.0,1.0,2.0,2.0,2.0,2.0,2.0,5.0,5.0,2.0,2.0,3.0,,1.0,2.0,2.0,2.0,4.0,3.0,4.0,1.0,3.0,3.0,2.0,1.0,1.0,2.0
142,1.0,204.0,143.0,4.0,2.0,3.0,0.0,3.0,2.0,5.0,5.0,3.0,2.0,2.0,,1.0,1.0,1.0,2.0,4.0,3.0,4.0,1.0,1.0,2.0,2.0,1.0,1.0,2.0
143,1.0,204.0,144.0,4.0,2.0,1.0,1.0,2.0,2.0,4.0,4.0,2.0,2.0,2.0,,1.0,2.0,1.0,1.0,2.0,1.0,4.0,1.0,2.0,1.0,3.0,2.0,3.0,1.0
144,1.0,204.0,145.0,7.0,2.0,1.0,1.0,1.0,2.0,2.0,5.0,4.0,2.0,2.0,,1.0,1.0,1.0,1.0,4.0,3.0,4.0,1.0,1.0,1.0,1.0,1.0,1.0,1.0
145,1.0,204.0,146.0,2.0,2.0,2.0,2.0,3.0,2.0,2.0,1.0,2.0,1.0,2.0,,2.0,1.0,1.0,1.0,4.0,1.0,5.0,2.0,1.0,1.0,1.0,1.0,1.0,2.0
146,1.0,204.0,147.0,4.0,2.0,3.0,4.0,5.0,2.0,4.0,1.0,1.0,1.0,2.0,,1.0,1.0,3.0,2.0,1.0,2.0,5.0,1.0,3.0,3.0,3.0,2.0,3.0,1.0
147,1.0,204.0,148.0,4.0,2.0,2.0,4.0,4.0,2.0,2.0,5.0,2.0,2.0,2.0,,2.0,2.0,2.0,1.0,2.0,3.0,5.0,2.0,1.0,2.0,1.0,1.0,1.0,2.0
148,1.0,204.0,149.0,4.0,2.0,2.0,1.0,4.0,2.0,5.0,5.0,2.0,2.0,5.0,,2.0,2.0,2.0,1.0,3.0,3.0,5.0,1.0,3.0,1.0,1.0,1.0,1.0,2.0
149,1.0,204.0,150.0,5.0,2.0,3.0,2.0,4.0,2.0,4.0,5.0,1.0,2.0,2.0,,2.0,2.0,2.0,2.0,3.0,2.0,5.0,1.0,3.0,3.0,2.0,3.0,2.0,1.0
150,1.0,204.0,151.0,5.0,2.0,2.0,2.0,10.0,2.0,5.0,5.0,2.0,2.0,3.0,,2.0,2.0,2.0,2.0,3.0,2.0,5.0,2.0,2.0,1.0,3.0,1.0,1.0,2.0
151,1.0,204.0,152.0,6.0,2.0,2.0,2.0,5.0,2.0,5.0,5.0,2.0,2.0,4.0,,2.0,2.0,2.0,2.0,2.0,1.0,5.0,1.0,3.0,3.0,3.0,2.0,3.0,1.0
152,1.0,204.0,153.0,2.0,2.0,2.0,2.0,3.0,2.0,4.0,4.0,2.0,2.0,2.0,,1.0,2.0,2.0,2.0,4.0,3.0,5.0,1.0,1.0,1.0,2.0,0.0,2.0,2.0
153,1.0,204.0,154.0,5.0,2.0,1.0,1.0,2.0,2.0,2.0,5.0,2.0,2.0,2.0,,1.0,1.0,1.0,1.0,4.0,3.0,5.0,2.0,1.0,1.0,2.0,1.0,1.0,1.0
154,1.0,204.0,155.0,8.0,2.0,2.0,2.0,3.0,2.0,5.0,5.0,4.0,2.0,0.0,,1.0,2.0,2.0,3.0,1.0,2.0,5.0,1.0,2.0,1.0,2.0,1.0,2.0,2.0
155,1.0,204.0,156.0,5.0,2.0,2.0,2.0,2.0,2.0,1.0,5.0,2.0,1.0,4.0,,1.0,2.0,1.0,2.0,3.0,3.0,6.0,1.0,2.0,1.0,1.0,1.0,1.0,1.0
156,1.0,204.0,157.0,0.0,2.0,2.0,1.0,2.0,2.0,5.0,5.0,2.0,0.0,0.0,,2.0,2.0,3.0,3.0,3.0,1.0,6.0,11.0,2.0,0.0,3.0,1.0,0.0,2.0
157,1.0,204.0,158.0,5.0,2.0,4.0,6.0,8.0,2.0,5.0,1.0,4.0,1.0,1.0,,1.0,1.0,2.0,2.0,4.0,2.0,7.0,2.0,3.0,2.0,2.0,3.0,1.0,2.0
158,1.0,204.0,159.0,5.0,2.0,1.0,1.0,2.0,2.0,4.0,5.0,2.0,2.0,2.0,,2.0,2.0,3.0,2.0,4.0,0.0,7.0,1.0,3.0,1.0,1.0,0.0,1.0,2.0
159,1.0,204.0,160.0,7.0,2.0,2.0,3.0,4.0,2.0,4.0,5.0,2.0,2.0,3.0,,1.0,2.0,2.0,2.0,3.0,3.0,7.0,1.0,3.0,1.0,1.0,2.0,1.0,1.0
160,1.0,204.0,161.0,5.0,2.0,1.0,3.0,5.0,2.0,5.0,5.0,2.0,2.0,3.0,,2.0,2.0,2.0,2.0,1.0,4.0,8.0,9.0,1.0,2.0,3.0,3.0,1.0,2.0
161,1.0,204.0,162.0,5.0,2.0,2.0,3.0,5.0,2.0,5.0,5.0,2.0,2.0,2.0,,1.0,2.0,2.0,2.0,3.0,3.0,8.0,1.0,3.0,1.0,1.0,3.0,3.0,1.0
162,1.0,204.0,163.0,6.0,2.0,2.0,2.0,3.0,2.0,5.0,5.0,2.0,2.0,3.0,,2.0,1.0,2.0,2.0,3.0,1.0,9.0,1.0,1.0,1.0,2.0,1.0,1.0,1.0
163,1.0,204.0,164.0,5.0,3.0,4.0,6.0,8.0,2.0,5.0,5.0,4.0,1.0,3.0,,2.0,2.0,2.0,2.0,4.0,1.0,10.0,10.0,3.0,2.0,3.0,1.0,1.0,2.0
164,1.0,204.0,165.0,5.0,3.0,2.0,2.0,3.0,2.0,5.0,5.0,2.0,1.0,2.0,,1.0,2.0,1.0,1.0,2.0,3.0,1.0,3.0,1.0,2.0,1.0,1.0,1.0,2.0
165,1.0,204.0,166.0,7.0,3.0,4.0,0.0,5.0,3.0,6.0,0.0,5.0,2.0,1.0,,3.0,2.0,2.0,2.0,4.0,0.0,1.0,0.0,1.0,2.0,2.0,1.0,2.0,2.0
166,1.0,204.0,167.0,7.0,3.0,2.0,2.0,3.0,2.0,5.0,5.0,2.0,2.0,5.0,,2.0,0.0,2.0,1.0,3.0,1.0,1.0,0.0,3.0,3.0,3.0,3.0,3.0,1.0
167,1.0,204.0,168.0,7.0,3.0,2.0,2.0,3.0,2.0,5.0,1.0,2.0,2.0,3.0,,2.0,1.0,3.0,3.0,4.0,0.0,1.0,0.0,3.0,1.0,3.0,0.0,1.0,2.0
168,1.0,204.0,169.0,5.0,3.0,3.0,0.0,4.0,2.0,5.0,5.0,4.0,2.0,2.0,,1.0,0.0,2.0,2.0,3.0,0.0,1.0,0.0,2.0,1.0,2.0,0.0,0.0,1.0
169,1.0,204.0,170.0,5.0,3.0,2.0,2.0,3.0,2.0,5.0,5.0,2.0,2.0,1.0,,1.0,1.0,1.0,1.0,4.0,3.0,1.0,3.0,2.0,2.0,2.0,1.0,1.0,2.0
170,1.0,204.0,171.0,5.0,3.0,2.0,1.0,2.0,2.0,1.0,5.0,2.0,2.0,2.0,,1.0,1.0,2.0,1.0,2.0,2.0,2.0,1.0,3.0,2.0,1.0,1.0,1.0,2.0
171,1.0,204.0,172.0,5.0,3.0,2.0,2.0,2.0,2.0,2.0,1.0,2.0,1.0,2.0,,1.0,2.0,2.0,1.0,1.0,1.0,3.0,1.0,2.0,1.0,2.0,1.0,2.0,2.0
172,1.0,204.0,173.0,6.0,3.0,1.0,1.0,2.0,2.0,4.0,5.0,2.0,2.0,5.0,,2.0,2.0,2.0,3.0,4.0,1.0,3.0,1.0,3.0,1.0,3.0,1.0,3.0,1.0
173,1.0,204.0,174.0,5.0,3.0,2.0,1.0,2.0,2.0,4.0,1.0,4.0,2.0,2.0,,1.0,1.0,1.0,1.0,4.0,3.0,3.0,1.0,1.0,1.0,1.0,1.0,1.0,2.0
174,1.0,204.0,175.0,2.0,3.0,2.0,1.0,3.0,2.0,4.0,5.0,2.0,1.0,1.0,,1.0,2.0,2.0,2.0,2.0,2.0,4.0,1.0,2.0,1.0,1.0,2.0,2.0,1.0
175,1.0,204.0,176.0,2.0,3.0,3.0,1.0,3.0,2.0,5.0,5.0,1.0,2.0,4.0,,2.0,2.0,2.0,3.0,4.0,1.0,4.0,0.0,3.0,1.0,3.0,3.0,2.0,2.0
176,1.0,204.0,177.0,6.0,3.0,2.0,2.0,2.0,2.0,5.0,5.0,1.0,2.0,3.0,,2.0,1.0,3.0,3.0,1.0,2.0,4.0,0.0,3.0,3.0,1.0,0.0,1.0,2.0
177,1.0,204.0,178.0,5.0,3.0,2.0,1.0,3.0,2.0,4.0,4.0,2.0,2.0,2.0,,1.0,1.0,1.0,2.0,4.0,2.0,4.0,1.0,3.0,3.0,1.0,3.0,1.0,1.0
178,1.0,204.0,179.0,4.0,3.0,7.0,6.0,7.0,2.0,5.0,4.0,1.0,1.0,3.0,,2.0,1.0,2.0,2.0,2.0,1.0,5.0,2.0,3.0,3.0,0.0,0.0,1.0,1.0
179,1.0,204.0,180.0,6.0,3.0,3.0,1.0,3.0,2.0,5.0,5.0,4.0,1.0,4.0,,2.0,2.0,2.0,2.0,3.0,2.0,5.0,1.0,3.0,3.0,3.0,3.0,3.0,1.0
180,1.0,204.0,181.0,5.0,3.0,2.0,2.0,3.0,2.0,5.0,5.0,2.0,2.0,2.0,,2.0,2.0,2.0,3.0,4.0,2.0,5.0,10.0,3.0,1.0,2.0,3.0,2.0,1.0
181,1.0,204.0,182.0,4.0,3.0,2.0,2.0,4.0,2.0,5.0,5.0,2.0,2.0,3.0,,1.0,2.0,2.0,2.0,3.0,1.0,5.0,0.0,3.0,3.0,3.0,3.0,3.0,1.0
182,1.0,204.0,183.0,6.0,3.0,2.0,2.0,4.0,2.0,5.0,5.0,2.0,2.0,2.0,,1.0,2.0,1.0,1.0,4.0,3.0,5.0,2.0,2.0,1.0,1.0,1.0,1.0,1.0
183,1.0,204.0,184.0,7.0,3.0,3.0,1.0,3.0,2.0,4.0,5.0,2.0,1.0,4.0,,2.0,2.0,2.0,1.0,2.0,1.0,6.0,1.0,3.0,2.0,3.0,3.0,1.0,1.0
184,1.0,204.0,185.0,5.0,3.0,2.0,2.0,3.0,2.0,5.0,5.0,2.0,2.0,0.0,,1.0,1.0,2.0,1.0,4.0,3.0,6.0,1.0,1.0,3.0,2.0,1.0,1.0,2.0
185,1.0,204.0,186.0,2.0,3.0,4.0,2.0,4.0,2.0,4.0,5.0,1.0,1.0,4.0,,2.0,2.0,2.0,2.0,2.0,3.0,7.0,2.0,2.0,2.0,2.0,1.0,1.0,2.0
186,1.0,204.0,187.0,6.0,3.0,3.0,2.0,5.0,2.0,4.0,5.0,2.0,2.0,1.0,,2.0,2.0,2.0,1.0,2.0,2.0,7.0,2.0,2.0,1.0,2.0,3.0,3.0,1.0
187,1.0,204.0,188.0,3.0,3.0,2.0,2.0,3.0,2.0,5.0,5.0,2.0,2.0,2.0,,1.0,1.0,2.0,2.0,4.0,5.0,7.0,1.0,2.0,2.0,1.0,1.0,2.0,1.0
188,1.0,204.0,189.0,4.0,3.0,2.0,2.0,2.0,2.0,5.0,5.0,0.0,2.0,1.0,,1.0,1.0,1.0,1.0,3.0,3.0,7.0,1.0,2.0,1.0,1.0,1.0,1.0,2.0
189,1.0,204.0,190.0,6.0,3.0,3.0,3.0,5.0,2.0,4.0,4.0,4.0,2.0,1.0,,2.0,2.0,2.0,2.0,3.0,3.0,8.0,3.0,3.0,2.0,3.0,3.0,3.0,1.0
190,1.0,204.0,191.0,7.0,3.0,4.0,2.0,5.0,2.0,5.0,5.0,2.0,2.0,4.0,,2.0,0.0,2.0,2.0,2.0,1.0,8.0,1.0,3.0,2.0,2.0,1.0,1.0,1.0
191,1.0,204.0,192.0,7.0,4.0,5.0,11.0,11.0,2.0,1.0,5.0,4.0,2.0,2.0,,2.0,2.0,2.0,2.0,2.0,1.0,1.0,5.0,3.0,2.0,2.0,2.0,1.0,1.0
192,1.0,204.0,193.0,6.0,4.0,2.0,2.0,3.0,2.0,5.0,5.0,2.0,1.0,2.0,,2.0,2.0,2.0,2.0,3.0,3.0,4.0,2.0,3.0,2.0,1.0,2.0,2.0,1.0
193,1.0,204.0,194.0,4.0,4.0,2.0,2.0,3.0,2.0,5.0,5.0,2.0,2.0,0.0,,2.0,2.0,2.0,1.0,3.0,3.0,4.0,1.0,1.0,2.0,2.0,2.0,1.0,2.0
194,1.0,204.0,195.0,5.0,4.0,2.0,5.0,9.0,2.0,6.0,0.0,4.0,2.0,2.0,,1.0,2.0,1.0,2.0,4.0,2.0,4.0,1.0,2.0,1.0,3.0,3.0,2.0,1.0
195,1.0,204.0,196.0,5.0,4.0,4.0,4.0,8.0,2.0,4.0,5.0,2.0,2.0,4.0,,2.0,2.0,2.0,3.0,2.0,2.0,9.0,1.0,3.0,2.0,2.0,1.0,2.0,1.0
196,1.0,204.0,197.0,6.0,4.0,2.0,6.0,8.0,2.0,6.0,5.0,1.0,2.0,4.0,,2.0,1.0,3.0,2.0,2.0,3.0,9.0,1.0,2.0,1.0,3.0,3.0,3.0,1.0
197,1.0,204.0,198.0,5.0,5.0,2.0,6.0,9.0,2.0,5.0,5.0,4.0,2.0,2.0,,2.0,2.0,2.0,2.0,4.0,1.0,10.0,1.0,2.0,0.0,3.0,1.0,1.0,1.0
198,1.0,204.0,199.0,4.0,5.0,3.0,3.0,5.0,2.0,1.0,5.0,5.0,2.0,4.0,,2.0,1.0,2.0,2.0,4.0,2.0,1.0,0.0,3.0,2.0,1.0,1.0,1.0,2.0
199,1.0,204.0,200.0,6.0,5.0,2.0,4.0,2.0,2.0,3.0,1.0,1.0,1.0,2.0,,2.0,2.0,2.0,1.0,3.0,3.0,2.0,0.0,1.0,1.0,2.0,2.0,3.0,1.0
200,1.0,204.0,201.0,5.0,5.0,2.0,3.0,3.0,2.0,5.0,5.0,4.0,2.0,4.0,,2.0,2.0,2.0,1.0,2.0,1.0,4.0,1.0,3.0,2.0,1.0,1.0,1.0,2.0
201,1.0,204.0,202.0,7.0,5.0,3.0,4.0,7.0,2.0,5.0,5.0,1.0,2.0,4.0,,2.0,1.0,2.0,2.0,4.0,2.0,4.0,2.0,3.0,2.0,3.0,3.0,1.0,1.0
202,1.0,204.0,203.0,1.0,6.0,2.0,2.0,2.0,2.0,5.0,5.0,4.0,2.0,4.0,,2.0,2.0,2.0,1.0,1.0,1.0,10.0,1.0,3.0,1.0,3.0,2.0,1.0,2.0
203,1.0,204.0,204.0,6.0,6.0,1.0,2.0,3.0,2.0,5.0,5.0,4.0,2.0,3.0,,1.0,1.0,2.0,3.0,3.0,2.0,4.0,1.0,3.0,2.0,3.0,1.0,1.0,1.0
204,1.0,204.0,205.0,4.0,6.0,2.0,3.0,4.0,2.0,4.0,5.0,2.0,1.0,5.0,,2.0,2.0,3.0,2.0,2.0,2.0,6.0,1.0,3.0,2.0,2.0,2.0,1.0,1.0
205,1.0,204.0,206.0,1.0,8.0,4.0,3.0,6.0,2.0,4.0,4.0,1.0,2.0,4.0,,2.0,2.0,2.0,2.0,2.0,1.0,1.0,3.0,2.0,2.0,2.0,3.0,1.0,1.0
206,1.0,204.0,207.0,6.0,8.0,2.0,3.0,5.0,2.0,5.0,5.0,2.0,1.0,2.0,,2.0,1.0,2.0,1.0,4.0,1.0,2.0,3.0,2.0,3.0,3.0,1.0,1.0,1.0
207,1.0,204.0,208.0,1.0,8.0,1.0,3.0,7.0,2.0,4.0,5.0,4.0,1.0,2.0,,2.0,2.0,2.0,1.0,3.0,2.0,4.0,1.0,3.0,3.0,0.0,0.0,3.0,1.0
208,1.0,204.0,209.0,3.0,8.0,2.0,3.0,3.0,2.0,4.0,5.0,2.0,2.0,4.0,,1.0,2.0,1.0,2.0,2.0,3.0,4.0,3.0,1.0,1.0,2.0,2.0,2.0,1.0
209,1.0,204.0,210.0,5.0,8.0,2.0,3.0,5.0,2.0,5.0,5.0,2.0,2.0,0.0,,2.0,2.0,2.0,2.0,2.0,1.0,7.0,1.0,2.0,3.0,0.0,0.0,0.0,1.0
210,1.0,204.0,211.0,3.0,9.0,2.0,3.0,6.0,2.0,5.0,5.0,1.0,1.0,0.0,,3.0,0.0,0.0,0.0,0.0,0.0,0.0,0.0,2.0,1.0,2.0,1.0,2.0,1.0
211,1.0,204.0,212.0,6.0,9.0,3.0,4.0,4.0,2.0,5.0,5.0,2.0,2.0,4.0,,1.0,1.0,2.0,2.0,2.0,3.0,10.0,3.0,2.0,2.0,2.0,3.0,1.0,2.0
212,1.0,204.0,213.0,1.0,9.0,0.0,0.0,11.0,3.0,2.0,0.0,0.0,0.0,4.0,,2.0,2.0,0.0,0.0,0.0,0.0,0.0,0.0,3.0,3.0,3.0,3.0,3.0,2.0
213,1.0,204.0,214.0,5.0,9.0,3.0,5.0,7.0,2.0,4.0,4.0,2.0,2.0,4.0,,2.0,2.0,2.0,3.0,2.0,1.0,1.0,3.0,3.0,3.0,3.0,3.0,3.0,1.0
214,1.0,204.0,215.0,6.0,9.0,2.0,4.0,4.0,2.0,4.0,4.0,2.0,2.0,2.0,,2.0,2.0,2.0,2.0,4.0,2.0,1.0,0.0,1.0,1.0,3.0,2.0,1.0,1.0
215,1.0,204.0,216.0,1.0,9.0,2.0,3.0,5.0,2.0,5.0,5.0,4.0,2.0,2.0,,1.0,2.0,1.0,1.0,4.0,3.0,1.0,0.0,2.0,1.0,1.0,1.0,1.0,2.0
216,1.0,204.0,217.0,5.0,9.0,2.0,4.0,4.0,2.0,5.0,5.0,2.0,1.0,4.0,,2.0,2.0,3.0,2.0,2.0,2.0,2.0,3.0,2.0,2.0,2.0,1.0,1.0,1.0
217,1.0,204.0,218.0,4.0,9.0,2.0,3.0,6.0,2.0,5.0,5.0,1.0,2.0,3.0,,2.0,2.0,2.0,2.0,3.0,1.0,2.0,3.0,2.0,1.0,1.0,1.0,1.0,1.0
218,1.0,204.0,219.0,4.0,9.0,4.0,5.0,7.0,2.0,5.0,1.0,1.0,2.0,4.0,,2.0,2.0,2.0,2.0,1.0,4.0,2.0,5.0,3.0,2.0,3.0,3.0,1.0,2.0
219,1.0,204.0,220.0,5.0,9.0,2.0,4.0,5.0,2.0,5.0,5.0,2.0,2.0,2.0,,2.0,1.0,2.0,2.0,4.0,3.0,2.0,11.0,2.0,1.0,2.0,1.0,1.0,1.0
220,1.0,204.0,221.0,4.0,9.0,4.0,8.0,9.0,2.0,5.0,5.0,2.0,1.0,4.0,,2.0,2.0,3.0,2.0,2.0,2.0,4.0,2.0,3.0,3.0,3.0,3.0,3.0,2.0
221,1.0,204.0,222.0,2.0,9.0,6.0,8.0,8.0,2.0,5.0,5.0,1.0,1.0,2.0,,1.0,1.0,2.0,2.0,3.0,3.0,4.0,2.0,2.0,1.0,3.0,1.0,1.0,2.0
222,1.0,204.0,223.0,5.0,9.0,3.0,5.0,5.0,2.0,4.0,5.0,2.0,2.0,4.0,,2.0,2.0,2.0,2.0,4.0,1.0,4.0,1.0,2.0,3.0,3.0,1.0,1.0,1.0
223,1.0,204.0,224.0,6.0,9.0,2.0,1.0,3.0,2.0,5.0,5.0,4.0,2.0,4.0,,2.0,2.0,2.0,2.0,3.0,2.0,4.0,1.0,3.0,3.0,2.0,1.0,2.0,1.0
224,1.0,204.0,225.0,7.0,9.0,4.0,4.0,7.0,2.0,4.0,5.0,4.0,2.0,0.0,,2.0,2.0,2.0,1.0,4.0,1.0,4.0,1.0,3.0,1.0,1.0,2.0,1.0,2.0
225,1.0,204.0,226.0,7.0,9.0,2.0,3.0,3.0,2.0,4.0,4.0,2.0,1.0,4.0,,2.0,2.0,2.0,2.0,4.0,3.0,5.0,3.0,3.0,2.0,3.0,3.0,2.0,1.0
226,1.0,204.0,227.0,5.0,9.0,1.0,4.0,6.0,2.0,5.0,5.0,1.0,2.0,5.0,,3.0,2.0,2.0,2.0,2.0,1.0,5.0,1.0,3.0,3.0,2.0,3.0,3.0,2.0
227,1.0,204.0,228.0,5.0,9.0,2.0,4.0,5.0,2.0,5.0,5.0,2.0,2.0,3.0,,2.0,1.0,1.0,1.0,3.0,3.0,8.0,1.0,2.0,1.0,1.0,1.0,1.0,2.0
228,1.0,204.0,229.0,6.0,9.0,2.0,4.0,7.0,2.0,1.0,5.0,4.0,2.0,2.0,,1.0,1.0,2.0,1.0,4.0,2.0,8.0,2.0,2.0,3.0,1.0,1.0,2.0,1.0
229,1.0,204.0,230.0,1.0,9.0,4.0,4.0,7.0,2.0,6.0,5.0,1.0,2.0,1.0,,2.0,2.0,1.0,2.0,4.0,4.0,9.0,2.0,2.0,2.0,2.0,1.0,1.0,2.0
230,1.0,204.0,231.0,4.0,11.0,9.0,6.0,8.0,2.0,5.0,5.0,1.0,2.0,2.0,,2.0,2.0,2.0,2.0,4.0,2.0,1.0,10.0,2.0,3.0,1.0,3.0,2.0,1.0
231,1.0,204.0,232.0,6.0,11.0,3.0,0.0,0.0,2.0,5.0,5.0,4.0,1.0,2.0,,1.0,1.0,2.0,2.0,4.0,1.0,2.0,0.0,3.0,3.0,3.0,1.0,3.0,2.0
232,1.0,204.0,233.0,5.0,11.0,5.0,9.0,10.0,2.0,5.0,2.0,4.0,2.0,2.0,,2.0,2.0,2.0,3.0,4.0,2.0,2.0,1.0,2.0,1.0,2.0,1.0,1.0,2.0
233,1.0,204.0,234.0,6.0,10.0,1.0,5.0,6.0,2.0,5.0,5.0,2.0,1.0,0.0,,3.0,0.0,0.0,0.0,0.0,0.0,0.0,0.0,3.0,1.0,1.0,3.0,1.0,1.0
234,1.0,204.0,235.0,6.0,10.0,2.0,10.0,10.0,2.0,5.0,1.0,4.0,1.0,4.0,,2.0,2.0,3.0,3.0,1.0,1.0,1.0,6.0,3.0,3.0,3.0,3.0,3.0,1.0
235,1.0,204.0,236.0,6.0,10.0,3.0,4.0,6.0,2.0,4.0,4.0,2.0,1.0,3.0,,2.0,2.0,2.0,2.0,4.0,1.0,1.0,0.0,2.0,2.0,2.0,1.0,2.0,2.0
236,1.0,204.0,237.0,6.0,10.0,3.0,4.0,6.0,2.0,4.0,4.0,2.0,1.0,3.0,,2.0,2.0,2.0,2.0,4.0,1.0,1.0,0.0,2.0,2.0,2.0,1.0,2.0,2.0
237,1.0,204.0,238.0,4.0,10.0,5.0,0.0,7.0,2.0,5.0,2.0,4.0,2.0,1.0,,1.0,2.0,1.0,1.0,2.0,2.0,1.0,0.0,2.0,3.0,3.0,2.0,2.0,2.0
238,1.0,204.0,239.0,7.0,10.0,2.0,4.0,7.0,2.0,5.0,5.0,1.0,2.0,5.0,,2.0,1.0,2.0,3.0,2.0,2.0,2.0,3.0,3.0,3.0,2.0,1.0,2.0,1.0
239,1.0,204.0,240.0,5.0,10.0,1.0,5.0,6.0,2.0,5.0,5.0,4.0,2.0,2.0,,2.0,2.0,2.0,1.0,2.0,1.0,3.0,0.0,2.0,1.0,2.0,3.0,2.0,1.0
240,1.0,204.0,241.0,6.0,10.0,3.0,7.0,8.0,2.0,5.0,4.0,2.0,2.0,4.0,,2.0,2.0,2.0,3.0,2.0,2.0,3.0,2.0,3.0,1.0,3.0,1.0,3.0,1.0
241,1.0,204.0,242.0,5.0,10.0,6.0,5.0,7.0,2.0,3.0,5.0,2.0,1.0,2.0,,1.0,1.0,2.0,2.0,4.0,2.0,4.0,2.0,2.0,2.0,2.0,3.0,3.0,1.0
242,1.0,204.0,243.0,6.0,10.0,4.0,7.0,8.0,2.0,5.0,5.0,4.0,2.0,3.0,,2.0,2.0,2.0,2.0,2.0,2.0,4.0,10.0,3.0,2.0,2.0,2.0,2.0,1.0
243,1.0,204.0,244.0,6.0,10.0,1.0,4.0,5.0,2.0,5.0,5.0,4.0,2.0,3.0,,2.0,1.0,2.0,2.0,3.0,1.0,6.0,0.0,2.0,3.0,3.0,1.0,2.0,1.0
244,1.0,204.0,245.0,6.0,10.0,2.0,4.0,5.0,2.0,5.0,4.0,2.0,2.0,2.0,,2.0,1.0,2.0,2.0,2.0,3.0,7.0,1.0,2.0,2.0,2.0,3.0,2.0,1.0
245,1.0,204.0,246.0,1.0,10.0,1.0,3.0,6.0,2.0,5.0,5.0,1.0,1.0,4.0,,1.0,2.0,2.0,2.0,4.0,3.0,8.0,1.0,0.0,0.0,0.0,0.0,0.0,2.0
246,1.0,204.0,247.0,5.0,10.0,3.0,5.0,6.0,2.0,2.0,5.0,2.0,2.0,3.0,,2.0,2.0,2.0,2.0,3.0,1.0,8.0,2.0,3.0,2.0,3.0,3.0,2.0,1.0
247,1.0,204.0,248.0,1.0,0.0,0.0,0.0,0.0,2.0,5.0,2.0,4.0,2.0,5.0,,2.0,1.0,3.0,2.0,3.0,2.0,0.0,0.0,3.0,3.0,3.0,3.0,1.0,2.0
248,1.0,204.0,249.0,2.0,0.0,0.0,0.0,2.0,2.0,5.0,5.0,4.0,1.0,5.0,,2.0,2.0,2.0,0.0,2.0,0.0,1.0,0.0,3.0,1.0,3.0,0.0,0.0,2.0
249,1.0,204.0,250.0,5.0,0.0,2.0,3.0,4.0,2.0,4.0,2.0,2.0,1.0,3.0,,2.0,1.0,2.0,3.0,3.0,2.0,1.0,2.0,2.0,2.0,2.0,1.0,3.0,2.0
250,1.0,204.0,251.0,6.0,0.0,3.0,0.0,4.0,2.0,5.0,5.0,4.0,1.0,0.0,,2.0,2.0,1.0,3.0,2.0,1.0,2.0,4.0,3.0,3.0,3.0,3.0,3.0,1.0
251,1.0,204.0,252.0,6.0,0.0,2.0,3.0,4.0,2.0,5.0,2.0,2.0,1.0,3.0,,2.0,2.0,2.0,2.0,4.0,1.0,2.0,0.0,2.0,2.0,1.0,1.0,2.0,2.0
252,1.0,204.0,253.0,4.0,0.0,1.0,0.0,3.0,2.0,5.0,5.0,4.0,2.0,0.0,,3.0,0.0,1.0,1.0,4.0,0.0,2.0,3.0,1.0,1.0,1.0,1.0,1.0,2.0
253,1.0,204.0,254.0,1.0,0.0,0.0,0.0,0.0,3.0,5.0,4.0,0.0,2.0,0.0,,2.0,2.0,1.0,1.0,0.0,0.0,2.0,1.0,2.0,1.0,2.0,0.0,2.0,2.0
254,1.0,204.0,255.0,2.0,0.0,0.0,0.0,0.0,2.0,5.0,5.0,0.0,2.0,3.0,,2.0,2.0,2.0,2.0,4.0,1.0,2.0,0.0,3.0,3.0,3.0,3.0,2.0,2.0
255,1.0,204.0,256.0,5.0,0.0,1.0,1.0,2.0,2.0,5.0,5.0,2.0,2.0,3.0,,2.0,2.0,2.0,2.0,4.0,1.0,2.0,1.0,2.0,1.0,2.0,1.0,1.0,2.0
256,1.0,204.0,257.0,7.0,0.0,4.0,6.0,8.0,2.0,5.0,5.0,2.0,2.0,5.0,,2.0,2.0,2.0,3.0,2.0,3.0,2.0,3.0,2.0,2.0,2.0,3.0,2.0,1.0
257,1.0,204.0,258.0,6.0,0.0,2.0,1.0,3.0,2.0,5.0,5.0,3.0,2.0,2.0,,2.0,1.0,1.0,2.0,1.0,3.0,3.0,1.0,3.0,1.0,1.0,1.0,1.0,1.0
258,1.0,204.0,259.0,3.0,0.0,0.0,0.0,3.0,2.0,5.0,1.0,2.0,2.0,0.0,,3.0,2.0,1.0,0.0,4.0,0.0,4.0,1.0,0.0,0.0,0.0,0.0,0.0,2.0
259,1.0,204.0,260.0,3.0,0.0,5.0,3.0,5.0,2.0,5.0,5.0,2.0,2.0,5.0,,2.0,2.0,1.0,2.0,4.0,2.0,4.0,1.0,3.0,3.0,2.0,2.0,2.0,2.0
260,1.0,204.0,261.0,5.0,0.0,3.0,2.0,3.0,2.0,5.0,5.0,1.0,2.0,4.0,,2.0,2.0,2.0,1.0,4.0,3.0,4.0,1.0,3.0,1.0,1.0,1.0,1.0,1.0
261,1.0,204.0,262.0,5.0,0.0,4.0,1.0,2.0,2.0,4.0,5.0,2.0,2.0,4.0,,2.0,2.0,2.0,2.0,4.0,2.0,5.0,1.0,3.0,1.0,2.0,1.0,1.0,2.0
262,1.0,204.0,263.0,1.0,0.0,2.0,4.0,7.0,2.0,5.0,5.0,2.0,2.0,3.0,,1.0,2.0,1.0,2.0,2.0,3.0,5.0,1.0,2.0,3.0,3.0,3.0,3.0,2.0
263,1.0,204.0,264.0,5.0,0.0,2.0,0.0,2.0,2.0,5.0,5.0,2.0,2.0,2.0,,2.0,1.0,1.0,1.0,4.0,3.0,6.0,0.0,1.0,2.0,2.0,2.0,2.0,1.0
264,1.0,204.0,265.0,5.0,0.0,3.0,1.0,2.0,2.0,5.0,0.0,2.0,2.0,4.0,,2.0,2.0,2.0,3.0,4.0,3.0,8.0,1.0,2.0,2.0,3.0,3.0,3.0,1.0
265,1.0,204.0,266.0,5.0,1.0,2.0,1.0,3.0,2.0,4.0,5.0,1.0,2.0,4.0,,2.0,2.0,2.0,2.0,1.0,1.0,10.0,1.0,3.0,3.0,2.0,3.0,3.0,1.0
266,1.0,204.0,267.0,0.0,1.0,4.0,1.0,2.0,2.0,5.0,5.0,1.0,2.0,4.0,,2.0,2.0,2.0,2.0,4.0,3.0,10.0,1.0,1.0,2.0,1.0,1.0,1.0,1.0
267,1.0,204.0,268.0,4.0,1.0,4.0,4.0,8.0,2.0,5.0,5.0,1.0,2.0,2.0,,1.0,1.0,2.0,2.0,4.0,3.0,10.0,1.0,1.0,1.0,1.0,1.0,1.0,2.0
268,1.0,204.0,269.0,2.0,1.0,4.0,3.0,5.0,2.0,4.0,4.0,2.0,2.0,0.0,,3.0,0.0,0.0,0.0,0.0,0.0,0.0,0.0,2.0,2.0,2.0,1.0,1.0,1.0
269,1.0,204.0,270.0,7.0,1.0,2.0,0.0,0.0,2.0,5.0,5.0,4.0,2.0,4.0,,3.0,2.0,2.0,2.0,4.0,3.0,0.0,0.0,1.0,3.0,1.0,2.0,3.0,2.0
270,1.0,204.0,271.0,5.0,1.0,4.0,0.0,0.0,2.0,5.0,5.0,1.0,2.0,4.0,,2.0,1.0,2.0,2.0,1.0,1.0,0.0,0.0,3.0,3.0,0.0,3.0,3.0,2.0
271,1.0,204.0,272.0,4.0,1.0,4.0,6.0,8.0,2.0,5.0,5.0,4.0,1.0,1.0,,1.0,1.0,1.0,2.0,4.0,2.0,1.0,4.0,1.0,1.0,1.0,1.0,1.0,2.0
272,1.0,204.0,273.0,3.0,1.0,4.0,10.0,10.0,2.0,6.0,2.0,4.0,2.0,2.0,,2.0,2.0,1.0,1.0,4.0,3.0,1.0,11.0,1.0,2.0,2.0,1.0,2.0,2.0
273,1.0,204.0,274.0,5.0,1.0,2.0,1.0,3.0,2.0,5.0,4.0,2.0,2.0,3.0,,2.0,1.0,1.0,2.0,4.0,1.0,1.0,2.0,3.0,3.0,3.0,0.0,3.0,1.0
274,1.0,204.0,275.0,6.0,1.0,2.0,1.0,3.0,2.0,4.0,5.0,2.0,2.0,3.0,,2.0,1.0,2.0,2.0,1.0,3.0,1.0,2.0,3.0,2.0,2.0,3.0,1.0,1.0
275,1.0,204.0,276.0,7.0,1.0,3.0,3.0,3.0,2.0,5.0,5.0,2.0,2.0,0.0,,2.0,2.0,2.0,2.0,2.0,3.0,1.0,11.0,3.0,3.0,3.0,0.0,1.0,1.0
276,1.0,204.0,277.0,7.0,1.0,3.0,4.0,8.0,2.0,5.0,5.0,2.0,2.0,5.0,,2.0,2.0,2.0,3.0,2.0,3.0,1.0,3.0,2.0,1.0,3.0,2.0,2.0,1.0
277,1.0,204.0,278.0,0.0,10.0,11.0,0.0,11.0,0.0,6.0,0.0,0.0,0.0,0.0,,0.0,0.0,0.0,0.0,0.0,0.0,0.0,0.0,0.0,0.0,0.0,0.0,0.0,2.0
